/* Generated by tools/pico_pack_ls_assets.py from assets/local_mini.
 * Landing Site (0x91F8) GAMEPLAY room: level words + BTS + scrolls.
 * Without this mini has no filesystem on-device, falls back to its
 * built-in room, and the gunship deck and terrain have no collision.
 * Do not embed sm.smc. ROM was not used.
 */

enum {
  kPicoLsRoomIdPacked = 37368,
  kPicoLsRoomWidthBlocks = 144,
  kPicoLsRoomHeightBlocks = 80,
  kPicoLsRoomWidthScreens = 9,
  kPicoLsRoomHeightScreens = 5,
  kPicoLsRoomUpScroller = 112,
  kPicoLsRoomDownScroller = 160,
  kPicoLsRoomBgScrolling = 385,
  kPicoLsRoomCameraXPacked = 1024,
  kPicoLsRoomCameraYPacked = 976,
  kPicoLsRoomSpawnXPacked = 1153,
  kPicoLsRoomSpawnYPacked = 1088
};

static const uint16_t kPicoLsRoomLevelData[11520] = {
  0x00FF, 0x00FF, 0x00FF, 0x00FF, 0x00FF, 0x00FF, 0x00FF, 0x00FF,
  0x00FF, 0x00FF, 0x00FF, 0x00FF, 0x00FF, 0x00FF, 0x00FF, 0x00FF,
  0x8111, 0x8111, 0x8111, 0x8111, 0x8111, 0x8111, 0x8111, 0x8111,
  0x8111, 0x8111, 0x8111, 0x8111, 0x8111, 0x8111, 0x8111, 0x8111,
  0x8111, 0x8111, 0x8111, 0x8111, 0x8111, 0x8111, 0x8111, 0x8111,
  0x8111, 0x8111, 0x8111, 0x8111, 0x8111, 0x8111, 0x8510, 0x80FF,
  0x80FF, 0x80FF, 0x80FF, 0x80FF, 0x80FF, 0x80FF, 0x80FF, 0x80FF,
  0x80FF, 0x80FF, 0x80FF, 0x80FF, 0x80FF, 0x80FF, 0x80FF, 0x80FF,
  0x80FF, 0x80FF, 0x80FF, 0x80FF, 0x80FF, 0x80FF, 0x80FF, 0x80FF,
  0x80FF, 0x80FF, 0x80FF, 0x80FF, 0x80FF, 0x80FF, 0x80FF, 0x80FF,
  0x80FF, 0x80FF, 0x80FF, 0x80FF, 0x80FF, 0x80FF, 0x80FF, 0x80FF,
  0x80FF, 0x80FF, 0x80FF, 0x80FF, 0x80FF, 0x80FF, 0x80FF, 0x80FF,
  0x80FF, 0x80FF, 0x80FF, 0x80FF, 0x80FF, 0x80FF, 0x80FF, 0x80FF,
  0x80FF, 0x80FF, 0x80FF, 0x80FF, 0x80FF, 0x80FF, 0x80FF, 0x80FF,
  0x80FF, 0x80FF, 0x80FF, 0x80FF, 0x80FF, 0x80FF, 0x80FF, 0x80FF,
  0x80FF, 0x80FF, 0x80FF, 0x8110, 0x8511, 0x8511, 0x8511, 0x8511,
  0x8511, 0x8511, 0x8511, 0x8511, 0x8511, 0x8511, 0x8511, 0x8511,
  0x8511, 0x8511, 0x8511, 0x8511, 0x8511, 0x8511, 0x8511, 0x8511,
  0x00FF, 0x00FF, 0x00FF, 0x00FF, 0x00FF, 0x00FF, 0x00FF, 0x00FF,
  0x00FF, 0x00FF, 0x00FF, 0x00FF, 0x00FF, 0x00FF, 0x00FF, 0x00FF,
  0x8111, 0x8111, 0x8111, 0x8111, 0x8111, 0x8111, 0x8111, 0x8111,
  0x8111, 0x8111, 0x8111, 0x8111, 0x8111, 0x8111, 0x8111, 0x8111,
  0x8111, 0x8111, 0x8111, 0x8111, 0x8111, 0x8111, 0x8111, 0x8111,
  0x8111, 0x8111, 0x8111, 0x8111, 0x8111, 0x8111, 0x8510, 0x80FF,
  0x80FF, 0x80FF, 0x80FF, 0x80FF, 0x80FF, 0x80FF, 0x80FF, 0x80FF,
  0x80FF, 0x80FF, 0x80FF, 0x80FF, 0x80FF, 0x80FF, 0x80FF, 0x80FF,
  0x80FF, 0x80FF, 0x80FF, 0x80FF, 0x80FF, 0x80FF, 0x80FF, 0x80FF,
  0x80FF, 0x80FF, 0x80FF, 0x80FF, 0x80FF, 0x80FF, 0x80FF, 0x80FF,
  0x80FF, 0x80FF, 0x80FF, 0x80FF, 0x80FF, 0x80FF, 0x80FF, 0x80FF,
  0x80FF, 0x80FF, 0x80FF, 0x80FF, 0x80FF, 0x80FF, 0x80FF, 0x80FF,
  0x80FF, 0x80FF, 0x80FF, 0x80FF, 0x80FF, 0x80FF, 0x80FF, 0x80FF,
  0x80FF, 0x80FF, 0x80FF, 0x80FF, 0x80FF, 0x80FF, 0x80FF, 0x80FF,
  0x80FF, 0x80FF, 0x80FF, 0x80FF, 0x80FF, 0x80FF, 0x80FF, 0x80FF,
  0x80FF, 0x80FF, 0x80FF, 0x8110, 0x8511, 0x8511, 0x8511, 0x8511,
  0x8511, 0x8511, 0x8511, 0x8511, 0x8511, 0x8511, 0x8511, 0x8511,
  0x8511, 0x8511, 0x8511, 0x8511, 0x8511, 0x8511, 0x8511, 0x8511,
  0x00FF, 0x00FF, 0x00FF, 0x00FF, 0x00FF, 0x00FF, 0x00FF, 0x00FF,
  0x00FF, 0x00FF, 0x00FF, 0x00FF, 0x00FF, 0x00FF, 0x00FF, 0x00FF,
  0x8111, 0x8111, 0x8111, 0x8111, 0x8111, 0x8111, 0x8111, 0x8111,
  0x8111, 0x8111, 0x8111, 0x8111, 0x8111, 0x8111, 0x8111, 0x8111,
  0x8111, 0x8111, 0x8111, 0x8111, 0x8111, 0x8111, 0x8111, 0x8111,
  0x8111, 0x8111, 0x8111, 0x8111, 0x8111, 0x8111, 0x8510, 0x00FF,
  0x00FF, 0x00FF, 0x00FF, 0x00FF, 0x00FF, 0x00FF, 0x00FF, 0x00FF,
  0x00FF, 0x00FF, 0x00FF, 0x00FF, 0x00FF, 0x00FF, 0x00FF, 0x00FF,
  0x00FF, 0x00FF, 0x00FF, 0x00FF, 0x00FF, 0x00FF, 0x00FF, 0x00FF,
  0x00FF, 0x00FF, 0x00FF, 0x00FF, 0x00FF, 0x00FF, 0x00FF, 0x00FF,
  0x00FF, 0x00FF, 0x00FF, 0x00FF, 0x00FF, 0x00FF, 0x00FF, 0x00FF,
  0x00FF, 0x00FF, 0x00FF, 0x00FF, 0x00FF, 0x00FF, 0x00FF, 0x00FF,
  0x00FF, 0x00FF, 0x00FF, 0x00FF, 0x00FF, 0x00FF, 0x00FF, 0x00FF,
  0x00FF, 0x00FF, 0x00FF, 0x00FF, 0x00FF, 0x00FF, 0x00FF, 0x00FF,
  0x00FF, 0x00FF, 0x00FF, 0x00FF, 0x00FF, 0x00FF, 0x00FF, 0x00FF,
  0x00FF, 0x00FF, 0x00FF, 0x8110, 0x8511, 0x8511, 0x8511, 0x8511,
  0x8511, 0x8511, 0x8511, 0x8511, 0x8511, 0x8511, 0x8511, 0x8511,
  0x8511, 0x8511, 0x8511, 0x8511, 0x8511, 0x8511, 0x8511, 0x8511,
  0x00FF, 0x00FF, 0x00FF, 0x00FF, 0x00FF, 0x00FF, 0x00FF, 0x00FF,
  0x00FF, 0x00FF, 0x00FF, 0x00FF, 0x00FF, 0x00FF, 0x00FF, 0x00FF,
  0x8111, 0x8111, 0x8111, 0x8111, 0x8111, 0x8111, 0x8111, 0x8111,
  0x8111, 0x8111, 0x8111, 0x8111, 0x8111, 0x8111, 0x8111, 0x8111,
  0x8111, 0x8111, 0x8111, 0x8111, 0x8111, 0x8111, 0x8111, 0x8111,
  0x8111, 0x8111, 0x8111, 0x8111, 0x8111, 0x8111, 0x8510, 0x00FF,
  0x00FF, 0x00FF, 0x00FF, 0x00FF, 0x00FF, 0x00FF, 0x00FF, 0x00FF,
  0x00FF, 0x00FF, 0x00FF, 0x00FF, 0x00FF, 0x00FF, 0x00FF, 0x00FF,
  0x00FF, 0x00FF, 0x00FF, 0x00FF, 0x00FF, 0x00FF, 0x00FF, 0x00FF,
  0x00FF, 0x00FF, 0x00FF, 0x00FF, 0x00FF, 0x00FF, 0x00FF, 0x00FF,
  0x00FF, 0x00FF, 0x00FF, 0x00FF, 0x00FF, 0x00FF, 0x00FF, 0x00FF,
  0x00FF, 0x00FF, 0x00FF, 0x00FF, 0x00FF, 0x00FF, 0x00FF, 0x00FF,
  0x00FF, 0x00FF, 0x00FF, 0x00FF, 0x00FF, 0x00FF, 0x00FF, 0x00FF,
  0x00FF, 0x00FF, 0x00FF, 0x00FF, 0x00FF, 0x00FF, 0x00FF, 0x00FF,
  0x00FF, 0x00FF, 0x00FF, 0x00FF, 0x00FF, 0x00FF, 0x00FF, 0x00FF,
  0x00FF, 0x00FF, 0x00FF, 0x8110, 0x8111, 0x8511, 0x8511, 0x8511,
  0x8511, 0x8511, 0x8511, 0x8511, 0x8511, 0x8511, 0x8511, 0x8511,
  0x8511, 0x8511, 0x8511, 0x8511, 0x8511, 0x8511, 0x8511, 0x8511,
  0x00FF, 0x00FF, 0x00FF, 0x00FF, 0x00FF, 0x00FF, 0x00FF, 0x00FF,
  0x00FF, 0x00FF, 0x00FF, 0x00FF, 0x00FF, 0x00FF, 0x00FF, 0x00FF,
  0x8111, 0x8111, 0x8111, 0x8111, 0x8111, 0x8111, 0x8111, 0x8111,
  0x8111, 0x8111, 0x8111, 0x8111, 0x8111, 0x8111, 0x8111, 0x8111,
  0x8111, 0x8111, 0x8111, 0x8111, 0x8111, 0x8111, 0x8111, 0x8111,
  0x8111, 0x8111, 0x8111, 0x8111, 0x8111, 0x8D14, 0x1D0E, 0x00FF,
  0x00FF, 0x00FF, 0x00FF, 0x00FF, 0x00FF, 0x00FF, 0x00FF, 0x00FF,
  0x00FF, 0x00FF, 0x00FF, 0x00FF, 0x00FF, 0x00FF, 0x00FF, 0x00FF,
  0x00FF, 0x00FF, 0x00FF, 0x00FF, 0x00FF, 0x00FF, 0x00FF, 0x00FF,
  0x00FF, 0x00FF, 0x00FF, 0x00FF, 0x00FF, 0x00FF, 0x00FF, 0x00FF,
  0x00FF, 0x00FF, 0x00FF, 0x00FF, 0x00FF, 0x00FF, 0x00FF, 0x00FF,
  0x00FF, 0x00FF, 0x00FF, 0x00FF, 0x00FF, 0x00FF, 0x00FF, 0x00FF,
  0x00FF, 0x00FF, 0x00FF, 0x00FF, 0x00FF, 0x00FF, 0x00FF, 0x00FF,
  0x00FF, 0x00FF, 0x00FF, 0x00FF, 0x00FF, 0x00FF, 0x00FF, 0x00FF,
  0x00FF, 0x00FF, 0x00FF, 0x00FF, 0x00FF, 0x00FF, 0x00FF, 0x00FF,
  0x00FF, 0x00FF, 0x00FF, 0x190E, 0x8914, 0x8111, 0x8111, 0x8111,
  0x8111, 0x8111, 0x8111, 0x8111, 0x8D14, 0x8914, 0x8511, 0x8511,
  0x8511, 0x8511, 0x8511, 0x8511, 0x8511, 0x8511, 0x8511, 0x8511,
  0x00FF, 0x00FF, 0x00FF, 0x00FF, 0x00FF, 0x00FF, 0x00FF, 0x00FF,
  0x00FF, 0x00FF, 0x00FF, 0x00FF, 0x00FF, 0x00FF, 0x00FF, 0x00FF,
  0x8111, 0x8111, 0x8111, 0x8111, 0x8111, 0x8111, 0x8111, 0x8111,
  0x8111, 0x8111, 0x8111, 0x8111, 0x8111, 0x8111, 0x8111, 0x8111,
  0x8111, 0x8111, 0x8111, 0x8111, 0x8111, 0x8111, 0x8111, 0x8111,
  0x8111, 0x8111, 0x8111, 0x8111, 0x8111, 0x8510, 0x00FF, 0x00FF,
  0x00FF, 0x00FF, 0x00FF, 0x00FF, 0x00FF, 0x00FF, 0x00FF, 0x00FF,
  0x00FF, 0x00FF, 0x00FF, 0x00FF, 0x00FF, 0x00FF, 0x00FF, 0x00FF,
  0x00FF, 0x00FF, 0x00FF, 0x00FF, 0x00FF, 0x00FF, 0x00FF, 0x00FF,
  0x00FF, 0x00FF, 0x00FF, 0x00FF, 0x00FF, 0x00FF, 0x00FF, 0x00FF,
  0x00FF, 0x00FF, 0x00FF, 0x00FF, 0x00FF, 0x00FF, 0x00FF, 0x00FF,
  0x00FF, 0x00FF, 0x00FF, 0x00FF, 0x00FF, 0x00FF, 0x00FF, 0x00FF,
  0x00FF, 0x00FF, 0x00FF, 0x00FF, 0x00FF, 0x00FF, 0x00FF, 0x00FF,
  0x00FF, 0x00FF, 0x00FF, 0x00FF, 0x00FF, 0x00FF, 0x00FF, 0x00FF,
  0x00FF, 0x00FF, 0x00FF, 0x00FF, 0x00FF, 0x00FF, 0x00FF, 0x00FF,
  0x00FF, 0x00FF, 0x00FF, 0x00FF, 0x8110, 0x8111, 0x8111, 0x8111,
  0x8D14, 0x8914, 0x8111, 0x8D14, 0x1D0E, 0x8110, 0x8511, 0x8511,
  0x8D14, 0x8914, 0x8511, 0x8511, 0x8511, 0x8511, 0x8511, 0x8511,
  0x00FF, 0x00FF, 0x00FF, 0x00FF, 0x00FF, 0x00FF, 0x00FF, 0x00FF,
  0x00FF, 0x00FF, 0x00FF, 0x00FF, 0x00FF, 0x00FF, 0x00FF, 0x00FF,
  0x8111, 0x8111, 0x8111, 0x8111, 0x8111, 0x8111, 0x8111, 0x8111,
  0x8111, 0x8111, 0x8111, 0x8111, 0x8111, 0x8111, 0x8111, 0x8111,
  0x8111, 0x8111, 0x8111, 0x8111, 0x8111, 0x8111, 0x8111, 0x8111,
  0x8111, 0x8111, 0x8111, 0x8111, 0x1D14, 0x1D0E, 0x00FF, 0x00FF,
  0x00FF, 0x00FF, 0x00FF, 0x00FF, 0x00FF, 0x00FF, 0x00FF, 0x00FF,
  0x00FF, 0x00FF, 0x00FF, 0x00FF, 0x00FF, 0x00FF, 0x00FF, 0x00FF,
  0x00FF, 0x00FF, 0x00FF, 0x00FF, 0x00FF, 0x00FF, 0x00FF, 0x00FF,
  0x00FF, 0x00FF, 0x00FF, 0x00FF, 0x00FF, 0x00FF, 0x00FF, 0x00FF,
  0x00FF, 0x00FF, 0x00FF, 0x00FF, 0x00FF, 0x00FF, 0x00FF, 0x00FF,
  0x00FF, 0x00FF, 0x00FF, 0x00FF, 0x00FF, 0x00FF, 0x00FF, 0x00FF,
  0x00FF, 0x00FF, 0x00FF, 0x00FF, 0x00FF, 0x00FF, 0x00FF, 0x00FF,
  0x00FF, 0x00FF, 0x00FF, 0x00FF, 0x00FF, 0x00FF, 0x00FF, 0x00FF,
  0x00FF, 0x00FF, 0x00FF, 0x00FF, 0x00FF, 0x00FF, 0x00FF, 0x00FF,
  0x00FF, 0x00FF, 0x00FF, 0x00FF, 0x8110, 0x8111, 0x8111, 0x8111,
  0x8510, 0x190E, 0x1914, 0x8510, 0x00FF, 0x8110, 0x8511, 0x8D14,
  0x1D0E, 0x8110, 0x8511, 0x8511, 0x8111, 0x8511, 0x8511, 0x8511,
  0x00FF, 0x00FF, 0x00FF, 0x00FF, 0x00FF, 0x00FF, 0x00FF, 0x00FF,
  0x00FF, 0x00FF, 0x00FF, 0x00FF, 0x00FF, 0x00FF, 0x00FF, 0x00FF,
  0x8111, 0x8111, 0x8111, 0x8111, 0x8111, 0x8111, 0x8111, 0x8111,
  0x8111, 0x8111, 0x8111, 0x8111, 0x8111, 0x8111, 0x8111, 0x8111,
  0x8111, 0x8111, 0x8111, 0x8111, 0x8111, 0x8111, 0x8111, 0x8D14,
  0x8914, 0x8111, 0x8D14, 0x190F, 0x1D0E, 0x00FF, 0x00FF, 0x00FF,
  0x00FF, 0x00FF, 0x00FF, 0x00FF, 0x00FF, 0x00FF, 0x00FF, 0x00FF,
  0x00FF, 0x00FF, 0x00FF, 0x00FF, 0x00FF, 0x00FF, 0x00FF, 0x00FF,
  0x00FF, 0x00FF, 0x00FF, 0x00FF, 0x00FF, 0x00FF, 0x00FF, 0x00FF,
  0x00FF, 0x00FF, 0x00FF, 0x00FF, 0x00FF, 0x00FF, 0x00FF, 0x00FF,
  0x00FF, 0x00FF, 0x00FF, 0x00FF, 0x00FF, 0x00FF, 0x00FF, 0x00FF,
  0x00FF, 0x00FF, 0x00FF, 0x00FF, 0x00FF, 0x00FF, 0x00FF, 0x00FF,
  0x00FF, 0x00FF, 0x00FF, 0x00FF, 0x00FF, 0x00FF, 0x00FF, 0x00FF,
  0x00FF, 0x00FF, 0x00FF, 0x00FF, 0x00FF, 0x00FF, 0x00FF, 0x00FF,
  0x00FF, 0x00FF, 0x00FF, 0x00FF, 0x00FF, 0x00FF, 0x00FF, 0x00FF,
  0x00FF, 0x00FF, 0x00FF, 0x00FF, 0x190E, 0x8914, 0x8111, 0x8111,
  0x8510, 0x00FF, 0x190E, 0x1D0E, 0x00FF, 0x190E, 0x8914, 0x8510,
  0x00FF, 0x8110, 0x8511, 0x8511, 0x8511, 0x8511, 0x8511, 0x8511,
  0x00FF, 0x00FF, 0x00FF, 0x00FF, 0x00FF, 0x00FF, 0x00FF, 0x00FF,
  0x00FF, 0x00FF, 0x00FF, 0x00FF, 0x00FF, 0x00FF, 0x00FF, 0x00FF,
  0x8111, 0x8111, 0x8111, 0x8111, 0x8111, 0x8111, 0x8111, 0x8111,
  0x8111, 0x8111, 0x8111, 0x8111, 0x8111, 0x8111, 0x8111, 0x8111,
  0x8111, 0x8111, 0x8111, 0x8111, 0x8111, 0x8111, 0x8111, 0x8510,
  0x190E, 0x1914, 0x8510, 0x00FF, 0x00FF, 0x00FF, 0x00FF, 0x00FF,
  0x00FF, 0x00FF, 0x00FF, 0x00FF, 0x00FF, 0x00FF, 0x00FF, 0x00FF,
  0x00FF, 0x00FF, 0x00FF, 0x00FF, 0x00FF, 0x00FF, 0x00FF, 0x00FF,
  0x00FF, 0x00FF, 0x00FF, 0x00FF, 0x00FF, 0x00FF, 0x00FF, 0x00FF,
  0x00FF, 0x00FF, 0x00FF, 0x00FF, 0x00FF, 0x00FF, 0x00FF, 0x00FF,
  0x00FF, 0x00FF, 0x00FF, 0x00FF, 0x00FF, 0x00FF, 0x00FF, 0x00FF,
  0x00FF, 0x00FF, 0x00FF, 0x00FF, 0x00FF, 0x00FF, 0x00FF, 0x00FF,
  0x00FF, 0x00FF, 0x00FF, 0x00FF, 0x00FF, 0x00FF, 0x00FF, 0x00FF,
  0x00FF, 0x00FF, 0x00FF, 0x00FF, 0x00FF, 0x00FF, 0x00FF, 0x00FF,
  0x00FF, 0x00FF, 0x00FF, 0x00FF, 0x00FF, 0x00FF, 0x00FF, 0x00FF,
  0x00FF, 0x00FF, 0x00FF, 0x00FF, 0x00FF, 0x8110, 0x8111, 0x8D14,
  0x1D0E, 0x00FF, 0x00FF, 0x00FF, 0x00FF, 0x00FF, 0x8110, 0x8510,
  0x00FF, 0x190E, 0x8914, 0x8511, 0x8511, 0x8511, 0x8511, 0x8511,
  0x00FF, 0x00FF, 0x00FF, 0x00FF, 0x00FF, 0x00FF, 0x00FF, 0x00FF,
  0x00FF, 0x00FF, 0x00FF, 0x00FF, 0x00FF, 0x00FF, 0x00FF, 0x00FF,
  0x8111, 0x8111, 0x8111, 0x8111, 0x8111, 0x8111, 0x8111, 0x8111,
  0x8111, 0x8111, 0x8111, 0x8111, 0x8111, 0x8111, 0x8111, 0x8111,
  0x8111, 0x8111, 0x8111, 0x8111, 0x8111, 0x8111, 0x8111, 0x8510,
  0x00FF, 0x190E, 0x1D0E, 0x00FF, 0x00FF, 0x00FF, 0x00FF, 0x00FF,
  0x00FF, 0x00FF, 0x00FF, 0x00FF, 0x00FF, 0x00FF, 0x00FF, 0x00FF,
  0x00FF, 0x00FF, 0x00FF, 0x00FF, 0x00FF, 0x00FF, 0x00FF, 0x00FF,
  0x00FF, 0x00FF, 0x00FF, 0x00FF, 0x00FF, 0x00FF, 0x00FF, 0x00FF,
  0x00FF, 0x00FF, 0x00FF, 0x00FF, 0x00FF, 0x00FF, 0x00FF, 0x00FF,
  0x00FF, 0x00FF, 0x00FF, 0x00FF, 0x00FF, 0x00FF, 0x00FF, 0x00FF,
  0x00FF, 0x00FF, 0x00FF, 0x00FF, 0x00FF, 0x00FF, 0x00FF, 0x00FF,
  0x00FF, 0x00FF, 0x00FF, 0x00FF, 0x00FF, 0x00FF, 0x00FF, 0x00FF,
  0x00FF, 0x00FF, 0x00FF, 0x00FF, 0x00FF, 0x00FF, 0x00FF, 0x00FF,
  0x00FF, 0x00FF, 0x00FF, 0x00FF, 0x00FF, 0x00FF, 0x00FF, 0x00FF,
  0x00FF, 0x00FF, 0x00FF, 0x00FF, 0x00FF, 0x8110, 0x8111, 0x8510,
  0x00FF, 0x00FF, 0x00FF, 0x00FF, 0x00FF, 0x00FF, 0x190E, 0x1D0E,
  0x00FF, 0x00FF, 0x8110, 0x8511, 0x8511, 0x8511, 0x8511, 0x8511,
  0x00FF, 0x00FF, 0x00FF, 0x00FF, 0x00FF, 0x00FF, 0x00FF, 0x00FF,
  0x00FF, 0x00FF, 0x00FF, 0x00FF, 0x00FF, 0x00FF, 0x00FF, 0x00FF,
  0x8111, 0x8111, 0x8111, 0x8111, 0x8111, 0x8111, 0x8111, 0x8111,
  0x8111, 0x8111, 0x8111, 0x8111, 0x8111, 0x8111, 0x8111, 0x8111,
  0x8111, 0x8111, 0x8111, 0x8111, 0x8111, 0x8111, 0x8D14, 0x1D0E,
  0x00FF, 0x00FF, 0x00FF, 0x00FF, 0x00FF, 0x00FF, 0x00FF, 0x00FF,
  0x00FF, 0x00FF, 0x00FF, 0x00FF, 0x00FF, 0x00FF, 0x00FF, 0x00FF,
  0x00FF, 0x00FF, 0x00FF, 0x00FF, 0x00FF, 0x00FF, 0x00FF, 0x00FF,
  0x00FF, 0x00FF, 0x00FF, 0x00FF, 0x00FF, 0x00FF, 0x00FF, 0x00FF,
  0x00FF, 0x00FF, 0x00FF, 0x00FF, 0x00FF, 0x00FF, 0x00FF, 0x00FF,
  0x00FF, 0x00FF, 0x00FF, 0x00FF, 0x00FF, 0x00FF, 0x00FF, 0x00FF,
  0x00FF, 0x00FF, 0x00FF, 0x00FF, 0x00FF, 0x00FF, 0x00FF, 0x00FF,
  0x00FF, 0x00FF, 0x00FF, 0x00FF, 0x00FF, 0x00FF, 0x00FF, 0x00FF,
  0x00FF, 0x00FF, 0x00FF, 0x00FF, 0x00FF, 0x00FF, 0x00FF, 0x00FF,
  0x00FF, 0x00FF, 0x00FF, 0x00FF, 0x00FF, 0x00FF, 0x00FF, 0x00FF,
  0x00FF, 0x00FF, 0x00FF, 0x00FF, 0x00FF, 0x190E, 0x1914, 0x8510,
  0x00FF, 0x00FF, 0x00FF, 0x00FF, 0x00FF, 0x00FF, 0x00FF, 0x00FF,
  0x00FF, 0x00FF, 0x190E, 0x1511, 0x8D14, 0x8914, 0x8511, 0x8511,
  0x00FF, 0x00FF, 0x00FF, 0x00FF, 0x00FF, 0x00FF, 0x00FF, 0x00FF,
  0x00FF, 0x00FF, 0x00FF, 0x00FF, 0x00FF, 0x00FF, 0x00FF, 0x00FF,
  0x8111, 0x8111, 0x8111, 0x8111, 0x8111, 0x8111, 0x8111, 0x8111,
  0x8111, 0x8111, 0x8111, 0x8111, 0x8111, 0x8111, 0x8111, 0x8111,
  0x8111, 0x8111, 0x8111, 0x8111, 0x8D14, 0x8914, 0x8510, 0x00FF,
  0x00FF, 0x00FF, 0x00FF, 0x00FF, 0x00FF, 0x00FF, 0x00FF, 0x00FF,
  0x00FF, 0x00FF, 0x00FF, 0x00FF, 0x00FF, 0x00FF, 0x00FF, 0x00FF,
  0x00FF, 0x00FF, 0x00FF, 0x00FF, 0x00FF, 0x00FF, 0x00FF, 0x00FF,
  0x00FF, 0x00FF, 0x00FF, 0x00FF, 0x00FF, 0x00FF, 0x00FF, 0x00FF,
  0x00FF, 0x00FF, 0x00FF, 0x00FF, 0x00FF, 0x00FF, 0x00FF, 0x00FF,
  0x00FF, 0x00FF, 0x00FF, 0x00FF, 0x00FF, 0x00FF, 0x00FF, 0x00FF,
  0x00FF, 0x00FF, 0x00FF, 0x00FF, 0x00FF, 0x00FF, 0x00FF, 0x00FF,
  0x00FF, 0x00FF, 0x00FF, 0x00FF, 0x00FF, 0x00FF, 0x00FF, 0x00FF,
  0x00FF, 0x00FF, 0x00FF, 0x00FF, 0x00FF, 0x00FF, 0x00FF, 0x00FF,
  0x00FF, 0x00FF, 0x00FF, 0x00FF, 0x00FF, 0x00FF, 0x00FF, 0x00FF,
  0x00FF, 0x00FF, 0x00FF, 0x00FF, 0x00FF, 0x00FF, 0x190E, 0x1D0E,
  0x00FF, 0x00FF, 0x00FF, 0x00FF, 0x00FF, 0x00FF, 0x00FF, 0x00FF,
  0x00FF, 0x00FF, 0x00FF, 0x190E, 0x1D0E, 0x190E, 0x8914, 0x8511,
  0x00FF, 0x00FF, 0x00FF, 0x00FF, 0x00FF, 0x00FF, 0x00FF, 0x00FF,
  0x00FF, 0x00FF, 0x00FF, 0x00FF, 0x00FF, 0x00FF, 0x00FF, 0x00FF,
  0x8111, 0x8111, 0x8111, 0x8111, 0x8111, 0x8111, 0x8111, 0x8111,
  0x8111, 0x8111, 0x8111, 0x8111, 0x8111, 0x8111, 0x8111, 0x8111,
  0x8111, 0x8111, 0x8111, 0x8D14, 0x1D0E, 0x190E, 0x1D0E, 0x00FF,
  0x00FF, 0x00FF, 0x00FF, 0x00FF, 0x00FF, 0x00FF, 0x00FF, 0x00FF,
  0x00FF, 0x00FF, 0x00FF, 0x00FF, 0x00FF, 0x00FF, 0x00FF, 0x00FF,
  0x00FF, 0x00FF, 0x00FF, 0x00FF, 0x00FF, 0x00FF, 0x00FF, 0x00FF,
  0x00FF, 0x00FF, 0x00FF, 0x00FF, 0x00FF, 0x00FF, 0x00FF, 0x00FF,
  0x00FF, 0x00FF, 0x00FF, 0x00FF, 0x00FF, 0x00FF, 0x00FF, 0x00FF,
  0x00FF, 0x00FF, 0x00FF, 0x00FF, 0x00FF, 0x00FF, 0x00FF, 0x00FF,
  0x00FF, 0x00FF, 0x00FF, 0x00FF, 0x00FF, 0x00FF, 0x00FF, 0x00FF,
  0x00FF, 0x00FF, 0x00FF, 0x00FF, 0x00FF, 0x00FF, 0x00FF, 0x00FF,
  0x00FF, 0x00FF, 0x00FF, 0x00FF, 0x00FF, 0x00FF, 0x00FF, 0x00FF,
  0x00FF, 0x00FF, 0x00FF, 0x00FF, 0x00FF, 0x00FF, 0x00FF, 0x00FF,
  0x00FF, 0x00FF, 0x00FF, 0x00FF, 0x00FF, 0x00FF, 0x00FF, 0x00FF,
  0x00FF, 0x00FF, 0x00FF, 0x00FF, 0x00FF, 0x00FF, 0x00FF, 0x00FF,
  0x00FF, 0x00FF, 0x00FF, 0x00FF, 0x00FF, 0x00FF, 0x8110, 0x8511,
  0x00FF, 0x00FF, 0x00FF, 0x00FF, 0x00FF, 0x00FF, 0x00FF, 0x00FF,
  0x00FF, 0x00FF, 0x00FF, 0x00FF, 0x00FF, 0x00FF, 0x00FF, 0x00FF,
  0x8111, 0x8111, 0x8111, 0x8111, 0x8111, 0x8111, 0x8111, 0x8111,
  0x8111, 0x8111, 0x8111, 0x8111, 0x8111, 0x8111, 0x8111, 0x8111,
  0x8111, 0x8111, 0x8111, 0x8510, 0x00FF, 0x00FF, 0x00FF, 0x00FF,
  0x00FF, 0x00FF, 0x00FF, 0x00FF, 0x00FF, 0x00FF, 0x00FF, 0x00FF,
  0x00FF, 0x00FF, 0x00FF, 0x00FF, 0x00FF, 0x00FF, 0x00FF, 0x00FF,
  0x00FF, 0x00FF, 0x00FF, 0x00FF, 0x00FF, 0x00FF, 0x00FF, 0x00FF,
  0x00FF, 0x00FF, 0x00FF, 0x00FF, 0x00FF, 0x00FF, 0x00FF, 0x00FF,
  0x00FF, 0x00FF, 0x00FF, 0x00FF, 0x00FF, 0x00FF, 0x00FF, 0x00FF,
  0x00FF, 0x00FF, 0x00FF, 0x00FF, 0x00FF, 0x00FF, 0x00FF, 0x00FF,
  0x00FF, 0x00FF, 0x00FF, 0x00FF, 0x00FF, 0x00FF, 0x00FF, 0x00FF,
  0x00FF, 0x00FF, 0x00FF, 0x00FF, 0x00FF, 0x00FF, 0x00FF, 0x00FF,
  0x00FF, 0x00FF, 0x00FF, 0x00FF, 0x00FF, 0x00FF, 0x00FF, 0x00FF,
  0x00FF, 0x00FF, 0x00FF, 0x00FF, 0x00FF, 0x00FF, 0x00FF, 0x00FF,
  0x00FF, 0x00FF, 0x00FF, 0x00FF, 0x00FF, 0x00FF, 0x00FF, 0x00FF,
  0x00FF, 0x00FF, 0x00FF, 0x00FF, 0x00FF, 0x00FF, 0x00FF, 0x00FF,
  0x00FF, 0x00FF, 0x00FF, 0x00FF, 0x00FF, 0x00FF, 0x190E, 0x8914,
  0x00FF, 0x00FF, 0x00FF, 0x00FF, 0x00FF, 0x00FF, 0x00FF, 0x00FF,
  0x00FF, 0x00FF, 0x00FF, 0x00FF, 0x00FF, 0x00FF, 0x00FF, 0x00FF,
  0x8111, 0x8111, 0x8111, 0x8111, 0x8111, 0x8111, 0x8111, 0x8111,
  0x8111, 0x8111, 0x8111, 0x8111, 0x8111, 0x8111, 0x8111, 0x8111,
  0x8111, 0x8111, 0x8D14, 0x1D0E, 0x00FF, 0x00FF, 0x00FF, 0x00FF,
  0x00FF, 0x00FF, 0x00FF, 0x00FF, 0x00FF, 0x00FF, 0x00FF, 0x00FF,
  0x00FF, 0x00FF, 0x00FF, 0x00FF, 0x00FF, 0x00FF, 0x00FF, 0x00FF,
  0x00FF, 0x00FF, 0x00FF, 0x00FF, 0x00FF, 0x00FF, 0x00FF, 0x00FF,
  0x00FF, 0x00FF, 0x00FF, 0x00FF, 0x00FF, 0x00FF, 0x00FF, 0x00FF,
  0x00FF, 0x00FF, 0x00FF, 0x00FF, 0x00FF, 0x00FF, 0x00FF, 0x00FF,
  0x00FF, 0x00FF, 0x00FF, 0x00FF, 0x00FF, 0x00FF, 0x00FF, 0x00FF,
  0x00FF, 0x00FF, 0x00FF, 0x00FF, 0x00FF, 0x00FF, 0x00FF, 0x00FF,
  0x00FF, 0x00FF, 0x00FF, 0x00FF, 0x00FF, 0x00FF, 0x00FF, 0x00FF,
  0x00FF, 0x00FF, 0x00FF, 0x00FF, 0x00FF, 0x00FF, 0x00FF, 0x00FF,
  0x00FF, 0x00FF, 0x00FF, 0x00FF, 0x00FF, 0x00FF, 0x00FF, 0x00FF,
  0x00FF, 0x00FF, 0x00FF, 0x00FF, 0x00FF, 0x00FF, 0x00FF, 0x00FF,
  0x00FF, 0x00FF, 0x00FF, 0x00FF, 0x00FF, 0x00FF, 0x00FF, 0x00FF,
  0x00FF, 0x00FF, 0x00FF, 0x00FF, 0x00FF, 0x00FF, 0x00FF, 0x8110,
  0x00FF, 0x00FF, 0x00FF, 0x00FF, 0x00FF, 0x00FF, 0x00FF, 0x00FF,
  0x00FF, 0x00FF, 0x00FF, 0x00FF, 0x00FF, 0x00FF, 0x00FF, 0x00FF,
  0x8111, 0x8111, 0x8111, 0x8111, 0x8111, 0x8111, 0x8111, 0x8111,
  0x8111, 0x8111, 0x8111, 0x8111, 0x8111, 0x8111, 0x8111, 0x8111,
  0x8111, 0x8111, 0x8510, 0x00FF, 0x00FF, 0x00FF, 0x00FF, 0x00FF,
  0x00FF, 0x00FF, 0x00FF, 0x00FF, 0x00FF, 0x00FF, 0x00FF, 0x00FF,
  0x00FF, 0x00FF, 0x00FF, 0x00FF, 0x00FF, 0x00FF, 0x00FF, 0x00FF,
  0x00FF, 0x00FF, 0x00FF, 0x00FF, 0x00FF, 0x00FF, 0x00FF, 0x00FF,
  0x00FF, 0x00FF, 0x00FF, 0x00FF, 0x00FF, 0x00FF, 0x00FF, 0x00FF,
  0x00FF, 0x00FF, 0x00FF, 0x00FF, 0x00FF, 0x00FF, 0x00FF, 0x00FF,
  0x00FF, 0x00FF, 0x00FF, 0x00FF, 0x00FF, 0x00FF, 0x00FF, 0x00FF,
  0x00FF, 0x00FF, 0x00FF, 0x00FF, 0x00FF, 0x00FF, 0x00FF, 0x00FF,
  0x00FF, 0x00FF, 0x00FF, 0x00FF, 0x00FF, 0x00FF, 0x00FF, 0x00FF,
  0x00FF, 0x00FF, 0x00FF, 0x00FF, 0x00FF, 0x00FF, 0x00FF, 0x00FF,
  0x00FF, 0x00FF, 0x00FF, 0x00FF, 0x00FF, 0x00FF, 0x00FF, 0x00FF,
  0x00FF, 0x00FF, 0x00FF, 0x00FF, 0x00FF, 0x00FF, 0x00FF, 0x00FF,
  0x00FF, 0x00FF, 0x00FF, 0x00FF, 0x00FF, 0x00FF, 0x00FF, 0x00FF,
  0x00FF, 0x00FF, 0x00FF, 0x00FF, 0x00FF, 0x00FF, 0x00FF, 0x8110,
  0x00FF, 0x00FF, 0x00FF, 0x00FF, 0x00FF, 0x00FF, 0x00FF, 0x00FF,
  0x00FF, 0x00FF, 0x00FF, 0x00FF, 0x00FF, 0x00FF, 0x00FF, 0x00FF,
  0x8111, 0x8111, 0x8111, 0x8111, 0x8111, 0x8111, 0x8111, 0x8111,
  0x8111, 0x8111, 0x8111, 0x8111, 0x8111, 0x8111, 0x8111, 0x8111,
  0x8111, 0x8111, 0x8510, 0x00FF, 0x00FF, 0x00FF, 0x00FF, 0x00FF,
  0x00FF, 0x00FF, 0x00FF, 0x00FF, 0x00FF, 0x00FF, 0x00FF, 0x00FF,
  0x00FF, 0x00FF, 0x00FF, 0x00FF, 0x00FF, 0x00FF, 0x00FF, 0x00FF,
  0x00FF, 0x00FF, 0x00FF, 0x00FF, 0x00FF, 0x00FF, 0x00FF, 0x00FF,
  0x00FF, 0x00FF, 0x00FF, 0x00FF, 0x00FF, 0x00FF, 0x00FF, 0x00FF,
  0x00FF, 0x00FF, 0x00FF, 0x00FF, 0x00FF, 0x00FF, 0x00FF, 0x00FF,
  0x00FF, 0x00FF, 0x00FF, 0x00FF, 0x00FF, 0x00FF, 0x00FF, 0x00FF,
  0x00FF, 0x00FF, 0x00FF, 0x00FF, 0x00FF, 0x00FF, 0x00FF, 0x00FF,
  0x00FF, 0x00FF, 0x00FF, 0x00FF, 0x00FF, 0x00FF, 0x00FF, 0x00FF,
  0x00FF, 0x00FF, 0x00FF, 0x00FF, 0x00FF, 0x00FF, 0x00FF, 0x00FF,
  0x0130, 0x012F, 0x052C, 0x00FF, 0x00FF, 0x00FF, 0x00FF, 0x00FF,
  0x00FF, 0x00FF, 0x00FF, 0x00FF, 0x00FF, 0x00FF, 0x00FF, 0x00FF,
  0x00FF, 0x00FF, 0x00FF, 0x00FF, 0x00FF, 0x00FF, 0x00FF, 0x00FF,
  0x00FF, 0x00FF, 0x00FF, 0x00FF, 0x00FF, 0x00FF, 0x00FF, 0x8910,
  0x00FF, 0x00FF, 0x00FF, 0x00FF, 0x00FF, 0x00FF, 0x00FF, 0x00FF,
  0x00FF, 0x00FF, 0x00FF, 0x00FF, 0x00FF, 0x00FF, 0x00FF, 0x00FF,
  0x8111, 0x8111, 0x8111, 0x8111, 0x8111, 0x8111, 0x8111, 0x8111,
  0x8111, 0x8111, 0x8111, 0x8111, 0x8111, 0x8111, 0x8111, 0x8111,
  0x8111, 0x8111, 0x8510, 0x00FF, 0x00FF, 0x00FF, 0x00FF, 0x00FF,
  0x00FF, 0x00FF, 0x00FF, 0x00FF, 0x00FF, 0x00FF, 0x00FF, 0x00FF,
  0x00FF, 0x00FF, 0x00FF, 0x00FF, 0x00FF, 0x00FF, 0x00FF, 0x00FF,
  0x00FF, 0x00FF, 0x00FF, 0x00FF, 0x00FF, 0x00FF, 0x00FF, 0x00FF,
  0x00FF, 0x00FF, 0x00FF, 0x00FF, 0x00FF, 0x00FF, 0x00FF, 0x00FF,
  0x00FF, 0x00FF, 0x00FF, 0x00FF, 0x00FF, 0x00FF, 0x00FF, 0x00FF,
  0x00FF, 0x00FF, 0x00FF, 0x00FF, 0x00FF, 0x00FF, 0x00FF, 0x00FF,
  0x00FF, 0x00FF, 0x00FF, 0x00FF, 0x00FF, 0x00FF, 0x00FF, 0x00FF,
  0x00FF, 0x00FF, 0x00FF, 0x00FF, 0x00FF, 0x00FF, 0x00FF, 0x00FF,
  0x00FF, 0x00FF, 0x00FF, 0x00FF, 0x00FF, 0x00FF, 0x00FF, 0x00FF,
  0x8100, 0x1101, 0x150C, 0x150E, 0x00FF, 0x00FF, 0x00FF, 0x00FF,
  0x00FF, 0x00FF, 0x00FF, 0x00FF, 0x00FF, 0x00FF, 0x00FF, 0x00FF,
  0x00FF, 0x00FF, 0x00FF, 0x00FF, 0x00FF, 0x00FF, 0x00FF, 0x00FF,
  0x00FF, 0x00FF, 0x00FF, 0x00FF, 0x00FF, 0x00FF, 0x110E, 0x8114,
  0x00FF, 0x00FF, 0x00FF, 0x00FF, 0x00FF, 0x00FF, 0x00FF, 0x00FF,
  0x00FF, 0x00FF, 0x00FF, 0x00FF, 0x00FF, 0x00FF, 0x00FF, 0x00FF,
  0x8111, 0x8111, 0x8111, 0x8111, 0x8111, 0x8111, 0x8111, 0x8111,
  0x8111, 0x8111, 0x8111, 0x8111, 0x8111, 0x8111, 0x8111, 0x8111,
  0x8111, 0x8111, 0x8510, 0x00FF, 0x00FF, 0x00FF, 0x00FF, 0x00FF,
  0x00FF, 0x00FF, 0x00FF, 0x00FF, 0x00FF, 0x00FF, 0x00FF, 0x00FF,
  0x00FF, 0x00FF, 0x00FF, 0x00FF, 0x00FF, 0x00FF, 0x00FF, 0x00FF,
  0x00FF, 0x00FF, 0x00FF, 0x00FF, 0x00FF, 0x00FF, 0x00FF, 0x00FF,
  0x00FF, 0x00FF, 0x00FF, 0x00FF, 0x00FF, 0x00FF, 0x00FF, 0x00FF,
  0x00FF, 0x00FF, 0x00FF, 0x00FF, 0x00FF, 0x00FF, 0x00FF, 0x00FF,
  0x00FF, 0x00FF, 0x00FF, 0x00FF, 0x00FF, 0x00FF, 0x00FF, 0x00FF,
  0x00FF, 0x00FF, 0x00FF, 0x00FF, 0x00FF, 0x00FF, 0x00FF, 0x00FF,
  0x00FF, 0x00FF, 0x00FF, 0x00FF, 0x00FF, 0x00FF, 0x00FF, 0x00FF,
  0x00FF, 0x00FF, 0x00FF, 0x00FF, 0x00FF, 0x00FF, 0x00FF, 0x00FF,
  0x1120, 0x1121, 0x8914, 0x8514, 0x110F, 0x110F, 0x150E, 0x012A,
  0x052C, 0x00FF, 0x00FF, 0x00FF, 0x00FF, 0x00FF, 0x00FF, 0x00FF,
  0x00FF, 0x00FF, 0x00FF, 0x00FF, 0x00FF, 0x00FF, 0x00FF, 0x00FF,
  0x00FF, 0x00FF, 0x00FF, 0x00FF, 0x00FF, 0x00FF, 0x8910, 0x8111,
  0x00FF, 0x00FF, 0x00FF, 0x00FF, 0x00FF, 0x00FF, 0x00FF, 0x00FF,
  0x00FF, 0x00FF, 0x00FF, 0x00FF, 0x00FF, 0x00FF, 0x00FF, 0x00FF,
  0x8111, 0x8111, 0x8111, 0x8111, 0x8111, 0x8111, 0x8111, 0x8111,
  0x8111, 0x8111, 0x8111, 0x8111, 0x8111, 0x8111, 0x8111, 0x8111,
  0x8111, 0x8111, 0x8510, 0x00FF, 0x00FF, 0x00FF, 0x00FF, 0x00FF,
  0x00FF, 0x00FF, 0x00FF, 0x00FF, 0x00FF, 0x00FF, 0x00FF, 0x00FF,
  0x00FF, 0x00FF, 0x00FF, 0x00FF, 0x00FF, 0x00FF, 0x00FF, 0x00FF,
  0x00FF, 0x00FF, 0x00FF, 0x00FF, 0x00FF, 0x00FF, 0x00FF, 0x00FF,
  0x00FF, 0x00FF, 0x00FF, 0x00FF, 0x00FF, 0x00FF, 0x00FF, 0x00FF,
  0x00FF, 0x00FF, 0x00FF, 0x00FF, 0x00FF, 0x00FF, 0x00FF, 0x00FF,
  0x00FF, 0x00FF, 0x00FF, 0x00FF, 0x00FF, 0x00FF, 0x00FF, 0x00FF,
  0x00FF, 0x00FF, 0x00FF, 0x00FF, 0x00FF, 0x00FF, 0x00FF, 0x00FF,
  0x00FF, 0x00FF, 0x00FF, 0x00FF, 0x00FF, 0x00FF, 0x00FF, 0x00FF,
  0x00FF, 0x00FF, 0x00FF, 0x00FF, 0x00FF, 0x00FF, 0x00FF, 0x00FF,
  0x00FF, 0x00FF, 0x190E, 0x190F, 0x8914, 0x8111, 0x8514, 0x110C,
  0x150C, 0x150E, 0x012C, 0x012D, 0x052C, 0x00FF, 0x00FF, 0x00FF,
  0x00FF, 0x00FF, 0x00FF, 0x00FF, 0x00FF, 0x00FF, 0x00FF, 0x00FF,
  0x00FF, 0x00FF, 0x00FF, 0x00FF, 0x00FF, 0x110E, 0x8114, 0x8112,
  0x00FF, 0x00FF, 0x00FF, 0x00FF, 0x00FF, 0x00FF, 0x00FF, 0x00FF,
  0x00FF, 0x00FF, 0x00FF, 0x00FF, 0x00FF, 0x00FF, 0x00FF, 0x00FF,
  0x8111, 0x8111, 0x8111, 0x8111, 0x8111, 0x8111, 0x8111, 0x8111,
  0x8111, 0x8111, 0x8111, 0x8111, 0x8111, 0x8111, 0x8111, 0x8111,
  0x8111, 0x8111, 0x8514, 0x150E, 0x00FF, 0x00FF, 0x00FF, 0x00FF,
  0x00FF, 0x00FF, 0x00FF, 0x00FF, 0x00FF, 0x00FF, 0x00FF, 0x00FF,
  0x00FF, 0x00FF, 0x00FF, 0x00FF, 0x00FF, 0x00FF, 0x00FF, 0x00FF,
  0x00FF, 0x00FF, 0x00FF, 0x00FF, 0x00FF, 0x00FF, 0x00FF, 0x00FF,
  0x00FF, 0x00FF, 0x00FF, 0x00FF, 0x00FF, 0x00FF, 0x00FF, 0x00FF,
  0x00FF, 0x00FF, 0x00FF, 0x00FF, 0x00FF, 0x00FF, 0x00FF, 0x00FF,
  0x00FF, 0x00FF, 0x00FF, 0x00FF, 0x00FF, 0x00FF, 0x00FF, 0x00FF,
  0x00FF, 0x00FF, 0x00FF, 0x00FF, 0x00FF, 0x00FF, 0x00FF, 0x00FF,
  0x00FF, 0x00FF, 0x00FF, 0x00FF, 0x00FF, 0x00FF, 0x00FF, 0x00FF,
  0x00FF, 0x00FF, 0x00FF, 0x00FF, 0x00FF, 0x00FF, 0x00FF, 0x00FF,
  0x00FF, 0x00FF, 0x00FF, 0x00FF, 0x8110, 0x8D14, 0x8914, 0x8111,
  0x8111, 0x8514, 0x810C, 0x110A, 0x150C, 0x150E, 0x00FF, 0x00FF,
  0x00FF, 0x00FF, 0x00FF, 0x00FF, 0x00FF, 0x00FF, 0x00FF, 0x00FF,
  0x00FF, 0x00FF, 0x00FF, 0x00FF, 0x00FF, 0x8910, 0x8111, 0x8111,
  0x00FF, 0x00FF, 0x00FF, 0x00FF, 0x00FF, 0x00FF, 0x00FF, 0x00FF,
  0x00FF, 0x00FF, 0x00FF, 0x00FF, 0x00FF, 0x00FF, 0x00FF, 0x00FF,
  0x8111, 0x8111, 0x8111, 0x8111, 0x8111, 0x8111, 0x8111, 0x8111,
  0x8111, 0x8111, 0x8111, 0x8111, 0x8111, 0x8111, 0x8111, 0x8111,
  0x8111, 0x8111, 0x8111, 0x8510, 0x00FF, 0x00FF, 0x00FF, 0x00FF,
  0x00FF, 0x00FF, 0x00FF, 0x00FF, 0x00FF, 0x00FF, 0x00FF, 0x00FF,
  0x00FF, 0x00FF, 0x00FF, 0x00FF, 0x00FF, 0x00FF, 0x00FF, 0x00FF,
  0x00FF, 0x00FF, 0x00FF, 0x00FF, 0x00FF, 0x00FF, 0x00FF, 0x00FF,
  0x00FF, 0x00FF, 0x00FF, 0x00FF, 0x00FF, 0x00FF, 0x00FF, 0x00FF,
  0x00FF, 0x00FF, 0x00FF, 0x00FF, 0x00FF, 0x00FF, 0x00FF, 0x00FF,
  0x00FF, 0x00FF, 0x00FF, 0x00FF, 0x00FF, 0x00FF, 0x00FF, 0x00FF,
  0x00FF, 0x00FF, 0x00FF, 0x00FF, 0x00FF, 0x00FF, 0x00FF, 0x00FF,
  0x00FF, 0x00FF, 0x00FF, 0x00FF, 0x00FF, 0x00FF, 0x00FF, 0x00FF,
  0x00FF, 0x00FF, 0x00FF, 0x00FF, 0x00FF, 0x00FF, 0x00FF, 0x00FF,
  0x00FF, 0x00FF, 0x00FF, 0x00FF, 0x190E, 0x1D0E, 0x190E, 0x8914,
  0x8111, 0x8111, 0x8111, 0x8111, 0x8111, 0x1514, 0x150E, 0x012C,
  0x012D, 0x052C, 0x00FF, 0x00FF, 0x00FF, 0x00FF, 0x00FF, 0x00FF,
  0x00FF, 0x00FF, 0x00FF, 0x00FF, 0x00FF, 0x190E, 0x8918, 0x8918,
  0x00FF, 0x00FF, 0x00FF, 0x00FF, 0x00FF, 0x00FF, 0x00FF, 0x00FF,
  0x00FF, 0x00FF, 0x00FF, 0x00FF, 0x00FF, 0x00FF, 0x00FF, 0x00FF,
  0x8111, 0x8111, 0x8111, 0x8111, 0x8111, 0x8111, 0x8111, 0x8111,
  0x8111, 0x8111, 0x8111, 0x8111, 0x8111, 0x8111, 0x8111, 0x8111,
  0x8111, 0x8111, 0x8111, 0x8510, 0x00FF, 0x00FF, 0x00FF, 0x00FF,
  0x00FF, 0x00FF, 0x00FF, 0x00FF, 0x00FF, 0x00FF, 0x00FF, 0x00FF,
  0x00FF, 0x00FF, 0x00FF, 0x00FF, 0x00FF, 0x00FF, 0x00FF, 0x00FF,
  0x00FF, 0x00FF, 0x00FF, 0x00FF, 0x00FF, 0x00FF, 0x00FF, 0x00FF,
  0x00FF, 0x00FF, 0x00FF, 0x00FF, 0x00FF, 0x00FF, 0x00FF, 0x00FF,
  0x00FF, 0x00FF, 0x00FF, 0x00FF, 0x00FF, 0x00FF, 0x00FF, 0x00FF,
  0x00FF, 0x00FF, 0x00FF, 0x00FF, 0x00FF, 0x00FF, 0x00FF, 0x00FF,
  0x00FF, 0x00FF, 0x00FF, 0x00FF, 0x00FF, 0x00FF, 0x00FF, 0x00FF,
  0x00FF, 0x00FF, 0x00FF, 0x00FF, 0x00FF, 0x00FF, 0x00FF, 0x00FF,
  0x00FF, 0x00FF, 0x00FF, 0x00FF, 0x00FF, 0x00FF, 0x00FF, 0x00FF,
  0x00FF, 0x00FF, 0x00FF, 0x00FF, 0x00FF, 0x00FF, 0x00FF, 0x8110,
  0x8111, 0x8111, 0x8111, 0x8111, 0x8111, 0x8111, 0x8514, 0x810C,
  0x110A, 0x150C, 0x150E, 0x00FF, 0x00FF, 0x00FF, 0x00FF, 0x00FF,
  0x00FF, 0x00FF, 0x00FF, 0x00FF, 0x00FF, 0x00FF, 0xC00C, 0x9040,
  0x00FF, 0x00FF, 0x00FF, 0x00FF, 0x00FF, 0x00FF, 0x00FF, 0x00FF,
  0x00FF, 0x00FF, 0x00FF, 0x00FF, 0x00FF, 0x00FF, 0x00FF, 0x00FF,
  0x8111, 0x8111, 0x8111, 0x8111, 0x8111, 0x8111, 0x8111, 0x8111,
  0x8111, 0x8111, 0x8111, 0x8111, 0x8111, 0x8111, 0x8111, 0x8111,
  0x8111, 0x8111, 0x8111, 0x8514, 0x150E, 0x00FF, 0x00FF, 0x00FF,
  0x00FF, 0x00FF, 0x00FF, 0x00FF, 0x00FF, 0x00FF, 0x00FF, 0x00FF,
  0x00FF, 0x00FF, 0x00FF, 0x00FF, 0x00FF, 0x00FF, 0x00FF, 0x00FF,
  0x00FF, 0x00FF, 0x00FF, 0x00FF, 0x00FF, 0x00FF, 0x00FF, 0x00FF,
  0x00FF, 0x00FF, 0x00FF, 0x00FF, 0x00FF, 0x00FF, 0x00FF, 0x00FF,
  0x00FF, 0x00FF, 0x00FF, 0x00FF, 0x00FF, 0x00FF, 0x00FF, 0x00FF,
  0x00FF, 0x00FF, 0x00FF, 0x00FF, 0x00FF, 0x00FF, 0x00FF, 0x00FF,
  0x00FF, 0x00FF, 0x00FF, 0x00FF, 0x00FF, 0x00FF, 0x00FF, 0x00FF,
  0x00FF, 0x00FF, 0x00FF, 0x00FF, 0x00FF, 0x00FF, 0x00FF, 0x00FF,
  0x00FF, 0x00FF, 0x00FF, 0x00FF, 0x00FF, 0x00FF, 0x00FF, 0x00FF,
  0x00FF, 0x00FF, 0x00FF, 0x00FF, 0x00FF, 0x00FF, 0x00FF, 0x8110,
  0x8D14, 0x8914, 0x8111, 0x8111, 0x8111, 0x8111, 0x8111, 0x8111,
  0x8111, 0x8111, 0x1514, 0x150E, 0x012C, 0x012D, 0x012D, 0x052C,
  0x00FF, 0x00FF, 0x00FF, 0x00FF, 0x00FF, 0x00FF, 0xD02C, 0x9060,
  0x00FF, 0x00FF, 0x00FF, 0x00FF, 0x00FF, 0x00FF, 0x00FF, 0x00FF,
  0x00FF, 0x00FF, 0x00FF, 0x00FF, 0x00FF, 0x00FF, 0x00FF, 0x00FF,
  0x8111, 0x8111, 0x8111, 0x8111, 0x8111, 0x8111, 0x8111, 0x8111,
  0x8111, 0x8111, 0x8111, 0x8111, 0x8111, 0x8111, 0x8111, 0x8111,
  0x8111, 0x8111, 0x8111, 0x8111, 0x8510, 0x00FF, 0x00FF, 0x00FF,
  0x00FF, 0x00FF, 0x00FF, 0x00FF, 0x00FF, 0x00FF, 0x00FF, 0x00FF,
  0x00FF, 0x00FF, 0x00FF, 0x00FF, 0x00FF, 0x00FF, 0x00FF, 0x00FF,
  0x00FF, 0x00FF, 0x00FF, 0x00FF, 0x00FF, 0x00FF, 0x00FF, 0x00FF,
  0x00FF, 0x00FF, 0x00FF, 0x00FF, 0x00FF, 0x00FF, 0x00FF, 0x00FF,
  0x00FF, 0x00FF, 0x00FF, 0x00FF, 0x00FF, 0x00FF, 0x00FF, 0x00FF,
  0x00FF, 0x00FF, 0x00FF, 0x00FF, 0x00FF, 0x00FF, 0x00FF, 0x00FF,
  0x00FF, 0x00FF, 0x00FF, 0x00FF, 0x00FF, 0x00FF, 0x00FF, 0x00FF,
  0x00FF, 0x00FF, 0x00FF, 0x00FF, 0x00FF, 0x00FF, 0x00FF, 0x00FF,
  0x00FF, 0x00FF, 0x00FF, 0x00FF, 0x00FF, 0x00FF, 0x00FF, 0x00FF,
  0x00FF, 0x00FF, 0x00FF, 0x00FF, 0x00FF, 0x00FF, 0x00FF, 0x190E,
  0x1D0E, 0x190E, 0x8914, 0x8111, 0x8111, 0x8111, 0x8111, 0x8111,
  0x8111, 0x8111, 0x8111, 0x8514, 0x810C, 0x810A, 0x810B, 0x150C,
  0x150E, 0x00FF, 0x00FF, 0x00FF, 0x00FF, 0x00FF, 0xD82C, 0x9860,
  0x00FF, 0x00FF, 0x00FF, 0x00FF, 0x00FF, 0x00FF, 0x00FF, 0x00FF,
  0x00FF, 0x00FF, 0x00FF, 0x00FF, 0x00FF, 0x00FF, 0x00FF, 0x00FF,
  0x8111, 0x8111, 0x8111, 0x8111, 0x8111, 0x8111, 0x8111, 0x8111,
  0x8111, 0x8111, 0x8111, 0x8111, 0x8111, 0x8111, 0x8111, 0x8111,
  0x8111, 0x8111, 0x8111, 0x8111, 0x8510, 0x00FF, 0x00FF, 0x00FF,
  0x00FF, 0x00FF, 0x00FF, 0x00FF, 0x00FF, 0x00FF, 0x00FF, 0x00FF,
  0x00FF, 0x00FF, 0x00FF, 0x00FF, 0x00FF, 0x00FF, 0x00FF, 0x00FF,
  0x00FF, 0x00FF, 0x00FF, 0x00FF, 0x00FF, 0x00FF, 0x00FF, 0x00FF,
  0x00FF, 0x00FF, 0x00FF, 0x00FF, 0x00FF, 0x00FF, 0x00FF, 0x00FF,
  0x00FF, 0x00FF, 0x00FF, 0x00FF, 0x00FF, 0x00FF, 0x00FF, 0x00FF,
  0x00FF, 0x00FF, 0x00FF, 0x00FF, 0x00FF, 0x00FF, 0x00FF, 0x00FF,
  0x00FF, 0x00FF, 0x00FF, 0x00FF, 0x00FF, 0x00FF, 0x00FF, 0x00FF,
  0x00FF, 0x00FF, 0x00FF, 0x00FF, 0x00FF, 0x00FF, 0x00FF, 0x00FF,
  0x00FF, 0x00FF, 0x00FF, 0x00FF, 0x00FF, 0x00FF, 0x00FF, 0x00FF,
  0x00FF, 0x00FF, 0x00FF, 0x00FF, 0x00FF, 0x00FF, 0x00FF, 0x00FF,
  0x00FF, 0x00FF, 0x8110, 0x8111, 0x8111, 0x8111, 0x8111, 0x8111,
  0x8111, 0x8111, 0x8111, 0x8111, 0x8111, 0x8111, 0x8111, 0x8111,
  0x1514, 0x150E, 0x012C, 0x012D, 0x012D, 0x012D, 0xD80C, 0x9840,
  0x00FF, 0x00FF, 0x00FF, 0x00FF, 0x00FF, 0x00FF, 0x00FF, 0x00FF,
  0x00FF, 0x00FF, 0x00FF, 0x00FF, 0x00FF, 0x00FF, 0x00FF, 0x00FF,
  0x8111, 0x8111, 0x8111, 0x8111, 0x8111, 0x8111, 0x8111, 0x8111,
  0x8111, 0x8111, 0x8111, 0x8111, 0x8111, 0x8111, 0x8111, 0x8111,
  0x8111, 0x8111, 0x8111, 0x8111, 0x8514, 0x150E, 0x00FF, 0x00FF,
  0x00FF, 0x00FF, 0x00FF, 0x00FF, 0x00FF, 0x00FF, 0x00FF, 0x00FF,
  0x00FF, 0x00FF, 0x00FF, 0x00FF, 0x00FF, 0x00FF, 0x00FF, 0x00FF,
  0x00FF, 0x00FF, 0x00FF, 0x00FF, 0x00FF, 0x00FF, 0x00FF, 0x00FF,
  0x00FF, 0x00FF, 0x00FF, 0x00FF, 0x00FF, 0x00FF, 0x00FF, 0x00FF,
  0x00FF, 0x00FF, 0x00FF, 0x00FF, 0x00FF, 0x00FF, 0x00FF, 0x00FF,
  0x00FF, 0x00FF, 0x00FF, 0x00FF, 0x00FF, 0x00FF, 0x00FF, 0x00FF,
  0x00FF, 0x00FF, 0x00FF, 0x00FF, 0x00FF, 0x00FF, 0x00FF, 0x00FF,
  0x00FF, 0x00FF, 0x00FF, 0x00FF, 0x00FF, 0x00FF, 0x00FF, 0x00FF,
  0x00FF, 0x00FF, 0x00FF, 0x00FF, 0x00FF, 0x00FF, 0x00FF, 0x00FF,
  0x00FF, 0x00FF, 0x00FF, 0x00FF, 0x00FF, 0x00FF, 0x00FF, 0x00FF,
  0x00FF, 0x00FF, 0x190E, 0x8914, 0x8111, 0x8111, 0x8111, 0x8111,
  0x8111, 0x8111, 0x8111, 0x8111, 0x8111, 0x8111, 0x8111, 0x8111,
  0x8111, 0x8514, 0x810C, 0x810A, 0x810B, 0x810A, 0x850C, 0x8118,
  0x00FF, 0x00FF, 0x00FF, 0x00FF, 0x00FF, 0x00FF, 0x00FF, 0x00FF,
  0x00FF, 0x00FF, 0x00FF, 0x00FF, 0x00FF, 0x00FF, 0x00FF, 0x00FF,
  0x8111, 0x8111, 0x8111, 0x8111, 0x8111, 0x8111, 0x8111, 0x8111,
  0x8111, 0x8111, 0x8111, 0x8111, 0x8111, 0x8111, 0x8111, 0x8111,
  0x8111, 0x8111, 0x8111, 0x8111, 0x8111, 0x8510, 0x00FF, 0x00FF,
  0x00FF, 0x00FF, 0x00FF, 0x00FF, 0x00FF, 0x00FF, 0x00FF, 0x00FF,
  0x00FF, 0x00FF, 0x00FF, 0x00FF, 0x00FF, 0x00FF, 0x00FF, 0x00FF,
  0x00FF, 0x00FF, 0x00FF, 0x00FF, 0x00FF, 0x00FF, 0x00FF, 0x00FF,
  0x00FF, 0x00FF, 0x00FF, 0x00FF, 0x00FF, 0x00FF, 0x00FF, 0x00FF,
  0x00FF, 0x00FF, 0x00FF, 0x00FF, 0x00FF, 0x00FF, 0x00FF, 0x00FF,
  0x00FF, 0x00FF, 0x00FF, 0x00FF, 0x00FF, 0x00FF, 0x00FF, 0x00FF,
  0x00FF, 0x00FF, 0x00FF, 0x00FF, 0x00FF, 0x00FF, 0x00FF, 0x00FF,
  0x00FF, 0x00FF, 0x00FF, 0x00FF, 0x00FF, 0x00FF, 0x00FF, 0x00FF,
  0x00FF, 0x00FF, 0x00FF, 0x00FF, 0x00FF, 0x00FF, 0x00FF, 0x00FF,
  0x00FF, 0x00FF, 0x00FF, 0x00FF, 0x00FF, 0x00FF, 0x00FF, 0x00FF,
  0x00FF, 0x00FF, 0x00FF, 0x8110, 0x8D14, 0x8914, 0x8111, 0x8111,
  0x8111, 0x8111, 0x8111, 0x8111, 0x8111, 0x8111, 0x8111, 0x8111,
  0x8111, 0x8111, 0x8111, 0x8111, 0x8111, 0x8111, 0x8111, 0x8111,
  0x00FF, 0x00FF, 0x00FF, 0x00FF, 0x00FF, 0x00FF, 0x00FF, 0x00FF,
  0x00FF, 0x00FF, 0x00FF, 0x00FF, 0x00FF, 0x00FF, 0x00FF, 0x00FF,
  0x8111, 0x8111, 0x8111, 0x8111, 0x8111, 0x8111, 0x8111, 0x8111,
  0x8111, 0x8111, 0x8111, 0x8111, 0x8111, 0x8111, 0x8111, 0x8111,
  0x8111, 0x8111, 0x8111, 0x8111, 0x8111, 0x8514, 0x150E, 0x00FF,
  0x00FF, 0x00FF, 0x00FF, 0x00FF, 0x00FF, 0x00FF, 0x00FF, 0x00FF,
  0x00FF, 0x00FF, 0x00FF, 0x00FF, 0x00FF, 0x00FF, 0x00FF, 0x00FF,
  0x00FF, 0x00FF, 0x00FF, 0x00FF, 0x00FF, 0x00FF, 0x00FF, 0x00FF,
  0x00FF, 0x00FF, 0x00FF, 0x00FF, 0x00FF, 0x00FF, 0x00FF, 0x00FF,
  0x00FF, 0x00FF, 0x00FF, 0x00FF, 0x00FF, 0x00FF, 0x00FF, 0x00FF,
  0x00FF, 0x00FF, 0x00FF, 0x00FF, 0x00FF, 0x00FF, 0x00FF, 0x00FF,
  0x00FF, 0x00FF, 0x00FF, 0x00FF, 0x00FF, 0x00FF, 0x00FF, 0x00FF,
  0x00FF, 0x00FF, 0x00FF, 0x00FF, 0x00FF, 0x00FF, 0x00FF, 0x00FF,
  0x00FF, 0x00FF, 0x00FF, 0x00FF, 0x00FF, 0x00FF, 0x00FF, 0x00FF,
  0x00FF, 0x00FF, 0x00FF, 0x00FF, 0x00FF, 0x00FF, 0x00FF, 0x00FF,
  0x00FF, 0x00FF, 0x00FF, 0x8110, 0x8510, 0x190E, 0x8914, 0x8111,
  0x8111, 0x8111, 0x8111, 0x8111, 0x8111, 0x8111, 0x8111, 0x8111,
  0x8111, 0x8111, 0x8111, 0x8111, 0x8111, 0x8111, 0x8111, 0x8111,
  0x00FF, 0x00FF, 0x00FF, 0x00FF, 0x00FF, 0x00FF, 0x00FF, 0x00FF,
  0x00FF, 0x00FF, 0x00FF, 0x00FF, 0x00FF, 0x00FF, 0x00FF, 0x00FF,
  0x8111, 0x8111, 0x8111, 0x8111, 0x8111, 0x8111, 0x8111, 0x8111,
  0x8111, 0x8111, 0x8111, 0x8111, 0x8111, 0x8111, 0x8111, 0x8111,
  0x8111, 0x8111, 0x8111, 0x8111, 0x8111, 0x8111, 0x8510, 0x00FF,
  0x00FF, 0x00FF, 0x00FF, 0x00FF, 0x00FF, 0x00FF, 0x00FF, 0x00FF,
  0x00FF, 0x00FF, 0x00FF, 0x00FF, 0x00FF, 0x00FF, 0x00FF, 0x00FF,
  0x00FF, 0x00FF, 0x00FF, 0x00FF, 0x00FF, 0x00FF, 0x00FF, 0x00FF,
  0x00FF, 0x00FF, 0x00FF, 0x00FF, 0x00FF, 0x00FF, 0x00FF, 0x00FF,
  0x00FF, 0x00FF, 0x00FF, 0x00FF, 0x00FF, 0x00FF, 0x00FF, 0x00FF,
  0x00FF, 0x00FF, 0x00FF, 0x00FF, 0x00FF, 0x00FF, 0x00FF, 0x00FF,
  0x00FF, 0x00FF, 0x00FF, 0x00FF, 0x00FF, 0x00FF, 0x00FF, 0x00FF,
  0x00FF, 0x00FF, 0x00FF, 0x00FF, 0x00FF, 0x00FF, 0x00FF, 0x00FF,
  0x00FF, 0x00FF, 0x00FF, 0x00FF, 0x00FF, 0x00FF, 0x00FF, 0x00FF,
  0x00FF, 0x00FF, 0x00FF, 0x00FF, 0x00FF, 0x00FF, 0x00FF, 0x00FF,
  0x00FF, 0x00FF, 0x00FF, 0x190E, 0x1D0E, 0x00FF, 0x8110, 0x8111,
  0x8111, 0x8111, 0x8111, 0x8111, 0x8111, 0x8111, 0x8111, 0x8111,
  0x8111, 0x8111, 0x8111, 0x8111, 0x8111, 0x8111, 0x8111, 0x8111,
  0x00FF, 0x00FF, 0x00FF, 0x00FF, 0x00FF, 0x00FF, 0x00FF, 0x00FF,
  0x00FF, 0x00FF, 0x00FF, 0x00FF, 0x00FF, 0x00FF, 0x00FF, 0x00FF,
  0x8111, 0x8111, 0x8111, 0x8111, 0x8111, 0x8111, 0x8111, 0x8111,
  0x8111, 0x8111, 0x8111, 0x8111, 0x8111, 0x8111, 0x8111, 0x8111,
  0x8111, 0x8111, 0x8111, 0x8111, 0x8111, 0x8111, 0x8510, 0x00FF,
  0x00FF, 0x00FF, 0x00FF, 0x00FF, 0x00FF, 0x00FF, 0x00FF, 0x00FF,
  0x00FF, 0x00FF, 0x00FF, 0x00FF, 0x00FF, 0x00FF, 0x00FF, 0x00FF,
  0x00FF, 0x00FF, 0x00FF, 0x00FF, 0x00FF, 0x00FF, 0x00FF, 0x00FF,
  0x00FF, 0x00FF, 0x00FF, 0x00FF, 0x00FF, 0x00FF, 0x00FF, 0x00FF,
  0x00FF, 0x00FF, 0x00FF, 0x00FF, 0x00FF, 0x00FF, 0x00FF, 0x00FF,
  0x00FF, 0x00FF, 0x00FF, 0x00FF, 0x00FF, 0x00FF, 0x00FF, 0x00FF,
  0x00FF, 0x00FF, 0x00FF, 0x00FF, 0x00FF, 0x00FF, 0x00FF, 0x00FF,
  0x00FF, 0x00FF, 0x00FF, 0x00FF, 0x00FF, 0x00FF, 0x00FF, 0x00FF,
  0x00FF, 0x00FF, 0x00FF, 0x00FF, 0x00FF, 0x00FF, 0x00FF, 0x00FF,
  0x00FF, 0x00FF, 0x00FF, 0x00FF, 0x00FF, 0x00FF, 0x00FF, 0x00FF,
  0x00FF, 0x00FF, 0x00FF, 0x00FF, 0x00FF, 0x00FF, 0x190E, 0x8914,
  0x8111, 0x8111, 0x8111, 0x8111, 0x8111, 0x8111, 0x8111, 0x8111,
  0x8111, 0x8111, 0x8111, 0x8111, 0x8111, 0x8111, 0x8111, 0x8111,
  0x00FF, 0x00FF, 0x00FF, 0x00FF, 0x00FF, 0x00FF, 0x00FF, 0x00FF,
  0x00FF, 0x00FF, 0x00FF, 0x00FF, 0x00FF, 0x00FF, 0x00FF, 0x00FF,
  0x8111, 0x8111, 0x8111, 0x8111, 0x8111, 0x8111, 0x8111, 0x8111,
  0x8111, 0x8111, 0x8111, 0x8111, 0x8111, 0x8111, 0x8111, 0x8111,
  0x8111, 0x8111, 0x8111, 0x8111, 0x8111, 0x8111, 0x8510, 0x00FF,
  0x00FF, 0x00FF, 0x00FF, 0x00FF, 0x00FF, 0x00FF, 0x00FF, 0x00FF,
  0x00FF, 0x00FF, 0x00FF, 0x00FF, 0x00FF, 0x00FF, 0x00FF, 0x00FF,
  0x00FF, 0x00FF, 0x00FF, 0x00FF, 0x00FF, 0x00FF, 0x00FF, 0x00FF,
  0x00FF, 0x00FF, 0x00FF, 0x00FF, 0x00FF, 0x00FF, 0x00FF, 0x00FF,
  0x00FF, 0x00FF, 0x00FF, 0x00FF, 0x00FF, 0x00FF, 0x00FF, 0x00FF,
  0x00FF, 0x00FF, 0x00FF, 0x00FF, 0x00FF, 0x00FF, 0x00FF, 0x00FF,
  0x00FF, 0x00FF, 0x00FF, 0x00FF, 0x00FF, 0x00FF, 0x00FF, 0x00FF,
  0x00FF, 0x00FF, 0x00FF, 0x00FF, 0x00FF, 0x00FF, 0x00FF, 0x00FF,
  0x00FF, 0x00FF, 0x00FF, 0x00FF, 0x00FF, 0x00FF, 0x00FF, 0x00FF,
  0x00FF, 0x00FF, 0x00FF, 0x00FF, 0x00FF, 0x00FF, 0x00FF, 0x00FF,
  0x00FF, 0x00FF, 0x00FF, 0x00FF, 0x00FF, 0x00FF, 0x00FF, 0x8110,
  0x8111, 0x8111, 0x8111, 0x8111, 0x8111, 0x8111, 0x8111, 0x8111,
  0x8111, 0x8111, 0x8111, 0x8111, 0x8111, 0x8111, 0x8111, 0x8111,
  0x8111, 0x8111, 0x8111, 0x8111, 0x8111, 0x8111, 0x8111, 0x8111,
  0x8111, 0x8111, 0x8111, 0x8111, 0x8111, 0x8111, 0x8111, 0x8111,
  0x8111, 0x8111, 0x8111, 0x8111, 0x8111, 0x8111, 0x8111, 0x8111,
  0x8111, 0x8111, 0x8111, 0x8111, 0x8111, 0x8111, 0x8111, 0x8111,
  0x8111, 0x8111, 0x8111, 0x8111, 0x8111, 0x8111, 0x8510, 0x00FF,
  0x00FF, 0x00FF, 0x00FF, 0x00FF, 0x00FF, 0x00FF, 0x00FF, 0x00FF,
  0x00FF, 0x00FF, 0x00FF, 0x00FF, 0x00FF, 0x00FF, 0x00FF, 0x00FF,
  0x00FF, 0x00FF, 0x00FF, 0x00FF, 0x00FF, 0x00FF, 0x00FF, 0x00FF,
  0x00FF, 0x00FF, 0x00FF, 0x00FF, 0x00FF, 0x00FF, 0x00FF, 0x00FF,
  0x00FF, 0x00FF, 0x00FF, 0x00FF, 0x00FF, 0x00FF, 0x00FF, 0x00FF,
  0x00FF, 0x00FF, 0x00FF, 0x00FF, 0x00FF, 0x00FF, 0x00FF, 0x00FF,
  0x00FF, 0x00FF, 0x00FF, 0x00FF, 0x00FF, 0x00FF, 0x00FF, 0x00FF,
  0x00FF, 0x00FF, 0x00FF, 0x00FF, 0x00FF, 0x00FF, 0x00FF, 0x00FF,
  0x00FF, 0x00FF, 0x00FF, 0x00FF, 0x00FF, 0x00FF, 0x00FF, 0x00FF,
  0x00FF, 0x00FF, 0x00FF, 0x00FF, 0x00FF, 0x00FF, 0x00FF, 0x00FF,
  0x00FF, 0x00FF, 0x00FF, 0x00FF, 0x00FF, 0x00FF, 0x00FF, 0x8110,
  0x8D14, 0x8914, 0x8111, 0x8111, 0x8111, 0x8111, 0x8111, 0x8111,
  0x8111, 0x8111, 0x8111, 0x8111, 0x8111, 0x8111, 0x8111, 0x8111,
  0x8111, 0x8129, 0x8111, 0x8111, 0x8111, 0x8111, 0x8111, 0x8111,
  0x8111, 0x8111, 0x8111, 0x8111, 0x8111, 0x8111, 0x8111, 0x8111,
  0x8111, 0x8111, 0x8111, 0x8129, 0x8111, 0x8111, 0x8111, 0x8111,
  0x8111, 0x8111, 0x8111, 0x8111, 0x8111, 0x8111, 0x8111, 0x8111,
  0x8111, 0x8111, 0x8111, 0x8111, 0x8111, 0x8111, 0x8510, 0x00FF,
  0x00FF, 0x00FF, 0x00FF, 0x00FF, 0x00FF, 0x00FF, 0x00FF, 0x00FF,
  0x00FF, 0x00FF, 0x00FF, 0x00FF, 0x00FF, 0x00FF, 0x00FF, 0x00FF,
  0x00FF, 0x00FF, 0x00FF, 0x00FF, 0x00FF, 0x00FF, 0x00FF, 0x00FF,
  0x00FF, 0x00FF, 0x00FF, 0x00FF, 0x00FF, 0x00FF, 0x00FF, 0x00FF,
  0x00FF, 0x00FF, 0x00FF, 0x00FF, 0x00FF, 0x00FF, 0x00FF, 0x00FF,
  0x00FF, 0x00FF, 0x00FF, 0x00FF, 0x00FF, 0x00FF, 0x00FF, 0x00FF,
  0x00FF, 0x00FF, 0x00FF, 0x00FF, 0x00FF, 0x00FF, 0x00FF, 0x00FF,
  0x00FF, 0x00FF, 0x00FF, 0x00FF, 0x00FF, 0x00FF, 0x00FF, 0x00FF,
  0x00FF, 0x00FF, 0x00FF, 0x00FF, 0x00FF, 0x00FF, 0x00FF, 0x00FF,
  0x00FF, 0x00FF, 0x00FF, 0x00FF, 0x00FF, 0x00FF, 0x00FF, 0x00FF,
  0x00FF, 0x00FF, 0x00FF, 0x00FF, 0x00FF, 0x00FF, 0x00FF, 0x190E,
  0x1D0E, 0x8110, 0x8111, 0x8111, 0x8111, 0x8111, 0x8111, 0x8111,
  0x8111, 0x8111, 0x8111, 0x8111, 0x8111, 0x8111, 0x8111, 0x8111,
  0x8111, 0x8111, 0x8111, 0x8111, 0x8D14, 0x8914, 0x8111, 0x8111,
  0x8111, 0x8D14, 0x8918, 0x8914, 0x8111, 0x8D14, 0x8918, 0x8918,
  0x8918, 0x8918, 0x8914, 0x8D14, 0x8918, 0x8914, 0x8111, 0x8111,
  0x8111, 0x8111, 0x8D14, 0x8914, 0x8111, 0x8111, 0x8111, 0x8111,
  0x8111, 0x8111, 0x8111, 0x8111, 0x8111, 0x8111, 0x8510, 0x00FF,
  0x00FF, 0x00FF, 0x00FF, 0x00FF, 0x00FF, 0x00FF, 0x00FF, 0x00FF,
  0x00FF, 0x00FF, 0x00FF, 0x00FF, 0x00FF, 0x00FF, 0x00FF, 0x00FF,
  0x00FF, 0x00FF, 0x00FF, 0x00FF, 0x00FF, 0x00FF, 0x00FF, 0x00FF,
  0x00FF, 0x00FF, 0x00FF, 0x00FF, 0x00FF, 0x00FF, 0x00FF, 0x00FF,
  0x00FF, 0x00FF, 0x00FF, 0x00FF, 0x00FF, 0x00FF, 0x00FF, 0x00FF,
  0x00FF, 0x00FF, 0x00FF, 0x00FF, 0x00FF, 0x00FF, 0x00FF, 0x00FF,
  0x00FF, 0x00FF, 0x00FF, 0x00FF, 0x00FF, 0x00FF, 0x00FF, 0x00FF,
  0x00FF, 0x00FF, 0x00FF, 0x00FF, 0x00FF, 0x00FF, 0x00FF, 0x00FF,
  0x00FF, 0x00FF, 0x00FF, 0x00FF, 0x00FF, 0x00FF, 0x00FF, 0x00FF,
  0x00FF, 0x00FF, 0x00FF, 0x00FF, 0x00FF, 0x00FF, 0x00FF, 0x00FF,
  0x00FF, 0x00FF, 0x00FF, 0x00FF, 0x00FF, 0x00FF, 0x00FF, 0x00FF,
  0x00FF, 0x190E, 0x8914, 0x8111, 0x8111, 0x8111, 0x8111, 0x8111,
  0x8111, 0x8111, 0x8111, 0x8111, 0x8111, 0x8111, 0x8111, 0x8111,
  0x8111, 0x8111, 0x8D14, 0x1918, 0x1D17, 0x1917, 0x1918, 0x1914,
  0x1D14, 0x1D17, 0x0132, 0x1917, 0x1918, 0x1D17, 0x0132, 0x0539,
  0x0937, 0x0934, 0x1917, 0x1D17, 0x0131, 0x1917, 0x1918, 0x1918,
  0x8914, 0x1D14, 0x1D17, 0x1917, 0x1918, 0x8914, 0x8111, 0x8111,
  0x8111, 0x8111, 0x8111, 0x8111, 0x8111, 0x8111, 0x8510, 0x00FF,
  0x00FF, 0x00FF, 0x00FF, 0x00FF, 0x00FF, 0x00FF, 0x00FF, 0x00FF,
  0x00FF, 0x00FF, 0x00FF, 0x00FF, 0x00FF, 0x00FF, 0x00FF, 0x00FF,
  0x00FF, 0x00FF, 0x00FF, 0x00FF, 0x00FF, 0x00FF, 0x00FF, 0x00FF,
  0x00FF, 0x00FF, 0x00FF, 0x00FF, 0x00FF, 0x00FF, 0x00FF, 0x00FF,
  0x00FF, 0x00FF, 0x00FF, 0x00FF, 0x00FF, 0x00FF, 0x00FF, 0x00FF,
  0x00FF, 0x00FF, 0x00FF, 0x00FF, 0x00FF, 0x00FF, 0x00FF, 0x00FF,
  0x00FF, 0x00FF, 0x00FF, 0x00FF, 0x00FF, 0x00FF, 0x00FF, 0x00FF,
  0x00FF, 0x00FF, 0x00FF, 0x00FF, 0x00FF, 0x00FF, 0x00FF, 0x00FF,
  0x00FF, 0x00FF, 0x00FF, 0x00FF, 0x00FF, 0x00FF, 0x00FF, 0x00FF,
  0x00FF, 0x00FF, 0x00FF, 0x00FF, 0x00FF, 0x00FF, 0x00FF, 0x00FF,
  0x00FF, 0x00FF, 0x00FF, 0x00FF, 0x00FF, 0x00FF, 0x00FF, 0x00FF,
  0x00FF, 0x00FF, 0x8110, 0x8111, 0x8111, 0x8111, 0x8111, 0x8111,
  0x8111, 0x8111, 0x8111, 0x8111, 0x8111, 0x8111, 0x8111, 0x8111,
  0x8111, 0x8111, 0x8519, 0x0132, 0x0131, 0x0131, 0x0132, 0x1917,
  0x1D17, 0x0131, 0x0131, 0x0132, 0x0131, 0x0132, 0x0D34, 0x0D37,
  0x0137, 0x0134, 0x0132, 0x0132, 0x0131, 0x0131, 0x0131, 0x0539,
  0x190E, 0x1D0E, 0x0937, 0x0934, 0x0131, 0x1917, 0x190F, 0x8914,
  0x8111, 0x8111, 0x8111, 0x8111, 0x8111, 0x8111, 0x8510, 0x00FF,
  0x00FF, 0x00FF, 0x00FF, 0x00FF, 0x00FF, 0x00FF, 0x00FF, 0x00FF,
  0x00FF, 0x00FF, 0x00FF, 0x00FF, 0x00FF, 0x00FF, 0x00FF, 0x00FF,
  0x00FF, 0x00FF, 0x00FF, 0x00FF, 0x00FF, 0x00FF, 0x00FF, 0x00FF,
  0x00FF, 0x00FF, 0x00FF, 0x00FF, 0x00FF, 0x00FF, 0x00FF, 0x00FF,
  0x00FF, 0x00FF, 0x00FF, 0x00FF, 0x00FF, 0x00FF, 0x00FF, 0x00FF,
  0x00FF, 0x00FF, 0x00FF, 0x00FF, 0x00FF, 0x00FF, 0x00FF, 0x00FF,
  0x00FF, 0x00FF, 0x00FF, 0x00FF, 0x00FF, 0x00FF, 0x00FF, 0x00FF,
  0x00FF, 0x00FF, 0x00FF, 0x00FF, 0x00FF, 0x00FF, 0x00FF, 0x00FF,
  0x00FF, 0x00FF, 0x00FF, 0x00FF, 0x00FF, 0x00FF, 0x00FF, 0x00FF,
  0x00FF, 0x00FF, 0x00FF, 0x00FF, 0x00FF, 0x00FF, 0x00FF, 0x00FF,
  0x00FF, 0x00FF, 0x00FF, 0x00FF, 0x00FF, 0x00FF, 0x00FF, 0x00FF,
  0x00FF, 0x00FF, 0x190E, 0x1914, 0x8D14, 0x8914, 0x8111, 0x8111,
  0x8111, 0x8111, 0x8111, 0x8111, 0x8111, 0x8111, 0x8111, 0x8111,
  0x8918, 0x890F, 0x1D17, 0x0132, 0x0131, 0x0132, 0x0132, 0x0131,
  0x0132, 0x0131, 0x0131, 0x0131, 0x0D34, 0x0938, 0x0D37, 0x00FF,
  0x0937, 0x0934, 0x0131, 0x0131, 0x0132, 0x0132, 0x0D34, 0x0D37,
  0x00FF, 0x00FF, 0x00FF, 0x0139, 0x0D34, 0x0D37, 0x00FF, 0xF110,
  0x5111, 0xF111, 0x5111, 0xF111, 0x5111, 0xF111, 0x5510, 0x00FF,
  0x00FF, 0x00FF, 0x00FF, 0x00FF, 0x00FF, 0x00FF, 0x00FF, 0x00FF,
  0x00FF, 0x00FF, 0x00FF, 0x00FF, 0x00FF, 0x00FF, 0x00FF, 0x00FF,
  0x00FF, 0x00FF, 0x00FF, 0x00FF, 0x00FF, 0x00FF, 0x00FF, 0x00FF,
  0x00FF, 0x00FF, 0x00FF, 0x00FF, 0x00FF, 0x00FF, 0x00FF, 0x00FF,
  0x00FF, 0x00FF, 0x00FF, 0x00FF, 0x00FF, 0x00FF, 0x00FF, 0x00FF,
  0x00FF, 0x00FF, 0x00FF, 0x00FF, 0x00FF, 0x00FF, 0x00FF, 0x00FF,
  0x00FF, 0x00FF, 0x00FF, 0x00FF, 0x00FF, 0x00FF, 0x00FF, 0x00FF,
  0x00FF, 0x00FF, 0x00FF, 0x00FF, 0x00FF, 0x00FF, 0x00FF, 0x00FF,
  0x00FF, 0x00FF, 0x00FF, 0x00FF, 0x00FF, 0x00FF, 0x00FF, 0x00FF,
  0x00FF, 0x00FF, 0x00FF, 0x00FF, 0x00FF, 0x00FF, 0x00FF, 0x00FF,
  0x00FF, 0x00FF, 0x00FF, 0x00FF, 0x00FF, 0x00FF, 0x00FF, 0x00FF,
  0x00FF, 0x00FF, 0x00FF, 0x190E, 0x1D0E, 0x190E, 0x1D0F, 0x1D0F,
  0x8914, 0x8111, 0x8111, 0x8111, 0x8111, 0x8111, 0x8111, 0x8111,
  0x9440, 0xC40C, 0x0937, 0x0934, 0x0131, 0x0131, 0x0131, 0x0131,
  0x0131, 0x0132, 0x0132, 0x0132, 0x0539, 0x00FF, 0x00FF, 0x00FF,
  0x00FF, 0x0139, 0x0131, 0x0131, 0x0132, 0x0D34, 0x0D36, 0x00FF,
  0x00FF, 0x00FF, 0x0136, 0x0134, 0x0534, 0x0537, 0x00FF, 0xD110,
  0xD111, 0xD111, 0xD111, 0xD111, 0xD111, 0xD111, 0xD510, 0x00FF,
  0x00FF, 0x00FF, 0x00FF, 0x00FF, 0x00FF, 0x00FF, 0x00FF, 0x00FF,
  0x00FF, 0x00FF, 0x00FF, 0x00FF, 0x00FF, 0x00FF, 0x00FF, 0x00FF,
  0x00FF, 0x00FF, 0x00FF, 0x00FF, 0x00FF, 0x00FF, 0x00FF, 0x00FF,
  0x00FF, 0x00FF, 0x00FF, 0x00FF, 0x00FF, 0x00FF, 0x00FF, 0x00FF,
  0x00FF, 0x00FF, 0x00FF, 0x00FF, 0x00FF, 0x00FF, 0x00FF, 0x00FF,
  0x00FF, 0x00FF, 0x00FF, 0x00FF, 0x00FF, 0x00FF, 0x00FF, 0x00FF,
  0x00FF, 0x00FF, 0x00FF, 0x00FF, 0x00FF, 0x00FF, 0x00FF, 0x00FF,
  0x00FF, 0x00FF, 0x00FF, 0x00FF, 0x00FF, 0x00FF, 0x00FF, 0x00FF,
  0x00FF, 0x00FF, 0x00FF, 0x00FF, 0x00FF, 0x00FF, 0x00FF, 0x00FF,
  0x00FF, 0x00FF, 0x00FF, 0x00FF, 0x00FF, 0x00FF, 0x00FF, 0x00FF,
  0x00FF, 0x00FF, 0x00FF, 0x00FF, 0x00FF, 0x00FF, 0x00FF, 0x00FF,
  0x00FF, 0x00FF, 0x00FF, 0x00FF, 0x00FF, 0x00FF, 0x00FF, 0x00FF,
  0x8110, 0x8111, 0x8111, 0x8111, 0x8111, 0x8111, 0x8111, 0x8111,
  0x9460, 0xD42C, 0x00FF, 0x0139, 0x0131, 0x0131, 0x0131, 0x0131,
  0x0132, 0x0132, 0x0D34, 0x0938, 0x0D37, 0x00FF, 0x00FF, 0x00FF,
  0x00FF, 0x0937, 0x0934, 0x0132, 0x0D34, 0x0D37, 0x00FF, 0x00FF,
  0x00FF, 0x0137, 0x0134, 0x0131, 0x0132, 0x0539, 0x00FF, 0xF110,
  0x5111, 0xF111, 0x5111, 0xF111, 0x5111, 0xF111, 0x5510, 0x00FF,
  0x00FF, 0x00FF, 0x00FF, 0x00FF, 0x00FF, 0x00FF, 0x00FF, 0x00FF,
  0x00FF, 0x00FF, 0x00FF, 0x00FF, 0x00FF, 0x00FF, 0x00FF, 0x00FF,
  0x00FF, 0x00FF, 0x00FF, 0x00FF, 0x00FF, 0x00FF, 0x00FF, 0x00FF,
  0x00FF, 0x00FF, 0x00FF, 0x00FF, 0x00FF, 0x00FF, 0x00FF, 0x00FF,
  0x00FF, 0x00FF, 0x00FF, 0x00FF, 0x00FF, 0x00FF, 0x00FF, 0x00FF,
  0x00FF, 0x00FF, 0x00FF, 0x00FF, 0x00FF, 0x00FF, 0x00FF, 0x00FF,
  0x00FF, 0x00FF, 0x00FF, 0x00FF, 0x00FF, 0x00FF, 0x00FF, 0x00FF,
  0x00FF, 0x00FF, 0x00FF, 0x00FF, 0x00FF, 0x00FF, 0x00FF, 0x00FF,
  0x00FF, 0x00FF, 0x00FF, 0x00FF, 0x00FF, 0x00FF, 0x00FF, 0x00FF,
  0x00FF, 0x00FF, 0x00FF, 0x00FF, 0x00FF, 0x00FF, 0x00FF, 0x00FF,
  0x00FF, 0x00FF, 0x00FF, 0x00FF, 0x00FF, 0x00FF, 0x00FF, 0x00FF,
  0x00FF, 0x00FF, 0x00FF, 0x00FF, 0x00FF, 0x00FF, 0x00FF, 0x00FF,
  0x190E, 0x190F, 0x8914, 0x8111, 0x8111, 0x8111, 0x8111, 0x8111,
  0x9C60, 0xDC2C, 0x00FF, 0x0139, 0x0131, 0x0132, 0x0131, 0x0132,
  0x0132, 0x0D34, 0x0D37, 0x00FF, 0x00FF, 0x00FF, 0x00FF, 0x00FF,
  0x00FF, 0x0137, 0x0134, 0x0132, 0x0539, 0x00FF, 0x00FF, 0x00FF,
  0x00FF, 0x0139, 0x0132, 0x0132, 0x0132, 0x0534, 0x0537, 0xD110,
  0xD111, 0xD111, 0xD111, 0xD111, 0xD111, 0xD111, 0xD510, 0x00FF,
  0x00FF, 0x00FF, 0x00FF, 0x00FF, 0x00FF, 0x00FF, 0x00FF, 0x00FF,
  0x00FF, 0x00FF, 0x00FF, 0x00FF, 0x00FF, 0x00FF, 0x00FF, 0x00FF,
  0x00FF, 0x00FF, 0x00FF, 0x00FF, 0x00FF, 0x00FF, 0x00FF, 0x00FF,
  0x00FF, 0x00FF, 0x00FF, 0x00FF, 0x00FF, 0x00FF, 0x00FF, 0x00FF,
  0x00FF, 0x00FF, 0x00FF, 0x00FF, 0x00FF, 0x00FF, 0x00FF, 0x00FF,
  0x00FF, 0x00FF, 0x00FF, 0x00FF, 0x00FF, 0x00FF, 0x00FF, 0x00FF,
  0x00FF, 0x00FF, 0x00FF, 0x00FF, 0x00FF, 0x00FF, 0x00FF, 0x00FF,
  0x00FF, 0x00FF, 0x00FF, 0x00FF, 0x00FF, 0x00FF, 0x00FF, 0x00FF,
  0x00FF, 0x00FF, 0x00FF, 0x052C, 0x052F, 0x052F, 0x052C, 0x00FF,
  0x052F, 0x052C, 0x00FF, 0x00FF, 0x00FF, 0x00FF, 0x00FF, 0x00FF,
  0x00FF, 0x00FF, 0x00FF, 0x00FF, 0x00FF, 0x00FF, 0x00FF, 0x00FF,
  0x00FF, 0x00FF, 0x00FF, 0x00FF, 0x00FF, 0x00FF, 0x00FF, 0x00FF,
  0x00FF, 0x00FF, 0x190E, 0x8914, 0x8111, 0x8111, 0x8111, 0x8111,
  0x9C40, 0xDC0C, 0x0137, 0x0134, 0x0132, 0x0132, 0x0131, 0x0131,
  0x0132, 0x0539, 0x00FF, 0x00FF, 0x00FF, 0x00FF, 0x00FF, 0x00FF,
  0x00FF, 0x0139, 0x0132, 0x0132, 0x0534, 0x0537, 0x0137, 0x0537,
  0x00FF, 0x0937, 0x0934, 0x0132, 0x8116, 0x8118, 0x8118, 0x8114,
  0x8111, 0x8111, 0x8111, 0x8111, 0x8111, 0x8111, 0x8510, 0x00FF,
  0x00FF, 0x00FF, 0x00FF, 0x00FF, 0x00FF, 0x00FF, 0x00FF, 0x00FF,
  0x00FF, 0x00FF, 0x00FF, 0x00FF, 0x00FF, 0x00FF, 0x00FF, 0x00FF,
  0x00FF, 0x00FF, 0x00FF, 0x00FF, 0x00FF, 0x00FF, 0x00FF, 0x00FF,
  0x00FF, 0x00FF, 0x00FF, 0x00FF, 0x00FF, 0x00FF, 0x00FF, 0x00FF,
  0x00FF, 0x00FF, 0x00FF, 0x00FF, 0x00FF, 0x00FF, 0x00FF, 0x00FF,
  0x00FF, 0x00FF, 0x00FF, 0x00FF, 0x00FF, 0x00FF, 0x00FF, 0x00FF,
  0x00FF, 0x00FF, 0x00FF, 0x00FF, 0x00FF, 0x00FF, 0x00FF, 0x00FF,
  0x00FF, 0x00FF, 0x00FF, 0x00FF, 0x00FF, 0x00FF, 0x00FF, 0x0130,
  0x052D, 0x110E, 0x110F, 0x110C, 0x850A, 0x850A, 0x850C, 0x810F,
  0x150A, 0x150C, 0x150E, 0x012C, 0x012F, 0x012C, 0x00FF, 0x00FF,
  0x00FF, 0x00FF, 0x00FF, 0x00FF, 0x00FF, 0x00FF, 0x00FF, 0x00FF,
  0x00FF, 0x00FF, 0x00FF, 0x00FF, 0x00FF, 0x00FF, 0x00FF, 0x00FF,
  0x00FF, 0x00FF, 0x00FF, 0x8110, 0x8111, 0x8111, 0x8111, 0x8111,
  0x8118, 0x810F, 0x8118, 0x8516, 0x0132, 0x0132, 0x0131, 0x0131,
  0x0131, 0x0534, 0x0537, 0x00FF, 0x0137, 0x0138, 0x0537, 0x00FF,
  0x00FF, 0x0937, 0x0934, 0x0132, 0x0132, 0x0534, 0x0134, 0x0534,
  0x0537, 0x810D, 0x8118, 0x8118, 0x8114, 0x8111, 0x8111, 0x8111,
  0x8111, 0x8111, 0x8111, 0x8111, 0x8111, 0x8111, 0x8510, 0x00FF,
  0x00FF, 0x00FF, 0x00FF, 0x00FF, 0x00FF, 0x00FF, 0x00FF, 0x00FF,
  0x00FF, 0x00FF, 0x00FF, 0x00FF, 0x00FF, 0x00FF, 0x00FF, 0x00FF,
  0x00FF, 0x00FF, 0x00FF, 0x00FF, 0x00FF, 0x00FF, 0x00FF, 0x00FF,
  0x00FF, 0x00FF, 0x00FF, 0x00FF, 0x00FF, 0x00FF, 0x00FF, 0x00FF,
  0x00FF, 0x00FF, 0x00FF, 0x00FF, 0x00FF, 0x00FF, 0x00FF, 0x00FF,
  0x00FF, 0x00FF, 0x00FF, 0x00FF, 0x00FF, 0x00FF, 0x00FF, 0x00FF,
  0x00FF, 0x00FF, 0x00FF, 0x00FF, 0x00FF, 0x00FF, 0x00FF, 0x00FF,
  0x00FF, 0x00FF, 0x00FF, 0x00FF, 0x00FF, 0x00FF, 0x00FF, 0x8100,
  0x8101, 0x8104, 0x8111, 0x8111, 0x8111, 0x8111, 0x8111, 0x8111,
  0x8111, 0x8111, 0x8514, 0x810C, 0x810A, 0x150C, 0x150F, 0x150E,
  0x012D, 0x0530, 0x00FF, 0x00FF, 0x00FF, 0x00FF, 0x00FF, 0x00FF,
  0x00FF, 0x00FF, 0x00FF, 0x00FF, 0x00FF, 0x00FF, 0x00FF, 0x00FF,
  0x00FF, 0x00FF, 0x00FF, 0x190E, 0x8914, 0x8111, 0x8111, 0x8111,
  0x8111, 0x8111, 0x8111, 0x8514, 0x8118, 0x8118, 0x8516, 0x0132,
  0x0131, 0x0132, 0x0539, 0x00FF, 0x0139, 0x0131, 0x0534, 0x0537,
  0x00FF, 0x00FF, 0x0139, 0x0132, 0x0132, 0x0132, 0x8116, 0x8118,
  0x8118, 0x8114, 0x8111, 0x8111, 0x8111, 0x8111, 0x8111, 0x8111,
  0x8111, 0x8111, 0x8111, 0x8111, 0x8111, 0x8111, 0x8510, 0x00FF,
  0x00FF, 0x00FF, 0x00FF, 0x00FF, 0x00FF, 0x00FF, 0x00FF, 0x00FF,
  0x00FF, 0x00FF, 0x00FF, 0x00FF, 0x00FF, 0x00FF, 0x00FF, 0x00FF,
  0x00FF, 0x00FF, 0x00FF, 0x00FF, 0x00FF, 0x00FF, 0x00FF, 0x00FF,
  0x00FF, 0x00FF, 0x00FF, 0x00FF, 0x00FF, 0x00FF, 0x00FF, 0x00FF,
  0x00FF, 0x00FF, 0x00FF, 0x00FF, 0x00FF, 0x00FF, 0x00FF, 0x00FF,
  0x00FF, 0x00FF, 0x00FF, 0x00FF, 0x00FF, 0x00FF, 0x00FF, 0x00FF,
  0x00FF, 0x00FF, 0x00FF, 0x00FF, 0x00FF, 0x00FF, 0x00FF, 0x00FF,
  0x00FF, 0x00FF, 0x00FF, 0x00FF, 0x00FF, 0x00FF, 0x00FF, 0x1120,
  0x1121, 0x8124, 0x8111, 0x8111, 0x8111, 0x8111, 0x8111, 0x8111,
  0x8111, 0x8111, 0x8111, 0x8111, 0x8111, 0x8111, 0x8111, 0x8504,
  0x8501, 0x8500, 0x00FF, 0x00FF, 0x00FF, 0x00FF, 0x00FF, 0x00FF,
  0x00FF, 0x00FF, 0x00FF, 0x00FF, 0x00FF, 0x00FF, 0x00FF, 0x00FF,
  0x00FF, 0x00FF, 0x00FF, 0x00FF, 0x8110, 0x8111, 0x8111, 0x8111,
  0x8111, 0x8111, 0x8111, 0x8111, 0x8111, 0x8111, 0x8514, 0x8118,
  0x8118, 0x8516, 0x0539, 0x0137, 0x0134, 0x0131, 0x0132, 0x0539,
  0x00FF, 0x0137, 0x0134, 0x8116, 0x8118, 0x8118, 0x8114, 0x8111,
  0x8111, 0x8111, 0x8111, 0x8111, 0x8111, 0x8111, 0x8111, 0x8111,
  0x8111, 0x8111, 0x8111, 0x8111, 0x8111, 0x8111, 0x8510, 0x00FF,
  0x00FF, 0x00FF, 0x00FF, 0x00FF, 0x00FF, 0x00FF, 0x00FF, 0x00FF,
  0x00FF, 0x00FF, 0x00FF, 0x00FF, 0x00FF, 0x00FF, 0x00FF, 0x00FF,
  0x00FF, 0x00FF, 0x00FF, 0x00FF, 0x00FF, 0x00FF, 0x00FF, 0x00FF,
  0x00FF, 0x00FF, 0x00FF, 0x00FF, 0x00FF, 0x00FF, 0x00FF, 0x00FF,
  0x00FF, 0x00FF, 0x00FF, 0x00FF, 0x00FF, 0x00FF, 0x00FF, 0x00FF,
  0x00FF, 0x00FF, 0x00FF, 0x00FF, 0x00FF, 0x00FF, 0x00FF, 0x00FF,
  0x00FF, 0x00FF, 0x00FF, 0x00FF, 0x00FF, 0x00FF, 0x00FF, 0x00FF,
  0x00FF, 0x00FF, 0x00FF, 0x00FF, 0x00FF, 0x00FF, 0x00FF, 0x00FF,
  0x00FF, 0x8110, 0x8111, 0x8111, 0x8111, 0x8111, 0x8111, 0x8111,
  0x8111, 0x8111, 0x8111, 0x8111, 0x8111, 0x8111, 0x8111, 0x1524,
  0x1521, 0x1520, 0x00FF, 0x00FF, 0x00FF, 0x00FF, 0x00FF, 0x00FF,
  0x00FF, 0x00FF, 0x00FF, 0x00FF, 0x00FF, 0x00FF, 0x00FF, 0x00FF,
  0x00FF, 0x00FF, 0x00FF, 0x00FF, 0x190E, 0x8914, 0x8111, 0x8111,
  0x8111, 0x8111, 0x8111, 0x8111, 0x8111, 0x8111, 0x8111, 0x8111,
  0x8111, 0x8514, 0x8118, 0x8118, 0x8118, 0x8118, 0x8118, 0x8118,
  0x810F, 0x8118, 0x8118, 0x8114, 0x8111, 0x8111, 0x8111, 0x8111,
  0x8111, 0x8111, 0x8111, 0x8111, 0x8111, 0x8111, 0x8111, 0x8111,
  0x8111, 0x8111, 0x8111, 0x8111, 0x8111, 0x8111, 0x8510, 0x00FF,
  0x00FF, 0x00FF, 0x00FF, 0x00FF, 0x00FF, 0x00FF, 0x00FF, 0x00FF,
  0x00FF, 0x00FF, 0x00FF, 0x00FF, 0x00FF, 0x00FF, 0x00FF, 0x00FF,
  0x00FF, 0x00FF, 0x00FF, 0x00FF, 0x00FF, 0x00FF, 0x00FF, 0x00FF,
  0x00FF, 0x00FF, 0x00FF, 0x00FF, 0x00FF, 0x00FF, 0x00FF, 0x00FF,
  0x00FF, 0x00FF, 0x00FF, 0x00FF, 0x00FF, 0x00FF, 0x00FF, 0x00FF,
  0x00FF, 0x00FF, 0x00FF, 0x00FF, 0x00FF, 0x00FF, 0x00FF, 0x00FF,
  0x00FF, 0x00FF, 0x00FF, 0x00FF, 0x00FF, 0x00FF, 0x00FF, 0x00FF,
  0x00FF, 0x00FF, 0x00FF, 0x00FF, 0x00FF, 0x00FF, 0x00FF, 0x00FF,
  0x00FF, 0x190E, 0x8914, 0x8111, 0x8111, 0x8111, 0x8111, 0x8111,
  0x8111, 0x8111, 0x8111, 0x8111, 0x8111, 0x8111, 0x8D14, 0x1D0E,
  0x00FF, 0x00FF, 0x00FF, 0x00FF, 0x00FF, 0x00FF, 0x00FF, 0x00FF,
  0x00FF, 0x00FF, 0x00FF, 0x00FF, 0x00FF, 0x00FF, 0x00FF, 0x00FF,
  0x00FF, 0x00FF, 0x00FF, 0x00FF, 0x00FF, 0x8110, 0x8111, 0x8111,
  0x8111, 0x8111, 0x8111, 0x8111, 0x8111, 0x8111, 0x8111, 0x8111,
  0x8111, 0x8111, 0x8111, 0x8111, 0x8111, 0x8111, 0x8111, 0x8111,
  0x8111, 0x8111, 0x8111, 0x8111, 0x8111, 0x8111, 0x8111, 0x8111,
  0x8111, 0x8111, 0x8111, 0x8111, 0x8111, 0x8111, 0x8111, 0x8111,
  0x8111, 0x8111, 0x8111, 0x8111, 0x8111, 0x8111, 0x8510, 0x00FF,
  0x00FF, 0x00FF, 0x00FF, 0x00FF, 0x00FF, 0x00FF, 0x00FF, 0x00FF,
  0x00FF, 0x00FF, 0x00FF, 0x00FF, 0x00FF, 0x00FF, 0x00FF, 0x00FF,
  0x00FF, 0x00FF, 0x00FF, 0x00FF, 0x00FF, 0x00FF, 0x00FF, 0x00FF,
  0x00FF, 0x00FF, 0x00FF, 0x00FF, 0x00FF, 0x00FF, 0x00FF, 0x00FF,
  0x00FF, 0x00FF, 0x00FF, 0x00FF, 0x00FF, 0x00FF, 0x00FF, 0x00FF,
  0x00FF, 0x00FF, 0x00FF, 0x00FF, 0x00FF, 0x00FF, 0x00FF, 0x00FF,
  0x00FF, 0x00FF, 0x00FF, 0x00FF, 0x00FF, 0x00FF, 0x00FF, 0x00FF,
  0x00FF, 0x00FF, 0x00FF, 0x00FF, 0x00FF, 0x00FF, 0x00FF, 0x00FF,
  0x00FF, 0x00FF, 0x8110, 0x8111, 0x8111, 0x8111, 0x8111, 0x8111,
  0x8111, 0x8111, 0x8111, 0x8111, 0x8111, 0x8111, 0x8D10, 0x00FF,
  0x00FF, 0x00FF, 0x00FF, 0x00FF, 0x00FF, 0x00FF, 0x00FF, 0x00FF,
  0x00FF, 0x00FF, 0x00FF, 0x00FF, 0x00FF, 0x00FF, 0x00FF, 0x00FF,
  0x00FF, 0x00FF, 0x00FF, 0x00FF, 0x00FF, 0x8110, 0x8111, 0x8111,
  0x8111, 0x8111, 0x8111, 0x8111, 0x8111, 0x8111, 0x8111, 0x8111,
  0x8111, 0x8111, 0x8111, 0x8111, 0x8111, 0x8111, 0x8111, 0x8111,
  0x8111, 0x8111, 0x8111, 0x8111, 0x8111, 0x8111, 0x8111, 0x8111,
  0x8111, 0x8111, 0x8111, 0x8111, 0x8111, 0x8111, 0x8111, 0x8111,
  0x8111, 0x8111, 0x8111, 0x8111, 0x8111, 0x8D14, 0x1D0E, 0x00FF,
  0x00FF, 0x00FF, 0x00FF, 0x00FF, 0x00FF, 0x00FF, 0x00FF, 0x00FF,
  0x00FF, 0x00FF, 0x00FF, 0x00FF, 0x00FF, 0x00FF, 0x00FF, 0x00FF,
  0x00FF, 0x00FF, 0x00FF, 0x00FF, 0x00FF, 0x00FF, 0x00FF, 0x00FF,
  0x00FF, 0x00FF, 0x00FF, 0x00FF, 0x00FF, 0x00FF, 0x00FF, 0x00FF,
  0x00FF, 0x00FF, 0x00FF, 0x00FF, 0x00FF, 0x00FF, 0x00FF, 0x00FF,
  0x00FF, 0x00FF, 0x00FF, 0x00FF, 0x00FF, 0x00FF, 0x00FF, 0x00FF,
  0x00FF, 0x00FF, 0x00FF, 0x00FF, 0x00FF, 0x00FF, 0x00FF, 0x00FF,
  0x00FF, 0x00FF, 0x00FF, 0x00FF, 0x00FF, 0x00FF, 0x00FF, 0x00FF,
  0x00FF, 0x00FF, 0x8110, 0x8111, 0x8111, 0x8111, 0x8111, 0x8111,
  0x8111, 0x8111, 0x8111, 0x8111, 0x8111, 0x1D14, 0x1D0E, 0x00FF,
  0x00FF, 0x00FF, 0x00FF, 0x00FF, 0x00FF, 0x00FF, 0x00FF, 0x0130,
  0x012F, 0x012E, 0x0530, 0x00FF, 0x00FF, 0x00FF, 0x00FF, 0x00FF,
  0x00FF, 0x00FF, 0x00FF, 0x00FF, 0x00FF, 0x8110, 0x8111, 0x8111,
  0x00FF, 0x00FF, 0x00FF, 0x00FF, 0x00FF, 0x00FF, 0x00FF, 0x00FF,
  0x00FF, 0x00FF, 0x00FF, 0x00FF, 0x00FF, 0x00FF, 0x00FF, 0x00FF,
  0x8111, 0x8111, 0x8111, 0x8111, 0x8111, 0x8111, 0x8111, 0x8111,
  0x8111, 0x8111, 0x8111, 0x8111, 0x8111, 0x8111, 0x8111, 0x8111,
  0x8111, 0x8111, 0x8111, 0x8111, 0x8111, 0x8510, 0x00FF, 0x00FF,
  0x00FF, 0x00FF, 0x00FF, 0x00FF, 0x00FF, 0x00FF, 0x00FF, 0x00FF,
  0x00FF, 0x00FF, 0x00FF, 0x00FF, 0x00FF, 0x00FF, 0x00FF, 0x00FF,
  0x00FF, 0x00FF, 0x00FF, 0x00FF, 0x00FF, 0x00FF, 0x00FF, 0x00FF,
  0x00FF, 0x00FF, 0x00FF, 0x00FF, 0x00FF, 0x00FF, 0x00FF, 0x00FF,
  0x00FF, 0x00FF, 0x00FF, 0x00FF, 0x00FF, 0x00FF, 0x00FF, 0x00FF,
  0x00FF, 0x00FF, 0x00FF, 0x00FF, 0x00FF, 0x00FF, 0x00FF, 0x00FF,
  0x00FF, 0x00FF, 0x00FF, 0x00FF, 0x00FF, 0x00FF, 0x00FF, 0x00FF,
  0x00FF, 0x00FF, 0x00FF, 0x00FF, 0x00FF, 0x00FF, 0x00FF, 0x00FF,
  0x00FF, 0x00FF, 0x8110, 0x8111, 0x8111, 0x8111, 0x8111, 0x8111,
  0x8111, 0x8111, 0x8111, 0x8111, 0x8111, 0x8D10, 0x00FF, 0x00FF,
  0x00FF, 0x00FF, 0x00FF, 0x00FF, 0x00FF, 0x00FF, 0x00FF, 0x8100,
  0x8101, 0x8501, 0x8500, 0x00FF, 0x00FF, 0x00FF, 0x00FF, 0x00FF,
  0x00FF, 0x0130, 0x012F, 0x110E, 0x110F, 0x8114, 0x8111, 0x8111,
  0x00FF, 0x00FF, 0x00FF, 0x00FF, 0x00FF, 0x00FF, 0x00FF, 0x00FF,
  0x00FF, 0x00FF, 0x00FF, 0x00FF, 0x00FF, 0x00FF, 0x00FF, 0x00FF,
  0x8111, 0x8111, 0x8111, 0x8111, 0x8111, 0x8111, 0x8111, 0x8111,
  0x8111, 0x8111, 0x8111, 0x8111, 0x8111, 0x8111, 0x8111, 0x8111,
  0x8111, 0x8111, 0x8111, 0x8111, 0x8111, 0x8510, 0x00FF, 0x00FF,
  0x00FF, 0x00FF, 0x00FF, 0x00FF, 0x00FF, 0x00FF, 0x00FF, 0x00FF,
  0x00FF, 0x00FF, 0x00FF, 0x00FF, 0x00FF, 0x00FF, 0x00FF, 0x00FF,
  0x00FF, 0x00FF, 0x00FF, 0x00FF, 0x00FF, 0x00FF, 0x00FF, 0x00FF,
  0x00FF, 0x00FF, 0x00FF, 0x00FF, 0x00FF, 0x00FF, 0x00FF, 0x00FF,
  0x00FF, 0x00FF, 0x00FF, 0x00FF, 0x00FF, 0x00FF, 0x00FF, 0x00FF,
  0x00FF, 0x00FF, 0x00FF, 0x00FF, 0x00FF, 0x00FF, 0x00FF, 0x00FF,
  0x00FF, 0x00FF, 0x00FF, 0x00FF, 0x00FF, 0x00FF, 0x00FF, 0x00FF,
  0x00FF, 0x00FF, 0x00FF, 0x00FF, 0x00FF, 0x00FF, 0x012C, 0x012F,
  0x110E, 0x110F, 0x8114, 0x8111, 0x8111, 0x8111, 0x8111, 0x8111,
  0x8111, 0x8111, 0x8111, 0x8111, 0x8111, 0x8D10, 0x00FF, 0x00FF,
  0x00FF, 0x00FF, 0x00FF, 0x00FF, 0x00FF, 0x00FF, 0x00FF, 0x1120,
  0x1121, 0x1521, 0x1520, 0x00FF, 0x00FF, 0x00FF, 0x00FF, 0x00FF,
  0x00FF, 0x8100, 0x8101, 0x8104, 0x8111, 0x8111, 0x8111, 0x8111,
  0x00FF, 0x00FF, 0x00FF, 0x00FF, 0x00FF, 0x00FF, 0x00FF, 0x00FF,
  0x00FF, 0x00FF, 0x00FF, 0x00FF, 0x00FF, 0x00FF, 0x00FF, 0x00FF,
  0x8111, 0x8111, 0x8111, 0x8111, 0x8111, 0x8111, 0x8111, 0x8111,
  0x8111, 0x8111, 0x8111, 0x8111, 0x8111, 0x8111, 0x8111, 0x8111,
  0x8111, 0x8111, 0x8111, 0x8111, 0x8111, 0x8510, 0x00FF, 0x00FF,
  0x00FF, 0x00FF, 0x00FF, 0x00FF, 0x00FF, 0x00FF, 0x00FF, 0x00FF,
  0x00FF, 0x00FF, 0x00FF, 0x00FF, 0x00FF, 0x00FF, 0x00FF, 0x00FF,
  0x00FF, 0x00FF, 0x00FF, 0x00FF, 0x00FF, 0x00FF, 0x00FF, 0x00FF,
  0x00FF, 0x00FF, 0x00FF, 0x00FF, 0x00FF, 0x00FF, 0x00FF, 0x00FF,
  0x00FF, 0x00FF, 0x00FF, 0x00FF, 0x00FF, 0x00FF, 0x00FF, 0x00FF,
  0x00FF, 0x00FF, 0x00FF, 0x00FF, 0x00FF, 0x00FF, 0x00FF, 0x00FF,
  0x00FF, 0x00FF, 0x00FF, 0x00FF, 0x00FF, 0x00FF, 0x00FF, 0x00FF,
  0x00FF, 0x00FF, 0x00FF, 0x00FF, 0x00FF, 0x00FF, 0x8100, 0x8101,
  0x8104, 0x8111, 0x8111, 0x8111, 0x8111, 0x8111, 0x8111, 0x8111,
  0x8111, 0x8111, 0x8111, 0x8111, 0x8111, 0x8D10, 0x00FF, 0x00FF,
  0x00FF, 0x00FF, 0x00FF, 0x00FF, 0x00FF, 0x00FF, 0x00FF, 0x00FF,
  0x00FF, 0x00FF, 0x00FF, 0x00FF, 0x00FF, 0x00FF, 0x00FF, 0x00FF,
  0x00FF, 0x1120, 0x1121, 0x1124, 0x8111, 0x8111, 0x8111, 0x8111,
  0x00FF, 0x00FF, 0x00FF, 0x00FF, 0x00FF, 0x00FF, 0x00FF, 0x00FF,
  0x00FF, 0x00FF, 0x00FF, 0x00FF, 0x00FF, 0x00FF, 0x00FF, 0x00FF,
  0x8111, 0x8111, 0x8111, 0x8111, 0x8111, 0x8111, 0x8111, 0x8111,
  0x8111, 0x8111, 0x8111, 0x8111, 0x8111, 0x8111, 0x8111, 0x8111,
  0x8111, 0x8111, 0x8111, 0x8111, 0x8111, 0x8514, 0x150E, 0x00FF,
  0x00FF, 0x00FF, 0x00FF, 0x00FF, 0x00FF, 0x00FF, 0x00FF, 0x00FF,
  0x00FF, 0x00FF, 0x00FF, 0x00FF, 0x00FF, 0x00FF, 0x00FF, 0x00FF,
  0x00FF, 0x00FF, 0x00FF, 0x00FF, 0x00FF, 0x00FF, 0x00FF, 0x00FF,
  0x00FF, 0x00FF, 0x00FF, 0x00FF, 0x00FF, 0x00FF, 0x00FF, 0x00FF,
  0x00FF, 0x00FF, 0x00FF, 0x00FF, 0x00FF, 0x00FF, 0x00FF, 0x00FF,
  0x00FF, 0x00FF, 0x00FF, 0x00FF, 0x00FF, 0x00FF, 0x00FF, 0x00FF,
  0x00FF, 0x00FF, 0x00FF, 0x00FF, 0x00FF, 0x00FF, 0x00FF, 0x00FF,
  0x00FF, 0x00FF, 0x00FF, 0x00FF, 0x00FF, 0x00FF, 0x1120, 0x1121,
  0x8124, 0x8111, 0x8111, 0x8111, 0x8111, 0x8111, 0x8111, 0x8111,
  0x8111, 0x8111, 0x8111, 0x8111, 0x8111, 0x8514, 0x150E, 0x012D,
  0x0530, 0x00FF, 0x00FF, 0x00FF, 0x00FF, 0x00FF, 0x00FF, 0x00FF,
  0x00FF, 0x00FF, 0x00FF, 0x00FF, 0x00FF, 0x00FF, 0x00FF, 0x00FF,
  0x00FF, 0x00FF, 0x00FF, 0x190E, 0x8914, 0x8111, 0x8111, 0x8111,
  0x00FF, 0x00FF, 0x00FF, 0x00FF, 0x00FF, 0x00FF, 0x00FF, 0x00FF,
  0x00FF, 0x00FF, 0x00FF, 0x00FF, 0x00FF, 0x00FF, 0x00FF, 0x00FF,
  0x8111, 0x8111, 0x8111, 0x8111, 0x8111, 0x8111, 0x8111, 0x8111,
  0x8111, 0x8111, 0x8111, 0x8111, 0x8111, 0x8111, 0x8111, 0x8111,
  0x8111, 0x8111, 0x8111, 0x8111, 0x8111, 0x8111, 0x8510, 0x00FF,
  0x00FF, 0x00FF, 0x00FF, 0x00FF, 0x00FF, 0x00FF, 0x00FF, 0x00FF,
  0x00FF, 0x00FF, 0x00FF, 0x00FF, 0x00FF, 0x00FF, 0x00FF, 0x00FF,
  0x00FF, 0x00FF, 0x00FF, 0x00FF, 0x00FF, 0x00FF, 0x00FF, 0x00FF,
  0x00FF, 0x00FF, 0x00FF, 0x00FF, 0x00FF, 0x00FF, 0x00FF, 0x00FF,
  0x00FF, 0x00FF, 0x00FF, 0x00FF, 0x00FF, 0x00FF, 0x00FF, 0x00FF,
  0x00FF, 0x00FF, 0x00FF, 0x00FF, 0x00FF, 0x00FF, 0x00FF, 0x00FF,
  0x00FF, 0x00FF, 0x00FF, 0x00FF, 0x00FF, 0x00FF, 0x00FF, 0x00FF,
  0x00FF, 0x00FF, 0x00FF, 0x00FF, 0x00FF, 0x00FF, 0x00FF, 0x00FF,
  0x8110, 0x8111, 0x8111, 0x8111, 0x8111, 0x8111, 0x8111, 0x8111,
  0x8111, 0x8111, 0x8111, 0x8111, 0x8111, 0x8111, 0x8504, 0x8501,
  0x8500, 0x00FF, 0x00FF, 0x00FF, 0x00FF, 0x00FF, 0x00FF, 0x00FF,
  0x00FF, 0x00FF, 0x00FF, 0x00FF, 0x00FF, 0x00FF, 0x00FF, 0x00FF,
  0x00FF, 0x00FF, 0x00FF, 0x00FF, 0x8110, 0x8111, 0x8111, 0x8111,
  0x00FF, 0x00FF, 0x00FF, 0x00FF, 0x00FF, 0x00FF, 0x00FF, 0x00FF,
  0x00FF, 0x00FF, 0x00FF, 0x00FF, 0x00FF, 0x00FF, 0x00FF, 0x00FF,
  0x8111, 0x8111, 0x8111, 0x8111, 0x8111, 0x8111, 0x8111, 0x8111,
  0x8111, 0x8111, 0x8111, 0x8111, 0x8111, 0x8111, 0x8111, 0x8111,
  0x8111, 0x8111, 0x8111, 0x8111, 0x8111, 0x8111, 0x8514, 0x150E,
  0x00FF, 0x00FF, 0x00FF, 0x00FF, 0x00FF, 0x00FF, 0x00FF, 0x00FF,
  0x00FF, 0x00FF, 0x00FF, 0x00FF, 0x00FF, 0x00FF, 0x00FF, 0x00FF,
  0x00FF, 0x00FF, 0x00FF, 0x00FF, 0x00FF, 0x00FF, 0x00FF, 0x00FF,
  0x00FF, 0x00FF, 0x00FF, 0x00FF, 0x00FF, 0x00FF, 0x00FF, 0x00FF,
  0x00FF, 0x00FF, 0x00FF, 0x00FF, 0x00FF, 0x00FF, 0x00FF, 0x00FF,
  0x00FF, 0x00FF, 0x00FF, 0x00FF, 0x00FF, 0x00FF, 0x00FF, 0x00FF,
  0x00FF, 0x00FF, 0x00FF, 0x00FF, 0x00FF, 0x00FF, 0x00FF, 0x00FF,
  0x00FF, 0x00FF, 0x00FF, 0x00FF, 0x00FF, 0x00FF, 0x00FF, 0x00FF,
  0x190E, 0x8914, 0x8111, 0x8111, 0x8111, 0x8111, 0x8111, 0x8111,
  0x8111, 0x8111, 0x8111, 0x8111, 0x8111, 0x8111, 0x1524, 0x1521,
  0x1520, 0x00FF, 0x00FF, 0x00FF, 0x00FF, 0x00FF, 0x00FF, 0x00FF,
  0x00FF, 0x00FF, 0x00FF, 0x00FF, 0x00FF, 0x00FF, 0x00FF, 0x00FF,
  0x00FF, 0x00FF, 0x00FF, 0x00FF, 0x8110, 0x8111, 0x8111, 0x8111,
  0x00FF, 0x00FF, 0x00FF, 0x00FF, 0x00FF, 0x00FF, 0x00FF, 0x00FF,
  0x00FF, 0x00FF, 0x00FF, 0x00FF, 0x00FF, 0x00FF, 0x00FF, 0x00FF,
  0x8111, 0x8111, 0x8111, 0x8111, 0x8111, 0x8111, 0x8111, 0x8111,
  0x8111, 0x8111, 0x8111, 0x8111, 0x8111, 0x8111, 0x8111, 0x8111,
  0x8111, 0x8111, 0x8111, 0x8111, 0x8111, 0x8111, 0x8111, 0x8510,
  0x00FF, 0x00FF, 0x00FF, 0x00FF, 0x00FF, 0x00FF, 0x00FF, 0x00FF,
  0x00FF, 0x00FF, 0x00FF, 0x00FF, 0x00FF, 0x00FF, 0x00FF, 0x00FF,
  0x00FF, 0x00FF, 0x00FF, 0x00FF, 0x00FF, 0x00FF, 0x00FF, 0x00FF,
  0x00FF, 0x00FF, 0x00FF, 0x00FF, 0x00FF, 0x00FF, 0x00FF, 0x00FF,
  0x00FF, 0x00FF, 0x00FF, 0x00FF, 0x00FF, 0x00FF, 0x00FF, 0x00FF,
  0x00FF, 0x00FF, 0x00FF, 0x00FF, 0x00FF, 0x00FF, 0x00FF, 0x00FF,
  0x00FF, 0x00FF, 0x00FF, 0x00FF, 0x00FF, 0x00FF, 0x00FF, 0x00FF,
  0x00FF, 0x00FF, 0x00FF, 0x00FF, 0x00FF, 0x00FF, 0x00FF, 0x00FF,
  0x00FF, 0x8110, 0x8111, 0x8111, 0x8111, 0x8111, 0x8111, 0x8111,
  0x8111, 0x8111, 0x8111, 0x8111, 0x8111, 0x8D14, 0x1D0E, 0x00FF,
  0x00FF, 0x00FF, 0x00FF, 0x00FF, 0x00FF, 0x00FF, 0x00FF, 0x00FF,
  0x00FF, 0x00FF, 0x00FF, 0x00FF, 0x00FF, 0x00FF, 0x00FF, 0x00FF,
  0x00FF, 0x00FF, 0x00FF, 0x00FF, 0x8110, 0x8111, 0x8111, 0x8111,
  0x00FF, 0x00FF, 0x00FF, 0x00FF, 0x00FF, 0x00FF, 0x00FF, 0x00FF,
  0x00FF, 0x00FF, 0x00FF, 0x00FF, 0x00FF, 0x00FF, 0x00FF, 0x00FF,
  0x8111, 0x8111, 0x8111, 0x8111, 0x8111, 0x8111, 0x8111, 0x8111,
  0x8111, 0x8111, 0x8111, 0x8111, 0x8111, 0x8111, 0x8111, 0x8111,
  0x8111, 0x8111, 0x8111, 0x8111, 0x8111, 0x8111, 0x8111, 0x8510,
  0x00FF, 0x00FF, 0x00FF, 0x00FF, 0x00FF, 0x00FF, 0x00FF, 0x00FF,
  0x00FF, 0x00FF, 0x00FF, 0x00FF, 0x00FF, 0x00FF, 0x00FF, 0x00FF,
  0x00FF, 0x00FF, 0x00FF, 0x00FF, 0x00FF, 0x00FF, 0x00FF, 0x00FF,
  0x00FF, 0x00FF, 0x00FF, 0x00FF, 0x00FF, 0x00FF, 0x00FF, 0x00FF,
  0x00FF, 0x00FF, 0x00FF, 0x00FF, 0x00FF, 0x00FF, 0x00FF, 0x00FF,
  0x00FF, 0x00FF, 0x00FF, 0x00FF, 0x00FF, 0x00FF, 0x00FF, 0x00FF,
  0x00FF, 0x00FF, 0x00FF, 0x00FF, 0x00FF, 0x00FF, 0x00FF, 0x00FF,
  0x00FF, 0x00FF, 0x00FF, 0x00FF, 0x00FF, 0x00FF, 0x00FF, 0x00FF,
  0x00FF, 0x8110, 0x8111, 0x8111, 0x8111, 0x8111, 0x8111, 0x8111,
  0x8111, 0x8111, 0x8111, 0x8111, 0x8111, 0x8D10, 0x00FF, 0x00FF,
  0x00FF, 0x00FF, 0x00FF, 0x00FF, 0x00FF, 0x00FF, 0x0130, 0x012F,
  0x012E, 0x0530, 0x00FF, 0x00FF, 0x00FF, 0x00FF, 0x00FF, 0x00FF,
  0x00FF, 0x012C, 0x052C, 0x110E, 0x8114, 0x8111, 0x8111, 0x8111,
  0x00FF, 0x00FF, 0x00FF, 0x00FF, 0x00FF, 0x00FF, 0x00FF, 0x00FF,
  0x00FF, 0x00FF, 0x00FF, 0x00FF, 0x00FF, 0x00FF, 0x00FF, 0x00FF,
  0x8111, 0x8111, 0x8111, 0x8111, 0x8111, 0x8111, 0x8111, 0x8111,
  0x8111, 0x8111, 0x8111, 0x8111, 0x8111, 0x8111, 0x8111, 0x8111,
  0x8111, 0x8111, 0x8111, 0x8111, 0x8111, 0x8111, 0x8111, 0x8514,
  0x150E, 0x00FF, 0x00FF, 0x00FF, 0x00FF, 0x00FF, 0x00FF, 0x00FF,
  0x00FF, 0x00FF, 0x00FF, 0x00FF, 0x00FF, 0x00FF, 0x00FF, 0x00FF,
  0x00FF, 0x00FF, 0x00FF, 0x00FF, 0x00FF, 0x00FF, 0x00FF, 0x00FF,
  0x00FF, 0x00FF, 0x00FF, 0x00FF, 0x00FF, 0x00FF, 0x00FF, 0x00FF,
  0x00FF, 0x00FF, 0x00FF, 0x00FF, 0x00FF, 0x00FF, 0x00FF, 0x00FF,
  0x00FF, 0x00FF, 0x00FF, 0x00FF, 0x00FF, 0x00FF, 0x00FF, 0x00FF,
  0x00FF, 0x00FF, 0x00FF, 0x00FF, 0x00FF, 0x00FF, 0x00FF, 0x00FF,
  0x00FF, 0x00FF, 0x00FF, 0x00FF, 0x00FF, 0x00FF, 0x00FF, 0x00FF,
  0x00FF, 0x8110, 0x8111, 0x8111, 0x8111, 0x8111, 0x8111, 0x8111,
  0x8111, 0x8111, 0x8111, 0x8111, 0x8111, 0x8D10, 0x00FF, 0x00FF,
  0x00FF, 0x00FF, 0x00FF, 0x00FF, 0x00FF, 0x00FF, 0x8100, 0x8101,
  0x8501, 0x8500, 0x00FF, 0x00FF, 0x00FF, 0x00FF, 0x0130, 0x052F,
  0x110E, 0x110C, 0x150C, 0x8114, 0x8111, 0x8111, 0x8111, 0x8111,
  0x00FF, 0x00FF, 0x00FF, 0x00FF, 0x00FF, 0x00FF, 0x00FF, 0x00FF,
  0x00FF, 0x00FF, 0x00FF, 0x00FF, 0x00FF, 0x00FF, 0x00FF, 0x00FF,
  0x8111, 0x8111, 0x8111, 0x8111, 0x8111, 0x8111, 0x8111, 0x8111,
  0x8111, 0x8111, 0x8111, 0x8111, 0x8111, 0x8111, 0x8111, 0x8111,
  0x8111, 0x8111, 0x8111, 0x8111, 0x8111, 0x8111, 0x8111, 0x8111,
  0x8510, 0x00FF, 0x00FF, 0x00FF, 0x00FF, 0x00FF, 0x00FF, 0x00FF,
  0x00FF, 0x00FF, 0x00FF, 0x00FF, 0x00FF, 0x00FF, 0x00FF, 0x00FF,
  0x00FF, 0x00FF, 0x00FF, 0x00FF, 0x00FF, 0x00FF, 0x00FF, 0x00FF,
  0x00FF, 0x00FF, 0x00FF, 0x00FF, 0x00FF, 0x00FF, 0x00FF, 0x00FF,
  0x00FF, 0x00FF, 0x00FF, 0x00FF, 0x00FF, 0x00FF, 0x00FF, 0x00FF,
  0x00FF, 0x00FF, 0x00FF, 0x00FF, 0x00FF, 0x00FF, 0x00FF, 0x00FF,
  0x00FF, 0x00FF, 0x00FF, 0x00FF, 0x00FF, 0x00FF, 0x00FF, 0x00FF,
  0x00FF, 0x00FF, 0x00FF, 0x00FF, 0x00FF, 0x00FF, 0x00FF, 0x00FF,
  0x00FF, 0x8110, 0x8111, 0x8111, 0x8111, 0x8111, 0x8111, 0x8111,
  0x8111, 0x8111, 0x8111, 0x8111, 0x8111, 0x8D10, 0x00FF, 0x00FF,
  0x00FF, 0x00FF, 0x00FF, 0x00FF, 0x00FF, 0x00FF, 0x1120, 0x1121,
  0x1521, 0x1520, 0x00FF, 0x00FF, 0x00FF, 0x00FF, 0x8100, 0x8101,
  0x8104, 0x8111, 0x8111, 0x8111, 0x8111, 0x8111, 0x8111, 0x8111,
  0x00FF, 0x00FF, 0x00FF, 0x00FF, 0x00FF, 0x00FF, 0x00FF, 0x00FF,
  0x00FF, 0x00FF, 0x00FF, 0x00FF, 0x00FF, 0x00FF, 0x00FF, 0x00FF,
  0x8111, 0x8111, 0x8111, 0x8111, 0x8111, 0x8111, 0x8111, 0x8111,
  0x8111, 0x8111, 0x8111, 0x8111, 0x8111, 0x8111, 0x8111, 0x8111,
  0x8111, 0x8111, 0x8111, 0x8111, 0x8111, 0x8111, 0x8111, 0x8111,
  0x8514, 0x150E, 0x00FF, 0x00FF, 0x00FF, 0x00FF, 0x00FF, 0x00FF,
  0x00FF, 0x00FF, 0x00FF, 0x00FF, 0x00FF, 0x00FF, 0x00FF, 0x00FF,
  0x00FF, 0x00FF, 0x00FF, 0x00FF, 0x00FF, 0x00FF, 0x00FF, 0x00FF,
  0x00FF, 0x00FF, 0x00FF, 0x00FF, 0x00FF, 0x00FF, 0x00FF, 0x00FF,
  0x00FF, 0x00FF, 0x00FF, 0x00FF, 0x00FF, 0x00FF, 0x00FF, 0x00FF,
  0x00FF, 0x00FF, 0x00FF, 0x00FF, 0x00FF, 0x00FF, 0x00FF, 0x00FF,
  0x00FF, 0x00FF, 0x00FF, 0x00FF, 0x00FF, 0x00FF, 0x00FF, 0x00FF,
  0x00FF, 0x00FF, 0x00FF, 0x00FF, 0x00FF, 0x0130, 0x012F, 0x110E,
  0x110F, 0x8114, 0x8111, 0x8111, 0x8111, 0x8111, 0x8111, 0x8111,
  0x8111, 0x8111, 0x8111, 0x8111, 0x8111, 0x8514, 0x110F, 0x150E,
  0x012D, 0x0530, 0x00FF, 0x00FF, 0x00FF, 0x00FF, 0x00FF, 0x00FF,
  0x00FF, 0x00FF, 0x00FF, 0x00FF, 0x00FF, 0x00FF, 0x1120, 0x1121,
  0x1124, 0x8111, 0x8111, 0x8111, 0x8111, 0x8111, 0x8111, 0x8111,
  0x00FF, 0x00FF, 0x00FF, 0x00FF, 0x00FF, 0x00FF, 0x00FF, 0x00FF,
  0x00FF, 0x00FF, 0x00FF, 0x00FF, 0x00FF, 0x00FF, 0x00FF, 0x00FF,
  0x8111, 0x8111, 0x8111, 0x8111, 0x8111, 0x8111, 0x8111, 0x8111,
  0x8111, 0x8111, 0x8111, 0x8111, 0x8111, 0x8111, 0x8111, 0x8111,
  0x8111, 0x8111, 0x8111, 0x8111, 0x8111, 0x8111, 0x8111, 0x8111,
  0x8111, 0x8510, 0x00FF, 0x00FF, 0x00FF, 0x00FF, 0x00FF, 0x00FF,
  0x00FF, 0x00FF, 0x00FF, 0x00FF, 0x00FF, 0x00FF, 0x00FF, 0x00FF,
  0x00FF, 0x00FF, 0x00FF, 0x00FF, 0x00FF, 0x00FF, 0x00FF, 0x00FF,
  0x00FF, 0x00FF, 0x00FF, 0x00FF, 0x00FF, 0x00FF, 0x00FF, 0x00FF,
  0x00FF, 0x00FF, 0x00FF, 0x00FF, 0x00FF, 0x00FF, 0x00FF, 0x00FF,
  0x00FF, 0x00FF, 0x00FF, 0x00FF, 0x00FF, 0x00FF, 0x00FF, 0x00FF,
  0x00FF, 0x00FF, 0x00FF, 0x00FF, 0x00FF, 0x00FF, 0x00FF, 0x00FF,
  0x00FF, 0x00FF, 0x00FF, 0x00FF, 0x00FF, 0x8100, 0x8101, 0x8104,
  0x8111, 0x8111, 0x8111, 0x8111, 0x8111, 0x8111, 0x8111, 0x8111,
  0x8111, 0x8111, 0x8111, 0x8111, 0x8111, 0x8111, 0x8111, 0x8504,
  0x8501, 0x8500, 0x00FF, 0x00FF, 0x00FF, 0x00FF, 0x00FF, 0x00FF,
  0x00FF, 0x00FF, 0x00FF, 0x00FF, 0x00FF, 0x00FF, 0x00FF, 0x00FF,
  0x190E, 0x8914, 0x8111, 0x8111, 0x8111, 0x8111, 0x8111, 0x8111,
  0x00FF, 0x00FF, 0x00FF, 0x00FF, 0x00FF, 0x00FF, 0x00FF, 0x00FF,
  0x00FF, 0x00FF, 0x00FF, 0x00FF, 0x00FF, 0x00FF, 0x00FF, 0x00FF,
  0x8111, 0x8111, 0x8111, 0x8111, 0x8111, 0x8111, 0x8111, 0x8111,
  0x8111, 0x8111, 0x8111, 0x8111, 0x8111, 0x8111, 0x8111, 0x8111,
  0x8111, 0x8111, 0x8111, 0x8111, 0x8111, 0x8111, 0x8111, 0x8111,
  0x8111, 0x8510, 0x00FF, 0x00FF, 0x00FF, 0x00FF, 0x00FF, 0x00FF,
  0x00FF, 0x00FF, 0x00FF, 0x00FF, 0x00FF, 0x00FF, 0x00FF, 0x00FF,
  0x00FF, 0x00FF, 0x00FF, 0x00FF, 0x00FF, 0x00FF, 0x00FF, 0x00FF,
  0x00FF, 0x00FF, 0x00FF, 0x00FF, 0x00FF, 0x00FF, 0x00FF, 0x00FF,
  0x00FF, 0x00FF, 0x00FF, 0x00FF, 0x00FF, 0x00FF, 0x00FF, 0x00FF,
  0x00FF, 0x00FF, 0x00FF, 0x00FF, 0x00FF, 0x00FF, 0x00FF, 0x00FF,
  0x00FF, 0x00FF, 0x00FF, 0x00FF, 0x00FF, 0x00FF, 0x00FF, 0x00FF,
  0x00FF, 0x00FF, 0x00FF, 0x00FF, 0x00FF, 0x1120, 0x1121, 0x8124,
  0x8111, 0x8111, 0x8111, 0x8111, 0x8111, 0x8111, 0x8111, 0x8111,
  0x8111, 0x8111, 0x8111, 0x8111, 0x8111, 0x8111, 0x8111, 0x8524,
  0x1521, 0x1520, 0x00FF, 0x00FF, 0x00FF, 0x00FF, 0x00FF, 0x00FF,
  0x00FF, 0x00FF, 0x00FF, 0x00FF, 0x00FF, 0x00FF, 0x00FF, 0x00FF,
  0x00FF, 0x8110, 0x8111, 0x8111, 0x8111, 0x8111, 0x8111, 0x8111,
  0x00FF, 0x00FF, 0x00FF, 0x00FF, 0x00FF, 0x00FF, 0x00FF, 0x00FF,
  0x00FF, 0x00FF, 0x00FF, 0x00FF, 0x00FF, 0x00FF, 0x00FF, 0x00FF,
  0x8111, 0x8111, 0x8111, 0x8111, 0x8111, 0x8111, 0x8111, 0x8111,
  0x8111, 0x8111, 0x8111, 0x8111, 0x8111, 0x8111, 0x8111, 0x8111,
  0x8111, 0x8111, 0x8111, 0x8111, 0x8111, 0x8111, 0x8111, 0x8111,
  0x8D14, 0x1D0E, 0x00FF, 0x00FF, 0x00FF, 0x00FF, 0x00FF, 0x00FF,
  0x00FF, 0x00FF, 0x00FF, 0x00FF, 0x00FF, 0x00FF, 0x00FF, 0x00FF,
  0x00FF, 0x00FF, 0x00FF, 0x00FF, 0x00FF, 0x00FF, 0x00FF, 0x00FF,
  0x00FF, 0x00FF, 0x00FF, 0x00FF, 0x00FF, 0x00FF, 0x00FF, 0x00FF,
  0x00FF, 0x00FF, 0x00FF, 0x00FF, 0x00FF, 0x00FF, 0x00FF, 0x00FF,
  0x00FF, 0x00FF, 0x00FF, 0x00FF, 0x00FF, 0x00FF, 0x00FF, 0x00FF,
  0x00FF, 0x00FF, 0x00FF, 0x00FF, 0x00FF, 0x00FF, 0x00FF, 0x00FF,
  0x00FF, 0x00FF, 0x00FF, 0x00FF, 0x00FF, 0x00FF, 0x00FF, 0x8110,
  0x8111, 0x8111, 0x8111, 0x8111, 0x8111, 0x8111, 0x8111, 0x8111,
  0x8111, 0x8111, 0x8111, 0x8111, 0x8111, 0x8911, 0x8111, 0x8510,
  0x00FF, 0x00FF, 0x00FF, 0x00FF, 0x00FF, 0x00FF, 0x00FF, 0x00FF,
  0x00FF, 0x00FF, 0x00FF, 0x00FF, 0x00FF, 0x00FF, 0x00FF, 0x00FF,
  0x00FF, 0x190E, 0x8914, 0x8111, 0x8111, 0x8111, 0x8111, 0x8111,
  0x00FF, 0x00FF, 0x00FF, 0x00FF, 0x00FF, 0x00FF, 0x00FF, 0x00FF,
  0x00FF, 0x00FF, 0x00FF, 0x00FF, 0x00FF, 0x00FF, 0x00FF, 0x00FF,
  0x8111, 0x8111, 0x8111, 0x8111, 0x8111, 0x8111, 0x8111, 0x8111,
  0x8111, 0x8111, 0x8111, 0x8111, 0x8111, 0x8111, 0x8111, 0x8111,
  0x8111, 0x8111, 0x8111, 0x8111, 0x8111, 0x8111, 0x8111, 0x8111,
  0x8510, 0x00FF, 0x00FF, 0x00FF, 0x00FF, 0x00FF, 0x00FF, 0x00FF,
  0x00FF, 0x00FF, 0x00FF, 0x00FF, 0x00FF, 0x00FF, 0x00FF, 0x00FF,
  0x00FF, 0x00FF, 0x00FF, 0x00FF, 0x00FF, 0x00FF, 0x00FF, 0x00FF,
  0x00FF, 0x00FF, 0x00FF, 0x00FF, 0x00FF, 0x00FF, 0x00FF, 0x00FF,
  0x00FF, 0x00FF, 0x00FF, 0x00FF, 0x00FF, 0x00FF, 0x00FF, 0x00FF,
  0x00FF, 0x00FF, 0x00FF, 0x00FF, 0x00FF, 0x00FF, 0x00FF, 0x00FF,
  0x00FF, 0x00FF, 0x00FF, 0x00FF, 0x00FF, 0x00FF, 0x00FF, 0x00FF,
  0x00FF, 0x00FF, 0x00FF, 0x00FF, 0x00FF, 0x00FF, 0x00FF, 0x190E,
  0x8914, 0x8111, 0x8111, 0x8111, 0x8111, 0x8111, 0x8111, 0x8111,
  0x8111, 0x8111, 0x8111, 0x8111, 0x8111, 0x8911, 0x8D14, 0x1D0E,
  0x00FF, 0x00FF, 0x00FF, 0x00FF, 0x00FF, 0x00FF, 0x00FF, 0x00FF,
  0x00FF, 0x00FF, 0x00FF, 0x00FF, 0x00FF, 0x00FF, 0x00FF, 0x00FF,
  0x00FF, 0x00FF, 0x8110, 0x8111, 0x8111, 0x8111, 0x8111, 0x8111,
  0x00FF, 0x00FF, 0x00FF, 0x00FF, 0x00FF, 0x00FF, 0x00FF, 0x00FF,
  0x00FF, 0x00FF, 0x00FF, 0x00FF, 0x00FF, 0x00FF, 0x00FF, 0x00FF,
  0x8111, 0x8111, 0x8111, 0x8111, 0x8111, 0x8111, 0x8111, 0x8111,
  0x8111, 0x8111, 0x8111, 0x8111, 0x8111, 0x8111, 0x8111, 0x8111,
  0x8111, 0x8111, 0x8111, 0x8111, 0x8111, 0x8111, 0x8111, 0x8111,
  0x8510, 0x00FF, 0x00FF, 0x00FF, 0x00FF, 0x00FF, 0x00FF, 0x00FF,
  0x00FF, 0x00FF, 0x00FF, 0x00FF, 0x00FF, 0x00FF, 0x00FF, 0x00FF,
  0x00FF, 0x00FF, 0x00FF, 0x00FF, 0x00FF, 0x00FF, 0x00FF, 0x00FF,
  0x00FF, 0x00FF, 0x00FF, 0x00FF, 0x00FF, 0x00FF, 0x00FF, 0x00FF,
  0x00FF, 0x00FF, 0x00FF, 0x00FF, 0x00FF, 0x00FF, 0x00FF, 0x00FF,
  0x00FF, 0x00FF, 0x00FF, 0x00FF, 0x00FF, 0x00FF, 0x00FF, 0x00FF,
  0x00FF, 0x00FF, 0x00FF, 0x00FF, 0x00FF, 0x00FF, 0x00FF, 0x00FF,
  0x00FF, 0x00FF, 0x00FF, 0x00FF, 0x00FF, 0x00FF, 0x00FF, 0x00FF,
  0x8110, 0x8111, 0x8111, 0x8111, 0x8111, 0x8111, 0x8111, 0x8111,
  0x8111, 0x8111, 0x8111, 0x8111, 0x8111, 0x8911, 0x8510, 0x00FF,
  0x00FF, 0x00FF, 0x00FF, 0x00FF, 0x00FF, 0x0130, 0x012F, 0x012E,
  0x0530, 0x00FF, 0x00FF, 0x00FF, 0x00FF, 0x00FF, 0x00FF, 0x00FF,
  0x00FF, 0x00FF, 0x8110, 0x8111, 0x8111, 0x8111, 0x8111, 0x8111,
  0x8111, 0x8111, 0x8111, 0x8111, 0x8111, 0x8111, 0x8111, 0x8111,
  0x8111, 0x8111, 0x8111, 0x8111, 0x8111, 0x8111, 0x8111, 0x8111,
  0x8111, 0x8111, 0x8111, 0x8111, 0x8111, 0x8111, 0x8111, 0x8111,
  0x8111, 0x8111, 0x8111, 0x8111, 0x8111, 0x8111, 0x8111, 0x8111,
  0x8111, 0x8111, 0x8111, 0x8111, 0x8111, 0x8111, 0x8111, 0x8D14,
  0x1D0E, 0x00FF, 0x00FF, 0x00FF, 0x00FF, 0x00FF, 0x00FF, 0x00FF,
  0x00FF, 0x00FF, 0x00FF, 0x00FF, 0x00FF, 0x00FF, 0x00FF, 0x00FF,
  0x00FF, 0x00FF, 0x00FF, 0x00FF, 0x00FF, 0x00FF, 0x00FF, 0x00FF,
  0x00FF, 0x00FF, 0x00FF, 0x00FF, 0x00FF, 0x00FF, 0x00FF, 0x00FF,
  0x00FF, 0x00FF, 0x00FF, 0x00FF, 0x00FF, 0x00FF, 0x00FF, 0x00FF,
  0x00FF, 0x00FF, 0x00FF, 0x00FF, 0x00FF, 0x00FF, 0x00FF, 0x00FF,
  0x00FF, 0x00FF, 0x00FF, 0x00FF, 0x00FF, 0x00FF, 0x00FF, 0x00FF,
  0x00FF, 0x00FF, 0x00FF, 0x00FF, 0x00FF, 0x00FF, 0x00FF, 0x00FF,
  0x8110, 0x8111, 0x8111, 0x8111, 0x8111, 0x8111, 0x8111, 0x8111,
  0x8111, 0x8111, 0x8111, 0x8111, 0x8111, 0x8D14, 0x1D0E, 0x00FF,
  0x00FF, 0x00FF, 0x00FF, 0x00FF, 0x00FF, 0x8100, 0x8101, 0x8501,
  0x8500, 0x00FF, 0x00FF, 0x00FF, 0x00FF, 0x00FF, 0x00FF, 0x00FF,
  0x00FF, 0x00FF, 0x8110, 0x8111, 0x8111, 0x8111, 0x8111, 0x8111,
  0x8111, 0x8111, 0x8111, 0x8111, 0x8111, 0x8111, 0x8111, 0x8111,
  0x8111, 0x8111, 0x8111, 0x8111, 0x8111, 0x8111, 0x8111, 0x8111,
  0x8111, 0x8111, 0x8111, 0x8111, 0x8111, 0x8111, 0x8111, 0x8111,
  0x8111, 0x8111, 0x8111, 0x8111, 0x8111, 0x8111, 0x8111, 0x8111,
  0x8111, 0x8111, 0x8111, 0x8111, 0x8111, 0x8111, 0x8111, 0x8510,
  0x00FF, 0x00FF, 0x00FF, 0x00FF, 0x00FF, 0x00FF, 0x00FF, 0x00FF,
  0x00FF, 0x00FF, 0x00FF, 0x00FF, 0x00FF, 0x00FF, 0x00FF, 0x00FF,
  0x00FF, 0x00FF, 0x00FF, 0x00FF, 0x00FF, 0x00FF, 0x00FF, 0x00FF,
  0x00FF, 0x00FF, 0x00FF, 0x00FF, 0x00FF, 0x00FF, 0x00FF, 0x00FF,
  0x00FF, 0x00FF, 0x00FF, 0x00FF, 0x00FF, 0x00FF, 0x00FF, 0x00FF,
  0x00FF, 0x00FF, 0x00FF, 0x00FF, 0x00FF, 0x00FF, 0x00FF, 0x00FF,
  0x00FF, 0x00FF, 0x00FF, 0x00FF, 0x00FF, 0x00FF, 0x00FF, 0x00FF,
  0x00FF, 0x00FF, 0x00FF, 0x00FF, 0x00FF, 0x00FF, 0x00FF, 0x00FF,
  0x8110, 0x8111, 0x8111, 0x8111, 0x8111, 0x8111, 0x8111, 0x8111,
  0x8111, 0x8111, 0x8111, 0x8111, 0x8111, 0x8510, 0x00FF, 0x00FF,
  0x00FF, 0x00FF, 0x00FF, 0x00FF, 0x00FF, 0x1120, 0x1121, 0x1521,
  0x1520, 0x00FF, 0x00FF, 0x00FF, 0x00FF, 0x00FF, 0x00FF, 0x00FF,
  0x00FF, 0x110E, 0x8114, 0x8111, 0x8111, 0x8111, 0x8111, 0x8111,
  0x8111, 0x8111, 0x8111, 0x8111, 0x8D14, 0x8918, 0x8914, 0x8111,
  0x8111, 0x8111, 0x8D14, 0x8918, 0x8914, 0x8111, 0x8D14, 0x8918,
  0x8918, 0x8918, 0x8914, 0x8111, 0x8111, 0x8D14, 0x8918, 0x890F,
  0x8914, 0x8111, 0x8111, 0x8111, 0x8111, 0x8111, 0x8111, 0x8111,
  0x8111, 0x8111, 0x8111, 0x8111, 0x8111, 0x8111, 0x8111, 0x8510,
  0x00FF, 0x00FF, 0x00FF, 0x00FF, 0x00FF, 0x00FF, 0x00FF, 0x00FF,
  0x00FF, 0x00FF, 0x00FF, 0x00FF, 0x00FF, 0x00FF, 0x00FF, 0x00FF,
  0x00FF, 0x00FF, 0x00FF, 0x00FF, 0x00FF, 0x00FF, 0x00FF, 0x00FF,
  0x00FF, 0x00FF, 0x00FF, 0x00FF, 0x00FF, 0x00FF, 0x00FF, 0x00FF,
  0x00FF, 0x00FF, 0x00FF, 0x00FF, 0x00FF, 0x00FF, 0x00FF, 0x00FF,
  0x00FF, 0x00FF, 0x00FF, 0x00FF, 0x00FF, 0x00FF, 0x00FF, 0x00FF,
  0x00FF, 0x00FF, 0x00FF, 0x00FF, 0x00FF, 0x00FF, 0x00FF, 0x00FF,
  0x00FF, 0x00FF, 0x00FF, 0x00FF, 0x00FF, 0x00FF, 0x00FF, 0x00FF,
  0x8110, 0x8111, 0x8111, 0x8111, 0x8111, 0x8111, 0x8111, 0x8111,
  0x8111, 0x8111, 0x8111, 0x8111, 0x8111, 0x8510, 0x00FF, 0x00FF,
  0x00FF, 0x00FF, 0x00FF, 0x00FF, 0x00FF, 0x00FF, 0x00FF, 0x00FF,
  0x00FF, 0x00FF, 0x00FF, 0x00FF, 0x00FF, 0x00FF, 0x00FF, 0x00FF,
  0x00FF, 0x8110, 0x8111, 0x8111, 0x8111, 0x8111, 0x8111, 0x8111,
  0x8111, 0x8111, 0x8D14, 0x1918, 0x1D17, 0x0132, 0x1917, 0x8914,
  0x8D14, 0x1918, 0x1D17, 0x0132, 0x1917, 0x1918, 0x1D17, 0x0D74,
  0x1D77, 0x0139, 0x1917, 0x8914, 0x8D14, 0x1D17, 0x0534, 0x0537,
  0x190E, 0x190F, 0x8914, 0x8D14, 0x8918, 0x8914, 0x8111, 0x8111,
  0x8111, 0x8111, 0x8111, 0x8111, 0x8111, 0x8111, 0x8D14, 0x1D0E,
  0x00FF, 0x00FF, 0x00FF, 0x00FF, 0x00FF, 0x00FF, 0x00FF, 0x00FF,
  0x00FF, 0x00FF, 0x00FF, 0x00FF, 0x00FF, 0x00FF, 0x00FF, 0x00FF,
  0x00FF, 0x00FF, 0x00FF, 0x00FF, 0x00FF, 0x00FF, 0x00FF, 0x00FF,
  0x00FF, 0x00FF, 0x00FF, 0x00FF, 0x00FF, 0x00FF, 0x00FF, 0x00FF,
  0x00FF, 0x00FF, 0x00FF, 0x00FF, 0x00FF, 0x00FF, 0x00FF, 0x00FF,
  0x00FF, 0x00FF, 0x00FF, 0x00FF, 0x00FF, 0x00FF, 0x00FF, 0x00FF,
  0x00FF, 0x00FF, 0x00FF, 0x00FF, 0x00FF, 0x00FF, 0x00FF, 0x00FF,
  0x00FF, 0x00FF, 0x00FF, 0x00FF, 0x0130, 0x012F, 0x110E, 0x110F,
  0x8114, 0x8111, 0x8111, 0x8111, 0x8111, 0x8111, 0x8111, 0x8111,
  0x8111, 0x8111, 0x8111, 0x8111, 0x8111, 0x8510, 0x00FF, 0x00FF,
  0x00FF, 0x00FF, 0x00FF, 0x00FF, 0x00FF, 0x00FF, 0x00FF, 0x00FF,
  0x00FF, 0x00FF, 0x00FF, 0x00FF, 0x00FF, 0x00FF, 0x0130, 0x012F,
  0x110E, 0x8114, 0x8111, 0x8111, 0x8111, 0x8111, 0x8111, 0x8111,
  0x8111, 0x8111, 0x8519, 0x0132, 0x0131, 0x0131, 0x0132, 0x8119,
  0x8519, 0x0132, 0x0131, 0x0132, 0x0132, 0x0132, 0x0132, 0x0539,
  0x00FF, 0x0937, 0x0934, 0x8119, 0x8519, 0x0131, 0x0D34, 0x0D37,
  0x00FF, 0x0137, 0x1917, 0x1D17, 0x0531, 0x8119, 0x8111, 0x8111,
  0x8111, 0x8111, 0x8111, 0x8111, 0x8111, 0x8111, 0x8510, 0x00FF,
  0x00FF, 0x00FF, 0x00FF, 0x00FF, 0x00FF, 0x00FF, 0x00FF, 0x00FF,
  0x00FF, 0x00FF, 0x00FF, 0x00FF, 0x00FF, 0x00FF, 0x00FF, 0x00FF,
  0x00FF, 0x00FF, 0x00FF, 0x00FF, 0x00FF, 0x00FF, 0x00FF, 0x00FF,
  0x00FF, 0x00FF, 0x00FF, 0x00FF, 0x00FF, 0x00FF, 0x00FF, 0x00FF,
  0x00FF, 0x00FF, 0x00FF, 0x00FF, 0x00FF, 0x00FF, 0x00FF, 0x00FF,
  0x00FF, 0x00FF, 0x00FF, 0x00FF, 0x00FF, 0x00FF, 0x00FF, 0x00FF,
  0x00FF, 0x00FF, 0x00FF, 0x00FF, 0x00FF, 0x00FF, 0x00FF, 0x00FF,
  0x00FF, 0x00FF, 0x00FF, 0x00FF, 0x8100, 0x8101, 0x8104, 0x8111,
  0x8111, 0x8111, 0x8111, 0x8111, 0x8111, 0x8111, 0x8111, 0x8111,
  0x8111, 0x8111, 0x8111, 0x8111, 0x8111, 0x8514, 0x110F, 0x150E,
  0x012D, 0x0530, 0x00FF, 0x00FF, 0x00FF, 0x00FF, 0x00FF, 0x00FF,
  0x00FF, 0x00FF, 0x00FF, 0x00FF, 0x00FF, 0x00FF, 0x8100, 0x8101,
  0x8104, 0x8111, 0x8111, 0x8D14, 0x890F, 0x8914, 0x8111, 0x8111,
  0x8D18, 0x890F, 0x1D17, 0x0131, 0x0131, 0x0131, 0x0131, 0x1917,
  0x1D17, 0x0131, 0x0D34, 0x0934, 0x0132, 0x0132, 0x0D34, 0x0D77,
  0x00FF, 0x0137, 0x0134, 0x1917, 0x1D17, 0x0131, 0x0539, 0x00FF,
  0x00FF, 0x0139, 0x0131, 0x0132, 0x0132, 0x8119, 0x8111, 0x8111,
  0x8111, 0x8111, 0x8111, 0x8111, 0x8111, 0x8111, 0x8510, 0x00FF,
  0x00FF, 0x00FF, 0x00FF, 0x00FF, 0x00FF, 0x00FF, 0x00FF, 0x00FF,
  0x00FF, 0x00FF, 0x00FF, 0x00FF, 0x00FF, 0x00FF, 0x00FF, 0x00FF,
  0x00FF, 0x00FF, 0x00FF, 0x00FF, 0x00FF, 0x00FF, 0x00FF, 0x00FF,
  0x00FF, 0x00FF, 0x00FF, 0x00FF, 0x10FF, 0x10FF, 0x10FF, 0x10FF,
  0x10FF, 0x10FF, 0x10FF, 0x10FF, 0x00FF, 0x00FF, 0x00FF, 0x00FF,
  0x00FF, 0x00FF, 0x00FF, 0x00FF, 0x00FF, 0x00FF, 0x00FF, 0x00FF,
  0x00FF, 0x00FF, 0x00FF, 0x00FF, 0x00FF, 0x00FF, 0x00FF, 0x00FF,
  0x00FF, 0x00FF, 0x00FF, 0x00FF, 0x1120, 0x1121, 0x1124, 0x8111,
  0x8111, 0x8111, 0x8111, 0x8111, 0x8111, 0x8111, 0x8111, 0x8111,
  0x8111, 0x8111, 0x8111, 0x8111, 0x8111, 0x8111, 0x8111, 0x8504,
  0x8501, 0x8500, 0x00FF, 0x00FF, 0x00FF, 0x00FF, 0x00FF, 0x00FF,
  0x00FF, 0x00FF, 0x00FF, 0x00FF, 0x00FF, 0x00FF, 0x1120, 0x1121,
  0x1124, 0x8D14, 0x1918, 0x1D17, 0x0537, 0x190E, 0x890F, 0x8918,
  0x9440, 0xC40C, 0x0937, 0x0934, 0x0131, 0x0132, 0x0132, 0x0132,
  0x0131, 0x0131, 0x0539, 0x0937, 0x0132, 0x0132, 0x0534, 0x0537,
  0x00FF, 0x0139, 0x0132, 0x0132, 0x0132, 0x0D34, 0x0D37, 0x00FF,
  0x00FF, 0x0937, 0x0934, 0x0132, 0x0132, 0x1917, 0x8914, 0x8111,
  0x8111, 0x8111, 0x8111, 0x8111, 0x8111, 0x8D14, 0x1D0E, 0x00FF,
  0x00FF, 0x00FF, 0x00FF, 0x00FF, 0x00FF, 0x00FF, 0x00FF, 0x00FF,
  0x00FF, 0x00FF, 0x00FF, 0x00FF, 0x00FF, 0x00FF, 0x00FF, 0x00FF,
  0x00FF, 0x00FF, 0x00FF, 0x00FF, 0x00FF, 0x00FF, 0x00FF, 0x00FF,
  0x00FF, 0x00FF, 0x00FF, 0x10FF, 0x10FF, 0x80FF, 0x80FF, 0x80FF,
  0x80FF, 0x80FF, 0x80FF, 0x10FF, 0x10FF, 0x00FF, 0x00FF, 0x00FF,
  0x00FF, 0x00FF, 0x00FF, 0x00FF, 0x00FF, 0x00FF, 0x00FF, 0x00FF,
  0x00FF, 0x00FF, 0x00FF, 0x00FF, 0x00FF, 0x00FF, 0x00FF, 0x00FF,
  0x00FF, 0x00FF, 0x00FF, 0x00FF, 0x00FF, 0x00FF, 0x190E, 0x1914,
  0x8111, 0x8111, 0x8111, 0x8111, 0x8111, 0x8111, 0x8111, 0x8111,
  0x8111, 0x8111, 0x8111, 0x8111, 0x8111, 0x8111, 0x8111, 0x1524,
  0x1521, 0x1520, 0x00FF, 0x00FF, 0x00FF, 0x00FF, 0x00FF, 0x00FF,
  0x00FF, 0x00FF, 0x00FF, 0x00FF, 0x00FF, 0x00FF, 0x00FF, 0x0137,
  0x1917, 0x1D17, 0x0131, 0x0D34, 0x0D37, 0x00FF, 0xC00C, 0x9040,
  0x9460, 0xD42C, 0x00FF, 0x0139, 0x0131, 0x0132, 0x0132, 0x0131,
  0x0131, 0x0D34, 0x0D37, 0x00FF, 0x0139, 0x0131, 0x0D34, 0x0D37,
  0x00FF, 0x0937, 0x0934, 0x0132, 0x0D34, 0x0D36, 0x00FF, 0x00FF,
  0x00FF, 0x00FF, 0x0139, 0x0131, 0x0132, 0x0131, 0x8119, 0x8111,
  0x8111, 0x8D14, 0x890F, 0x8914, 0x8D14, 0x8D0D, 0x00FF, 0x00FF,
  0x00FF, 0x00FF, 0x00FF, 0x00FF, 0x00FF, 0x00FF, 0x00FF, 0x00FF,
  0x00FF, 0x00FF, 0x00FF, 0x00FF, 0x00FF, 0x00FF, 0x00FF, 0x00FF,
  0x00FF, 0x00FF, 0x00FF, 0x00FF, 0x00FF, 0x00FF, 0x00FF, 0x00FF,
  0x00FF, 0x00FF, 0x10FF, 0x10FF, 0x80FF, 0x80FF, 0x80FF, 0x80FF,
  0x80FF, 0x80FF, 0x80FF, 0x80FF, 0x10FF, 0x10FF, 0x00FF, 0x00FF,
  0x00FF, 0x00FF, 0x00FF, 0x00FF, 0x00FF, 0x00FF, 0x00FF, 0x00FF,
  0x00FF, 0x00FF, 0x00FF, 0x00FF, 0x00FF, 0x00FF, 0x00FF, 0x00FF,
  0x00FF, 0x00FF, 0x00FF, 0x00FF, 0x00FF, 0x00FF, 0x0137, 0x1917,
  0x8914, 0x8111, 0x8111, 0x8111, 0x8111, 0x8111, 0x8111, 0x8111,
  0x8111, 0x8111, 0x8111, 0x8111, 0x8111, 0x8111, 0x8D14, 0x1D17,
  0x0537, 0x00FF, 0x00FF, 0x00FF, 0x00FF, 0x00FF, 0x0130, 0x012F,
  0x012E, 0x0530, 0x00FF, 0x00FF, 0x00FF, 0x0137, 0x0138, 0x0134,
  0x0131, 0x0131, 0x0131, 0x0534, 0x0537, 0x00FF, 0xD02C, 0x9060,
  0x9C60, 0xDC2C, 0x0137, 0x0134, 0x0132, 0x0132, 0x0D34, 0x0934,
  0x0D34, 0x0D36, 0x00FF, 0x00FF, 0x0937, 0x0934, 0x0539, 0x00FF,
  0x00FF, 0x00FF, 0x0139, 0x0D34, 0x0D37, 0x00FF, 0x00FF, 0x00FF,
  0x00FF, 0x00FF, 0x0937, 0x0934, 0x0132, 0x0132, 0x1917, 0x1918,
  0x190F, 0x1D0E, 0x00FF, 0x190E, 0x1D0E, 0x00FF, 0x00FF, 0x00FF,
  0x00FF, 0x00FF, 0x00FF, 0x00FF, 0x00FF, 0x00FF, 0x00FF, 0x00FF,
  0x00FF, 0x00FF, 0x00FF, 0x00FF, 0x00FF, 0x00FF, 0x00FF, 0x00FF,
  0x00FF, 0x00FF, 0x00FF, 0x00FF, 0x00FF, 0x00FF, 0x00FF, 0x00FF,
  0x00FF, 0x00FF, 0x10FF, 0x10FF, 0x80FF, 0x80FF, 0x80FF, 0x80FF,
  0x80FF, 0x80FF, 0x80FF, 0x80FF, 0x10FF, 0x10FF, 0x00FF, 0x00FF,
  0x00FF, 0x00FF, 0x00FF, 0x00FF, 0x00FF, 0x00FF, 0x00FF, 0x00FF,
  0x00FF, 0x00FF, 0x00FF, 0x00FF, 0x00FF, 0x00FF, 0x00FF, 0x00FF,
  0x00FF, 0x00FF, 0x00FF, 0x00FF, 0x00FF, 0x0136, 0x0134, 0x0131,
  0x8119, 0x8111, 0x8111, 0x8111, 0x8111, 0x8111, 0x8111, 0x8111,
  0x8111, 0x8111, 0x8111, 0x8111, 0x8111, 0x8111, 0x8519, 0x0D34,
  0x0D37, 0x00FF, 0x00FF, 0x00FF, 0x00FF, 0x00FF, 0x8100, 0x8101,
  0x8501, 0x8500, 0x00FF, 0x00FF, 0x00FF, 0x0937, 0x0934, 0x0131,
  0x0131, 0x0131, 0x0D34, 0x0934, 0x0539, 0x00FF, 0xD82C, 0x9860,
  0x9C40, 0xDC0C, 0x0937, 0x0934, 0x0132, 0x0D34, 0x0D37, 0x0937,
  0x0D37, 0x00FF, 0x00FF, 0x00FF, 0x00FF, 0x0139, 0x0534, 0x0537,
  0x00FF, 0x00FF, 0x0139, 0x0534, 0x0138, 0x0537, 0x00FF, 0x00FF,
  0x00FF, 0x00FF, 0x00FF, 0x0936, 0x0934, 0x0132, 0x0D34, 0x0D37,
  0x00FF, 0x00FF, 0x00FF, 0x00FF, 0x00FF, 0x00FF, 0x00FF, 0x00FF,
  0x00FF, 0x00FF, 0x00FF, 0x00FF, 0x00FF, 0x00FF, 0x00FF, 0x00FF,
  0x00FF, 0x00FF, 0x00FF, 0x00FF, 0x00FF, 0x00FF, 0x00FF, 0x00FF,
  0x052D, 0x012E, 0x052C, 0x00FF, 0x00FF, 0x00FF, 0x00FF, 0x00FF,
  0x00FF, 0x00FF, 0x00FF, 0x00FF, 0x10FF, 0x10FF, 0x10FF, 0x10FF,
  0x10FF, 0x10FF, 0x10FF, 0x10FF, 0x00FF, 0x00FF, 0x00FF, 0x00FF,
  0x00FF, 0x00FF, 0x00FF, 0x00FF, 0x00FF, 0x00FF, 0x00FF, 0x00FF,
  0x00FF, 0x00FF, 0x00FF, 0x00FF, 0x00FF, 0x00FF, 0x00FF, 0x00FF,
  0x00FF, 0x00FF, 0x00FF, 0x00FF, 0x00FF, 0x0937, 0x0938, 0x0934,
  0x1917, 0x1918, 0x8918, 0x8918, 0x8918, 0x8918, 0x8918, 0x8918,
  0x8918, 0x8918, 0x8918, 0x8918, 0x8918, 0x1918, 0x1D17, 0x0534,
  0x0537, 0x00FF, 0x00FF, 0x00FF, 0x00FF, 0x00FF, 0x1120, 0x1121,
  0x1521, 0x1520, 0x00FF, 0x00FF, 0x00FF, 0x0137, 0x0134, 0x0D34,
  0x0934, 0x0D34, 0x0D37, 0x0937, 0x093A, 0x0537, 0xD80C, 0x9840,
  0x8518, 0x810F, 0x810F, 0x8118, 0x1118, 0x1118, 0x150E, 0x00FF,
  0x00FF, 0x00FF, 0x00FF, 0x00FF, 0x0137, 0x0134, 0x0132, 0x0539,
  0x00FF, 0x00FF, 0x0937, 0x0934, 0x0132, 0x0534, 0x0537, 0x00FF,
  0x00FF, 0x00FF, 0x00FF, 0x00FF, 0x0937, 0x0934, 0x0534, 0x0536,
  0x00FF, 0x00FF, 0x00FF, 0x00FF, 0x00FF, 0x00FF, 0x00FF, 0x00FF,
  0x00FF, 0x00FF, 0x00FF, 0x00FF, 0x00FF, 0x00FF, 0x00FF, 0x00FF,
  0x00FF, 0x00FF, 0x00FF, 0x00FF, 0x00FF, 0x012C, 0x052D, 0x110E,
  0x110C, 0x150A, 0x150C, 0x150E, 0x052E, 0x052C, 0x00FF, 0x00FF,
  0x00FF, 0x00FF, 0x00FF, 0x00FF, 0x00FF, 0x00FF, 0x00FF, 0x00FF,
  0x00FF, 0x00FF, 0x00FF, 0x00FF, 0x00FF, 0x00FF, 0x00FF, 0x00FF,
  0x00FF, 0x00FF, 0x00FF, 0x00FF, 0x00FF, 0x00FF, 0x00FF, 0x00FF,
  0x00FF, 0x00FF, 0x00FF, 0x00FF, 0x00FF, 0x00FF, 0x00FF, 0x00FF,
  0x00FF, 0x00FF, 0x00FF, 0x00FF, 0x00FF, 0x00FF, 0x0137, 0x0134,
  0x0D34, 0x0D37, 0xF30F, 0x5310, 0xF30F, 0x530E, 0xF30F, 0x530F,
  0xF30E, 0xF310, 0x530E, 0xF310, 0x530E, 0x0937, 0x0934, 0x0131,
  0x0534, 0x0537, 0x00FF, 0x00FF, 0x00FF, 0x00FF, 0x00FF, 0x00FF,
  0x00FF, 0x00FF, 0x00FF, 0x00FF, 0x00FF, 0x0139, 0x0D34, 0x0D37,
  0x0937, 0x093A, 0x0537, 0x110E, 0x1118, 0x1118, 0x810F, 0x8118,
  0x8111, 0x8111, 0x8111, 0x8111, 0x8111, 0x8111, 0x1514, 0x110F,
  0x150E, 0x00FF, 0x00FF, 0x00FF, 0x0139, 0x0131, 0x0D34, 0x0D37,
  0x00FF, 0x00FF, 0x00FF, 0x0139, 0x0131, 0x0D34, 0x0D37, 0x00FF,
  0x00FF, 0x00FF, 0x00FF, 0x00FF, 0x0137, 0x0134, 0x0D34, 0x0D37,
  0x052D, 0x012E, 0x012E, 0x012D, 0x00FF, 0x012F, 0x012E, 0x012E,
  0x00FF, 0x00FF, 0x00FF, 0x00FF, 0x00FF, 0x00FF, 0x00FF, 0x00FF,
  0x00FF, 0x00FF, 0x00FF, 0x052F, 0x110E, 0x110C, 0x150C, 0x8114,
  0x8111, 0x8111, 0x8511, 0x8514, 0x110C, 0x150C, 0x150E, 0x00FF,
  0x00FF, 0x00FF, 0x00FF, 0x00FF, 0x00FF, 0x00FF, 0x00FF, 0x00FF,
  0x00FF, 0x00FF, 0x00FF, 0x00FF, 0x00FF, 0x00FF, 0x00FF, 0x052D,
  0x052C, 0x110E, 0x110F, 0x110F, 0x150E, 0x012C, 0x012F, 0x052C,
  0x00FF, 0x00FF, 0x00FF, 0x00FF, 0x00FF, 0x00FF, 0x00FF, 0x00FF,
  0x00FF, 0x00FF, 0x00FF, 0x00FF, 0x00FF, 0x00FF, 0x0937, 0x0934,
  0x0539, 0x00FF, 0xD30E, 0xD310, 0xD30E, 0xD310, 0xD30E, 0xD310,
  0xD30E, 0xD30E, 0xD30F, 0xD30F, 0xD30E, 0x00FF, 0x0139, 0x0131,
  0x0D34, 0x0D37, 0x00FF, 0x00FF, 0x00FF, 0x00FF, 0x00FF, 0x00FF,
  0x00FF, 0x00FF, 0x00FF, 0x00FF, 0x00FF, 0x0937, 0x093A, 0x0537,
  0x110E, 0x1118, 0x1118, 0x8114, 0x8111, 0x8111, 0x8111, 0x8111,
  0x8111, 0x8111, 0x8111, 0x8111, 0x8111, 0x8111, 0x8111, 0x8111,
  0x1514, 0x110F, 0x150E, 0x0137, 0x0134, 0x0132, 0x0534, 0x0537,
  0x012E, 0x052F, 0x0137, 0x0134, 0x0132, 0x0534, 0x0537, 0x012F,
  0x012E, 0x012E, 0x110E, 0x110F, 0x1118, 0x8118, 0x8118, 0x810F,
  0x810C, 0x810B, 0x810B, 0x850C, 0x810F, 0x810C, 0x150B, 0x150C,
  0x150E, 0x00FF, 0x00FF, 0x052D, 0x012E, 0x012E, 0x012D, 0x00FF,
  0x00FF, 0x00FF, 0x110E, 0x110C, 0x1114, 0x8111, 0x8111, 0x8511,
  0x8511, 0x8511, 0x8511, 0x8511, 0x8511, 0x8511, 0x1514, 0x150F,
  0x150E, 0x00FF, 0x00FF, 0x012C, 0x052E, 0x052C, 0x00FF, 0x00FF,
  0x052D, 0x012E, 0x052E, 0x052C, 0x00FF, 0x00FF, 0x110E, 0x110C,
  0x110C, 0x8114, 0x8511, 0x8511, 0x8514, 0x810C, 0x110A, 0x110C,
  0x150E, 0x00FF, 0x00FF, 0x012C, 0x012F, 0x052C, 0x00FF, 0x00FF,
  0x00FF, 0x00FF, 0x012C, 0x012F, 0x012F, 0x052C, 0x0137, 0x0134,
  0x0534, 0x0537, 0xF310, 0x530F, 0xF30F, 0x5310, 0xF30F, 0x530F,
  0xF30E, 0xF30F, 0x5310, 0xF30F, 0x5310, 0x0137, 0x0134, 0x0131,
  0x0534, 0x0537, 0x012C, 0x012F, 0x012C, 0x00FF, 0x00FF, 0x00FF,
  0x012C, 0x012E, 0x012F, 0x012C, 0x00FF, 0x110E, 0x1118, 0x1118,
  0x8114, 0x8111, 0x8111, 0x8111, 0x8111, 0x8111, 0x8111, 0x8111,
  0x8111, 0x8111, 0x8111, 0x8111, 0x8111, 0x8111, 0x8111, 0x8111,
  0x8111, 0x8111, 0x8514, 0x8518, 0x8518, 0x8118, 0x8118, 0x8118,
  0x810C, 0x850C, 0x8118, 0x8118, 0x8118, 0x8118, 0x8118, 0x810C,
  0x850B, 0x850C, 0x8114, 0x8111, 0x8111, 0x8111, 0x8111, 0x8111,
  0x8111, 0x8111, 0x8111, 0x8111, 0x8111, 0x8111, 0x8111, 0x8111,
  0x8514, 0x810F, 0x810F, 0x810C, 0x810B, 0x810B, 0x850C, 0x810F,
  0x810F, 0x810F, 0x8114, 0x8511, 0x8511, 0x8511, 0x8511, 0x8511,
  0x8511, 0x8511, 0x8511, 0x8511, 0x8511, 0x8511, 0x8511, 0x8511,
  0x8514, 0x810F, 0x810F, 0x810C, 0x850B, 0x850C, 0x810F, 0x810F,
  0x810C, 0x850B, 0x850B, 0x850C, 0x850F, 0x850F, 0x8114, 0x8111,
  0x8511, 0x8511, 0x8511, 0x8511, 0x8511, 0x8511, 0x8511, 0x8511,
  0x8514, 0x810F, 0x810F, 0x810C, 0x810A, 0x810C, 0x810F, 0x810F,
  0x810F, 0x810F, 0x810C, 0x810A, 0x810B, 0x810C, 0x8118, 0x8118,
  0x8118, 0x8118, 0x8118, 0x8118, 0x8118, 0x8118, 0x8118, 0x8118,
  0x8118, 0x8118, 0x8118, 0x8118, 0x8118, 0x8118, 0x8118, 0x8118,
  0x8118, 0x8118, 0x810C, 0x810A, 0x850C, 0x810F, 0x810F, 0x810F,
  0x810C, 0x810A, 0x810B, 0x850C, 0x810F, 0x8114, 0x8111, 0x8111,
  0x8111, 0x8111, 0x8111, 0x8111, 0x8111, 0x8111, 0x8111, 0x8111,
  0x8111, 0x8111, 0x8111, 0x8111, 0x8111, 0x8111, 0x8111, 0x8111,
  0x8111, 0x8111, 0x8111, 0x8111, 0x8111, 0x8111, 0x8111, 0x8111,
  0x8111, 0x8111, 0x8111, 0x8111, 0x8111, 0x8111, 0x8111, 0x8111,
  0x8111, 0x8111, 0x8111, 0x8111, 0x8111, 0x8111, 0x8111, 0x8111,
  0x8111, 0x8111, 0x8111, 0x8111, 0x8111, 0x8111, 0x8111, 0x8111,
  0x8111, 0x8111, 0x8111, 0x8111, 0x8111, 0x8111, 0x8111, 0x8111,
  0x8111, 0x8511, 0x8511, 0x8511, 0x8511, 0x8511, 0x8511, 0x8511,
  0x8511, 0x8511, 0x8511, 0x8511, 0x8511, 0x8511, 0x8511, 0x8511,
  0x8511, 0x8511, 0x8511, 0x8511, 0x8511, 0x8511, 0x8111, 0x8111,
  0x8111, 0x8111, 0x8111, 0x8111, 0x8111, 0x8111, 0x8111, 0x8111,
  0x8111, 0x8111, 0x8111, 0x8111, 0x8111, 0x8111, 0x8111, 0x8111,
  0x8111, 0x8111, 0x8111, 0x8111, 0x8111, 0x8111, 0x8111, 0x8111,
  0x8111, 0x8111, 0x8111, 0x8111, 0x8111, 0x8111, 0x8111, 0x8111,
  0x8111, 0x8111, 0x8111, 0x8111, 0x8111, 0x8111, 0x8111, 0x8111,
  0x8111, 0x8111, 0x8111, 0x8111, 0x8111, 0x8111, 0x8111, 0x8111,
  0x8111, 0x8111, 0x8111, 0x8111, 0x8111, 0x8111, 0x8111, 0x8111,
  0x8111, 0x8111, 0x8111, 0x8111, 0x8111, 0x8111, 0x8111, 0x8111,
  0x8111, 0x8111, 0x8111, 0x8111, 0x8111, 0x8111, 0x8111, 0x8111,
  0x8111, 0x8111, 0x8111, 0x8111, 0x8111, 0x8111, 0x8111, 0x8111,
  0x8111, 0x8111, 0x8111, 0x8111, 0x8111, 0x8111, 0x8111, 0x8111,
  0x8111, 0x8111, 0x8111, 0x8111, 0x8111, 0x8111, 0x8111, 0x8111,
  0x8111, 0x8111, 0x8111, 0x8111, 0x8111, 0x8111, 0x8111, 0x8111,
  0x8111, 0x8111, 0x8111, 0x8111, 0x8111, 0x8111, 0x8111, 0x8111,
  0x8111, 0x8111, 0x8111, 0x8111, 0x8111, 0x8111, 0x8111, 0x8111,
  0x8111, 0x8111, 0x8111, 0x8111, 0x8111, 0x8111, 0x8111, 0x8111,
  0x8111, 0x8111, 0x8111, 0x8111, 0x8111, 0x8111, 0x8111, 0x8111,
  0x8111, 0x8111, 0x8111, 0x8111, 0x8111, 0x8111, 0x8111, 0x8111,
  0x8111, 0x8111, 0x8111, 0x8111, 0x8111, 0x8111, 0x8111, 0x8111,
  0x8111, 0x8111, 0x8111, 0x8111, 0x8111, 0x8111, 0x8111, 0x8111,
  0x8111, 0x8111, 0x8111, 0x8111, 0x8111, 0x8111, 0x8111, 0x8111,
  0x8111, 0x8111, 0x8111, 0x8111, 0x8111, 0x8111, 0x8111, 0x8111,
  0x8111, 0x8111, 0x8111, 0x8111, 0x8111, 0x8111, 0x8111, 0x8111,
  0x8111, 0x8111, 0x8111, 0x8111, 0x8111, 0x8111, 0x8111, 0x8111,
  0x8111, 0x8111, 0x8111, 0x8111, 0x8111, 0x8111, 0x8111, 0x8111,
  0x8111, 0x8111, 0x8111, 0x8111, 0x8111, 0x8111, 0x8111, 0x8111,
  0x8111, 0x8111, 0x8111, 0x8111, 0x8111, 0x8111, 0x8111, 0x8111,
};

static const uint8_t kPicoLsRoomBts[11520] = {
  0x00, 0x00, 0x00, 0x00, 0x00, 0x00, 0x00, 0x00, 0x00, 0x00, 0x00, 0x00, 0x00, 0x00, 0x00, 0x00,
  0x00, 0x00, 0x00, 0x00, 0x00, 0x00, 0x00, 0x00, 0x00, 0x00, 0x00, 0x00, 0x00, 0x00, 0x00, 0x00,
  0x00, 0x00, 0x00, 0x00, 0x00, 0x00, 0x00, 0x00, 0x00, 0x00, 0x00, 0x00, 0x00, 0x00, 0x00, 0x00,
  0x00, 0x00, 0x00, 0x00, 0x00, 0x00, 0x00, 0x00, 0x00, 0x00, 0x00, 0x00, 0x00, 0x00, 0x00, 0x00,
  0x00, 0x00, 0x00, 0x00, 0x00, 0x00, 0x00, 0x00, 0x00, 0x00, 0x00, 0x00, 0x00, 0x00, 0x00, 0x00,
  0x00, 0x00, 0x00, 0x00, 0x00, 0x00, 0x00, 0x00, 0x00, 0x00, 0x00, 0x00, 0x00, 0x00, 0x00, 0x00,
  0x00, 0x00, 0x00, 0x00, 0x00, 0x00, 0x00, 0x00, 0x00, 0x00, 0x00, 0x00, 0x00, 0x00, 0x00, 0x00,
  0x00, 0x00, 0x00, 0x00, 0x00, 0x00, 0x00, 0x00, 0x00, 0x00, 0x00, 0x00, 0x00, 0x00, 0x00, 0x00,
  0x00, 0x00, 0x00, 0x00, 0x00, 0x00, 0x00, 0x00, 0x00, 0x00, 0x00, 0x00, 0x00, 0x00, 0x00, 0x00,
  0x00, 0x00, 0x00, 0x00, 0x00, 0x00, 0x00, 0x00, 0x00, 0x00, 0x00, 0x00, 0x00, 0x00, 0x00, 0x00,
  0x00, 0x00, 0x00, 0x00, 0x00, 0x00, 0x00, 0x00, 0x00, 0x00, 0x00, 0x00, 0x00, 0x00, 0x00, 0x00,
  0x00, 0x00, 0x00, 0x00, 0x00, 0x00, 0x00, 0x00, 0x00, 0x00, 0x00, 0x00, 0x00, 0x00, 0x00, 0x00,
  0x00, 0x00, 0x00, 0x00, 0x00, 0x00, 0x00, 0x00, 0x00, 0x00, 0x00, 0x00, 0x00, 0x00, 0x00, 0x00,
  0x00, 0x00, 0x00, 0x00, 0x00, 0x00, 0x00, 0x00, 0x00, 0x00, 0x00, 0x00, 0x00, 0x00, 0x00, 0x00,
  0x00, 0x00, 0x00, 0x00, 0x00, 0x00, 0x00, 0x00, 0x00, 0x00, 0x00, 0x00, 0x00, 0x00, 0x00, 0x00,
  0x00, 0x00, 0x00, 0x00, 0x00, 0x00, 0x00, 0x00, 0x00, 0x00, 0x00, 0x00, 0x00, 0x00, 0x00, 0x00,
  0x00, 0x00, 0x00, 0x00, 0x00, 0x00, 0x00, 0x00, 0x00, 0x00, 0x00, 0x00, 0x00, 0x00, 0x00, 0x00,
  0x00, 0x00, 0x00, 0x00, 0x00, 0x00, 0x00, 0x00, 0x00, 0x00, 0x00, 0x00, 0x00, 0x00, 0x00, 0x00,
  0x00, 0x00, 0x00, 0x00, 0x00, 0x00, 0x00, 0x00, 0x00, 0x00, 0x00, 0x00, 0x00, 0x00, 0x00, 0x00,
  0x00, 0x00, 0x00, 0x00, 0x00, 0x00, 0x00, 0x00, 0x00, 0x00, 0x00, 0x00, 0x00, 0x00, 0x00, 0x00,
  0x00, 0x00, 0x00, 0x00, 0x00, 0x00, 0x00, 0x00, 0x00, 0x00, 0x00, 0x00, 0x00, 0x00, 0x00, 0x00,
  0x00, 0x00, 0x00, 0x00, 0x00, 0x00, 0x00, 0x00, 0x00, 0x00, 0x00, 0x00, 0x00, 0x00, 0x00, 0x00,
  0x00, 0x00, 0x00, 0x00, 0x00, 0x00, 0x00, 0x00, 0x00, 0x00, 0x00, 0x00, 0x00, 0x00, 0x00, 0x00,
  0x00, 0x00, 0x00, 0x00, 0x00, 0x00, 0x00, 0x00, 0x00, 0x00, 0x00, 0x00, 0x00, 0x00, 0x00, 0x00,
  0x00, 0x00, 0x00, 0x00, 0x00, 0x00, 0x00, 0x00, 0x00, 0x00, 0x00, 0x00, 0x00, 0x00, 0x00, 0x00,
  0x00, 0x00, 0x00, 0x00, 0x00, 0x00, 0x00, 0x00, 0x00, 0x00, 0x00, 0x00, 0x00, 0x00, 0x00, 0x00,
  0x00, 0x00, 0x00, 0x00, 0x00, 0x00, 0x00, 0x00, 0x00, 0x00, 0x00, 0x00, 0x00, 0x00, 0x00, 0x00,
  0x00, 0x00, 0x00, 0x00, 0x00, 0x00, 0x00, 0x00, 0x00, 0x00, 0x00, 0x00, 0x00, 0x00, 0x00, 0x00,
  0x00, 0x00, 0x00, 0x00, 0x00, 0x00, 0x00, 0x00, 0x00, 0x00, 0x00, 0x00, 0x00, 0x00, 0x00, 0x00,
  0x00, 0x00, 0x00, 0x00, 0x00, 0x00, 0x00, 0x00, 0x00, 0x00, 0x00, 0x00, 0x00, 0x00, 0x00, 0x00,
  0x00, 0x00, 0x00, 0x00, 0x00, 0x00, 0x00, 0x00, 0x00, 0x00, 0x00, 0x00, 0x00, 0x00, 0x00, 0x00,
  0x00, 0x00, 0x00, 0x00, 0x00, 0x00, 0x00, 0x00, 0x00, 0x00, 0x00, 0x00, 0x00, 0x00, 0x00, 0x00,
  0x00, 0x00, 0x00, 0x00, 0x00, 0x00, 0x00, 0x00, 0x00, 0x00, 0x00, 0x00, 0x00, 0x00, 0x00, 0x00,
  0x00, 0x00, 0x00, 0x00, 0x00, 0x00, 0x00, 0x00, 0x00, 0x00, 0x00, 0x00, 0x00, 0x00, 0x00, 0x00,
  0x00, 0x00, 0x00, 0x00, 0x00, 0x00, 0x00, 0x00, 0x00, 0x00, 0x00, 0x00, 0x00, 0x00, 0x00, 0x00,
  0x00, 0x00, 0x00, 0x00, 0x00, 0x00, 0x00, 0x00, 0x00, 0x00, 0x00, 0x00, 0x00, 0x00, 0x00, 0x00,
  0x00, 0x00, 0x00, 0x00, 0x00, 0x00, 0x00, 0x00, 0x00, 0x00, 0x00, 0x00, 0x00, 0x00, 0x00, 0x00,
  0x00, 0x00, 0x00, 0x00, 0x00, 0x00, 0x00, 0x00, 0x00, 0x00, 0x00, 0x00, 0x00, 0x00, 0x00, 0x00,
  0x00, 0x00, 0x00, 0x00, 0x00, 0x00, 0x00, 0x00, 0x00, 0x00, 0x00, 0x00, 0x00, 0x00, 0xD2, 0x00,
  0x00, 0x00, 0x00, 0x00, 0x00, 0x00, 0x00, 0x00, 0x00, 0x00, 0x00, 0x00, 0x00, 0x00, 0x00, 0x00,
  0x00, 0x00, 0x00, 0x00, 0x00, 0x00, 0x00, 0x00, 0x00, 0x00, 0x00, 0x00, 0x00, 0x00, 0x00, 0x00,
  0x00, 0x00, 0x00, 0x00, 0x00, 0x00, 0x00, 0x00, 0x00, 0x00, 0x00, 0x00, 0x00, 0x00, 0x00, 0x00,
  0x00, 0x00, 0x00, 0x00, 0x00, 0x00, 0x00, 0x00, 0x00, 0x00, 0x00, 0x00, 0x00, 0x00, 0x00, 0x00,
  0x00, 0x00, 0x00, 0x00, 0x00, 0x00, 0x00, 0x00, 0x00, 0x00, 0x00, 0x92, 0x00, 0x00, 0x00, 0x00,
  0x00, 0x00, 0x00, 0x00, 0x00, 0x00, 0x00, 0x00, 0x00, 0x00, 0x00, 0x00, 0x00, 0x00, 0x00, 0x00,
  0x00, 0x00, 0x00, 0x00, 0x00, 0x00, 0x00, 0x00, 0x00, 0x00, 0x00, 0x00, 0x00, 0x00, 0x00, 0x00,
  0x00, 0x00, 0x00, 0x00, 0x00, 0x00, 0x00, 0x00, 0x00, 0x00, 0x00, 0x00, 0x00, 0x00, 0x00, 0x00,
  0x00, 0x00, 0x00, 0x00, 0x00, 0x00, 0x00, 0x00, 0x00, 0x00, 0x00, 0x00, 0x00, 0x00, 0x00, 0x00,
  0x00, 0x00, 0x00, 0x00, 0x00, 0x00, 0x00, 0x00, 0x00, 0x00, 0x00, 0x00, 0x00, 0x00, 0x00, 0x00,
  0x00, 0x00, 0x00, 0x00, 0x00, 0x00, 0x00, 0x00, 0x00, 0x00, 0x00, 0x00, 0x00, 0x00, 0x00, 0x00,
  0x00, 0x00, 0x00, 0x00, 0x00, 0x00, 0x00, 0x00, 0x00, 0x00, 0x00, 0x00, 0x00, 0x00, 0x00, 0x00,
  0x00, 0x00, 0x00, 0x00, 0x00, 0x00, 0x00, 0x00, 0x00, 0x00, 0x00, 0x00, 0x00, 0x00, 0x00, 0x00,
  0x00, 0x00, 0x00, 0x00, 0x00, 0x00, 0x00, 0x00, 0x00, 0x00, 0x00, 0x00, 0x00, 0x00, 0x00, 0x00,
  0x00, 0x00, 0x00, 0x00, 0xD2, 0x00, 0x00, 0x00, 0x00, 0x00, 0x00, 0x00, 0x00, 0x00, 0x00, 0x00,
  0x00, 0x00, 0x00, 0x00, 0x00, 0x00, 0x00, 0x00, 0x00, 0x00, 0x00, 0x00, 0x00, 0x00, 0x00, 0x00,
  0x00, 0x00, 0x00, 0x00, 0x00, 0x00, 0x00, 0x00, 0x00, 0x00, 0x00, 0x00, 0x00, 0x00, 0x00, 0x00,
  0x00, 0x00, 0x00, 0x00, 0x00, 0x00, 0x00, 0x00, 0x00, 0x00, 0x00, 0x00, 0x93, 0xD2, 0x00, 0x00,
  0x00, 0x00, 0x00, 0x00, 0x00, 0x00, 0x00, 0x00, 0x00, 0x00, 0x00, 0x00, 0x00, 0x00, 0x00, 0x00,
  0x00, 0x00, 0x00, 0x00, 0x00, 0x00, 0x00, 0x00, 0x00, 0x00, 0x00, 0x00, 0x00, 0x00, 0x00, 0x00,
  0x00, 0x00, 0x00, 0x00, 0x00, 0x00, 0x00, 0x00, 0x00, 0x00, 0x00, 0x00, 0x00, 0x00, 0x00, 0x00,
  0x00, 0x00, 0x00, 0x00, 0x00, 0x00, 0x00, 0x00, 0x00, 0x00, 0x00, 0x00, 0x00, 0x00, 0x00, 0x00,
  0x00, 0x00, 0x00, 0x00, 0x00, 0x00, 0x00, 0x00, 0x00, 0x00, 0x00, 0x00, 0x00, 0x00, 0x00, 0x00,
  0x00, 0x92, 0x93, 0x00, 0x00, 0x00, 0x00, 0x00, 0xD2, 0x00, 0x00, 0x00, 0x00, 0x00, 0x00, 0x00,
  0x00, 0x00, 0x00, 0x00, 0x00, 0x00, 0x00, 0x00, 0x00, 0x00, 0x00, 0x00, 0x00, 0x00, 0x00, 0x00,
  0x00, 0x00, 0x00, 0x00, 0x00, 0x00, 0x00, 0x00, 0x00, 0x00, 0x00, 0x00, 0x00, 0x00, 0x00, 0x00,
  0x00, 0x00, 0x00, 0x00, 0x00, 0x00, 0x00, 0x00, 0x00, 0x00, 0x00, 0x93, 0xD2, 0x00, 0x00, 0x00,
  0x00, 0x00, 0x00, 0x00, 0x00, 0x00, 0x00, 0x00, 0x00, 0x00, 0x00, 0x00, 0x00, 0x00, 0x00, 0x00,
  0x00, 0x00, 0x00, 0x00, 0x00, 0x00, 0x00, 0x00, 0x00, 0x00, 0x00, 0x00, 0x00, 0x00, 0x00, 0x00,
  0x00, 0x00, 0x00, 0x00, 0x00, 0x00, 0x00, 0x00, 0x00, 0x00, 0x00, 0x00, 0x00, 0x00, 0x00, 0x00,
  0x00, 0x00, 0x00, 0x00, 0x00, 0x00, 0x00, 0x00, 0x00, 0x00, 0x00, 0x00, 0x00, 0x00, 0x00, 0x00,
  0x00, 0x00, 0x00, 0x00, 0x00, 0x00, 0x00, 0x00, 0x00, 0x00, 0x00, 0x00, 0x92, 0x00, 0x00, 0x00,
  0x00, 0x00, 0x92, 0xD2, 0x00, 0x92, 0x00, 0x00, 0x00, 0x00, 0x00, 0x00, 0x00, 0x00, 0x00, 0x00,
  0x00, 0x00, 0x00, 0x00, 0x00, 0x00, 0x00, 0x00, 0x00, 0x00, 0x00, 0x00, 0x00, 0x00, 0x00, 0x00,
  0x00, 0x00, 0x00, 0x00, 0x00, 0x00, 0x00, 0x00, 0x00, 0x00, 0x00, 0x00, 0x00, 0x00, 0x00, 0x00,
  0x00, 0x00, 0x00, 0x00, 0x00, 0x00, 0x00, 0x00, 0x92, 0x93, 0x00, 0x00, 0x00, 0x00, 0x00, 0x00,
  0x00, 0x00, 0x00, 0x00, 0x00, 0x00, 0x00, 0x00, 0x00, 0x00, 0x00, 0x00, 0x00, 0x00, 0x00, 0x00,
  0x00, 0x00, 0x00, 0x00, 0x00, 0x00, 0x00, 0x00, 0x00, 0x00, 0x00, 0x00, 0x00, 0x00, 0x00, 0x00,
  0x00, 0x00, 0x00, 0x00, 0x00, 0x00, 0x00, 0x00, 0x00, 0x00, 0x00, 0x00, 0x00, 0x00, 0x00, 0x00,
  0x00, 0x00, 0x00, 0x00, 0x00, 0x00, 0x00, 0x00, 0x00, 0x00, 0x00, 0x00, 0x00, 0x00, 0x00, 0x00,
  0x00, 0x00, 0x00, 0x00, 0x00, 0x00, 0x00, 0x00, 0x00, 0x00, 0x00, 0x00, 0x00, 0x00, 0x00, 0x00,
  0xD2, 0x00, 0x00, 0x00, 0x00, 0x00, 0x00, 0x00, 0x00, 0x92, 0x00, 0x00, 0x00, 0x00, 0x00, 0x00,
  0x00, 0x00, 0x00, 0x00, 0x00, 0x00, 0x00, 0x00, 0x00, 0x00, 0x00, 0x00, 0x00, 0x00, 0x00, 0x00,
  0x00, 0x00, 0x00, 0x00, 0x00, 0x00, 0x00, 0x00, 0x00, 0x00, 0x00, 0x00, 0x00, 0x00, 0x00, 0x00,
  0x00, 0x00, 0x00, 0x00, 0x00, 0x00, 0x00, 0x00, 0x00, 0x92, 0xD2, 0x00, 0x00, 0x00, 0x00, 0x00,
  0x00, 0x00, 0x00, 0x00, 0x00, 0x00, 0x00, 0x00, 0x00, 0x00, 0x00, 0x00, 0x00, 0x00, 0x00, 0x00,
  0x00, 0x00, 0x00, 0x00, 0x00, 0x00, 0x00, 0x00, 0x00, 0x00, 0x00, 0x00, 0x00, 0x00, 0x00, 0x00,
  0x00, 0x00, 0x00, 0x00, 0x00, 0x00, 0x00, 0x00, 0x00, 0x00, 0x00, 0x00, 0x00, 0x00, 0x00, 0x00,
  0x00, 0x00, 0x00, 0x00, 0x00, 0x00, 0x00, 0x00, 0x00, 0x00, 0x00, 0x00, 0x00, 0x00, 0x00, 0x00,
  0x00, 0x00, 0x00, 0x00, 0x00, 0x00, 0x00, 0x00, 0x00, 0x00, 0x00, 0x00, 0x00, 0x00, 0x00, 0x00,
  0x00, 0x00, 0x00, 0x00, 0x00, 0x00, 0x92, 0xD2, 0x00, 0x00, 0x00, 0x00, 0x00, 0x00, 0x00, 0x00,
  0x00, 0x00, 0x00, 0x00, 0x00, 0x00, 0x00, 0x00, 0x00, 0x00, 0x00, 0x00, 0x00, 0x00, 0x00, 0x00,
  0x00, 0x00, 0x00, 0x00, 0x00, 0x00, 0x00, 0x00, 0x00, 0x00, 0x00, 0x00, 0x00, 0x00, 0x00, 0x00,
  0x00, 0x00, 0x00, 0x00, 0x00, 0x00, 0x00, 0xD2, 0x00, 0x00, 0x00, 0x00, 0x00, 0x00, 0x00, 0x00,
  0x00, 0x00, 0x00, 0x00, 0x00, 0x00, 0x00, 0x00, 0x00, 0x00, 0x00, 0x00, 0x00, 0x00, 0x00, 0x00,
  0x00, 0x00, 0x00, 0x00, 0x00, 0x00, 0x00, 0x00, 0x00, 0x00, 0x00, 0x00, 0x00, 0x00, 0x00, 0x00,
  0x00, 0x00, 0x00, 0x00, 0x00, 0x00, 0x00, 0x00, 0x00, 0x00, 0x00, 0x00, 0x00, 0x00, 0x00, 0x00,
  0x00, 0x00, 0x00, 0x00, 0x00, 0x00, 0x00, 0x00, 0x00, 0x00, 0x00, 0x00, 0x00, 0x00, 0x00, 0x00,
  0x00, 0x00, 0x00, 0x00, 0x00, 0x00, 0x00, 0x00, 0x00, 0x00, 0x00, 0x00, 0x00, 0x92, 0x93, 0x00,
  0x00, 0x00, 0x00, 0x00, 0x00, 0x00, 0x00, 0x00, 0x00, 0x00, 0x92, 0x93, 0x00, 0x00, 0x00, 0x00,
  0x00, 0x00, 0x00, 0x00, 0x00, 0x00, 0x00, 0x00, 0x00, 0x00, 0x00, 0x00, 0x00, 0x00, 0x00, 0x00,
  0x00, 0x00, 0x00, 0x00, 0x00, 0x00, 0x00, 0x00, 0x00, 0x00, 0x00, 0x00, 0x00, 0x00, 0x00, 0x00,
  0x00, 0x00, 0x00, 0x00, 0x00, 0x00, 0x00, 0x00, 0x00, 0x00, 0x00, 0x00, 0x00, 0x00, 0x00, 0x00,
  0x00, 0x00, 0x00, 0x00, 0x00, 0x00, 0x00, 0x00, 0x00, 0x00, 0x00, 0x00, 0x00, 0x00, 0x00, 0x00,
  0x00, 0x00, 0x00, 0x00, 0x00, 0x00, 0x00, 0x00, 0x00, 0x00, 0x00, 0x00, 0x00, 0x00, 0x00, 0x00,
  0x00, 0x00, 0x00, 0x00, 0x00, 0x00, 0x00, 0x00, 0x00, 0x00, 0x00, 0x00, 0x00, 0x00, 0x00, 0x00,
  0x00, 0x00, 0x00, 0x00, 0x00, 0x00, 0x00, 0x00, 0x00, 0x00, 0x00, 0x00, 0x00, 0x00, 0x00, 0x00,
  0x00, 0x00, 0x00, 0x00, 0x00, 0x00, 0x00, 0x00, 0x00, 0x00, 0x00, 0x00, 0x00, 0x00, 0x92, 0xD2,
  0x00, 0x00, 0x00, 0x00, 0x00, 0x00, 0x00, 0x00, 0x00, 0x00, 0x00, 0x92, 0xD2, 0x92, 0x00, 0x00,
  0x00, 0x00, 0x00, 0x00, 0x00, 0x00, 0x00, 0x00, 0x00, 0x00, 0x00, 0x00, 0x00, 0x00, 0x00, 0x00,
  0x00, 0x00, 0x00, 0x00, 0x00, 0x00, 0x00, 0x00, 0x00, 0x00, 0x00, 0x00, 0x00, 0x00, 0x00, 0x00,
  0x00, 0x00, 0x00, 0x00, 0xD2, 0x92, 0xD2, 0x00, 0x00, 0x00, 0x00, 0x00, 0x00, 0x00, 0x00, 0x00,
  0x00, 0x00, 0x00, 0x00, 0x00, 0x00, 0x00, 0x00, 0x00, 0x00, 0x00, 0x00, 0x00, 0x00, 0x00, 0x00,
  0x00, 0x00, 0x00, 0x00, 0x00, 0x00, 0x00, 0x00, 0x00, 0x00, 0x00, 0x00, 0x00, 0x00, 0x00, 0x00,
  0x00, 0x00, 0x00, 0x00, 0x00, 0x00, 0x00, 0x00, 0x00, 0x00, 0x00, 0x00, 0x00, 0x00, 0x00, 0x00,
  0x00, 0x00, 0x00, 0x00, 0x00, 0x00, 0x00, 0x00, 0x00, 0x00, 0x00, 0x00, 0x00, 0x00, 0x00, 0x00,
  0x00, 0x00, 0x00, 0x00, 0x00, 0x00, 0x00, 0x00, 0x00, 0x00, 0x00, 0x00, 0x00, 0x00, 0x00, 0x00,
  0x00, 0x00, 0x00, 0x00, 0x00, 0x00, 0x00, 0x00, 0x00, 0x00, 0x00, 0x00, 0x00, 0x00, 0x00, 0x00,
  0x00, 0x00, 0x00, 0x00, 0x00, 0x00, 0x00, 0x00, 0x00, 0x00, 0x00, 0x00, 0x00, 0x00, 0x00, 0x00,
  0x00, 0x00, 0x00, 0x00, 0x00, 0x00, 0x00, 0x00, 0x00, 0x00, 0x00, 0x00, 0x00, 0x00, 0x00, 0x00,
  0x00, 0x00, 0x00, 0x00, 0x00, 0x00, 0x00, 0x00, 0x00, 0x00, 0x00, 0x00, 0x00, 0x00, 0x00, 0x00,
  0x00, 0x00, 0x00, 0x00, 0x00, 0x00, 0x00, 0x00, 0x00, 0x00, 0x00, 0x00, 0x00, 0x00, 0x00, 0x00,
  0x00, 0x00, 0x00, 0x00, 0x00, 0x00, 0x00, 0x00, 0x00, 0x00, 0x00, 0x00, 0x00, 0x00, 0x00, 0x00,
  0x00, 0x00, 0x00, 0x00, 0x00, 0x00, 0x00, 0x00, 0x00, 0x00, 0x00, 0x00, 0x00, 0x00, 0x00, 0x00,
  0x00, 0x00, 0x00, 0x00, 0x00, 0x00, 0x00, 0x00, 0x00, 0x00, 0x00, 0x00, 0x00, 0x00, 0x00, 0x00,
  0x00, 0x00, 0x00, 0x00, 0x00, 0x00, 0x00, 0x00, 0x00, 0x00, 0x00, 0x00, 0x00, 0x00, 0x00, 0x00,
  0x00, 0x00, 0x00, 0x00, 0x00, 0x00, 0x00, 0x00, 0x00, 0x00, 0x00, 0x00, 0x00, 0x00, 0x92, 0x00,
  0x00, 0x00, 0x00, 0x00, 0x00, 0x00, 0x00, 0x00, 0x00, 0x00, 0x00, 0x00, 0x00, 0x00, 0x00, 0x00,
  0x00, 0x00, 0x00, 0x00, 0x00, 0x00, 0x00, 0x00, 0x00, 0x00, 0x00, 0x00, 0x00, 0x00, 0x00, 0x00,
  0x00, 0x00, 0x00, 0xD2, 0x00, 0x00, 0x00, 0x00, 0x00, 0x00, 0x00, 0x00, 0x00, 0x00, 0x00, 0x00,
  0x00, 0x00, 0x00, 0x00, 0x00, 0x00, 0x00, 0x00, 0x00, 0x00, 0x00, 0x00, 0x00, 0x00, 0x00, 0x00,
  0x00, 0x00, 0x00, 0x00, 0x00, 0x00, 0x00, 0x00, 0x00, 0x00, 0x00, 0x00, 0x00, 0x00, 0x00, 0x00,
  0x00, 0x00, 0x00, 0x00, 0x00, 0x00, 0x00, 0x00, 0x00, 0x00, 0x00, 0x00, 0x00, 0x00, 0x00, 0x00,
  0x00, 0x00, 0x00, 0x00, 0x00, 0x00, 0x00, 0x00, 0x00, 0x00, 0x00, 0x00, 0x00, 0x00, 0x00, 0x00,
  0x00, 0x00, 0x00, 0x00, 0x00, 0x00, 0x00, 0x00, 0x00, 0x00, 0x00, 0x00, 0x00, 0x00, 0x00, 0x00,
  0x00, 0x00, 0x00, 0x00, 0x00, 0x00, 0x00, 0x00, 0x00, 0x00, 0x00, 0x00, 0x00, 0x00, 0x00, 0x00,
  0x00, 0x00, 0x00, 0x00, 0x00, 0x00, 0x00, 0x00, 0x00, 0x00, 0x00, 0x00, 0x00, 0x00, 0x00, 0x00,
  0x00, 0x00, 0x00, 0x00, 0x00, 0x00, 0x00, 0x00, 0x00, 0x00, 0x00, 0x00, 0x00, 0x00, 0x00, 0x00,
  0x00, 0x00, 0x00, 0x00, 0x00, 0x00, 0x00, 0x00, 0x00, 0x00, 0x00, 0x00, 0x00, 0x00, 0x00, 0x00,
  0x00, 0x00, 0x00, 0x00, 0x00, 0x00, 0x00, 0x00, 0x00, 0x00, 0x00, 0x00, 0x00, 0x00, 0x00, 0x00,
  0x00, 0x00, 0x00, 0x00, 0x00, 0x00, 0x00, 0x00, 0x00, 0x00, 0x00, 0x00, 0x00, 0x00, 0x00, 0x00,
  0x00, 0x00, 0x00, 0x00, 0x00, 0x00, 0x00, 0x00, 0x00, 0x00, 0x00, 0x00, 0x00, 0x00, 0x00, 0x00,
  0x00, 0x00, 0x00, 0x00, 0x00, 0x00, 0x00, 0x00, 0x00, 0x00, 0x00, 0x00, 0x00, 0x00, 0x00, 0x00,
  0x00, 0x00, 0x00, 0x00, 0x00, 0x00, 0x00, 0x00, 0x00, 0x00, 0x00, 0x00, 0x00, 0x00, 0x00, 0x00,
  0x00, 0x00, 0x00, 0x00, 0x00, 0x00, 0x00, 0x00, 0x00, 0x00, 0x00, 0x00, 0x00, 0x00, 0x00, 0x00,
  0x00, 0x00, 0x00, 0x00, 0x00, 0x00, 0x00, 0x00, 0x00, 0x00, 0x00, 0x00, 0x00, 0x00, 0x00, 0x00,
  0x00, 0x00, 0x00, 0x00, 0x00, 0x00, 0x00, 0x00, 0x00, 0x00, 0x00, 0x00, 0x00, 0x00, 0x00, 0x00,
  0x00, 0x00, 0x00, 0x00, 0x00, 0x00, 0x00, 0x00, 0x00, 0x00, 0x00, 0x00, 0x00, 0x00, 0x00, 0x00,
  0x00, 0x00, 0x00, 0x00, 0x00, 0x00, 0x00, 0x00, 0x00, 0x00, 0x00, 0x00, 0x00, 0x00, 0x00, 0x00,
  0x00, 0x00, 0x00, 0x00, 0x00, 0x00, 0x00, 0x00, 0x00, 0x00, 0x00, 0x00, 0x00, 0x00, 0x00, 0x00,
  0x00, 0x00, 0x00, 0x00, 0x00, 0x00, 0x00, 0x00, 0x00, 0x00, 0x00, 0x00, 0x00, 0x00, 0x00, 0x00,
  0x00, 0x00, 0x00, 0x00, 0x00, 0x00, 0x00, 0x00, 0x00, 0x00, 0x00, 0x00, 0x00, 0x00, 0x00, 0x00,
  0x00, 0x00, 0x00, 0x00, 0x00, 0x00, 0x00, 0x00, 0x00, 0x00, 0x00, 0x00, 0x00, 0x00, 0x00, 0x00,
  0x00, 0x00, 0x00, 0x00, 0x00, 0x00, 0x00, 0x00, 0x00, 0x00, 0x00, 0x00, 0x00, 0x00, 0x00, 0x00,
  0x00, 0x00, 0x00, 0x00, 0x00, 0x00, 0x00, 0x00, 0x00, 0x00, 0x00, 0x00, 0x00, 0x00, 0x00, 0x00,
  0x00, 0x00, 0x00, 0x00, 0x00, 0x00, 0x00, 0x00, 0x00, 0x00, 0x00, 0x00, 0x00, 0x00, 0x00, 0x00,
  0x00, 0x00, 0x00, 0x00, 0x00, 0x00, 0x00, 0x00, 0x00, 0x00, 0x00, 0x00, 0x00, 0x00, 0x00, 0x00,
  0x00, 0x00, 0x00, 0x00, 0x00, 0x00, 0x00, 0x00, 0x00, 0x00, 0x00, 0x00, 0x00, 0x00, 0x00, 0x00,
  0x00, 0x00, 0x00, 0x00, 0x00, 0x00, 0x00, 0x00, 0x00, 0x00, 0x00, 0x00, 0x00, 0x00, 0x00, 0x00,
  0x00, 0x00, 0x00, 0x00, 0x00, 0x00, 0x00, 0x00, 0x00, 0x00, 0x00, 0x00, 0x00, 0x00, 0x00, 0x00,
  0x00, 0x00, 0x00, 0x00, 0x00, 0x00, 0x00, 0x00, 0x00, 0x00, 0x00, 0x00, 0x00, 0x00, 0x00, 0x00,
  0x00, 0x13, 0x13, 0x52, 0x00, 0x00, 0x00, 0x00, 0x00, 0x00, 0x00, 0x00, 0x00, 0x00, 0x00, 0x00,
  0x00, 0x00, 0x00, 0x00, 0x00, 0x00, 0x00, 0x00, 0x00, 0x00, 0x00, 0x00, 0x00, 0x00, 0x12, 0x00,
  0x00, 0x00, 0x00, 0x00, 0x00, 0x00, 0x00, 0x00, 0x00, 0x00, 0x00, 0x00, 0x00, 0x00, 0x00, 0x00,
  0x00, 0x00, 0x00, 0x00, 0x00, 0x00, 0x00, 0x00, 0x00, 0x00, 0x00, 0x00, 0x00, 0x00, 0x00, 0x00,
  0x00, 0x00, 0x00, 0x00, 0x00, 0x00, 0x00, 0x00, 0x00, 0x00, 0x00, 0x00, 0x00, 0x00, 0x00, 0x00,
  0x00, 0x00, 0x00, 0x00, 0x00, 0x00, 0x00, 0x00, 0x00, 0x00, 0x00, 0x00, 0x00, 0x00, 0x00, 0x00,
  0x00, 0x00, 0x00, 0x00, 0x00, 0x00, 0x00, 0x00, 0x00, 0x00, 0x00, 0x00, 0x00, 0x00, 0x00, 0x00,
  0x00, 0x00, 0x00, 0x00, 0x00, 0x00, 0x00, 0x00, 0x00, 0x00, 0x00, 0x00, 0x00, 0x00, 0x00, 0x00,
  0x00, 0x00, 0x00, 0x00, 0x00, 0x00, 0x00, 0x00, 0x00, 0x00, 0x00, 0x00, 0x00, 0x00, 0x00, 0x00,
  0x94, 0x95, 0x00, 0x00, 0x13, 0x13, 0x52, 0x00, 0x00, 0x00, 0x00, 0x00, 0x00, 0x00, 0x00, 0x00,
  0x00, 0x00, 0x00, 0x00, 0x00, 0x00, 0x00, 0x00, 0x00, 0x00, 0x00, 0x00, 0x00, 0x00, 0x00, 0x00,
  0x00, 0x00, 0x00, 0x00, 0x00, 0x00, 0x00, 0x00, 0x00, 0x00, 0x00, 0x00, 0x00, 0x00, 0x00, 0x00,
  0x00, 0x00, 0x00, 0x00, 0x00, 0x00, 0x00, 0x00, 0x00, 0x00, 0x00, 0x00, 0x00, 0x00, 0x00, 0x00,
  0x00, 0x00, 0x00, 0x00, 0x00, 0x00, 0x00, 0x00, 0x00, 0x00, 0x00, 0x00, 0x00, 0x00, 0x00, 0x00,
  0x00, 0x00, 0x00, 0x00, 0x00, 0x00, 0x00, 0x00, 0x00, 0x00, 0x00, 0x00, 0x00, 0x00, 0x00, 0x00,
  0x00, 0x00, 0x00, 0x00, 0x00, 0x00, 0x00, 0x00, 0x00, 0x00, 0x00, 0x00, 0x00, 0x00, 0x00, 0x00,
  0x00, 0x00, 0x00, 0x00, 0x00, 0x00, 0x00, 0x00, 0x00, 0x00, 0x00, 0x00, 0x00, 0x00, 0x00, 0x00,
  0x00, 0x00, 0x00, 0x00, 0x00, 0x00, 0x00, 0x00, 0x00, 0x00, 0x00, 0x00, 0x00, 0x00, 0x00, 0x00,
  0x00, 0x00, 0x92, 0x93, 0x00, 0x00, 0x00, 0x13, 0x13, 0x52, 0x00, 0x00, 0x00, 0x00, 0x00, 0x00,
  0x00, 0x00, 0x00, 0x00, 0x00, 0x00, 0x00, 0x00, 0x00, 0x00, 0x00, 0x00, 0x00, 0x12, 0x00, 0x00,
  0x00, 0x00, 0x00, 0x00, 0x00, 0x00, 0x00, 0x00, 0x00, 0x00, 0x00, 0x00, 0x00, 0x00, 0x00, 0x00,
  0x00, 0x00, 0x00, 0x00, 0x00, 0x00, 0x00, 0x00, 0x00, 0x00, 0x00, 0x00, 0x00, 0x00, 0x00, 0x00,
  0x00, 0x00, 0x00, 0x52, 0x00, 0x00, 0x00, 0x00, 0x00, 0x00, 0x00, 0x00, 0x00, 0x00, 0x00, 0x00,
  0x00, 0x00, 0x00, 0x00, 0x00, 0x00, 0x00, 0x00, 0x00, 0x00, 0x00, 0x00, 0x00, 0x00, 0x00, 0x00,
  0x00, 0x00, 0x00, 0x00, 0x00, 0x00, 0x00, 0x00, 0x00, 0x00, 0x00, 0x00, 0x00, 0x00, 0x00, 0x00,
  0x00, 0x00, 0x00, 0x00, 0x00, 0x00, 0x00, 0x00, 0x00, 0x00, 0x00, 0x00, 0x00, 0x00, 0x00, 0x00,
  0x00, 0x00, 0x00, 0x00, 0x00, 0x00, 0x00, 0x00, 0x00, 0x00, 0x00, 0x00, 0x00, 0x00, 0x00, 0x00,
  0x00, 0x00, 0x00, 0x00, 0x00, 0x00, 0x00, 0x00, 0x00, 0x00, 0x00, 0x13, 0x13, 0x52, 0x00, 0x00,
  0x00, 0x00, 0x00, 0x00, 0x00, 0x00, 0x00, 0x00, 0x00, 0x00, 0x00, 0x00, 0x00, 0x00, 0x00, 0x00,
  0x00, 0x00, 0x00, 0x00, 0x00, 0x00, 0x00, 0x00, 0x00, 0x00, 0x00, 0x00, 0x00, 0x00, 0x00, 0x00,
  0x00, 0x00, 0x00, 0x00, 0x00, 0x00, 0x00, 0x00, 0x00, 0x00, 0x00, 0x00, 0x00, 0x00, 0x00, 0x00,
  0x00, 0x00, 0x00, 0x00, 0x00, 0x00, 0x00, 0x00, 0x00, 0x00, 0x00, 0x00, 0x00, 0x00, 0x00, 0x00,
  0x00, 0x00, 0x00, 0x00, 0x00, 0x00, 0x00, 0x00, 0x00, 0x00, 0x00, 0x00, 0x00, 0x00, 0x00, 0x00,
  0x00, 0x00, 0x00, 0x00, 0x00, 0x00, 0x00, 0x00, 0x00, 0x00, 0x00, 0x00, 0x00, 0x00, 0x00, 0x00,
  0x00, 0x00, 0x00, 0x00, 0x00, 0x00, 0x00, 0x00, 0x00, 0x00, 0x00, 0x00, 0x00, 0x00, 0x00, 0x00,
  0x00, 0x00, 0x00, 0x00, 0x00, 0x00, 0x00, 0x00, 0x00, 0x00, 0x00, 0x00, 0x00, 0x00, 0x00, 0x00,
  0x00, 0x00, 0x00, 0x00, 0x92, 0xD2, 0x92, 0x00, 0x00, 0x00, 0x00, 0x00, 0x00, 0x13, 0x52, 0x00,
  0x00, 0x00, 0x00, 0x00, 0x00, 0x00, 0x00, 0x00, 0x00, 0x00, 0x00, 0x00, 0x00, 0x92, 0x00, 0x00,
  0x00, 0x00, 0x00, 0x00, 0x00, 0x00, 0x00, 0x00, 0x00, 0x00, 0x00, 0x00, 0x00, 0x00, 0x00, 0x00,
  0x00, 0x00, 0x00, 0x00, 0x00, 0x00, 0x00, 0x00, 0x00, 0x00, 0x00, 0x00, 0x00, 0x00, 0x00, 0x00,
  0x00, 0x00, 0x00, 0x00, 0x00, 0x00, 0x00, 0x00, 0x00, 0x00, 0x00, 0x00, 0x00, 0x00, 0x00, 0x00,
  0x00, 0x00, 0x00, 0x00, 0x00, 0x00, 0x00, 0x00, 0x00, 0x00, 0x00, 0x00, 0x00, 0x00, 0x00, 0x00,
  0x00, 0x00, 0x00, 0x00, 0x00, 0x00, 0x00, 0x00, 0x00, 0x00, 0x00, 0x00, 0x00, 0x00, 0x00, 0x00,
  0x00, 0x00, 0x00, 0x00, 0x00, 0x00, 0x00, 0x00, 0x00, 0x00, 0x00, 0x00, 0x00, 0x00, 0x00, 0x00,
  0x00, 0x00, 0x00, 0x00, 0x00, 0x00, 0x00, 0x00, 0x00, 0x00, 0x00, 0x00, 0x00, 0x00, 0x00, 0x00,
  0x00, 0x00, 0x00, 0x00, 0x00, 0x00, 0x00, 0x00, 0x00, 0x00, 0x00, 0x00, 0x00, 0x00, 0x00, 0x00,
  0x13, 0x13, 0x52, 0x00, 0x00, 0x00, 0x00, 0x00, 0x00, 0x00, 0x00, 0x00, 0x00, 0x00, 0x40, 0x03,
  0x00, 0x00, 0x00, 0x00, 0x00, 0x00, 0x00, 0x00, 0x00, 0x00, 0x00, 0x00, 0x00, 0x00, 0x00, 0x00,
  0x00, 0x00, 0x00, 0x00, 0x00, 0x00, 0x00, 0x00, 0x00, 0x00, 0x00, 0x00, 0x00, 0x00, 0x00, 0x00,
  0x00, 0x00, 0x00, 0x00, 0x52, 0x00, 0x00, 0x00, 0x00, 0x00, 0x00, 0x00, 0x00, 0x00, 0x00, 0x00,
  0x00, 0x00, 0x00, 0x00, 0x00, 0x00, 0x00, 0x00, 0x00, 0x00, 0x00, 0x00, 0x00, 0x00, 0x00, 0x00,
  0x00, 0x00, 0x00, 0x00, 0x00, 0x00, 0x00, 0x00, 0x00, 0x00, 0x00, 0x00, 0x00, 0x00, 0x00, 0x00,
  0x00, 0x00, 0x00, 0x00, 0x00, 0x00, 0x00, 0x00, 0x00, 0x00, 0x00, 0x00, 0x00, 0x00, 0x00, 0x00,
  0x00, 0x00, 0x00, 0x00, 0x00, 0x00, 0x00, 0x00, 0x00, 0x00, 0x00, 0x00, 0x00, 0x00, 0x00, 0x00,
  0x00, 0x00, 0x00, 0x00, 0x00, 0x00, 0x00, 0x00, 0x00, 0x00, 0x00, 0x00, 0x00, 0x00, 0x00, 0x00,
  0x00, 0x00, 0x13, 0x52, 0x00, 0x00, 0x00, 0x00, 0x00, 0x00, 0x00, 0x00, 0x00, 0x00, 0xFF, 0x03,
  0x00, 0x00, 0x00, 0x00, 0x00, 0x00, 0x00, 0x00, 0x00, 0x00, 0x00, 0x00, 0x00, 0x00, 0x00, 0x00,
  0x00, 0x00, 0x00, 0x00, 0x00, 0x00, 0x00, 0x00, 0x00, 0x00, 0x00, 0x00, 0x00, 0x00, 0x00, 0x00,
  0x00, 0x00, 0x00, 0x00, 0x00, 0x00, 0x00, 0x00, 0x00, 0x00, 0x00, 0x00, 0x00, 0x00, 0x00, 0x00,
  0x00, 0x00, 0x00, 0x00, 0x00, 0x00, 0x00, 0x00, 0x00, 0x00, 0x00, 0x00, 0x00, 0x00, 0x00, 0x00,
  0x00, 0x00, 0x00, 0x00, 0x00, 0x00, 0x00, 0x00, 0x00, 0x00, 0x00, 0x00, 0x00, 0x00, 0x00, 0x00,
  0x00, 0x00, 0x00, 0x00, 0x00, 0x00, 0x00, 0x00, 0x00, 0x00, 0x00, 0x00, 0x00, 0x00, 0x00, 0x00,
  0x00, 0x00, 0x00, 0x00, 0x00, 0x00, 0x00, 0x00, 0x00, 0x00, 0x00, 0x00, 0x00, 0x00, 0x00, 0x00,
  0x00, 0x00, 0x00, 0x00, 0x00, 0x00, 0x00, 0x92, 0xD2, 0x92, 0x00, 0x00, 0x00, 0x00, 0x00, 0x00,
  0x00, 0x00, 0x00, 0x00, 0x00, 0x00, 0x00, 0x13, 0x52, 0x00, 0x00, 0x00, 0x00, 0x00, 0xFE, 0x03,
  0x00, 0x00, 0x00, 0x00, 0x00, 0x00, 0x00, 0x00, 0x00, 0x00, 0x00, 0x00, 0x00, 0x00, 0x00, 0x00,
  0x00, 0x00, 0x00, 0x00, 0x00, 0x00, 0x00, 0x00, 0x00, 0x00, 0x00, 0x00, 0x00, 0x00, 0x00, 0x00,
  0x00, 0x00, 0x00, 0x00, 0x00, 0x00, 0x00, 0x00, 0x00, 0x00, 0x00, 0x00, 0x00, 0x00, 0x00, 0x00,
  0x00, 0x00, 0x00, 0x00, 0x00, 0x00, 0x00, 0x00, 0x00, 0x00, 0x00, 0x00, 0x00, 0x00, 0x00, 0x00,
  0x00, 0x00, 0x00, 0x00, 0x00, 0x00, 0x00, 0x00, 0x00, 0x00, 0x00, 0x00, 0x00, 0x00, 0x00, 0x00,
  0x00, 0x00, 0x00, 0x00, 0x00, 0x00, 0x00, 0x00, 0x00, 0x00, 0x00, 0x00, 0x00, 0x00, 0x00, 0x00,
  0x00, 0x00, 0x00, 0x00, 0x00, 0x00, 0x00, 0x00, 0x00, 0x00, 0x00, 0x00, 0x00, 0x00, 0x00, 0x00,
  0x00, 0x00, 0x00, 0x00, 0x00, 0x00, 0x00, 0x00, 0x00, 0x00, 0x00, 0x00, 0x00, 0x00, 0x00, 0x00,
  0x00, 0x00, 0x00, 0x00, 0x00, 0x00, 0x00, 0x00, 0x13, 0x52, 0x00, 0x00, 0x00, 0x00, 0xFD, 0x03,
  0x00, 0x00, 0x00, 0x00, 0x00, 0x00, 0x00, 0x00, 0x00, 0x00, 0x00, 0x00, 0x00, 0x00, 0x00, 0x00,
  0x00, 0x00, 0x00, 0x00, 0x00, 0x00, 0x00, 0x00, 0x00, 0x00, 0x00, 0x00, 0x00, 0x00, 0x00, 0x00,
  0x00, 0x00, 0x00, 0x00, 0x00, 0x52, 0x00, 0x00, 0x00, 0x00, 0x00, 0x00, 0x00, 0x00, 0x00, 0x00,
  0x00, 0x00, 0x00, 0x00, 0x00, 0x00, 0x00, 0x00, 0x00, 0x00, 0x00, 0x00, 0x00, 0x00, 0x00, 0x00,
  0x00, 0x00, 0x00, 0x00, 0x00, 0x00, 0x00, 0x00, 0x00, 0x00, 0x00, 0x00, 0x00, 0x00, 0x00, 0x00,
  0x00, 0x00, 0x00, 0x00, 0x00, 0x00, 0x00, 0x00, 0x00, 0x00, 0x00, 0x00, 0x00, 0x00, 0x00, 0x00,
  0x00, 0x00, 0x00, 0x00, 0x00, 0x00, 0x00, 0x00, 0x00, 0x00, 0x00, 0x00, 0x00, 0x00, 0x00, 0x00,
  0x00, 0x00, 0x00, 0x00, 0x00, 0x00, 0x00, 0x00, 0x00, 0x00, 0x92, 0x00, 0x00, 0x00, 0x00, 0x00,
  0x00, 0x00, 0x00, 0x00, 0x00, 0x00, 0x00, 0x00, 0x00, 0x00, 0x00, 0x00, 0x00, 0x00, 0x00, 0x00,
  0x00, 0x00, 0x00, 0x00, 0x00, 0x00, 0x00, 0x00, 0x00, 0x00, 0x00, 0x00, 0x00, 0x00, 0x00, 0x00,
  0x00, 0x00, 0x00, 0x00, 0x00, 0x00, 0x00, 0x00, 0x00, 0x00, 0x00, 0x00, 0x00, 0x00, 0x00, 0x00,
  0x00, 0x00, 0x00, 0x00, 0x00, 0x00, 0x00, 0x00, 0x00, 0x00, 0x00, 0x00, 0x00, 0x00, 0x00, 0x00,
  0x00, 0x00, 0x00, 0x00, 0x00, 0x00, 0x00, 0x00, 0x00, 0x00, 0x00, 0x00, 0x00, 0x00, 0x00, 0x00,
  0x00, 0x00, 0x00, 0x00, 0x00, 0x00, 0x00, 0x00, 0x00, 0x00, 0x00, 0x00, 0x00, 0x00, 0x00, 0x00,
  0x00, 0x00, 0x00, 0x00, 0x00, 0x00, 0x00, 0x00, 0x00, 0x00, 0x00, 0x00, 0x00, 0x00, 0x00, 0x00,
  0x00, 0x00, 0x00, 0x00, 0x00, 0x00, 0x00, 0x00, 0x00, 0x00, 0x00, 0x00, 0x00, 0x00, 0x00, 0x00,
  0x00, 0x00, 0x00, 0x00, 0x00, 0x00, 0x00, 0x00, 0x00, 0x00, 0x00, 0x00, 0x00, 0x00, 0x00, 0x00,
  0x00, 0x00, 0x00, 0x00, 0x00, 0x00, 0x00, 0x00, 0x00, 0x00, 0x00, 0x00, 0x00, 0x00, 0x00, 0x00,
  0x00, 0x00, 0x00, 0x00, 0x00, 0x00, 0x00, 0x00, 0x00, 0x00, 0x00, 0x00, 0x00, 0x00, 0x00, 0x00,
  0x00, 0x00, 0x00, 0x00, 0x00, 0x00, 0x00, 0x00, 0x00, 0x00, 0x00, 0x00, 0x00, 0x00, 0x00, 0x00,
  0x00, 0x00, 0x00, 0x00, 0x00, 0x00, 0x52, 0x00, 0x00, 0x00, 0x00, 0x00, 0x00, 0x00, 0x00, 0x00,
  0x00, 0x00, 0x00, 0x00, 0x00, 0x00, 0x00, 0x00, 0x00, 0x00, 0x00, 0x00, 0x00, 0x00, 0x00, 0x00,
  0x00, 0x00, 0x00, 0x00, 0x00, 0x00, 0x00, 0x00, 0x00, 0x00, 0x00, 0x00, 0x00, 0x00, 0x00, 0x00,
  0x00, 0x00, 0x00, 0x00, 0x00, 0x00, 0x00, 0x00, 0x00, 0x00, 0x00, 0x00, 0x00, 0x00, 0x00, 0x00,
  0x00, 0x00, 0x00, 0x00, 0x00, 0x00, 0x00, 0x00, 0x00, 0x00, 0x00, 0x00, 0x00, 0x00, 0x00, 0x00,
  0x00, 0x00, 0x00, 0x00, 0x00, 0x00, 0x00, 0x00, 0x00, 0x00, 0x00, 0x00, 0x00, 0x92, 0x00, 0x00,
  0x00, 0x00, 0x00, 0x00, 0x00, 0x00, 0x00, 0x00, 0x00, 0x00, 0x00, 0x00, 0x00, 0x00, 0x00, 0x00,
  0x00, 0x00, 0x00, 0x00, 0x00, 0x00, 0x00, 0x00, 0x00, 0x00, 0x00, 0x00, 0x00, 0x00, 0x00, 0x00,
  0x00, 0x00, 0x00, 0x00, 0x00, 0x00, 0x00, 0x00, 0x00, 0x00, 0x00, 0x00, 0x00, 0x00, 0x00, 0x00,
  0x00, 0x00, 0x00, 0x00, 0x00, 0x00, 0x00, 0x00, 0x00, 0x00, 0x00, 0x00, 0x00, 0x00, 0x00, 0x00,
  0x00, 0x00, 0x00, 0x00, 0x00, 0x00, 0x00, 0x00, 0x00, 0x00, 0x00, 0x00, 0x00, 0x00, 0x00, 0x00,
  0x00, 0x00, 0x00, 0x00, 0x00, 0x00, 0x00, 0x00, 0x00, 0x00, 0x00, 0x00, 0x00, 0x00, 0x00, 0x00,
  0x00, 0x00, 0x00, 0x00, 0x00, 0x00, 0x00, 0x00, 0x00, 0x00, 0x00, 0x00, 0x00, 0x00, 0x00, 0x00,
  0x00, 0x00, 0x00, 0x00, 0x00, 0x00, 0x00, 0x00, 0x00, 0x00, 0x00, 0x00, 0x00, 0x00, 0x00, 0x00,
  0x00, 0x00, 0x00, 0x00, 0x00, 0x00, 0x00, 0x00, 0x00, 0x00, 0x00, 0x92, 0xD2, 0x00, 0x00, 0x00,
  0x00, 0x00, 0x00, 0x00, 0x00, 0x00, 0x00, 0x00, 0x00, 0x00, 0x00, 0x00, 0x00, 0x00, 0x00, 0x00,
  0x00, 0x00, 0x00, 0x00, 0x00, 0x00, 0x00, 0x00, 0x00, 0x00, 0x00, 0x00, 0x00, 0x00, 0x00, 0x00,
  0x00, 0x00, 0x00, 0x00, 0x00, 0x00, 0x00, 0x00, 0x00, 0x00, 0x00, 0x00, 0x00, 0x00, 0x00, 0x00,
  0x00, 0x00, 0x00, 0x00, 0x00, 0x00, 0x00, 0x00, 0x00, 0x00, 0x00, 0x00, 0x00, 0x00, 0x00, 0x00,
  0x00, 0x00, 0x00, 0x00, 0x00, 0x00, 0x00, 0x00, 0x00, 0x00, 0x00, 0x00, 0x00, 0x00, 0x00, 0x00,
  0x00, 0x00, 0x00, 0x00, 0x00, 0x00, 0x00, 0x00, 0x00, 0x00, 0x00, 0x00, 0x00, 0x00, 0x00, 0x00,
  0x00, 0x00, 0x00, 0x00, 0x00, 0x00, 0x00, 0x00, 0x00, 0x00, 0x00, 0x00, 0x00, 0x00, 0x00, 0x00,
  0x00, 0x00, 0x00, 0x00, 0x00, 0x00, 0x00, 0x00, 0x00, 0x00, 0x00, 0x00, 0x00, 0x00, 0x00, 0x00,
  0x00, 0x00, 0x00, 0x00, 0x00, 0x00, 0x00, 0x00, 0x00, 0x00, 0x00, 0x00, 0x00, 0x00, 0x92, 0x00,
  0x00, 0x00, 0x00, 0x00, 0x00, 0x00, 0x00, 0x00, 0x00, 0x00, 0x00, 0x00, 0x00, 0x00, 0x00, 0x00,
  0x00, 0x00, 0x00, 0x00, 0x00, 0x00, 0x00, 0x00, 0x00, 0x00, 0x00, 0x00, 0x00, 0x00, 0x00, 0x00,
  0x00, 0x00, 0x00, 0x00, 0x00, 0x00, 0x00, 0x00, 0x00, 0x00, 0x00, 0x00, 0x00, 0x00, 0x00, 0x00,
  0x00, 0x00, 0x00, 0x00, 0x00, 0x00, 0x00, 0x00, 0x00, 0x00, 0x00, 0x00, 0x00, 0x00, 0x00, 0x00,
  0x00, 0x00, 0x00, 0x00, 0x00, 0x00, 0x00, 0x00, 0x00, 0x00, 0x00, 0x00, 0x00, 0x00, 0x00, 0x00,
  0x00, 0x00, 0x00, 0x00, 0x00, 0x00, 0x00, 0x00, 0x00, 0x00, 0x00, 0x00, 0x00, 0x00, 0x00, 0x00,
  0x00, 0x00, 0x00, 0x00, 0x00, 0x00, 0x00, 0x00, 0x00, 0x00, 0x00, 0x00, 0x00, 0x00, 0x00, 0x00,
  0x00, 0x00, 0x00, 0x00, 0x00, 0x00, 0x00, 0x00, 0x00, 0x00, 0x00, 0x00, 0x00, 0x00, 0x00, 0x00,
  0x00, 0x00, 0x00, 0x00, 0x00, 0x00, 0x00, 0x00, 0x00, 0x00, 0x00, 0x00, 0x00, 0x00, 0x00, 0x00,
  0x00, 0x00, 0x00, 0x00, 0x00, 0x00, 0x00, 0x00, 0x00, 0x00, 0x00, 0x00, 0x00, 0x00, 0x00, 0x00,
  0x00, 0x00, 0x00, 0x00, 0x00, 0x00, 0x00, 0x00, 0x00, 0x00, 0x00, 0x00, 0x00, 0x00, 0x00, 0x00,
  0x00, 0x00, 0x00, 0x00, 0x00, 0x00, 0x00, 0x00, 0x00, 0x00, 0x00, 0x00, 0x00, 0x00, 0x00, 0x00,
  0x00, 0x00, 0x00, 0x00, 0x00, 0x00, 0x00, 0x00, 0x00, 0x00, 0x00, 0x00, 0x00, 0x00, 0x00, 0x00,
  0x00, 0x00, 0x00, 0x00, 0x00, 0x00, 0x00, 0x00, 0x00, 0x00, 0x00, 0x00, 0x00, 0x00, 0x00, 0x00,
  0x00, 0x00, 0x00, 0x00, 0x00, 0x00, 0x00, 0x00, 0x00, 0x00, 0x00, 0x00, 0x00, 0x00, 0x00, 0x00,
  0x00, 0x00, 0x00, 0x00, 0x00, 0x00, 0x00, 0x00, 0x00, 0x00, 0x00, 0x00, 0x00, 0x00, 0x00, 0x00,
  0x00, 0x00, 0x00, 0x00, 0x00, 0x00, 0x00, 0x00, 0x00, 0x00, 0x00, 0x00, 0x00, 0x00, 0x00, 0x00,
  0x00, 0x00, 0x00, 0x00, 0x00, 0x00, 0x00, 0x00, 0x00, 0x00, 0x00, 0x00, 0x00, 0x00, 0x00, 0x00,
  0x00, 0x00, 0x00, 0x00, 0x00, 0x00, 0x00, 0x00, 0x00, 0x00, 0x00, 0x00, 0x00, 0x00, 0x00, 0x00,
  0x00, 0x00, 0x00, 0x00, 0x00, 0x00, 0x00, 0x00, 0x00, 0x00, 0x00, 0x00, 0x00, 0x00, 0x00, 0x00,
  0x00, 0x00, 0x00, 0x00, 0x00, 0x00, 0x00, 0x00, 0x00, 0x00, 0x00, 0x00, 0x00, 0x00, 0x00, 0x00,
  0x00, 0x00, 0x00, 0x00, 0x00, 0x00, 0x00, 0x00, 0x00, 0x00, 0x00, 0x00, 0x00, 0x00, 0x00, 0x00,
  0x00, 0x00, 0x00, 0x00, 0x00, 0x00, 0x00, 0x00, 0x00, 0x00, 0x00, 0x00, 0x00, 0x00, 0x00, 0x00,
  0x00, 0x00, 0x00, 0x00, 0x00, 0x00, 0x00, 0x00, 0x00, 0x00, 0x00, 0x00, 0x00, 0x00, 0x00, 0x00,
  0x00, 0x00, 0x00, 0x00, 0x00, 0x00, 0x00, 0x00, 0x00, 0x00, 0x00, 0x00, 0x00, 0x00, 0x00, 0x00,
  0x00, 0x00, 0x00, 0x00, 0x00, 0x00, 0x00, 0x00, 0x00, 0x00, 0x00, 0x00, 0x00, 0x00, 0x00, 0x00,
  0x00, 0x00, 0x00, 0x00, 0x00, 0x00, 0x00, 0x00, 0x00, 0x00, 0x00, 0x00, 0x00, 0x00, 0x00, 0x92,
  0xD2, 0x00, 0x00, 0x00, 0x00, 0x00, 0x00, 0x00, 0x00, 0x00, 0x00, 0x00, 0x00, 0x00, 0x00, 0x00,
  0x00, 0x00, 0x00, 0x00, 0x00, 0x00, 0x00, 0x00, 0x00, 0x00, 0x00, 0x00, 0x00, 0x00, 0x00, 0x00,
  0x00, 0x00, 0x00, 0x00, 0x00, 0x00, 0x00, 0x00, 0x00, 0x00, 0x00, 0x00, 0x00, 0x00, 0x00, 0x00,
  0x00, 0x00, 0x00, 0x00, 0x00, 0x00, 0x00, 0x00, 0x00, 0x00, 0x00, 0x00, 0x00, 0x00, 0x00, 0x00,
  0x00, 0x00, 0x00, 0x00, 0x00, 0x00, 0x00, 0x00, 0x00, 0x00, 0x00, 0x00, 0x00, 0x00, 0x00, 0x00,
  0x00, 0x00, 0x00, 0x00, 0x00, 0x00, 0x00, 0x00, 0x00, 0x00, 0x00, 0x00, 0x00, 0x00, 0x00, 0x00,
  0x00, 0x00, 0x00, 0x00, 0x00, 0x00, 0x00, 0x00, 0x00, 0x00, 0x00, 0x00, 0x00, 0x00, 0x00, 0x00,
  0x00, 0x00, 0x00, 0x00, 0x00, 0x00, 0x00, 0x00, 0x00, 0x00, 0x00, 0x00, 0x00, 0x00, 0x00, 0x00,
  0x00, 0x00, 0x00, 0x00, 0x00, 0x00, 0x00, 0x00, 0x00, 0x00, 0x00, 0x00, 0x00, 0x00, 0x00, 0x00,
  0x00, 0x92, 0x00, 0x00, 0x00, 0x00, 0x00, 0x00, 0x00, 0x00, 0x00, 0x00, 0x00, 0x00, 0x00, 0x00,
  0x00, 0x00, 0x00, 0x93, 0xD2, 0x92, 0x93, 0x93, 0x93, 0xD2, 0x00, 0x92, 0x93, 0xD2, 0x00, 0x00,
  0x00, 0x00, 0x92, 0xD2, 0x00, 0x92, 0x93, 0x93, 0x00, 0x93, 0xD2, 0x92, 0x93, 0x00, 0x00, 0x00,
  0x00, 0x00, 0x00, 0x00, 0x00, 0x00, 0x00, 0x00, 0x00, 0x00, 0x00, 0x00, 0x00, 0x00, 0x00, 0x00,
  0x00, 0x00, 0x00, 0x00, 0x00, 0x00, 0x00, 0x00, 0x00, 0x00, 0x00, 0x00, 0x00, 0x00, 0x00, 0x00,
  0x00, 0x00, 0x00, 0x00, 0x00, 0x00, 0x00, 0x00, 0x00, 0x00, 0x00, 0x00, 0x00, 0x00, 0x00, 0x00,
  0x00, 0x00, 0x00, 0x00, 0x00, 0x00, 0x00, 0x00, 0x00, 0x00, 0x00, 0x00, 0x00, 0x00, 0x00, 0x00,
  0x00, 0x00, 0x00, 0x00, 0x00, 0x00, 0x00, 0x00, 0x00, 0x00, 0x00, 0x00, 0x00, 0x00, 0x00, 0x00,
  0x00, 0x00, 0x00, 0x00, 0x00, 0x00, 0x00, 0x00, 0x00, 0x00, 0x00, 0x00, 0x00, 0x00, 0x00, 0x00,
  0x00, 0x00, 0x00, 0x00, 0x00, 0x00, 0x00, 0x00, 0x00, 0x00, 0x00, 0x00, 0x00, 0x00, 0x00, 0x00,
  0x00, 0x00, 0x00, 0x00, 0x00, 0x00, 0x00, 0x92, 0xD2, 0x00, 0x00, 0x00, 0x00, 0x00, 0x00, 0x00,
  0x00, 0x00, 0x00, 0x00, 0x00, 0x00, 0x00, 0x00, 0x92, 0xD2, 0x00, 0x00, 0x00, 0x92, 0x93, 0x00,
  0x00, 0x00, 0x00, 0x00, 0x00, 0x00, 0x00, 0x00, 0x00, 0x00, 0x00, 0x00, 0x00, 0x00, 0x00, 0x00,
  0x00, 0x00, 0x00, 0x00, 0x00, 0x00, 0x00, 0x00, 0x00, 0x00, 0x00, 0x00, 0x00, 0x00, 0x00, 0x00,
  0x00, 0x00, 0x00, 0x00, 0x00, 0x00, 0x00, 0x00, 0x00, 0x00, 0x00, 0x00, 0x00, 0x00, 0x00, 0x00,
  0x00, 0x00, 0x00, 0x00, 0x00, 0x00, 0x00, 0x00, 0x00, 0x00, 0x00, 0x00, 0x00, 0x00, 0x00, 0x00,
  0x00, 0x00, 0x00, 0x00, 0x00, 0x00, 0x00, 0x00, 0x00, 0x00, 0x00, 0x00, 0x00, 0x00, 0x00, 0x00,
  0x00, 0x00, 0x00, 0x00, 0x00, 0x00, 0x00, 0x00, 0x00, 0x00, 0x00, 0x00, 0x00, 0x00, 0x00, 0x00,
  0x00, 0x00, 0x92, 0x93, 0x00, 0x00, 0x00, 0x00, 0x00, 0x00, 0x00, 0x00, 0x00, 0x00, 0x00, 0x00,
  0x00, 0x00, 0xD2, 0x00, 0x00, 0x00, 0x00, 0x00, 0x00, 0x00, 0x00, 0x00, 0x00, 0x00, 0x00, 0x00,
  0x00, 0x00, 0x00, 0x00, 0x00, 0x00, 0x00, 0x00, 0x00, 0x00, 0x00, 0x00, 0x00, 0x00, 0x00, 0x07,
  0xFF, 0x07, 0xFF, 0x07, 0xFF, 0x07, 0xFF, 0x00, 0x00, 0x00, 0x00, 0x00, 0x00, 0x00, 0x00, 0x00,
  0x00, 0x00, 0x00, 0x00, 0x00, 0x00, 0x00, 0x00, 0x00, 0x00, 0x00, 0x00, 0x00, 0x00, 0x00, 0x00,
  0x00, 0x00, 0x00, 0x00, 0x00, 0x00, 0x00, 0x00, 0x00, 0x00, 0x00, 0x00, 0x00, 0x00, 0x00, 0x00,
  0x00, 0x00, 0x00, 0x00, 0x00, 0x00, 0x00, 0x00, 0x00, 0x00, 0x00, 0x00, 0x00, 0x00, 0x00, 0x00,
  0x00, 0x00, 0x00, 0x00, 0x00, 0x00, 0x00, 0x00, 0x00, 0x00, 0x00, 0x00, 0x00, 0x00, 0x00, 0x00,
  0x00, 0x00, 0x00, 0x00, 0x00, 0x00, 0x00, 0x00, 0x00, 0x00, 0x00, 0x00, 0x00, 0x00, 0x00, 0x00,
  0x00, 0x00, 0x00, 0x92, 0xD2, 0x92, 0x93, 0x93, 0x00, 0x00, 0x00, 0x00, 0x00, 0x00, 0x00, 0x00,
  0x02, 0x41, 0x00, 0x00, 0x00, 0x00, 0x00, 0x00, 0x00, 0x00, 0x00, 0x00, 0x00, 0x00, 0x00, 0x00,
  0x00, 0x00, 0x00, 0x00, 0x00, 0x00, 0x00, 0x00, 0x00, 0x00, 0x00, 0x00, 0x00, 0x00, 0x00, 0xFF,
  0xFF, 0xFF, 0xFF, 0xFF, 0xFF, 0xFF, 0xFF, 0x00, 0x00, 0x00, 0x00, 0x00, 0x00, 0x00, 0x00, 0x00,
  0x00, 0x00, 0x00, 0x00, 0x00, 0x00, 0x00, 0x00, 0x00, 0x00, 0x00, 0x00, 0x00, 0x00, 0x00, 0x00,
  0x00, 0x00, 0x00, 0x00, 0x00, 0x00, 0x00, 0x00, 0x00, 0x00, 0x00, 0x00, 0x00, 0x00, 0x00, 0x00,
  0x00, 0x00, 0x00, 0x00, 0x00, 0x00, 0x00, 0x00, 0x00, 0x00, 0x00, 0x00, 0x00, 0x00, 0x00, 0x00,
  0x00, 0x00, 0x00, 0x00, 0x00, 0x00, 0x00, 0x00, 0x00, 0x00, 0x00, 0x00, 0x00, 0x00, 0x00, 0x00,
  0x00, 0x00, 0x00, 0x00, 0x00, 0x00, 0x00, 0x00, 0x00, 0x00, 0x00, 0x00, 0x00, 0x00, 0x00, 0x00,
  0x00, 0x00, 0x00, 0x00, 0x00, 0x00, 0x00, 0x00, 0x00, 0x00, 0x00, 0x00, 0x00, 0x00, 0x00, 0x00,
  0x02, 0xFF, 0x00, 0x00, 0x00, 0x00, 0x00, 0x00, 0x00, 0x00, 0x00, 0x00, 0x00, 0x00, 0x00, 0x00,
  0x00, 0x00, 0x00, 0x00, 0x00, 0x00, 0x00, 0x00, 0x00, 0x00, 0x00, 0x00, 0x00, 0x00, 0x00, 0x07,
  0xFF, 0x07, 0xFF, 0x07, 0xFF, 0x07, 0xFF, 0x00, 0x00, 0x00, 0x00, 0x00, 0x00, 0x00, 0x00, 0x00,
  0x00, 0x00, 0x00, 0x00, 0x00, 0x00, 0x00, 0x00, 0x00, 0x00, 0x00, 0x00, 0x00, 0x00, 0x00, 0x00,
  0x00, 0x00, 0x00, 0x00, 0x00, 0x00, 0x00, 0x00, 0x00, 0x00, 0x00, 0x00, 0x00, 0x00, 0x00, 0x00,
  0x00, 0x00, 0x00, 0x00, 0x00, 0x00, 0x00, 0x00, 0x00, 0x00, 0x00, 0x00, 0x00, 0x00, 0x00, 0x00,
  0x00, 0x00, 0x00, 0x00, 0x00, 0x00, 0x00, 0x00, 0x00, 0x00, 0x00, 0x00, 0x00, 0x00, 0x00, 0x00,
  0x00, 0x00, 0x00, 0x00, 0x00, 0x00, 0x00, 0x00, 0x00, 0x00, 0x00, 0x00, 0x00, 0x00, 0x00, 0x00,
  0x00, 0x00, 0x00, 0x00, 0x00, 0x00, 0x00, 0x00, 0x92, 0x93, 0x00, 0x00, 0x00, 0x00, 0x00, 0x00,
  0x02, 0xFE, 0x00, 0x00, 0x00, 0x00, 0x00, 0x00, 0x00, 0x00, 0x00, 0x00, 0x00, 0x00, 0x00, 0x00,
  0x00, 0x00, 0x00, 0x00, 0x00, 0x00, 0x00, 0x00, 0x00, 0x00, 0x00, 0x00, 0x00, 0x00, 0x00, 0xFF,
  0xFF, 0xFF, 0xFF, 0xFF, 0xFF, 0xFF, 0xFF, 0x00, 0x00, 0x00, 0x00, 0x00, 0x00, 0x00, 0x00, 0x00,
  0x00, 0x00, 0x00, 0x00, 0x00, 0x00, 0x00, 0x00, 0x00, 0x00, 0x00, 0x00, 0x00, 0x00, 0x00, 0x00,
  0x00, 0x00, 0x00, 0x00, 0x00, 0x00, 0x00, 0x00, 0x00, 0x00, 0x00, 0x00, 0x00, 0x00, 0x00, 0x00,
  0x00, 0x00, 0x00, 0x00, 0x00, 0x00, 0x00, 0x00, 0x00, 0x00, 0x00, 0x00, 0x00, 0x00, 0x00, 0x00,
  0x00, 0x00, 0x00, 0x00, 0x00, 0x00, 0x00, 0x00, 0x00, 0x00, 0x00, 0x00, 0x00, 0x00, 0x00, 0x00,
  0x00, 0x00, 0x00, 0x00, 0x00, 0x00, 0x00, 0x00, 0x00, 0x00, 0x00, 0x00, 0x00, 0x00, 0x00, 0x00,
  0x00, 0x00, 0x00, 0x00, 0x00, 0x00, 0x00, 0x00, 0x00, 0x00, 0x92, 0x00, 0x00, 0x00, 0x00, 0x00,
  0x02, 0xFD, 0x00, 0x00, 0x00, 0x00, 0x00, 0x00, 0x00, 0x00, 0x00, 0x00, 0x00, 0x00, 0x00, 0x00,
  0x00, 0x00, 0x00, 0x00, 0x00, 0x00, 0x00, 0x00, 0x00, 0x00, 0x00, 0x00, 0x00, 0x00, 0x00, 0x00,
  0x00, 0x00, 0x00, 0x00, 0x00, 0x00, 0x00, 0x00, 0x00, 0x00, 0x00, 0x00, 0x00, 0x00, 0x00, 0x00,
  0x00, 0x00, 0x00, 0x00, 0x00, 0x00, 0x00, 0x00, 0x00, 0x00, 0x00, 0x00, 0x00, 0x00, 0x00, 0x00,
  0x00, 0x00, 0x00, 0x00, 0x00, 0x00, 0x00, 0x00, 0x00, 0x00, 0x00, 0x00, 0x00, 0x00, 0x00, 0x00,
  0x00, 0x00, 0x00, 0x00, 0x00, 0x00, 0x00, 0x00, 0x00, 0x00, 0x00, 0x00, 0x00, 0x00, 0x00, 0x00,
  0x00, 0x00, 0x00, 0x00, 0x00, 0x00, 0x00, 0x00, 0x00, 0x12, 0x13, 0x13, 0x00, 0x00, 0x00, 0x00,
  0x53, 0x53, 0x52, 0x00, 0x00, 0x00, 0x00, 0x00, 0x00, 0x00, 0x00, 0x00, 0x00, 0x00, 0x00, 0x00,
  0x00, 0x00, 0x00, 0x00, 0x00, 0x00, 0x00, 0x00, 0x00, 0x00, 0x00, 0x00, 0x00, 0x00, 0x00, 0x00,
  0x00, 0x00, 0x00, 0x00, 0x00, 0x00, 0x00, 0x00, 0x00, 0x00, 0x00, 0x00, 0x00, 0x00, 0x00, 0x00,
  0x00, 0x00, 0x00, 0x00, 0x00, 0x00, 0x00, 0x00, 0x00, 0x00, 0x00, 0x00, 0x00, 0x00, 0x00, 0x00,
  0x00, 0x00, 0x00, 0x00, 0x00, 0x00, 0x00, 0x00, 0x00, 0x00, 0x00, 0x00, 0x00, 0x00, 0x00, 0x00,
  0x00, 0x00, 0x00, 0x00, 0x00, 0x00, 0x00, 0x00, 0x00, 0x00, 0x00, 0x00, 0x00, 0x00, 0x00, 0x00,
  0x00, 0x00, 0x00, 0x00, 0x00, 0x00, 0x00, 0x00, 0x00, 0x00, 0x00, 0x00, 0x00, 0x00, 0x00, 0x00,
  0x00, 0x00, 0x00, 0x00, 0x00, 0x00, 0x00, 0x00, 0x00, 0x00, 0x00, 0x00, 0x00, 0x00, 0x00, 0x00,
  0x00, 0x00, 0x00, 0x00, 0x00, 0x00, 0x00, 0x00, 0x00, 0x00, 0x00, 0x00, 0x00, 0x00, 0x00, 0x00,
  0x00, 0x00, 0x00, 0x00, 0x00, 0x53, 0x53, 0x52, 0x00, 0x00, 0x00, 0x00, 0x00, 0x00, 0x00, 0x00,
  0x00, 0x00, 0x00, 0x00, 0x00, 0x00, 0x00, 0x00, 0x00, 0x00, 0x00, 0x92, 0x00, 0x00, 0x00, 0x00,
  0x00, 0x00, 0x00, 0x00, 0x00, 0x00, 0x00, 0x00, 0x00, 0x00, 0x00, 0x00, 0x00, 0x00, 0x00, 0x00,
  0x00, 0x00, 0x00, 0x00, 0x00, 0x00, 0x00, 0x00, 0x00, 0x00, 0x00, 0x00, 0x00, 0x00, 0x00, 0x00,
  0x00, 0x00, 0x00, 0x00, 0x00, 0x00, 0x00, 0x00, 0x00, 0x00, 0x00, 0x00, 0x00, 0x00, 0x00, 0x00,
  0x00, 0x00, 0x00, 0x00, 0x00, 0x00, 0x00, 0x00, 0x00, 0x00, 0x00, 0x00, 0x00, 0x00, 0x00, 0x00,
  0x00, 0x00, 0x00, 0x00, 0x00, 0x00, 0x00, 0x00, 0x00, 0x00, 0x00, 0x00, 0x00, 0x00, 0x00, 0x00,
  0x00, 0x00, 0x00, 0x00, 0x00, 0x00, 0x00, 0x00, 0x00, 0x00, 0x00, 0x00, 0x00, 0x00, 0x00, 0x00,
  0x00, 0x00, 0x00, 0x00, 0x00, 0x00, 0x00, 0x94, 0x95, 0x00, 0x00, 0x00, 0x00, 0x00, 0x00, 0x00,
  0x00, 0x00, 0x00, 0x00, 0x00, 0x00, 0x00, 0x00, 0x00, 0x00, 0x00, 0x00, 0x00, 0x00, 0x00, 0x00,
  0x00, 0x00, 0x00, 0x00, 0x00, 0x00, 0x00, 0x00, 0x00, 0x00, 0x00, 0x00, 0x00, 0x00, 0x00, 0x00,
  0x00, 0x00, 0x00, 0x00, 0x00, 0x00, 0x00, 0x00, 0x00, 0x00, 0x00, 0x00, 0x00, 0x00, 0x00, 0x00,
  0x00, 0x00, 0x00, 0x00, 0x00, 0x00, 0x00, 0x00, 0x00, 0x00, 0x00, 0x00, 0x00, 0x00, 0x00, 0x00,
  0x00, 0x00, 0x00, 0x00, 0x00, 0x00, 0x00, 0x00, 0x00, 0x00, 0x00, 0x00, 0x00, 0x00, 0x00, 0x00,
  0x00, 0x00, 0x00, 0x00, 0x00, 0x00, 0x00, 0x00, 0x00, 0x00, 0x00, 0x00, 0x00, 0x00, 0x00, 0x00,
  0x00, 0x00, 0x00, 0x00, 0x00, 0x00, 0x00, 0x00, 0x00, 0x00, 0x00, 0x00, 0x00, 0x00, 0x00, 0x00,
  0x00, 0x00, 0x00, 0x00, 0x00, 0x00, 0x00, 0x00, 0x00, 0x00, 0x00, 0x00, 0x00, 0x00, 0x00, 0x00,
  0x00, 0x00, 0x00, 0x00, 0x00, 0x00, 0x00, 0x00, 0x00, 0x00, 0x00, 0x00, 0x00, 0x00, 0x00, 0x00,
  0x00, 0x00, 0x00, 0x00, 0x00, 0x00, 0x00, 0xD3, 0xD5, 0xD4, 0x00, 0x00, 0x00, 0x00, 0x00, 0x00,
  0x00, 0x00, 0x00, 0x00, 0x00, 0x00, 0x00, 0x00, 0x00, 0x00, 0x00, 0x00, 0x92, 0x00, 0x00, 0x00,
  0x00, 0x00, 0x00, 0x00, 0x00, 0x00, 0x00, 0x00, 0x00, 0x00, 0x00, 0x00, 0x00, 0x00, 0x00, 0x00,
  0x00, 0x00, 0x00, 0x00, 0x00, 0x00, 0x00, 0x00, 0x00, 0x00, 0x00, 0x00, 0x00, 0x00, 0x00, 0x00,
  0x00, 0x00, 0x00, 0x00, 0x00, 0x00, 0x00, 0x00, 0x00, 0x00, 0x00, 0x00, 0x00, 0x00, 0x00, 0x00,
  0x00, 0x00, 0x00, 0x00, 0x00, 0x00, 0x00, 0x00, 0x00, 0x00, 0x00, 0x00, 0x00, 0x00, 0x00, 0x00,
  0x00, 0x00, 0x00, 0x00, 0x00, 0x00, 0x00, 0x00, 0x00, 0x00, 0x00, 0x00, 0x00, 0x00, 0x00, 0x00,
  0x00, 0x00, 0x00, 0x00, 0x00, 0x00, 0x00, 0x00, 0x00, 0x00, 0x00, 0x00, 0x00, 0x00, 0x00, 0x00,
  0x00, 0x00, 0x00, 0x00, 0x00, 0x00, 0x00, 0x00, 0x00, 0x92, 0x00, 0x00, 0x00, 0x00, 0x00, 0x00,
  0x00, 0x00, 0x00, 0x00, 0x00, 0x00, 0x00, 0xD2, 0x00, 0x00, 0x00, 0x00, 0x00, 0x00, 0x00, 0x00,
  0x00, 0x00, 0x00, 0x00, 0x00, 0x00, 0x00, 0x00, 0x00, 0x00, 0x00, 0x00, 0x00, 0x00, 0x00, 0x00,
  0x00, 0x00, 0x00, 0x00, 0x00, 0x00, 0x00, 0x00, 0x00, 0x00, 0x00, 0x00, 0x00, 0x00, 0x00, 0x00,
  0x00, 0x00, 0x00, 0x00, 0x00, 0x00, 0x00, 0x00, 0x00, 0x00, 0x00, 0x00, 0x00, 0x00, 0x00, 0x00,
  0x00, 0x00, 0x00, 0x00, 0x00, 0x00, 0x00, 0x00, 0x00, 0x00, 0x00, 0x00, 0x00, 0x00, 0x00, 0x00,
  0x00, 0x00, 0x00, 0x00, 0x00, 0x00, 0x00, 0x00, 0x00, 0x00, 0x00, 0x00, 0x00, 0x00, 0x00, 0x00,
  0x00, 0x00, 0x00, 0x00, 0x00, 0x00, 0x00, 0x00, 0x00, 0x00, 0x00, 0x00, 0x00, 0x00, 0x00, 0x00,
  0x00, 0x00, 0x00, 0x00, 0x00, 0x00, 0x00, 0x00, 0x00, 0x00, 0x00, 0x00, 0x00, 0x00, 0x00, 0x00,
  0x00, 0x00, 0x00, 0x00, 0x00, 0x00, 0x00, 0x00, 0x00, 0x00, 0x00, 0x00, 0x00, 0x00, 0x00, 0x00,
  0x00, 0x00, 0x00, 0x00, 0x00, 0x00, 0x00, 0x00, 0x00, 0x00, 0x00, 0x00, 0x00, 0x00, 0x00, 0x00,
  0x00, 0x00, 0x00, 0x00, 0x00, 0x00, 0x00, 0x00, 0x00, 0x00, 0x00, 0x00, 0x00, 0x00, 0x00, 0x00,
  0x00, 0x00, 0x00, 0x00, 0x00, 0x00, 0x00, 0x00, 0x00, 0x00, 0x00, 0x00, 0x00, 0x00, 0x00, 0x00,
  0x00, 0x00, 0x00, 0x00, 0x00, 0x00, 0x00, 0x00, 0x00, 0x00, 0x00, 0x00, 0x00, 0x00, 0x00, 0x00,
  0x00, 0x00, 0x00, 0x00, 0x00, 0x00, 0xD2, 0x00, 0x00, 0x00, 0x00, 0x00, 0x00, 0x00, 0x00, 0x00,
  0x00, 0x00, 0x00, 0x00, 0x00, 0x00, 0x00, 0x00, 0x00, 0x00, 0x00, 0x00, 0x00, 0x00, 0x00, 0x00,
  0x00, 0x00, 0x00, 0x00, 0x00, 0x00, 0x00, 0x00, 0x00, 0x00, 0x00, 0x00, 0x00, 0x00, 0x00, 0x00,
  0x00, 0x00, 0x00, 0x00, 0x00, 0x00, 0x00, 0x00, 0x00, 0x00, 0x00, 0x00, 0x00, 0x00, 0x00, 0x00,
  0x00, 0x00, 0x00, 0x00, 0x00, 0x00, 0x00, 0x00, 0x00, 0x00, 0x00, 0x00, 0x00, 0x00, 0x00, 0x00,
  0x00, 0x00, 0x00, 0x00, 0x00, 0xD3, 0xD2, 0x00, 0x00, 0x00, 0x00, 0x00, 0x00, 0x00, 0x00, 0x00,
  0x00, 0x00, 0x00, 0x00, 0x00, 0x00, 0x00, 0x00, 0x00, 0x00, 0x00, 0x00, 0x00, 0x00, 0x00, 0x00,
  0x00, 0x00, 0x00, 0x00, 0x00, 0x00, 0x00, 0x00, 0x00, 0x00, 0x00, 0x00, 0x00, 0x00, 0x00, 0x00,
  0x00, 0x00, 0x00, 0x00, 0x00, 0x00, 0x00, 0x00, 0x00, 0x00, 0x00, 0x00, 0x00, 0x00, 0x00, 0x00,
  0x00, 0x00, 0x00, 0x00, 0x00, 0x00, 0x00, 0x00, 0x00, 0x00, 0x00, 0x00, 0x00, 0x00, 0x00, 0x00,
  0x00, 0x00, 0x00, 0x00, 0x00, 0x00, 0x00, 0x00, 0x00, 0x00, 0x00, 0x00, 0x00, 0x00, 0x00, 0x00,
  0x00, 0x00, 0x00, 0x00, 0x00, 0x00, 0x00, 0x00, 0x00, 0x00, 0x00, 0x00, 0x00, 0x00, 0x00, 0x00,
  0x00, 0x00, 0x00, 0x00, 0x00, 0x00, 0x00, 0x00, 0x00, 0x00, 0x00, 0x00, 0x00, 0x00, 0x00, 0x00,
  0x00, 0x00, 0x00, 0x00, 0x00, 0x00, 0x00, 0x00, 0x00, 0x00, 0x00, 0x00, 0x00, 0x00, 0x00, 0x00,
  0x00, 0x00, 0x00, 0x00, 0x00, 0x00, 0x00, 0x00, 0x00, 0x00, 0x00, 0x00, 0x00, 0x00, 0x00, 0x00,
  0x00, 0x00, 0x00, 0x00, 0x00, 0x00, 0x00, 0x00, 0x00, 0x00, 0x00, 0x12, 0x53, 0x00, 0x00, 0x00,
  0x00, 0x00, 0x00, 0x00, 0x00, 0x00, 0x00, 0x00, 0x00, 0x00, 0x00, 0x00, 0x00, 0x00, 0x00, 0x00,
  0x00, 0x00, 0x00, 0x00, 0x00, 0x00, 0x00, 0x00, 0x00, 0x00, 0x00, 0x00, 0x00, 0x00, 0x00, 0x00,
  0x00, 0x00, 0x00, 0x00, 0x00, 0x00, 0x00, 0x00, 0x00, 0x00, 0x00, 0x00, 0x00, 0x00, 0x00, 0x00,
  0x00, 0x00, 0x00, 0x00, 0x00, 0x00, 0x00, 0x00, 0x00, 0x00, 0x00, 0x00, 0x00, 0x00, 0x00, 0x00,
  0x00, 0x00, 0x00, 0x00, 0x00, 0x00, 0x00, 0x00, 0x00, 0x00, 0x00, 0x00, 0x00, 0x00, 0x00, 0x00,
  0x00, 0x00, 0x00, 0x00, 0x00, 0x00, 0x00, 0x00, 0x00, 0x00, 0x00, 0x00, 0x00, 0x00, 0x00, 0x00,
  0x00, 0x00, 0x00, 0x00, 0x00, 0x00, 0x00, 0x00, 0x12, 0x53, 0x00, 0x00, 0x00, 0x00, 0x00, 0x00,
  0x00, 0x00, 0x00, 0x00, 0x00, 0x00, 0x00, 0x00, 0x00, 0x00, 0x00, 0x00, 0x00, 0x00, 0x00, 0x94,
  0x95, 0xD5, 0xD4, 0x00, 0x00, 0x00, 0x00, 0x00, 0x00, 0x00, 0x00, 0x00, 0x00, 0x00, 0x00, 0x00,
  0x00, 0x00, 0x00, 0x00, 0x00, 0x00, 0x00, 0x00, 0x00, 0x00, 0x00, 0x00, 0x00, 0x00, 0x00, 0x00,
  0x00, 0x00, 0x00, 0x00, 0x00, 0x00, 0x00, 0x00, 0x00, 0x00, 0x00, 0x00, 0x00, 0x00, 0x00, 0x00,
  0x00, 0x00, 0x00, 0x00, 0x00, 0x00, 0x00, 0x00, 0x00, 0x00, 0x00, 0x00, 0x00, 0x00, 0x00, 0x00,
  0x00, 0x00, 0x00, 0x00, 0x00, 0x00, 0x00, 0x00, 0x00, 0x00, 0x00, 0x00, 0x00, 0x00, 0x00, 0x00,
  0x00, 0x00, 0x00, 0x00, 0x00, 0x00, 0x00, 0x00, 0x00, 0x00, 0x00, 0x00, 0x00, 0x00, 0x00, 0x00,
  0x00, 0x00, 0x00, 0x00, 0x00, 0x00, 0x00, 0x00, 0x00, 0x00, 0x00, 0x00, 0x00, 0x00, 0x00, 0x00,
  0x00, 0x00, 0x00, 0x00, 0x00, 0x00, 0x00, 0x00, 0x00, 0x00, 0x00, 0x00, 0x00, 0x00, 0x00, 0x00,
  0x00, 0x00, 0x00, 0x00, 0x00, 0x00, 0x00, 0x00, 0x00, 0x00, 0x00, 0x00, 0x00, 0x00, 0x00, 0x00,
  0x00, 0x00, 0x00, 0x00, 0x00, 0x00, 0x00, 0x00, 0x00, 0x94, 0x95, 0xD3, 0x00, 0x00, 0x00, 0x00,
  0x00, 0x00, 0x00, 0x00, 0x00, 0x00, 0x00, 0x00, 0x00, 0x00, 0x00, 0x00, 0x00, 0x00, 0x00, 0x00,
  0x00, 0x00, 0x00, 0x00, 0x00, 0x00, 0x00, 0x00, 0x00, 0x00, 0x00, 0x00, 0x00, 0x00, 0x00, 0x00,
  0x00, 0x00, 0x00, 0x00, 0x00, 0x00, 0x52, 0x00, 0x00, 0x00, 0x00, 0x00, 0x00, 0x00, 0x00, 0x00,
  0x00, 0x00, 0x00, 0x00, 0x00, 0x00, 0x00, 0x00, 0x00, 0x00, 0x00, 0x00, 0x00, 0x00, 0x00, 0x00,
  0x00, 0x00, 0x00, 0x00, 0x00, 0x00, 0x00, 0x00, 0x00, 0x00, 0x00, 0x00, 0x00, 0x00, 0x00, 0x00,
  0x00, 0x00, 0x00, 0x00, 0x00, 0x00, 0x00, 0x00, 0x00, 0x00, 0x00, 0x00, 0x00, 0x00, 0x00, 0x00,
  0x00, 0x00, 0x00, 0x00, 0x00, 0x00, 0x94, 0x95, 0x00, 0x00, 0x00, 0x00, 0x00, 0x00, 0x00, 0x00,
  0x00, 0x00, 0x00, 0x00, 0x00, 0x00, 0x52, 0x00, 0x00, 0x00, 0x00, 0x00, 0x00, 0x00, 0x00, 0x00,
  0x00, 0x00, 0x00, 0x00, 0x00, 0x00, 0x00, 0x00, 0x00, 0x00, 0x00, 0x92, 0x00, 0x00, 0x00, 0x00,
  0x00, 0x00, 0x00, 0x00, 0x00, 0x00, 0x00, 0x00, 0x00, 0x00, 0x00, 0x00, 0x00, 0x00, 0x00, 0x00,
  0x00, 0x00, 0x00, 0x00, 0x00, 0x00, 0x00, 0x00, 0x00, 0x00, 0x00, 0x00, 0x00, 0x00, 0x00, 0x00,
  0x00, 0x00, 0x00, 0x00, 0x00, 0x00, 0x00, 0x00, 0x00, 0x00, 0x00, 0x00, 0x00, 0x00, 0x00, 0x00,
  0x00, 0x00, 0x00, 0x00, 0x00, 0x00, 0x00, 0x00, 0x00, 0x00, 0x00, 0x00, 0x00, 0x00, 0x00, 0x00,
  0x00, 0x00, 0x00, 0x00, 0x00, 0x00, 0x00, 0x00, 0x00, 0x00, 0x00, 0x00, 0x00, 0x00, 0x00, 0x00,
  0x00, 0x00, 0x00, 0x00, 0x00, 0x00, 0x00, 0x00, 0x00, 0x00, 0x00, 0x00, 0x00, 0x00, 0x00, 0x00,
  0x00, 0x00, 0x00, 0x00, 0x00, 0x00, 0x00, 0x00, 0x00, 0x00, 0x00, 0x00, 0x00, 0x00, 0x00, 0x00,
  0x00, 0x00, 0x00, 0x00, 0x00, 0x00, 0x00, 0x00, 0x00, 0x00, 0x00, 0x00, 0x00, 0x00, 0x00, 0x00,
  0x00, 0x00, 0x00, 0x00, 0x00, 0x00, 0x00, 0x00, 0x00, 0x00, 0x00, 0x00, 0x00, 0x00, 0x00, 0x00,
  0x00, 0x00, 0x00, 0x00, 0x00, 0x00, 0x00, 0x00, 0x00, 0x00, 0x00, 0x00, 0x00, 0x00, 0x00, 0x00,
  0x00, 0x00, 0x00, 0x00, 0x00, 0x00, 0x00, 0x00, 0x00, 0x00, 0x00, 0x00, 0x00, 0x00, 0x00, 0x00,
  0x00, 0x00, 0x00, 0x00, 0x00, 0x00, 0x00, 0x52, 0x00, 0x00, 0x00, 0x00, 0x00, 0x00, 0x00, 0x00,
  0x00, 0x00, 0x00, 0x00, 0x00, 0x00, 0x00, 0x00, 0x00, 0x00, 0x00, 0x00, 0x00, 0x00, 0x00, 0x00,
  0x00, 0x00, 0x00, 0x00, 0x00, 0x00, 0x00, 0x00, 0x00, 0x00, 0x00, 0x00, 0x00, 0x00, 0x00, 0x00,
  0x00, 0x00, 0x00, 0x00, 0x00, 0x00, 0x00, 0x00, 0x00, 0x00, 0x00, 0x00, 0x00, 0x00, 0x00, 0x00,
  0x00, 0x00, 0x00, 0x00, 0x00, 0x00, 0x00, 0x00, 0x92, 0x00, 0x00, 0x00, 0x00, 0x00, 0x00, 0x00,
  0x00, 0x00, 0x00, 0x00, 0x00, 0x00, 0x93, 0xD5, 0xD4, 0x00, 0x00, 0x00, 0x00, 0x00, 0x00, 0x00,
  0x00, 0x00, 0x00, 0x00, 0x00, 0x00, 0x00, 0x00, 0x00, 0x00, 0x00, 0x00, 0x00, 0x00, 0x00, 0x00,
  0x00, 0x00, 0x00, 0x00, 0x00, 0x00, 0x00, 0x00, 0x00, 0x00, 0x00, 0x00, 0x00, 0x00, 0x00, 0x00,
  0x00, 0x00, 0x00, 0x00, 0x00, 0x00, 0x00, 0x00, 0x00, 0x00, 0x00, 0x00, 0x00, 0x00, 0x00, 0x00,
  0x00, 0x00, 0x00, 0x00, 0x00, 0x00, 0x00, 0x00, 0x00, 0x00, 0x00, 0x00, 0x00, 0x00, 0x00, 0x00,
  0x00, 0x00, 0x00, 0x00, 0x00, 0x00, 0x00, 0x00, 0x00, 0x00, 0x00, 0x00, 0x00, 0x00, 0x00, 0x00,
  0x00, 0x00, 0x00, 0x00, 0x00, 0x00, 0x00, 0x00, 0x00, 0x00, 0x00, 0x00, 0x00, 0x00, 0x00, 0x00,
  0x00, 0x00, 0x00, 0x00, 0x00, 0x00, 0x00, 0x00, 0x00, 0x00, 0x00, 0x00, 0x00, 0x00, 0x00, 0x00,
  0x00, 0x00, 0x00, 0x00, 0x00, 0x00, 0x00, 0x00, 0x00, 0x00, 0x00, 0x00, 0x00, 0x00, 0x00, 0x00,
  0x00, 0x00, 0x00, 0x00, 0x00, 0x00, 0xD2, 0x00, 0x00, 0x00, 0x00, 0x00, 0x00, 0x00, 0x00, 0x00,
  0x00, 0x00, 0x00, 0x00, 0x00, 0x00, 0x00, 0x00, 0x00, 0x00, 0x00, 0x00, 0x00, 0x00, 0x00, 0x00,
  0x00, 0x00, 0x00, 0x00, 0x00, 0x00, 0x00, 0x00, 0x00, 0x00, 0x00, 0x00, 0x00, 0x00, 0x00, 0x00,
  0x00, 0x00, 0x00, 0x00, 0x00, 0x00, 0x00, 0x00, 0x00, 0x00, 0x00, 0x00, 0x00, 0x00, 0x00, 0x00,
  0x00, 0x00, 0x00, 0x00, 0x00, 0x00, 0x00, 0x00, 0x00, 0x00, 0x00, 0x00, 0x00, 0x00, 0x00, 0x00,
  0x00, 0x00, 0x00, 0x00, 0x00, 0x00, 0x00, 0x00, 0x00, 0x00, 0x00, 0x00, 0x00, 0x00, 0x00, 0x00,
  0x00, 0x00, 0x00, 0x00, 0x00, 0x00, 0x00, 0x00, 0x00, 0x00, 0x00, 0x00, 0x00, 0x00, 0x00, 0x00,
  0x00, 0x00, 0x00, 0x00, 0x00, 0x00, 0x00, 0x00, 0x00, 0x00, 0x00, 0x00, 0x00, 0x00, 0x00, 0x00,
  0x00, 0x00, 0x00, 0x00, 0x00, 0x00, 0x00, 0x00, 0x00, 0x00, 0x00, 0x00, 0x00, 0x00, 0x00, 0x00,
  0x00, 0x00, 0x00, 0x00, 0x00, 0x00, 0x00, 0x00, 0x00, 0x00, 0x00, 0x00, 0x00, 0x00, 0x00, 0x00,
  0x00, 0x00, 0x00, 0x00, 0x00, 0x00, 0x00, 0x00, 0x00, 0x00, 0x00, 0x12, 0x00, 0x00, 0x00, 0x00,
  0x00, 0x00, 0x00, 0x00, 0x00, 0x00, 0x00, 0x00, 0x00, 0x00, 0x00, 0x00, 0x00, 0x00, 0x00, 0x00,
  0x00, 0x00, 0x00, 0x00, 0x00, 0x00, 0x00, 0x00, 0x00, 0x00, 0x00, 0x00, 0x00, 0x00, 0x00, 0x00,
  0x00, 0x00, 0x00, 0x00, 0x00, 0x00, 0x00, 0x00, 0x52, 0x00, 0x00, 0x00, 0x00, 0x00, 0x00, 0x00,
  0x00, 0x00, 0x00, 0x00, 0x00, 0x00, 0x00, 0x00, 0x00, 0x00, 0x00, 0x00, 0x00, 0x00, 0x00, 0x00,
  0x00, 0x00, 0x00, 0x00, 0x00, 0x00, 0x00, 0x00, 0x00, 0x00, 0x00, 0x00, 0x00, 0x00, 0x00, 0x00,
  0x00, 0x00, 0x00, 0x00, 0x00, 0x00, 0x00, 0x00, 0x00, 0x00, 0x00, 0x00, 0x00, 0x00, 0x00, 0x00,
  0x00, 0x00, 0x00, 0x00, 0x00, 0x00, 0x00, 0x00, 0x00, 0x00, 0x00, 0x00, 0x00, 0x00, 0x00, 0x00,
  0x00, 0x00, 0x00, 0x00, 0x00, 0x00, 0x00, 0x00, 0x00, 0x00, 0x00, 0x00, 0x00, 0x00, 0x00, 0x00,
  0x00, 0x00, 0x00, 0x00, 0x00, 0x00, 0x00, 0x00, 0x12, 0x53, 0x53, 0x00, 0x00, 0x00, 0x00, 0x00,
  0x00, 0x00, 0x00, 0x00, 0x00, 0x00, 0x00, 0x00, 0x00, 0x00, 0x00, 0x00, 0x00, 0x00, 0x00, 0x00,
  0x00, 0x00, 0x00, 0x00, 0x00, 0x00, 0x00, 0x00, 0x00, 0x00, 0x00, 0x00, 0x00, 0x00, 0x00, 0x00,
  0x00, 0x00, 0x00, 0x00, 0x00, 0x00, 0x00, 0x00, 0x00, 0x00, 0x00, 0x00, 0x00, 0x00, 0x00, 0x00,
  0x00, 0x00, 0x00, 0x00, 0x00, 0x00, 0x00, 0x00, 0x00, 0x00, 0x00, 0x00, 0x00, 0x00, 0x00, 0x00,
  0x00, 0x00, 0x00, 0x00, 0x00, 0x00, 0x00, 0x00, 0x00, 0x00, 0x00, 0x00, 0x00, 0x00, 0x00, 0x00,
  0x00, 0x00, 0x00, 0x00, 0x00, 0x00, 0x00, 0x00, 0x00, 0x00, 0x00, 0x00, 0x00, 0x00, 0x00, 0x00,
  0x00, 0x00, 0x00, 0x00, 0x00, 0x00, 0x00, 0x00, 0x00, 0x00, 0x00, 0x00, 0x00, 0x00, 0x00, 0x00,
  0x00, 0x00, 0x00, 0x00, 0x00, 0x00, 0x00, 0x00, 0x00, 0x00, 0x00, 0x00, 0x00, 0x00, 0x94, 0x95,
  0xD5, 0xD4, 0x00, 0x00, 0x00, 0x00, 0x00, 0x00, 0x00, 0x00, 0x00, 0x00, 0x00, 0x00, 0x00, 0x00,
  0x00, 0x00, 0x00, 0x00, 0x00, 0x00, 0x00, 0x00, 0x00, 0x00, 0x00, 0x00, 0x00, 0x00, 0x00, 0x00,
  0x00, 0x00, 0x00, 0x00, 0x00, 0x00, 0x00, 0x00, 0x00, 0x00, 0x00, 0x00, 0x00, 0x00, 0x00, 0x00,
  0x00, 0x00, 0x00, 0x00, 0x00, 0x00, 0x00, 0x00, 0x00, 0x52, 0x00, 0x00, 0x00, 0x00, 0x00, 0x00,
  0x00, 0x00, 0x00, 0x00, 0x00, 0x00, 0x00, 0x00, 0x00, 0x00, 0x00, 0x00, 0x00, 0x00, 0x00, 0x00,
  0x00, 0x00, 0x00, 0x00, 0x00, 0x00, 0x00, 0x00, 0x00, 0x00, 0x00, 0x00, 0x00, 0x00, 0x00, 0x00,
  0x00, 0x00, 0x00, 0x00, 0x00, 0x00, 0x00, 0x00, 0x00, 0x00, 0x00, 0x00, 0x00, 0x00, 0x00, 0x00,
  0x00, 0x00, 0x00, 0x00, 0x00, 0x00, 0x00, 0x12, 0x53, 0x00, 0x00, 0x00, 0x00, 0x00, 0x00, 0x00,
  0x00, 0x00, 0x00, 0x00, 0x00, 0x00, 0x13, 0x52, 0x00, 0x00, 0x00, 0x00, 0x00, 0x00, 0x00, 0x00,
  0x00, 0x00, 0x00, 0x00, 0x00, 0x00, 0x94, 0x95, 0xD3, 0x00, 0x00, 0x00, 0x00, 0x00, 0x00, 0x00,
  0x00, 0x00, 0x00, 0x00, 0x00, 0x00, 0x00, 0x00, 0x00, 0x00, 0x00, 0x00, 0x00, 0x00, 0x00, 0x00,
  0x00, 0x00, 0x00, 0x00, 0x00, 0x00, 0x00, 0x00, 0x00, 0x00, 0x00, 0x00, 0x00, 0x00, 0x00, 0x00,
  0x00, 0x00, 0x00, 0x00, 0x00, 0x00, 0x00, 0x00, 0x00, 0x00, 0x00, 0x00, 0x00, 0x00, 0x00, 0x00,
  0x00, 0x00, 0x00, 0x00, 0x00, 0x00, 0x00, 0x00, 0x00, 0x00, 0x00, 0x00, 0x00, 0x00, 0x00, 0x00,
  0x00, 0x00, 0x00, 0x00, 0x00, 0x00, 0x00, 0x00, 0x00, 0x00, 0x00, 0x00, 0x00, 0x00, 0x00, 0x00,
  0x00, 0x00, 0x00, 0x00, 0x00, 0x00, 0x00, 0x00, 0x00, 0x00, 0x00, 0x00, 0x00, 0x00, 0x00, 0x00,
  0x00, 0x00, 0x00, 0x00, 0x00, 0x00, 0x00, 0x00, 0x00, 0x00, 0x00, 0x00, 0x00, 0x00, 0x00, 0x00,
  0x00, 0x00, 0x00, 0x00, 0x00, 0x00, 0x00, 0x00, 0x00, 0x00, 0x00, 0x00, 0x00, 0x00, 0x00, 0x00,
  0x00, 0x00, 0x00, 0x00, 0x00, 0x00, 0x00, 0x00, 0x92, 0x00, 0x00, 0x00, 0x00, 0x00, 0x00, 0x00,
  0x00, 0x00, 0x00, 0x00, 0x00, 0x00, 0x00, 0x00, 0x00, 0x00, 0x00, 0x00, 0x00, 0x00, 0x00, 0x00,
  0x00, 0x00, 0x00, 0x00, 0x00, 0x00, 0x00, 0x00, 0x00, 0x00, 0x00, 0x00, 0x00, 0x00, 0x00, 0x00,
  0x00, 0x00, 0x00, 0x00, 0x00, 0x00, 0x00, 0x00, 0x00, 0x00, 0x00, 0x00, 0x00, 0x00, 0x00, 0x00,
  0x00, 0x00, 0x00, 0x00, 0x00, 0x00, 0x00, 0x00, 0x00, 0x00, 0x00, 0x00, 0x00, 0x00, 0x00, 0x00,
  0x00, 0x00, 0x00, 0x00, 0x00, 0x00, 0x00, 0x00, 0x00, 0x00, 0x00, 0x00, 0x00, 0x00, 0x00, 0x00,
  0x00, 0x00, 0x00, 0x00, 0x00, 0x00, 0x00, 0x00, 0x00, 0x00, 0x00, 0x00, 0x00, 0x00, 0x00, 0x00,
  0x00, 0x00, 0x00, 0x00, 0x00, 0x94, 0x95, 0x00, 0x00, 0x00, 0x00, 0x00, 0x00, 0x00, 0x00, 0x00,
  0x00, 0x00, 0x00, 0x00, 0x00, 0x00, 0x00, 0x00, 0xD5, 0xD4, 0x00, 0x00, 0x00, 0x00, 0x00, 0x00,
  0x00, 0x00, 0x00, 0x00, 0x00, 0x00, 0x00, 0x00, 0x00, 0x00, 0x00, 0x00, 0x00, 0x00, 0x00, 0x00,
  0x00, 0x00, 0x00, 0x00, 0x00, 0x00, 0x00, 0x00, 0x00, 0x00, 0x00, 0x00, 0x00, 0x00, 0x00, 0x00,
  0x00, 0x00, 0x00, 0x00, 0x00, 0x00, 0x00, 0x00, 0x00, 0x00, 0x00, 0x00, 0x00, 0x00, 0x00, 0x00,
  0x00, 0x00, 0x00, 0x00, 0x00, 0x00, 0x00, 0x00, 0x00, 0xD2, 0x00, 0x00, 0x00, 0x00, 0x00, 0x00,
  0x00, 0x00, 0x00, 0x00, 0x00, 0x00, 0x00, 0x00, 0x00, 0x00, 0x00, 0x00, 0x00, 0x00, 0x00, 0x00,
  0x00, 0x00, 0x00, 0x00, 0x00, 0x00, 0x00, 0x00, 0x00, 0x00, 0x00, 0x00, 0x00, 0x00, 0x00, 0x00,
  0x00, 0x00, 0x00, 0x00, 0x00, 0x00, 0x00, 0x00, 0x00, 0x00, 0x00, 0x00, 0x00, 0x00, 0x00, 0x00,
  0x00, 0x00, 0x00, 0x00, 0x00, 0x00, 0x00, 0x00, 0x00, 0x00, 0x00, 0x00, 0x00, 0x00, 0x00, 0x00,
  0x00, 0x00, 0x00, 0x00, 0x00, 0x00, 0x00, 0x00, 0x00, 0x00, 0x00, 0x00, 0x00, 0x00, 0x00, 0x00,
  0x00, 0x00, 0x00, 0x00, 0x00, 0x00, 0x00, 0x00, 0x00, 0x92, 0x00, 0x00, 0x00, 0x00, 0x00, 0x00,
  0x00, 0x00, 0x00, 0x00, 0x00, 0x00, 0x00, 0x00, 0x00, 0x00, 0x00, 0x00, 0x00, 0x00, 0x00, 0x00,
  0x00, 0x00, 0x00, 0x00, 0x00, 0x00, 0x00, 0x00, 0x00, 0x00, 0x00, 0x00, 0x00, 0x00, 0x00, 0x00,
  0x00, 0x00, 0x00, 0x00, 0x00, 0x00, 0x00, 0x00, 0x00, 0x00, 0x00, 0x00, 0x00, 0x00, 0x00, 0x00,
  0x00, 0x00, 0x00, 0x00, 0x00, 0x00, 0x00, 0x00, 0x00, 0x00, 0x00, 0x00, 0x00, 0x00, 0x00, 0x00,
  0x00, 0x00, 0x00, 0x00, 0x00, 0x00, 0x00, 0x00, 0x00, 0x00, 0x00, 0x00, 0x00, 0x00, 0x00, 0x00,
  0x00, 0x00, 0x00, 0x00, 0x00, 0x00, 0x00, 0x00, 0x00, 0x00, 0x00, 0x00, 0x00, 0x00, 0x00, 0x00,
  0x00, 0x00, 0x00, 0x00, 0x00, 0x00, 0x00, 0x92, 0x00, 0x00, 0x00, 0x00, 0x00, 0x00, 0x00, 0x00,
  0x00, 0x00, 0x00, 0x00, 0x00, 0x00, 0x00, 0xD2, 0x00, 0x00, 0x00, 0x00, 0x00, 0x00, 0x00, 0x00,
  0x00, 0x00, 0x00, 0x00, 0x00, 0x00, 0x00, 0x00, 0x00, 0x00, 0x00, 0x00, 0x00, 0x00, 0x00, 0x00,
  0x00, 0x00, 0x00, 0x00, 0x00, 0x00, 0x00, 0x00, 0x00, 0x00, 0x00, 0x00, 0x00, 0x00, 0x00, 0x00,
  0x00, 0x00, 0x00, 0x00, 0x00, 0x00, 0x00, 0x00, 0x00, 0x00, 0x00, 0x00, 0x00, 0x00, 0x00, 0x00,
  0x00, 0x00, 0x00, 0x00, 0x00, 0x00, 0x00, 0x00, 0x00, 0x00, 0x00, 0x00, 0x00, 0x00, 0x00, 0x00,
  0x00, 0x00, 0x00, 0x00, 0x00, 0x00, 0x00, 0x00, 0x00, 0x00, 0x00, 0x00, 0x00, 0x00, 0x00, 0x00,
  0x00, 0x00, 0x00, 0x00, 0x00, 0x00, 0x00, 0x00, 0x00, 0x00, 0x00, 0x00, 0x00, 0x00, 0x00, 0x00,
  0x00, 0x00, 0x00, 0x00, 0x00, 0x00, 0x00, 0x00, 0x00, 0x00, 0x00, 0x00, 0x00, 0x00, 0x00, 0x00,
  0x00, 0x00, 0x00, 0x00, 0x00, 0x00, 0x00, 0x00, 0x00, 0x00, 0x00, 0x00, 0x00, 0x00, 0x00, 0x00,
  0x00, 0x00, 0x00, 0x00, 0x00, 0x00, 0x00, 0x00, 0x00, 0x00, 0x00, 0x00, 0x00, 0x00, 0x00, 0x00,
  0x00, 0x00, 0x00, 0x00, 0x00, 0x00, 0x00, 0x00, 0x00, 0x00, 0x00, 0x00, 0x00, 0x00, 0x00, 0x00,
  0x00, 0x00, 0x00, 0x00, 0x00, 0x00, 0x00, 0x00, 0x00, 0x00, 0x00, 0x00, 0x00, 0x00, 0x00, 0x00,
  0x00, 0x00, 0x00, 0x00, 0x00, 0x00, 0x00, 0x00, 0x00, 0x00, 0x00, 0x00, 0x00, 0x00, 0x00, 0x00,
  0x00, 0x00, 0x00, 0x00, 0x00, 0x00, 0x00, 0x00, 0xD2, 0x00, 0x00, 0x00, 0x00, 0x00, 0x00, 0x00,
  0x00, 0x00, 0x00, 0x00, 0x00, 0x00, 0x00, 0x00, 0x00, 0x00, 0x00, 0x00, 0x00, 0x00, 0x00, 0x00,
  0x00, 0x00, 0x00, 0x00, 0x00, 0x00, 0x00, 0x00, 0x00, 0x00, 0x00, 0x00, 0x00, 0x00, 0x00, 0x00,
  0x00, 0x00, 0x00, 0x00, 0x00, 0x00, 0x00, 0x00, 0x00, 0x00, 0x00, 0x00, 0x00, 0x00, 0x00, 0x00,
  0x00, 0x00, 0x00, 0x00, 0x00, 0x00, 0x00, 0x00, 0x00, 0x00, 0x00, 0x00, 0x00, 0x00, 0x00, 0x00,
  0x00, 0x00, 0x00, 0x00, 0x00, 0x00, 0xD2, 0x00, 0x00, 0x00, 0x00, 0x00, 0x00, 0x00, 0x00, 0x00,
  0x00, 0x00, 0x00, 0x00, 0x00, 0x00, 0x00, 0x00, 0x00, 0x00, 0x00, 0x00, 0x00, 0x00, 0x00, 0x00,
  0x00, 0x00, 0x00, 0x00, 0x00, 0x00, 0x00, 0x00, 0x00, 0x00, 0x00, 0x00, 0x00, 0x00, 0x00, 0x00,
  0x00, 0x00, 0x00, 0x00, 0x00, 0x00, 0x00, 0x00, 0x00, 0x00, 0x00, 0x00, 0x00, 0x00, 0x00, 0x00,
  0x00, 0x00, 0x00, 0x00, 0x00, 0x00, 0x00, 0x00, 0x00, 0x00, 0x00, 0x00, 0x00, 0x00, 0x00, 0x00,
  0x00, 0x00, 0x00, 0x00, 0x00, 0x00, 0x00, 0x00, 0x00, 0x00, 0x00, 0x00, 0x00, 0x00, 0x00, 0x00,
  0x00, 0x00, 0x00, 0x00, 0x00, 0x00, 0x00, 0x00, 0x00, 0x00, 0x00, 0x00, 0x00, 0x00, 0x00, 0x00,
  0x00, 0x00, 0x00, 0x00, 0x00, 0x00, 0x00, 0x00, 0x00, 0x00, 0x00, 0x00, 0x00, 0x00, 0x00, 0x00,
  0x00, 0x00, 0x00, 0x00, 0x00, 0x00, 0x00, 0x00, 0x00, 0x00, 0x00, 0x00, 0x00, 0x00, 0x00, 0x00,
  0x00, 0x00, 0x00, 0x00, 0x00, 0x00, 0x00, 0x00, 0x00, 0x00, 0x00, 0x00, 0x00, 0x94, 0x95, 0xD5,
  0xD4, 0x00, 0x00, 0x00, 0x00, 0x00, 0x00, 0x00, 0x00, 0x12, 0x00, 0x00, 0x00, 0x00, 0x00, 0x00,
  0x00, 0x00, 0x00, 0x00, 0x00, 0x00, 0x00, 0x00, 0x00, 0x00, 0x00, 0x00, 0x00, 0x00, 0x00, 0x00,
  0x00, 0x00, 0x00, 0x00, 0x00, 0x00, 0x00, 0x00, 0x00, 0x00, 0x00, 0x00, 0x00, 0x00, 0x00, 0x00,
  0x00, 0x00, 0x00, 0x00, 0x00, 0x00, 0x00, 0x00, 0x00, 0x00, 0x00, 0x00, 0x00, 0x00, 0x00, 0x00,
  0x00, 0x00, 0x00, 0x00, 0x00, 0x00, 0x00, 0x00, 0x00, 0x00, 0x00, 0x00, 0x00, 0x00, 0x00, 0x00,
  0x00, 0x00, 0x00, 0x00, 0x00, 0x00, 0x00, 0x00, 0x00, 0x00, 0x00, 0x00, 0x00, 0x00, 0x00, 0x00,
  0x00, 0x00, 0x00, 0x00, 0x00, 0x00, 0x00, 0x00, 0x00, 0x00, 0x00, 0x00, 0x00, 0x00, 0x00, 0x00,
  0x00, 0x00, 0x00, 0x00, 0x00, 0x00, 0x00, 0x00, 0x00, 0x00, 0x00, 0x00, 0x00, 0x00, 0x00, 0x00,
  0x00, 0x00, 0x00, 0x00, 0x00, 0x00, 0x00, 0x00, 0x00, 0x00, 0x00, 0x00, 0x00, 0x00, 0x00, 0x00,
  0x00, 0x00, 0x00, 0x00, 0x00, 0x00, 0x00, 0x00, 0x00, 0x00, 0x00, 0x00, 0x00, 0x00, 0x00, 0x00,
  0x00, 0x00, 0x00, 0x93, 0xD2, 0x00, 0x92, 0x00, 0x00, 0x93, 0xD2, 0x00, 0x92, 0x93, 0xD2, 0x00,
  0xD2, 0x00, 0x92, 0x00, 0x00, 0xD2, 0x00, 0x00, 0x92, 0x93, 0x00, 0x00, 0x00, 0x00, 0x00, 0x00,
  0x00, 0x00, 0x00, 0x00, 0x00, 0x00, 0x00, 0xD2, 0x00, 0x00, 0x00, 0x00, 0x00, 0x00, 0x00, 0x00,
  0x00, 0x00, 0x00, 0x00, 0x00, 0x00, 0x00, 0x00, 0x00, 0x00, 0x00, 0x00, 0x00, 0x00, 0x00, 0x00,
  0x00, 0x00, 0x00, 0x00, 0x00, 0x00, 0x00, 0x00, 0x00, 0x00, 0x00, 0x00, 0x00, 0x00, 0x00, 0x00,
  0x00, 0x00, 0x00, 0x00, 0x00, 0x00, 0x00, 0x00, 0x00, 0x00, 0x00, 0x00, 0x00, 0x00, 0x00, 0x00,
  0x00, 0x00, 0x00, 0x00, 0x00, 0x00, 0x12, 0x53, 0x00, 0x00, 0x00, 0x00, 0x00, 0x00, 0x00, 0x00,
  0x00, 0x00, 0x00, 0x00, 0x00, 0x00, 0x00, 0x00, 0x00, 0x00, 0x00, 0x00, 0x00, 0x00, 0x00, 0x00,
  0x00, 0x00, 0x00, 0x00, 0x00, 0x00, 0x00, 0x00, 0x12, 0x00, 0x00, 0x00, 0x00, 0x00, 0x00, 0x00,
  0x00, 0x00, 0x00, 0x00, 0x00, 0x00, 0x00, 0x00, 0x00, 0x00, 0x00, 0x00, 0x00, 0x00, 0x00, 0x00,
  0x00, 0x00, 0x00, 0x00, 0x00, 0x00, 0x00, 0x00, 0x00, 0x00, 0x92, 0xD2, 0x00, 0x00, 0x00, 0x00,
  0x00, 0x00, 0x00, 0x00, 0x00, 0x00, 0x00, 0x00, 0x00, 0x00, 0x00, 0x00, 0x00, 0x00, 0x00, 0x00,
  0x00, 0x00, 0x00, 0x00, 0x00, 0x00, 0x00, 0x00, 0x00, 0x00, 0x00, 0x00, 0x00, 0x00, 0x00, 0x00,
  0x00, 0x00, 0x00, 0x00, 0x00, 0x00, 0x00, 0x00, 0x00, 0x00, 0x00, 0x00, 0x00, 0x00, 0x00, 0x00,
  0x00, 0x00, 0x00, 0x00, 0x00, 0x00, 0x00, 0x00, 0x00, 0x00, 0x00, 0x00, 0x00, 0x00, 0x00, 0x00,
  0x00, 0x00, 0x00, 0x00, 0x00, 0x00, 0x00, 0x00, 0x00, 0x00, 0x00, 0x00, 0x00, 0x00, 0x00, 0x00,
  0x00, 0x00, 0x00, 0x00, 0x00, 0x00, 0x13, 0x52, 0x00, 0x00, 0x00, 0x00, 0x00, 0x00, 0x00, 0x00,
  0x00, 0x00, 0x00, 0x00, 0x00, 0x00, 0x00, 0x00, 0x00, 0x00, 0x00, 0x00, 0x00, 0x00, 0x00, 0x00,
  0x00, 0x00, 0xD2, 0x00, 0x00, 0x00, 0x00, 0x92, 0xD2, 0x00, 0x00, 0x00, 0x00, 0x00, 0x00, 0x00,
  0x00, 0x00, 0x00, 0x92, 0xD2, 0x00, 0x00, 0x00, 0x00, 0x00, 0x00, 0x00, 0x00, 0x00, 0x00, 0x00,
  0x00, 0x00, 0x00, 0x00, 0x00, 0x00, 0x00, 0x00, 0x00, 0x00, 0x00, 0x00, 0x00, 0x00, 0x00, 0x00,
  0x00, 0x00, 0x00, 0x00, 0x00, 0x00, 0x00, 0x00, 0x00, 0x00, 0x00, 0x00, 0x00, 0x00, 0x00, 0x00,
  0x00, 0x00, 0x00, 0x00, 0x12, 0x13, 0x55, 0x00, 0x40, 0x15, 0x53, 0x52, 0x00, 0x00, 0x00, 0x00,
  0x00, 0x00, 0x00, 0x00, 0x00, 0x00, 0x00, 0x00, 0x00, 0x00, 0x00, 0x00, 0x00, 0x00, 0x00, 0x00,
  0x00, 0x00, 0x00, 0x00, 0x94, 0x95, 0xD3, 0x00, 0x00, 0x00, 0x00, 0x00, 0x00, 0x00, 0x00, 0x00,
  0x00, 0x00, 0x00, 0x00, 0x00, 0x00, 0x00, 0x00, 0x00, 0x00, 0x00, 0x00, 0x00, 0x00, 0x00, 0x00,
  0x00, 0x00, 0x00, 0x00, 0x00, 0x00, 0x94, 0x95, 0x93, 0x00, 0x93, 0xD2, 0x00, 0x92, 0x00, 0x00,
  0x00, 0x41, 0x00, 0x00, 0x00, 0x00, 0x00, 0x00, 0x00, 0x00, 0x00, 0x00, 0x00, 0x00, 0x00, 0x00,
  0x00, 0x00, 0x00, 0x00, 0x00, 0x00, 0x00, 0x00, 0x00, 0x00, 0x00, 0x00, 0x00, 0x92, 0x00, 0x00,
  0x00, 0x00, 0x00, 0x00, 0x00, 0x00, 0xD2, 0x00, 0x00, 0x00, 0x00, 0x00, 0x00, 0x00, 0x00, 0x00,
  0x00, 0x00, 0x00, 0x00, 0x00, 0x00, 0x00, 0x00, 0x00, 0x00, 0x00, 0x00, 0x00, 0x00, 0x00, 0x00,
  0x00, 0x00, 0x00, 0x12, 0x13, 0x00, 0x00, 0x00, 0x00, 0x00, 0x00, 0x53, 0x52, 0x00, 0x00, 0x00,
  0x00, 0x00, 0x00, 0x00, 0x00, 0x00, 0x00, 0x00, 0x00, 0x00, 0x00, 0x00, 0x00, 0x00, 0x00, 0x00,
  0x00, 0x00, 0x00, 0x00, 0x00, 0x00, 0x92, 0xD3, 0x00, 0x00, 0x00, 0x00, 0x00, 0x00, 0x00, 0x00,
  0x00, 0x00, 0x00, 0x00, 0x00, 0x00, 0x00, 0x93, 0xD5, 0xD4, 0x00, 0x00, 0x00, 0x00, 0x00, 0x00,
  0x00, 0x00, 0x00, 0x00, 0x00, 0x00, 0x00, 0x00, 0x92, 0xD2, 0x00, 0x00, 0x00, 0x00, 0x40, 0x01,
  0x00, 0xFF, 0x00, 0x00, 0x00, 0x00, 0x00, 0x00, 0x00, 0x00, 0x00, 0x00, 0x00, 0x00, 0x00, 0x00,
  0x00, 0x00, 0x00, 0x00, 0x00, 0x00, 0x00, 0x00, 0x00, 0x00, 0x00, 0x00, 0x00, 0x00, 0x00, 0x00,
  0x00, 0x00, 0x00, 0x00, 0x00, 0x00, 0x00, 0x00, 0x00, 0x00, 0x00, 0x00, 0x00, 0x00, 0x00, 0x00,
  0x00, 0x00, 0x00, 0x00, 0x00, 0x00, 0x00, 0x00, 0x00, 0x00, 0x00, 0x00, 0x00, 0x00, 0x00, 0x00,
  0x00, 0x00, 0x12, 0x13, 0x00, 0x00, 0x00, 0x00, 0x00, 0x00, 0x00, 0x00, 0x53, 0x52, 0x00, 0x00,
  0x00, 0x00, 0x00, 0x00, 0x00, 0x00, 0x00, 0x00, 0x00, 0x00, 0x00, 0x00, 0x00, 0x00, 0x00, 0x00,
  0x00, 0x00, 0x00, 0x00, 0x00, 0x00, 0x00, 0x92, 0x00, 0x00, 0x00, 0x00, 0x00, 0x00, 0x00, 0x00,
  0x00, 0x00, 0x00, 0x00, 0x00, 0x00, 0x00, 0xD2, 0x00, 0x00, 0x00, 0x00, 0x00, 0x00, 0x00, 0x00,
  0x00, 0x00, 0x00, 0x00, 0x00, 0x00, 0x00, 0x00, 0x00, 0x00, 0x00, 0x00, 0x00, 0x00, 0xFF, 0x01,
  0x00, 0xFE, 0x00, 0x00, 0x00, 0x00, 0x00, 0x00, 0x00, 0x00, 0x00, 0x00, 0x00, 0x00, 0x00, 0x00,
  0x00, 0x00, 0x00, 0x00, 0x00, 0x00, 0x00, 0x00, 0x00, 0x00, 0x00, 0x00, 0x00, 0x00, 0x92, 0x93,
  0x93, 0xD2, 0x00, 0x92, 0xD2, 0x00, 0x00, 0x00, 0x00, 0x00, 0x00, 0x00, 0x00, 0x00, 0x00, 0x00,
  0x00, 0x00, 0x00, 0x00, 0x00, 0x00, 0x00, 0x00, 0x00, 0x00, 0x00, 0x00, 0x00, 0x00, 0x00, 0x00,
  0x00, 0x00, 0x80, 0x80, 0x00, 0x00, 0x00, 0x00, 0x00, 0x00, 0x00, 0x00, 0xC0, 0xC0, 0x00, 0x00,
  0x00, 0x00, 0x00, 0x00, 0x00, 0x00, 0x00, 0x00, 0x00, 0x00, 0x00, 0x00, 0x00, 0x00, 0x00, 0x00,
  0x00, 0x00, 0x00, 0x00, 0x00, 0x00, 0x00, 0x00, 0x00, 0x00, 0x00, 0x00, 0x00, 0x00, 0x00, 0x00,
  0x00, 0x00, 0x00, 0x00, 0x00, 0x00, 0x00, 0x00, 0x00, 0x00, 0x00, 0x00, 0x00, 0x00, 0x00, 0x00,
  0x00, 0x00, 0x00, 0x00, 0x00, 0x00, 0x00, 0x00, 0x00, 0x00, 0x00, 0x00, 0x00, 0x00, 0xFE, 0x01,
  0x00, 0xFD, 0x00, 0x00, 0x00, 0x00, 0x00, 0x00, 0x00, 0x00, 0x00, 0x00, 0x00, 0x00, 0x00, 0x00,
  0x00, 0x00, 0x00, 0x00, 0x00, 0x00, 0x00, 0x00, 0x00, 0x00, 0x00, 0x00, 0x00, 0x00, 0x00, 0x00,
  0x00, 0x00, 0x00, 0x00, 0x00, 0x00, 0x00, 0x00, 0x00, 0x00, 0x00, 0x00, 0x00, 0x00, 0x00, 0x00,
  0x00, 0x00, 0x00, 0x00, 0x00, 0x00, 0x00, 0x00, 0x00, 0x00, 0x00, 0x00, 0x00, 0x00, 0x00, 0x00,
  0x00, 0x00, 0x00, 0x00, 0x80, 0x80, 0x80, 0x80, 0xC0, 0xC0, 0xC0, 0xC0, 0x00, 0x00, 0x00, 0x00,
  0x00, 0x00, 0x00, 0x00, 0x00, 0x00, 0x00, 0x00, 0x00, 0x00, 0x00, 0x00, 0x00, 0x00, 0x00, 0x00,
  0x00, 0x00, 0x00, 0x00, 0x00, 0x00, 0x00, 0x00, 0x92, 0xD3, 0x00, 0x00, 0x00, 0x00, 0x00, 0x00,
  0x00, 0x00, 0x00, 0x00, 0x00, 0x93, 0xD2, 0x00, 0x00, 0x00, 0x00, 0x00, 0x00, 0x00, 0x94, 0x95,
  0xD5, 0xD4, 0x00, 0x00, 0x00, 0x00, 0x00, 0x00, 0x00, 0x00, 0x00, 0x00, 0x00, 0x00, 0xFD, 0x01,
  0x00, 0x00, 0x00, 0x00, 0x13, 0x13, 0x52, 0x00, 0x00, 0x00, 0x00, 0x00, 0x00, 0x00, 0x00, 0x00,
  0x00, 0x00, 0x00, 0x00, 0x00, 0x00, 0x00, 0x00, 0x00, 0x00, 0x00, 0x00, 0x00, 0x00, 0x00, 0x00,
  0x00, 0x00, 0x00, 0x00, 0x00, 0x00, 0x00, 0x00, 0x00, 0x00, 0x00, 0x00, 0x00, 0x00, 0x00, 0x00,
  0x00, 0x00, 0x00, 0x00, 0x00, 0x00, 0x00, 0x12, 0x13, 0x13, 0x13, 0x52, 0x00, 0x00, 0x00, 0x00,
  0x00, 0x00, 0x00, 0x00, 0x00, 0x00, 0x00, 0x00, 0x00, 0x00, 0x00, 0x00, 0x00, 0x00, 0x00, 0x00,
  0x00, 0x00, 0x00, 0x00, 0x00, 0x00, 0x00, 0x00, 0x00, 0x00, 0x00, 0x00, 0x00, 0x00, 0x00, 0x00,
  0x00, 0x00, 0x00, 0x00, 0x00, 0x00, 0x00, 0x00, 0x00, 0x00, 0x07, 0xFF, 0x07, 0xFF, 0x07, 0xFF,
  0x06, 0x07, 0xFF, 0x07, 0xFF, 0x00, 0x00, 0x00, 0x00, 0x00, 0x00, 0x00, 0x00, 0x00, 0x00, 0x00,
  0x00, 0x00, 0x00, 0x00, 0x00, 0x00, 0x00, 0x00, 0x00, 0x00, 0x00, 0x12, 0x13, 0x13, 0x00, 0x00,
  0x00, 0x00, 0x00, 0x00, 0x00, 0x00, 0x13, 0x13, 0x52, 0x00, 0x00, 0x00, 0x00, 0x00, 0x00, 0x00,
  0x00, 0x00, 0x00, 0x00, 0x00, 0x00, 0x00, 0x00, 0x00, 0x00, 0x00, 0x00, 0x00, 0x00, 0x00, 0x00,
  0x00, 0x00, 0x00, 0x00, 0x00, 0x00, 0x00, 0x00, 0x00, 0x00, 0x00, 0x00, 0x00, 0x00, 0x00, 0x00,
  0x00, 0x00, 0x00, 0x00, 0x12, 0x13, 0x13, 0x00, 0x00, 0x00, 0x00, 0x00, 0x13, 0x13, 0x52, 0x00,
  0x00, 0x00, 0x00, 0x00, 0x00, 0x00, 0x00, 0x00, 0x00, 0x00, 0x00, 0x00, 0x00, 0x00, 0x00, 0x00,
  0x00, 0x12, 0x53, 0x53, 0x52, 0x00, 0x00, 0x00, 0x00, 0x00, 0x00, 0x00, 0x00, 0x00, 0x00, 0x00,
  0x00, 0x00, 0x00, 0x00, 0x00, 0x00, 0x00, 0x00, 0x00, 0x00, 0xFF, 0xFF, 0xFF, 0xFF, 0xFF, 0xFF,
  0xFF, 0xFF, 0xFF, 0xFF, 0xFF, 0x00, 0x00, 0x00, 0x00, 0x00, 0x00, 0x00, 0x00, 0x00, 0x00, 0x00,
  0x00, 0x00, 0x00, 0x00, 0x00, 0x00, 0x00, 0x00, 0x12, 0x13, 0x13, 0x00, 0x00, 0x00, 0x00, 0x00,
  0x00, 0x00, 0x00, 0x00, 0x00, 0x00, 0x00, 0x00, 0x13, 0x13, 0x52, 0x00, 0x00, 0x00, 0x00, 0x00,
  0x00, 0x00, 0x00, 0x00, 0x00, 0x00, 0x00, 0x00, 0x00, 0x00, 0x12, 0x53, 0x13, 0x00, 0x00, 0x00,
  0x00, 0x00, 0x00, 0x00, 0x00, 0x00, 0x13, 0x13, 0x52, 0x00, 0x00, 0x00, 0x00, 0x00, 0x00, 0x00,
  0x00, 0x00, 0x12, 0x13, 0x13, 0x00, 0x00, 0x00, 0x00, 0x00, 0x00, 0x00, 0x00, 0x00, 0x13, 0x13,
  0x52, 0x00, 0x00, 0x00, 0x00, 0x00, 0x00, 0x00, 0x00, 0x00, 0x00, 0x00, 0x00, 0x00, 0x12, 0x13,
  0x53, 0x00, 0x00, 0x00, 0x00, 0x00, 0x53, 0x53, 0x52, 0x00, 0x00, 0x00, 0x00, 0x00, 0x00, 0x00,
  0x00, 0x00, 0x00, 0x00, 0x00, 0x00, 0x00, 0x00, 0x00, 0x00, 0x05, 0xFF, 0x05, 0xFF, 0x05, 0xFF,
  0x04, 0x05, 0xFF, 0x05, 0xFF, 0x00, 0x00, 0x00, 0x00, 0x00, 0x00, 0x00, 0x00, 0x00, 0x00, 0x00,
  0x00, 0x00, 0x00, 0x00, 0x00, 0x12, 0x13, 0x13, 0x00, 0x00, 0x00, 0x00, 0x00, 0x00, 0x00, 0x00,
  0x00, 0x00, 0x00, 0x00, 0x00, 0x00, 0x00, 0x00, 0x00, 0x00, 0x00, 0x00, 0x00, 0x00, 0x00, 0x00,
  0x00, 0x00, 0x00, 0x00, 0x00, 0x00, 0x00, 0x00, 0x00, 0x00, 0x00, 0x00, 0x00, 0x00, 0x00, 0x00,
  0x00, 0x00, 0x00, 0x00, 0x00, 0x00, 0x00, 0x00, 0x00, 0x00, 0x00, 0x00, 0x00, 0x00, 0x00, 0x00,
  0x00, 0x00, 0x00, 0x00, 0x00, 0x00, 0x00, 0x00, 0x00, 0x00, 0x00, 0x00, 0x00, 0x00, 0x00, 0x00,
  0x00, 0x00, 0x00, 0x00, 0x00, 0x00, 0x00, 0x00, 0x00, 0x00, 0x00, 0x00, 0x00, 0x00, 0x00, 0x00,
  0x00, 0x00, 0x00, 0x00, 0x00, 0x00, 0x00, 0x00, 0x00, 0x00, 0x00, 0x00, 0x00, 0x00, 0x00, 0x00,
  0x00, 0x00, 0x00, 0x00, 0x00, 0x00, 0x00, 0x00, 0x00, 0x00, 0x00, 0x00, 0x00, 0x00, 0x00, 0x00,
  0x00, 0x00, 0x00, 0x00, 0x00, 0x00, 0x00, 0x00, 0x00, 0x00, 0x00, 0x00, 0x00, 0x00, 0x00, 0x00,
  0x00, 0x00, 0x00, 0x00, 0x00, 0x00, 0x00, 0x00, 0x00, 0x00, 0x00, 0x00, 0x00, 0x00, 0x00, 0x00,
  0x00, 0x00, 0x00, 0x00, 0x00, 0x00, 0x00, 0x00, 0x00, 0x00, 0x00, 0x00, 0x00, 0x00, 0x00, 0x00,
  0x00, 0x00, 0x00, 0x00, 0x00, 0x00, 0x00, 0x00, 0x00, 0x00, 0x00, 0x00, 0x00, 0x00, 0x00, 0x00,
  0x00, 0x00, 0x00, 0x00, 0x00, 0x00, 0x00, 0x00, 0x00, 0x00, 0x00, 0x00, 0x00, 0x00, 0x00, 0x00,
  0x00, 0x00, 0x00, 0x00, 0x00, 0x00, 0x00, 0x00, 0x00, 0x00, 0x00, 0x00, 0x00, 0x00, 0x00, 0x00,
  0x00, 0x00, 0x00, 0x00, 0x00, 0x00, 0x00, 0x00, 0x00, 0x00, 0x00, 0x00, 0x00, 0x00, 0x00, 0x00,
  0x00, 0x00, 0x00, 0x00, 0x00, 0x00, 0x00, 0x00, 0x00, 0x00, 0x00, 0x00, 0x00, 0x00, 0x00, 0x00,
  0x00, 0x00, 0x00, 0x00, 0x00, 0x00, 0x00, 0x00, 0x00, 0x00, 0x00, 0x00, 0x00, 0x00, 0x00, 0x00,
  0x00, 0x00, 0x00, 0x00, 0x00, 0x00, 0x00, 0x00, 0x00, 0x00, 0x00, 0x00, 0x00, 0x00, 0x00, 0x00,
  0x00, 0x00, 0x00, 0x00, 0x00, 0x00, 0x00, 0x00, 0x00, 0x00, 0x00, 0x00, 0x00, 0x00, 0x00, 0x00,
  0x00, 0x00, 0x00, 0x00, 0x00, 0x00, 0x00, 0x00, 0x00, 0x00, 0x00, 0x00, 0x00, 0x00, 0x00, 0x00,
  0x00, 0x00, 0x00, 0x00, 0x00, 0x00, 0x00, 0x00, 0x00, 0x00, 0x00, 0x00, 0x00, 0x00, 0x00, 0x00,
  0x00, 0x00, 0x00, 0x00, 0x00, 0x00, 0x00, 0x00, 0x00, 0x00, 0x00, 0x00, 0x00, 0x00, 0x00, 0x00,
  0x00, 0x00, 0x00, 0x00, 0x00, 0x00, 0x00, 0x00, 0x00, 0x00, 0x00, 0x00, 0x00, 0x00, 0x00, 0x00,
  0x00, 0x00, 0x00, 0x00, 0x00, 0x00, 0x00, 0x00, 0x00, 0x00, 0x00, 0x00, 0x00, 0x00, 0x00, 0x00,
  0x00, 0x00, 0x00, 0x00, 0x00, 0x00, 0x00, 0x00, 0x00, 0x00, 0x00, 0x00, 0x00, 0x00, 0x00, 0x00,
  0x00, 0x00, 0x00, 0x00, 0x00, 0x00, 0x00, 0x00, 0x00, 0x00, 0x00, 0x00, 0x00, 0x00, 0x00, 0x00,
  0x00, 0x00, 0x00, 0x00, 0x00, 0x00, 0x00, 0x00, 0x00, 0x00, 0x00, 0x00, 0x00, 0x00, 0x00, 0x00,
  0x00, 0x00, 0x00, 0x00, 0x00, 0x00, 0x00, 0x00, 0x00, 0x00, 0x00, 0x00, 0x00, 0x00, 0x00, 0x00,
};

static const uint8_t kPicoLsRoomScrolls[45] = {
  0x00, 0x00, 0x02, 0x02, 0x02, 0x02, 0x02, 0x02, 0x02, 0x00, 0x00, 0x02, 0x02, 0x02, 0x02, 0x02,
  0x02, 0x02, 0x01, 0x00, 0x02, 0x02, 0x02, 0x02, 0x02, 0x02, 0x02, 0x00, 0x00, 0x02, 0x02, 0x02,
  0x02, 0x02, 0x02, 0x02, 0x01, 0x01, 0x01, 0x01, 0x01, 0x01, 0x01, 0x01, 0x01,
};

