/* Generated by tools/pico_pack_ls_assets.py from assets/local_mini.
 * Samus stand/run/turn animation frames: CHR + spritemaps + power pal.
 * CHR is one fixed-size block per frame, DMAd to the OBJ name base.
 * kPicoLsSamusPoseYOffset/YRadius are kPoseParams (ROM 0x91B629)
 * verbatim, and kPicoLsSamusBank91 is the $91B000..$91BFFF window
 * that carries kPoseParams + the animation delay data the vanilla
 * clock chases. Source: assets/local_mini/samus/samus_bank91.bin.
 */

enum {
  kPicoLsSamusChrFrameSize = 1024,
  kPicoLsSamusFrameCount = 109,
  kPicoLsSamusPoseCount = 256,
  kPicoLsSamusPalCount = 16,
  kPicoLsSamusSpritemapSize = 3933,
  kPicoLsSamusYOffsetToGfx = 6,
  kPicoLsSamusYRadius = 21,
  kPicoLsSamusBank91Base = 0xB000,
  kPicoLsSamusBank91Size = 4096,
  kPicoLsSamusCgramIndex = 192
};

static const uint8_t kPicoLsSamusChr[111616] = {
  0x44, 0x7C, 0xAA, 0xD6, 0xC7, 0xFF, 0x93, 0xAA, 0x82, 0x93, 0x45, 0x45, 0xEF, 0xEF, 0xFF, 0xEF,
  0x7C, 0x7C, 0xD6, 0xFE, 0xFE, 0xEE, 0xEE, 0xBB, 0xFF, 0x93, 0x7D, 0xC7, 0x7C, 0x28, 0xBA, 0xAA,
  0x00, 0x00, 0x00, 0x00, 0x78, 0x78, 0xFC, 0xFC, 0x92, 0xFE, 0xFA, 0xFE, 0x8E, 0xFE, 0x8E, 0xFE,
  0x00, 0x00, 0x00, 0x00, 0x00, 0x00, 0x00, 0x78, 0x00, 0xD6, 0x00, 0xFE, 0x00, 0xDC, 0x00, 0xF8,
  0x00, 0x00, 0x00, 0x00, 0x3D, 0x3D, 0x7F, 0x7E, 0x92, 0xFF, 0xBF, 0xFF, 0xE3, 0xFF, 0xE3, 0xFF,
  0x00, 0x00, 0x00, 0x00, 0x00, 0x00, 0x00, 0x3D, 0x01, 0xD7, 0x01, 0xFF, 0x00, 0x76, 0x00, 0x3E,
  0x44, 0x7C, 0xAA, 0xD6, 0xC7, 0xFF, 0x93, 0xAA, 0x82, 0x93, 0x45, 0x45, 0xEF, 0xEF, 0xFF, 0xEF,
  0x7C, 0x7C, 0xD6, 0xFE, 0xFE, 0xEE, 0xEE, 0xBB, 0xFF, 0x93, 0x7D, 0xC7, 0x7C, 0x28, 0xBA, 0xAA,
  0x00, 0x00, 0x00, 0x00, 0x00, 0x00, 0x00, 0x00, 0x00, 0x00, 0x00, 0x00, 0x00, 0x00, 0x00, 0x00,
  0x00, 0x00, 0x00, 0x00, 0x00, 0x00, 0x00, 0x00, 0x00, 0x00, 0x00, 0x00, 0x00, 0x00, 0x00, 0x00,
  0x00, 0x00, 0x00, 0x00, 0x00, 0x00, 0x00, 0x00, 0x00, 0x00, 0x00, 0x00, 0x00, 0x00, 0x00, 0x00,
  0x00, 0x00, 0x00, 0x00, 0x00, 0x00, 0x00, 0x00, 0x00, 0x00, 0x00, 0x00, 0x00, 0x00, 0x00, 0x00,
  0x00, 0x00, 0x00, 0x00, 0x00, 0x00, 0x00, 0x00, 0x00, 0x00, 0x00, 0x00, 0x00, 0x00, 0x00, 0x00,
  0x00, 0x00, 0x00, 0x00, 0x00, 0x00, 0x00, 0x00, 0x00, 0x00, 0x00, 0x00, 0x00, 0x00, 0x00, 0x00,
  0x00, 0x00, 0x00, 0x00, 0x00, 0x00, 0x00, 0x00, 0x00, 0x00, 0x00, 0x00, 0x00, 0x00, 0x00, 0x00,
  0x00, 0x00, 0x00, 0x00, 0x00, 0x00, 0x00, 0x00, 0x00, 0x00, 0x00, 0x00, 0x00, 0x00, 0x00, 0x00,
  0xC7, 0xC7, 0x82, 0x83, 0x82, 0x83, 0x82, 0x83, 0x82, 0x83, 0x01, 0x01, 0x01, 0x01, 0x01, 0x01,
  0x00, 0x83, 0x00, 0x83, 0x00, 0x83, 0x00, 0x83, 0x00, 0x83, 0x00, 0x01, 0x00, 0x01, 0x00, 0x01,
  0x40, 0xC0, 0xA0, 0xE0, 0x20, 0xE0, 0x00, 0xC0, 0x00, 0xC0, 0x40, 0xC0, 0x40, 0xC0, 0x40, 0x40,
  0x00, 0xC0, 0x00, 0xE0, 0x00, 0x60, 0x00, 0x40, 0x00, 0x40, 0x00, 0x40, 0x00, 0xC0, 0x80, 0xC0,
  0xBB, 0x01, 0x44, 0x00, 0xBB, 0x01, 0xC7, 0x83, 0xEF, 0xC7, 0xEF, 0xC7, 0xFE, 0xEF, 0x7C, 0x39,
  0x44, 0x44, 0xBA, 0xBA, 0x44, 0x44, 0x38, 0x38, 0x10, 0x11, 0x10, 0x93, 0x00, 0x83, 0x82, 0x82,
  0x3C, 0x3C, 0x24, 0x3C, 0x24, 0x3C, 0x14, 0x1C, 0x9C, 0x9C, 0x9C, 0x9C, 0xB2, 0xBE, 0x22, 0xBE,
  0x00, 0x00, 0x00, 0x2C, 0x00, 0x3C, 0x00, 0x18, 0x00, 0x18, 0x00, 0x80, 0x00, 0x9E, 0x00, 0x92,
  0x0F, 0x0F, 0x0D, 0x04, 0x0F, 0x0F, 0x0D, 0x04, 0x07, 0x07, 0x00, 0x00, 0x00, 0x00, 0x00, 0x00,
  0x00, 0x00, 0x0D, 0x02, 0x00, 0x00, 0x0D, 0x0B, 0x00, 0x00, 0x00, 0x00, 0x00, 0x00, 0x00, 0x00,
  0x0F, 0x0F, 0x0F, 0x05, 0x13, 0x10, 0x1B, 0x18, 0x17, 0x14, 0x1F, 0x14, 0x0D, 0x0C, 0x0D, 0x04,
  0x00, 0x00, 0x0F, 0x0A, 0x03, 0x0E, 0x0B, 0x04, 0x07, 0x08, 0x0F, 0x00, 0x05, 0x02, 0x0D, 0x02,
  0x07, 0x07, 0x07, 0x07, 0x0F, 0x0F, 0x07, 0x0F, 0x1B, 0x1F, 0x27, 0x3F, 0x86, 0xFF, 0xFF, 0xFF,
  0x00, 0x07, 0x00, 0x07, 0x00, 0x02, 0x00, 0x04, 0x00, 0x06, 0x00, 0x21, 0x00, 0xFD, 0x00, 0x00,
  0x05, 0x07, 0x0A, 0x0F, 0x08, 0x0F, 0x00, 0x07, 0x00, 0x07, 0x05, 0x07, 0x05, 0x07, 0x05, 0x05,
  0x00, 0x07, 0x00, 0x0F, 0x00, 0x0D, 0x00, 0x05, 0x00, 0x05, 0x00, 0x05, 0x00, 0x07, 0x02, 0x07,
  0x7D, 0xFF, 0x6E, 0xD7, 0xED, 0x3D, 0x79, 0x99, 0x93, 0xFB, 0xFF, 0xFE, 0x7D, 0x7D, 0xC7, 0x93,
  0xC7, 0xC7, 0xD7, 0xFF, 0x3F, 0xFD, 0x9F, 0xF9, 0xFE, 0xFA, 0x38, 0x38, 0x82, 0x82, 0x28, 0x28,
  0xBE, 0xFA, 0xFA, 0xE0, 0xFE, 0xFE, 0xFC, 0xFC, 0xE8, 0xFC, 0xE8, 0xFC, 0xCC, 0xFC, 0x2C, 0x3C,
  0x04, 0xF0, 0x1A, 0x56, 0x80, 0x80, 0x00, 0x3C, 0x00, 0x3C, 0x00, 0x3C, 0x00, 0x2C, 0x00, 0x38,
  0xFB, 0xBF, 0xBF, 0x0F, 0xFF, 0xFF, 0x7F, 0x7F, 0x2F, 0x7F, 0x2F, 0x7E, 0x67, 0x7F, 0x6D, 0x7D,
  0x41, 0x1F, 0xB1, 0xD5, 0x03, 0x03, 0x01, 0x79, 0x00, 0x78, 0x00, 0x78, 0x00, 0x68, 0x00, 0x38,
  0x7D, 0xFF, 0x6E, 0xD7, 0xED, 0x3D, 0x79, 0x99, 0x93, 0xFB, 0xFF, 0xFE, 0x7D, 0x7D, 0xC7, 0x93,
  0xC7, 0xC7, 0xD7, 0xFF, 0x3F, 0xFD, 0x9F, 0xF9, 0xFE, 0xFA, 0x38, 0x38, 0x82, 0x82, 0x28, 0x28,
  0x00, 0x00, 0x00, 0x00, 0x00, 0x00, 0x00, 0x00, 0x00, 0x00, 0x00, 0x00, 0x00, 0x00, 0x00, 0x00,
  0x00, 0x00, 0x00, 0x00, 0x00, 0x00, 0x00, 0x00, 0x00, 0x00, 0x00, 0x00, 0x00, 0x00, 0x00, 0x00,
  0x00, 0x00, 0x00, 0x00, 0x00, 0x00, 0x00, 0x00, 0x00, 0x00, 0x00, 0x00, 0x00, 0x00, 0x00, 0x00,
  0x00, 0x00, 0x00, 0x00, 0x00, 0x00, 0x00, 0x00, 0x00, 0x00, 0x00, 0x00, 0x00, 0x00, 0x00, 0x00,
  0x00, 0x00, 0x00, 0x00, 0x00, 0x00, 0x00, 0x00, 0x00, 0x00, 0x00, 0x00, 0x00, 0x00, 0x00, 0x00,
  0x00, 0x00, 0x00, 0x00, 0x00, 0x00, 0x00, 0x00, 0x00, 0x00, 0x00, 0x00, 0x00, 0x00, 0x00, 0x00,
  0x00, 0x00, 0x00, 0x00, 0x00, 0x00, 0x00, 0x00, 0x00, 0x00, 0x00, 0x00, 0x00, 0x00, 0x00, 0x00,
  0x00, 0x00, 0x00, 0x00, 0x00, 0x00, 0x00, 0x00, 0x00, 0x00, 0x00, 0x00, 0x00, 0x00, 0x00, 0x00,
  0x01, 0x01, 0x01, 0x01, 0x01, 0x01, 0x01, 0x01, 0x83, 0x83, 0x83, 0x83, 0x82, 0x83, 0x83, 0x83,
  0x00, 0x01, 0x00, 0x01, 0x00, 0x00, 0x00, 0x00, 0x00, 0x82, 0x00, 0x83, 0x00, 0x01, 0x00, 0x00,
  0xC0, 0xC0, 0xC0, 0xC0, 0xE0, 0xE0, 0xC0, 0xE0, 0xB0, 0xF0, 0xC8, 0xF8, 0x82, 0xFE, 0xFE, 0xFE,
  0x00, 0xC0, 0x00, 0xC0, 0x00, 0x80, 0x00, 0x40, 0x00, 0xC0, 0x00, 0x08, 0x00, 0x7E, 0x00, 0x00,
  0x6C, 0x29, 0x6C, 0x29, 0xEE, 0xAB, 0xC6, 0xC6, 0xC7, 0xC7, 0xC7, 0xC7, 0xC7, 0xC7, 0xC6, 0xC7,
  0x82, 0x82, 0x82, 0x83, 0x00, 0x83, 0x01, 0x83, 0x00, 0x83, 0x00, 0x82, 0x00, 0x01, 0x00, 0x83,
  0x2A, 0xBE, 0x90, 0x9C, 0x80, 0x80, 0x80, 0x80, 0x80, 0x80, 0x80, 0x80, 0x40, 0xC0, 0x40, 0xC0,
  0x00, 0x96, 0x00, 0x8C, 0x00, 0x80, 0x00, 0x80, 0x00, 0x80, 0x00, 0x00, 0x00, 0xC0, 0x00, 0x40,
  0x08, 0x0B, 0x0A, 0x0B, 0x0A, 0x0B, 0x0A, 0x0A, 0x0B, 0x0B, 0x03, 0x03, 0x05, 0x07, 0x04, 0x07,
  0x00, 0x02, 0x00, 0x03, 0x00, 0x03, 0x01, 0x03, 0x00, 0x03, 0x00, 0x00, 0x00, 0x07, 0x00, 0x05,
  0x09, 0x09, 0x08, 0x08, 0x0D, 0x05, 0x0D, 0x05, 0x0F, 0x07, 0x0F, 0x07, 0x0A, 0x0B, 0x08, 0x0B,
  0x00, 0x08, 0x00, 0x00, 0x08, 0x08, 0x08, 0x08, 0x08, 0x09, 0x08, 0x0B, 0x00, 0x03, 0x00, 0x02,
  0x00, 0x00, 0x00, 0x00, 0x00, 0x00, 0x00, 0x00, 0x00, 0x00, 0x00, 0x00, 0x00, 0x00, 0x00, 0x00,
  0x00, 0x00, 0x00, 0x00, 0x00, 0x00, 0x00, 0x00, 0x00, 0x00, 0x00, 0x00, 0x00, 0x00, 0x00, 0x00,
  0x00, 0x00, 0x00, 0x00, 0x00, 0x00, 0x00, 0x00, 0x00, 0x00, 0x00, 0x00, 0x00, 0x00, 0x00, 0x00,
  0x00, 0x00, 0x00, 0x00, 0x00, 0x00, 0x00, 0x00, 0x00, 0x00, 0x00, 0x00, 0x00, 0x00, 0x00, 0x00,
  0xE5, 0xFF, 0xF5, 0xFF, 0xFF, 0xFE, 0xF5, 0xE4, 0xFF, 0x67, 0x7C, 0x1F, 0x38, 0x1F, 0x38, 0x3F,
  0x80, 0xB5, 0x80, 0xBF, 0x81, 0x87, 0xD5, 0xCA, 0xD8, 0x58, 0x40, 0xC7, 0x02, 0x0C, 0x00, 0x0C,
  0x70, 0xF0, 0xF0, 0xF0, 0xE0, 0x30, 0xF8, 0xF8, 0xF8, 0xF8, 0xFE, 0xFE, 0x7D, 0xFF, 0x68, 0xEF,
  0x20, 0xE0, 0x30, 0xB0, 0xF0, 0x70, 0x30, 0x38, 0x20, 0xA0, 0x00, 0xCE, 0x00, 0xC7, 0x01, 0xC4,
  0x07, 0x07, 0x15, 0x1E, 0x3F, 0x3F, 0x7F, 0x7F, 0x75, 0x7F, 0x70, 0x7F, 0xE0, 0xFF, 0xE4, 0xFF,
  0x07, 0x07, 0x0E, 0x0D, 0x1F, 0x1F, 0x30, 0x30, 0x40, 0x4F, 0x00, 0x15, 0x80, 0xB4, 0x02, 0x25,
  0xC0, 0xC0, 0xA0, 0x60, 0xF0, 0xF0, 0xD0, 0xD0, 0xC0, 0xC0, 0xE0, 0xE0, 0x70, 0xD0, 0x70, 0xF0,
  0xC0, 0xC0, 0x60, 0xE0, 0xF0, 0xF0, 0x30, 0x10, 0x30, 0x00, 0x50, 0x80, 0x20, 0xC0, 0x10, 0xD0,
  0x00, 0x00, 0xE0, 0x60, 0xF0, 0x50, 0xD0, 0xD0, 0xF0, 0x50, 0xF0, 0x50, 0xE0, 0xE0, 0x00, 0x00,
  0x00, 0x00, 0x80, 0x80, 0xA0, 0x20, 0x80, 0x20, 0xA0, 0x00, 0xA0, 0xA0, 0x00, 0x00, 0x00, 0x00,
  0x00, 0x00, 0xFF, 0x81, 0xFF, 0x81, 0x83, 0x83, 0xFF, 0x81, 0xFF, 0x81, 0xFF, 0xFF, 0x00, 0x00,
  0x00, 0x00, 0x7E, 0x7E, 0x7E, 0x00, 0x02, 0x7C, 0x7E, 0x00, 0x7E, 0x7E, 0x00, 0x00, 0x00, 0x00,
  0x00, 0x00, 0x00, 0x00, 0x00, 0x00, 0x00, 0x00, 0x00, 0x00, 0x00, 0x00, 0x00, 0x00, 0x00, 0x00,
  0x00, 0x00, 0x00, 0x00, 0x00, 0x00, 0x00, 0x00, 0x00, 0x00, 0x00, 0x00, 0x00, 0x00, 0x00, 0x00,
  0x00, 0x00, 0x00, 0x00, 0x00, 0x00, 0x00, 0x00, 0x00, 0x00, 0x00, 0x00, 0x00, 0x00, 0x00, 0x00,
  0x00, 0x00, 0x00, 0x00, 0x00, 0x00, 0x00, 0x00, 0x00, 0x00, 0x00, 0x00, 0x00, 0x00, 0x00, 0x00,
  0x01, 0x01, 0x01, 0x01, 0x03, 0x03, 0x07, 0x07, 0x0B, 0x0F, 0x19, 0x1F, 0x1A, 0x1F, 0x1D, 0x1F,
  0x00, 0x00, 0x00, 0x00, 0x00, 0x01, 0x00, 0x04, 0x00, 0x0E, 0x00, 0x0B, 0x00, 0x0F, 0x00, 0x0F,
  0x87, 0xFF, 0x9D, 0xFD, 0xF1, 0xF1, 0xE3, 0xE3, 0xC3, 0xE3, 0x27, 0xE7, 0x45, 0xC7, 0xC7, 0xC7,
  0x00, 0xDC, 0x00, 0xF8, 0x00, 0xE1, 0x00, 0x81, 0x00, 0x20, 0x00, 0xE0, 0x00, 0x42, 0x00, 0x83,
  0x87, 0xFF, 0x9D, 0xFD, 0xF1, 0xF1, 0xE3, 0xE3, 0xC3, 0xE3, 0x27, 0xE7, 0x45, 0xC7, 0xC7, 0xC7,
  0x00, 0xDC, 0x00, 0xF8, 0x00, 0xE1, 0x00, 0x81, 0x00, 0x20, 0x00, 0xE0, 0x00, 0x42, 0x00, 0x83,
  0xD8, 0xF8, 0xF0, 0xF0, 0xE0, 0xE0, 0xF0, 0xF0, 0xF0, 0xF0, 0xD0, 0xF0, 0x90, 0xF0, 0xF0, 0xF0,
  0x00, 0xF8, 0x00, 0xF0, 0x00, 0xC0, 0x00, 0xD0, 0x00, 0xB0, 0x00, 0x70, 0x00, 0xE0, 0x00, 0xF0,
  0x0F, 0x0F, 0x19, 0x1F, 0x10, 0x1F, 0x00, 0x1F, 0x00, 0x1F, 0x10, 0x1F, 0x18, 0x1F, 0x10, 0x1F,
  0x00, 0x0F, 0x00, 0x0F, 0x00, 0x19, 0x00, 0x10, 0x04, 0x10, 0x00, 0x10, 0x00, 0x1F, 0x00, 0x19,
  0xE0, 0x80, 0xF0, 0xB0, 0xE0, 0xF0, 0x68, 0xF8, 0x60, 0xF8, 0x74, 0xDC, 0xF4, 0xDC, 0xF8, 0xDC,
  0x00, 0x00, 0x00, 0x10, 0x00, 0x90, 0x00, 0x98, 0x00, 0x98, 0x00, 0x9C, 0x00, 0x9C, 0x00, 0x9C,
  0x00, 0x00, 0x00, 0x00, 0x00, 0x00, 0x00, 0x00, 0x00, 0x00, 0x00, 0x00, 0x00, 0x00, 0x00, 0x00,
  0x00, 0x00, 0x00, 0x00, 0x00, 0x00, 0x00, 0x00, 0x00, 0x00, 0x00, 0x00, 0x00, 0x00, 0x00, 0x00,
  0x00, 0x00, 0x00, 0x00, 0x00, 0x00, 0x00, 0x00, 0x00, 0x00, 0x00, 0x00, 0x00, 0x00, 0x00, 0x00,
  0x00, 0x00, 0x00, 0x00, 0x00, 0x00, 0x00, 0x00, 0x00, 0x00, 0x00, 0x00, 0x00, 0x00, 0x00, 0x00,
  0x1C, 0x1F, 0x07, 0x07, 0x04, 0x07, 0x03, 0x03, 0x00, 0x00, 0x00, 0x00, 0x00, 0x00, 0x00, 0x00,
  0x00, 0x0F, 0x00, 0x04, 0x00, 0x03, 0x00, 0x03, 0x00, 0x00, 0x00, 0x00, 0x00, 0x00, 0x00, 0x00,
  0x6C, 0xEF, 0xC7, 0xC7, 0xC3, 0xC3, 0xC0, 0xC0, 0x00, 0x00, 0x00, 0x00, 0x00, 0x00, 0x00, 0x00,
  0x00, 0xC7, 0x00, 0xC3, 0x00, 0x00, 0x00, 0x00, 0x00, 0x00, 0x00, 0x00, 0x00, 0x00, 0x00, 0x00,
  0xE5, 0xFF, 0xF5, 0xFF, 0xFF, 0xFE, 0xF5, 0xE4, 0xFF, 0x67, 0x7C, 0x1F, 0x38, 0x1F, 0x38, 0x3F,
  0x80, 0xB5, 0x80, 0xBF, 0x81, 0x87, 0xD5, 0xCA, 0xD8, 0x58, 0x40, 0xC7, 0x02, 0x0C, 0x00, 0x0C,
  0x70, 0xF0, 0xF0, 0xF0, 0xE0, 0x30, 0xF8, 0xF8, 0xF8, 0xF8, 0xFE, 0xFE, 0x7D, 0xFF, 0x68, 0xEF,
  0x20, 0xE0, 0x30, 0xB0, 0xF0, 0x70, 0x30, 0x38, 0x20, 0xA0, 0x00, 0xCE, 0x00, 0xC7, 0x01, 0xC4,
  0x00, 0x00, 0x00, 0x00, 0x00, 0x00, 0x00, 0x00, 0x00, 0x00, 0x00, 0x00, 0x00, 0x00, 0x00, 0x00,
  0x00, 0x00, 0x00, 0x00, 0x00, 0x00, 0x00, 0x00, 0x00, 0x00, 0x00, 0x00, 0x00, 0x00, 0x00, 0x00,
  0x00, 0x00, 0x00, 0x00, 0x00, 0x00, 0x00, 0x00, 0x00, 0x00, 0x00, 0x00, 0x00, 0x00, 0x00, 0x00,
  0x00, 0x00, 0x00, 0x00, 0x00, 0x00, 0x00, 0x00, 0x00, 0x00, 0x00, 0x00, 0x00, 0x00, 0x00, 0x00,
  0x00, 0x00, 0x00, 0x00, 0x00, 0x00, 0x00, 0x00, 0x00, 0x00, 0x00, 0x00, 0x00, 0x00, 0x00, 0x00,
  0x00, 0x00, 0x00, 0x00, 0x00, 0x00, 0x00, 0x00, 0x00, 0x00, 0x00, 0x00, 0x00, 0x00, 0x00, 0x00,
  0x00, 0x00, 0x00, 0x00, 0x00, 0x00, 0x00, 0x00, 0x00, 0x00, 0x00, 0x00, 0x00, 0x00, 0x00, 0x00,
  0x00, 0x00, 0x00, 0x00, 0x00, 0x00, 0x00, 0x00, 0x00, 0x00, 0x00, 0x00, 0x00, 0x00, 0x00, 0x00,
  0x0E, 0x0F, 0x07, 0x07, 0x03, 0x03, 0x00, 0x00, 0x00, 0x00, 0x00, 0x00, 0x00, 0x00, 0x00, 0x00,
  0x00, 0x03, 0x00, 0x03, 0x00, 0x00, 0x00, 0x00, 0x00, 0x00, 0x00, 0x00, 0x00, 0x00, 0x00, 0x00,
  0x67, 0xE7, 0x11, 0xF1, 0xF0, 0xF0, 0x00, 0x00, 0x00, 0x00, 0x00, 0x00, 0x00, 0x00, 0x00, 0x00,
  0x00, 0x60, 0x00, 0xF0, 0x00, 0x00, 0x00, 0x00, 0x00, 0x00, 0x00, 0x00, 0x00, 0x00, 0x00, 0x00,
  0x67, 0xE7, 0x11, 0xF1, 0xF0, 0xF0, 0x00, 0x00, 0x00, 0x00, 0x00, 0x00, 0x00, 0x00, 0x00, 0x00,
  0x00, 0x60, 0x00, 0xF0, 0x00, 0x00, 0x00, 0x00, 0x00, 0x00, 0x00, 0x00, 0x00, 0x00, 0x00, 0x00,
  0x88, 0xF8, 0xE2, 0xFE, 0xFE, 0xFE, 0x00, 0x00, 0x00, 0x00, 0x00, 0x00, 0x00, 0x00, 0x00, 0x00,
  0x00, 0xF8, 0x00, 0x7E, 0x00, 0x00, 0x00, 0x00, 0x00, 0x00, 0x00, 0x00, 0x00, 0x00, 0x00, 0x00,
  0x08, 0x0F, 0x08, 0x0F, 0x09, 0x0F, 0x0F, 0x0F, 0x1F, 0x1F, 0x7A, 0x7F, 0xCA, 0xFF, 0x83, 0xFF,
  0x00, 0x09, 0x00, 0x09, 0x00, 0x0F, 0x00, 0x02, 0x00, 0x0F, 0x00, 0x3E, 0x00, 0x7F, 0x20, 0xCE,
  0xFA, 0xCE, 0xFE, 0xEE, 0xFE, 0xE6, 0xFF, 0xFF, 0x7D, 0xFF, 0x76, 0xFE, 0xFE, 0xFE, 0xCC, 0xFC,
  0x00, 0x8E, 0x00, 0x8E, 0x00, 0x84, 0x00, 0x02, 0x00, 0x96, 0x00, 0xBA, 0x00, 0x7C, 0x00, 0x78,
  0x00, 0x00, 0x00, 0x00, 0x00, 0x00, 0x00, 0x00, 0x00, 0x00, 0x00, 0x00, 0x00, 0x00, 0x00, 0x00,
  0x00, 0x00, 0x00, 0x00, 0x00, 0x00, 0x00, 0x00, 0x00, 0x00, 0x00, 0x00, 0x00, 0x00, 0x00, 0x00,
  0x00, 0x00, 0x00, 0x00, 0x00, 0x00, 0x00, 0x00, 0x00, 0x00, 0x00, 0x00, 0x00, 0x00, 0x00, 0x00,
  0x00, 0x00, 0x00, 0x00, 0x00, 0x00, 0x00, 0x00, 0x00, 0x00, 0x00, 0x00, 0x00, 0x00, 0x00, 0x00,
  0xE5, 0xFF, 0xFF, 0xFF, 0xFF, 0xFC, 0xF5, 0xE4, 0x7F, 0x7F, 0xFC, 0x1F, 0x78, 0x5F, 0x38, 0x3F,
  0x80, 0xB5, 0x80, 0xBF, 0x83, 0x82, 0x95, 0x8B, 0x40, 0xC7, 0xC0, 0x47, 0x02, 0x0C, 0x00, 0x0C,
  0x70, 0xF0, 0xE0, 0xF0, 0xE0, 0x30, 0xF8, 0xF8, 0xF8, 0xF8, 0x7E, 0xFE, 0x7D, 0xFF, 0x68, 0xEF,
  0x20, 0xE0, 0x30, 0xF0, 0xF0, 0x70, 0x30, 0x38, 0x20, 0xA0, 0x00, 0xCE, 0x00, 0xC7, 0x01, 0xC0,
  0x07, 0x07, 0x15, 0x1E, 0x3F, 0x3F, 0x7F, 0x7F, 0x75, 0x7F, 0x70, 0x7F, 0xE0, 0xFF, 0xE4, 0xFF,
  0x07, 0x07, 0x1C, 0x1D, 0x30, 0x30, 0x40, 0x4F, 0x40, 0x5F, 0x00, 0x35, 0x80, 0xB4, 0x02, 0x25,
  0x40, 0xC0, 0x80, 0x60, 0xE0, 0xF0, 0xD0, 0xD0, 0xE0, 0xE0, 0xE0, 0xE0, 0x70, 0xD0, 0x70, 0xF0,
  0xC0, 0xC0, 0x60, 0xE0, 0xF0, 0xF0, 0x30, 0x10, 0x10, 0x80, 0x50, 0x80, 0x20, 0xC0, 0x10, 0xD0,
  0x00, 0x00, 0xE0, 0x60, 0xF0, 0x50, 0x50, 0x50, 0xF0, 0x50, 0xF0, 0x50, 0xE0, 0xE0, 0x00, 0x00,
  0x00, 0x00, 0x80, 0x80, 0xA0, 0x20, 0x00, 0xA0, 0xA0, 0x20, 0xA0, 0xA0, 0x00, 0x00, 0x00, 0x00,
  0x00, 0x00, 0xFF, 0x81, 0xFF, 0x81, 0xCB, 0x81, 0xFF, 0x81, 0xFF, 0x81, 0xFF, 0xFF, 0x00, 0x00,
  0x00, 0x00, 0x7E, 0x7E, 0x7E, 0x08, 0x4A, 0x34, 0x7E, 0x20, 0x7E, 0x7E, 0x00, 0x00, 0x00, 0x00,
  0x00, 0x00, 0x00, 0x00, 0x00, 0x00, 0x00, 0x00, 0x00, 0x00, 0x00, 0x00, 0x00, 0x00, 0x00, 0x00,
  0x00, 0x00, 0x00, 0x00, 0x00, 0x00, 0x00, 0x00, 0x00, 0x00, 0x00, 0x00, 0x00, 0x00, 0x00, 0x00,
  0x00, 0x00, 0x00, 0x00, 0x00, 0x00, 0x00, 0x00, 0x00, 0x00, 0x00, 0x00, 0x00, 0x00, 0x00, 0x00,
  0x00, 0x00, 0x00, 0x00, 0x00, 0x00, 0x00, 0x00, 0x00, 0x00, 0x00, 0x00, 0x00, 0x00, 0x00, 0x00,
  0x01, 0x01, 0x01, 0x01, 0x03, 0x03, 0x07, 0x07, 0x0B, 0x0F, 0x19, 0x1F, 0x1A, 0x1F, 0x1D, 0x1F,
  0x00, 0x00, 0x00, 0x00, 0x00, 0x01, 0x00, 0x04, 0x00, 0x0E, 0x00, 0x0B, 0x00, 0x0F, 0x00, 0x0F,
  0x87, 0xFF, 0x9D, 0xFD, 0xF1, 0xF1, 0xE3, 0xE3, 0xE3, 0xE3, 0x27, 0xE7, 0x45, 0xC7, 0xC7, 0xC7,
  0x00, 0xDC, 0x00, 0xF8, 0x00, 0xE1, 0x00, 0x81, 0x00, 0x20, 0x00, 0xE0, 0x00, 0x42, 0x00, 0x83,
  0x87, 0xFF, 0x9D, 0xFD, 0xF1, 0xF1, 0xE3, 0xE3, 0xE3, 0xE3, 0x27, 0xE7, 0x45, 0xC7, 0xC7, 0xC7,
  0x00, 0xDC, 0x00, 0xF8, 0x00, 0xE1, 0x00, 0x81, 0x00, 0x20, 0x00, 0xE0, 0x00, 0x42, 0x00, 0x83,
  0xD8, 0xF8, 0xF0, 0xF0, 0xE0, 0xE0, 0xF0, 0xF0, 0xF0, 0xF0, 0xD0, 0xF0, 0xB0, 0xF0, 0xF0, 0xF0,
  0x00, 0xF8, 0x00, 0xF0, 0x00, 0xC0, 0x00, 0xD0, 0x00, 0xB0, 0x00, 0x70, 0x00, 0xE0, 0x00, 0xF0,
  0x0F, 0x0F, 0x19, 0x1F, 0x10, 0x1F, 0x00, 0x1F, 0x00, 0x1F, 0x10, 0x1F, 0x18, 0x1F, 0x10, 0x1F,
  0x00, 0x0F, 0x00, 0x0F, 0x00, 0x19, 0x04, 0x10, 0x00, 0x10, 0x00, 0x10, 0x00, 0x1F, 0x00, 0x19,
  0xE0, 0x80, 0xF0, 0xB0, 0xE0, 0xF0, 0x68, 0xF8, 0x60, 0xF8, 0x74, 0xDC, 0xF4, 0xDC, 0xF8, 0xDC,
  0x00, 0x00, 0x00, 0x10, 0x00, 0x90, 0x00, 0x98, 0x00, 0x98, 0x00, 0x9C, 0x00, 0x9C, 0x00, 0x9C,
  0x00, 0x00, 0x00, 0x00, 0x00, 0x00, 0x00, 0x00, 0x00, 0x00, 0x00, 0x00, 0x00, 0x00, 0x00, 0x00,
  0x00, 0x00, 0x00, 0x00, 0x00, 0x00, 0x00, 0x00, 0x00, 0x00, 0x00, 0x00, 0x00, 0x00, 0x00, 0x00,
  0x00, 0x00, 0x00, 0x00, 0x00, 0x00, 0x00, 0x00, 0x00, 0x00, 0x00, 0x00, 0x00, 0x00, 0x00, 0x00,
  0x00, 0x00, 0x00, 0x00, 0x00, 0x00, 0x00, 0x00, 0x00, 0x00, 0x00, 0x00, 0x00, 0x00, 0x00, 0x00,
  0x1C, 0x1F, 0x07, 0x07, 0x06, 0x07, 0x03, 0x03, 0x00, 0x00, 0x00, 0x00, 0x00, 0x00, 0x00, 0x00,
  0x00, 0x17, 0x00, 0x00, 0x00, 0x03, 0x00, 0x01, 0x00, 0x00, 0x00, 0x00, 0x00, 0x00, 0x00, 0x00,
  0x6C, 0xEF, 0xC7, 0xC7, 0xC3, 0xC3, 0xC0, 0xC0, 0x00, 0x00, 0x00, 0x00, 0x00, 0x00, 0x00, 0x00,
  0x00, 0xC6, 0x00, 0x03, 0x00, 0x00, 0x00, 0x00, 0x00, 0x00, 0x00, 0x00, 0x00, 0x00, 0x00, 0x00,
  0xE5, 0xFF, 0xFF, 0xFF, 0xFF, 0xFC, 0xF5, 0xE4, 0x7F, 0x7F, 0xFC, 0x1F, 0x78, 0x5F, 0x38, 0x3F,
  0x80, 0xB5, 0x80, 0xBF, 0x83, 0x82, 0x95, 0x8B, 0x40, 0xC7, 0xC0, 0x47, 0x02, 0x0C, 0x00, 0x0C,
  0x70, 0xF0, 0xE0, 0xF0, 0xE0, 0x30, 0xF8, 0xF8, 0xF8, 0xF8, 0x7E, 0xFE, 0x7D, 0xFF, 0x68, 0xEF,
  0x20, 0xE0, 0x30, 0xF0, 0xF0, 0x70, 0x30, 0x38, 0x20, 0xA0, 0x00, 0xCE, 0x00, 0xC7, 0x01, 0xC0,
  0x00, 0x00, 0x00, 0x00, 0x00, 0x00, 0x00, 0x00, 0x00, 0x00, 0x00, 0x00, 0x00, 0x00, 0x00, 0x00,
  0x00, 0x00, 0x00, 0x00, 0x00, 0x00, 0x00, 0x00, 0x00, 0x00, 0x00, 0x00, 0x00, 0x00, 0x00, 0x00,
  0x00, 0x00, 0x00, 0x00, 0x00, 0x00, 0x00, 0x00, 0x00, 0x00, 0x00, 0x00, 0x00, 0x00, 0x00, 0x00,
  0x00, 0x00, 0x00, 0x00, 0x00, 0x00, 0x00, 0x00, 0x00, 0x00, 0x00, 0x00, 0x00, 0x00, 0x00, 0x00,
  0x00, 0x00, 0x00, 0x00, 0x00, 0x00, 0x00, 0x00, 0x00, 0x00, 0x00, 0x00, 0x00, 0x00, 0x00, 0x00,
  0x00, 0x00, 0x00, 0x00, 0x00, 0x00, 0x00, 0x00, 0x00, 0x00, 0x00, 0x00, 0x00, 0x00, 0x00, 0x00,
  0x00, 0x00, 0x00, 0x00, 0x00, 0x00, 0x00, 0x00, 0x00, 0x00, 0x00, 0x00, 0x00, 0x00, 0x00, 0x00,
  0x00, 0x00, 0x00, 0x00, 0x00, 0x00, 0x00, 0x00, 0x00, 0x00, 0x00, 0x00, 0x00, 0x00, 0x00, 0x00,
  0x0E, 0x0F, 0x07, 0x07, 0x03, 0x03, 0x00, 0x00, 0x00, 0x00, 0x00, 0x00, 0x00, 0x00, 0x00, 0x00,
  0x00, 0x03, 0x00, 0x03, 0x00, 0x00, 0x00, 0x00, 0x00, 0x00, 0x00, 0x00, 0x00, 0x00, 0x00, 0x00,
  0x67, 0xE7, 0x11, 0xF1, 0xF0, 0xF0, 0x00, 0x00, 0x00, 0x00, 0x00, 0x00, 0x00, 0x00, 0x00, 0x00,
  0x00, 0x60, 0x00, 0xF0, 0x00, 0x00, 0x00, 0x00, 0x00, 0x00, 0x00, 0x00, 0x00, 0x00, 0x00, 0x00,
  0x67, 0xE7, 0x11, 0xF1, 0xF0, 0xF0, 0x00, 0x00, 0x00, 0x00, 0x00, 0x00, 0x00, 0x00, 0x00, 0x00,
  0x00, 0x60, 0x00, 0xF0, 0x00, 0x00, 0x00, 0x00, 0x00, 0x00, 0x00, 0x00, 0x00, 0x00, 0x00, 0x00,
  0x88, 0xF8, 0xE2, 0xFE, 0xFE, 0xFE, 0x00, 0x00, 0x00, 0x00, 0x00, 0x00, 0x00, 0x00, 0x00, 0x00,
  0x00, 0xF8, 0x00, 0x7E, 0x00, 0x00, 0x00, 0x00, 0x00, 0x00, 0x00, 0x00, 0x00, 0x00, 0x00, 0x00,
  0x08, 0x0F, 0x08, 0x0F, 0x09, 0x0F, 0x0F, 0x0F, 0x1F, 0x1F, 0x7A, 0x7F, 0xCA, 0xFF, 0x83, 0xFF,
  0x00, 0x09, 0x00, 0x09, 0x00, 0x0F, 0x00, 0x07, 0x00, 0x0F, 0x00, 0x3E, 0x00, 0x7F, 0x00, 0xCE,
  0xFA, 0xCE, 0xFE, 0xEE, 0xFE, 0xE6, 0xFD, 0xFF, 0x7D, 0xFF, 0x76, 0xFE, 0xEE, 0xFE, 0xCC, 0xFC,
  0x00, 0x8E, 0x00, 0x8E, 0x00, 0x84, 0x00, 0x02, 0x00, 0x96, 0x00, 0xBA, 0x00, 0x7C, 0x00, 0x78,
  0x00, 0x00, 0x00, 0x00, 0x00, 0x00, 0x00, 0x00, 0x00, 0x00, 0x00, 0x00, 0x00, 0x00, 0x00, 0x00,
  0x00, 0x00, 0x00, 0x00, 0x00, 0x00, 0x00, 0x00, 0x00, 0x00, 0x00, 0x00, 0x00, 0x00, 0x00, 0x00,
  0x00, 0x00, 0x00, 0x00, 0x00, 0x00, 0x00, 0x00, 0x00, 0x00, 0x00, 0x00, 0x00, 0x00, 0x00, 0x00,
  0x00, 0x00, 0x00, 0x00, 0x00, 0x00, 0x00, 0x00, 0x00, 0x00, 0x00, 0x00, 0x00, 0x00, 0x00, 0x00,
  0xE5, 0xFF, 0xFF, 0xFF, 0xFE, 0xFC, 0xF6, 0x66, 0x7F, 0x1F, 0xFC, 0x1F, 0x38, 0x1F, 0x18, 0x1F,
  0x80, 0xB5, 0x80, 0xBF, 0x82, 0x83, 0xD6, 0x49, 0x40, 0xC7, 0xC0, 0x4F, 0x02, 0x0C, 0x00, 0x0C,
  0x70, 0xF0, 0xE0, 0xF0, 0x60, 0x30, 0xF8, 0xF8, 0xF8, 0xF8, 0x7E, 0xFE, 0x7D, 0xFF, 0x68, 0xEF,
  0x20, 0xE0, 0x30, 0xB0, 0x70, 0xB0, 0x30, 0x38, 0x20, 0xA0, 0x00, 0xCE, 0x00, 0xC7, 0x01, 0xC0,
  0x07, 0x07, 0x15, 0x1E, 0x3F, 0x3F, 0x7F, 0x7F, 0x75, 0x7F, 0x60, 0x7F, 0xE0, 0xFF, 0xE4, 0xFF,
  0x07, 0x07, 0x1C, 0x1F, 0x31, 0x31, 0x00, 0x0E, 0x40, 0x5F, 0x00, 0x35, 0x80, 0xB4, 0x02, 0x25,
  0x00, 0xC0, 0x80, 0x60, 0xE0, 0xD0, 0xD0, 0xD0, 0xE0, 0xA0, 0xE0, 0xE0, 0x60, 0xD0, 0x70, 0xF0,
  0xC0, 0xC0, 0x60, 0xE0, 0xF0, 0xD0, 0xB0, 0x90, 0x50, 0x00, 0x50, 0x80, 0x30, 0xD0, 0x00, 0xC0,
  0x00, 0x00, 0xE0, 0x60, 0xF0, 0x50, 0x50, 0x50, 0xF0, 0x50, 0xF0, 0x50, 0xE0, 0xE0, 0x00, 0x00,
  0x00, 0x00, 0x80, 0x80, 0xA0, 0x20, 0x00, 0xA0, 0xA0, 0x80, 0xA0, 0xA0, 0x00, 0x00, 0x00, 0x00,
  0x00, 0x00, 0xFF, 0x81, 0xFF, 0x81, 0xCB, 0x81, 0xFF, 0x81, 0xFF, 0x81, 0xFF, 0xFF, 0x00, 0x00,
  0x00, 0x00, 0x7E, 0x7E, 0x7E, 0x78, 0x4A, 0x34, 0x7E, 0x6A, 0x7E, 0x7E, 0x00, 0x00, 0x00, 0x00,
  0x00, 0x00, 0x00, 0x00, 0x00, 0x00, 0x00, 0x00, 0x00, 0x00, 0x00, 0x00, 0x00, 0x00, 0x00, 0x00,
  0x00, 0x00, 0x00, 0x00, 0x00, 0x00, 0x00, 0x00, 0x00, 0x00, 0x00, 0x00, 0x00, 0x00, 0x00, 0x00,
  0x00, 0x00, 0x00, 0x00, 0x00, 0x00, 0x00, 0x00, 0x00, 0x00, 0x00, 0x00, 0x00, 0x00, 0x00, 0x00,
  0x00, 0x00, 0x00, 0x00, 0x00, 0x00, 0x00, 0x00, 0x00, 0x00, 0x00, 0x00, 0x00, 0x00, 0x00, 0x00,
  0x01, 0x01, 0x01, 0x01, 0x03, 0x03, 0x07, 0x07, 0x0B, 0x0F, 0x19, 0x1F, 0x1A, 0x1F, 0x1D, 0x1F,
  0x00, 0x00, 0x00, 0x00, 0x00, 0x01, 0x00, 0x04, 0x00, 0x0E, 0x00, 0x0B, 0x00, 0x0F, 0x00, 0x0F,
  0x87, 0xFF, 0x9D, 0xFD, 0xF1, 0xF1, 0xE3, 0xE3, 0xE3, 0xE3, 0x67, 0xE7, 0x45, 0xC7, 0xC7, 0xC7,
  0x00, 0xDC, 0x00, 0xF8, 0x00, 0xE1, 0x00, 0x81, 0x00, 0x20, 0x00, 0xE0, 0x00, 0x42, 0x00, 0x83,
  0x87, 0xFF, 0x9D, 0xFD, 0xF1, 0xF1, 0xE3, 0xE3, 0xE3, 0xE3, 0x67, 0xE7, 0x45, 0xC7, 0xC7, 0xC7,
  0x00, 0xDC, 0x00, 0xF8, 0x00, 0xE1, 0x00, 0x81, 0x00, 0x20, 0x00, 0xE0, 0x00, 0x42, 0x00, 0x83,
  0xD8, 0xF8, 0xF0, 0xF0, 0xE0, 0xE0, 0xF0, 0xF0, 0xF0, 0xF0, 0xD0, 0xF0, 0xB0, 0xF0, 0xF0, 0xF0,
  0x00, 0xF8, 0x00, 0xF0, 0x00, 0xC0, 0x00, 0xD0, 0x00, 0xB0, 0x00, 0x70, 0x00, 0xE0, 0x00, 0xF0,
  0x0F, 0x0F, 0x19, 0x1F, 0x10, 0x1F, 0x00, 0x1F, 0x00, 0x1F, 0x10, 0x1F, 0x18, 0x1F, 0x10, 0x1F,
  0x00, 0x0F, 0x00, 0x0F, 0x00, 0x19, 0x04, 0x10, 0x04, 0x10, 0x00, 0x10, 0x00, 0x1F, 0x00, 0x19,
  0xE0, 0x80, 0xF0, 0xB0, 0xE0, 0xF0, 0x68, 0xF8, 0x60, 0xF8, 0x74, 0xDC, 0xF4, 0xDC, 0xF8, 0xCC,
  0x00, 0x00, 0x00, 0x10, 0x00, 0x90, 0x00, 0x98, 0x00, 0x98, 0x00, 0x9C, 0x00, 0x9C, 0x00, 0x8C,
  0x00, 0x00, 0x00, 0x00, 0x00, 0x00, 0x00, 0x00, 0x00, 0x00, 0x00, 0x00, 0x00, 0x00, 0x00, 0x00,
  0x00, 0x00, 0x00, 0x00, 0x00, 0x00, 0x00, 0x00, 0x00, 0x00, 0x00, 0x00, 0x00, 0x00, 0x00, 0x00,
  0x00, 0x00, 0x00, 0x00, 0x00, 0x00, 0x00, 0x00, 0x00, 0x00, 0x00, 0x00, 0x00, 0x00, 0x00, 0x00,
  0x00, 0x00, 0x00, 0x00, 0x00, 0x00, 0x00, 0x00, 0x00, 0x00, 0x00, 0x00, 0x00, 0x00, 0x00, 0x00,
  0x1C, 0x1F, 0x07, 0x07, 0x06, 0x07, 0x03, 0x03, 0x00, 0x00, 0x00, 0x00, 0x00, 0x00, 0x00, 0x00,
  0x00, 0x17, 0x00, 0x00, 0x00, 0x03, 0x00, 0x01, 0x00, 0x00, 0x00, 0x00, 0x00, 0x00, 0x00, 0x00,
  0x6C, 0xEF, 0xC7, 0xC7, 0xC3, 0xC3, 0xC0, 0xC0, 0x00, 0x00, 0x00, 0x00, 0x00, 0x00, 0x00, 0x00,
  0x00, 0xC6, 0x00, 0x03, 0x00, 0x80, 0x00, 0x80, 0x00, 0x00, 0x00, 0x00, 0x00, 0x00, 0x00, 0x00,
  0xE5, 0xFF, 0xFF, 0xFF, 0xFE, 0xFC, 0xF6, 0x66, 0x7F, 0x1F, 0xFC, 0x1F, 0x38, 0x1F, 0x18, 0x1F,
  0x80, 0xB5, 0x80, 0xBF, 0x82, 0x83, 0xD6, 0x49, 0x40, 0xC7, 0xC0, 0x4F, 0x02, 0x0C, 0x00, 0x0C,
  0x70, 0xF0, 0xE0, 0xF0, 0x60, 0x30, 0xF8, 0xF8, 0xF8, 0xF8, 0x7E, 0xFE, 0x7D, 0xFF, 0x68, 0xEF,
  0x20, 0xE0, 0x30, 0xB0, 0x70, 0xB0, 0x30, 0x38, 0x20, 0xA0, 0x00, 0xCE, 0x00, 0xC7, 0x01, 0xC0,
  0x00, 0x00, 0x00, 0x00, 0x00, 0x00, 0x00, 0x00, 0x00, 0x00, 0x00, 0x00, 0x00, 0x00, 0x00, 0x00,
  0x00, 0x00, 0x00, 0x00, 0x00, 0x00, 0x00, 0x00, 0x00, 0x00, 0x00, 0x00, 0x00, 0x00, 0x00, 0x00,
  0x00, 0x00, 0x00, 0x00, 0x00, 0x00, 0x00, 0x00, 0x00, 0x00, 0x00, 0x00, 0x00, 0x00, 0x00, 0x00,
  0x00, 0x00, 0x00, 0x00, 0x00, 0x00, 0x00, 0x00, 0x00, 0x00, 0x00, 0x00, 0x00, 0x00, 0x00, 0x00,
  0x00, 0x00, 0x00, 0x00, 0x00, 0x00, 0x00, 0x00, 0x00, 0x00, 0x00, 0x00, 0x00, 0x00, 0x00, 0x00,
  0x00, 0x00, 0x00, 0x00, 0x00, 0x00, 0x00, 0x00, 0x00, 0x00, 0x00, 0x00, 0x00, 0x00, 0x00, 0x00,
  0x00, 0x00, 0x00, 0x00, 0x00, 0x00, 0x00, 0x00, 0x00, 0x00, 0x00, 0x00, 0x00, 0x00, 0x00, 0x00,
  0x00, 0x00, 0x00, 0x00, 0x00, 0x00, 0x00, 0x00, 0x00, 0x00, 0x00, 0x00, 0x00, 0x00, 0x00, 0x00,
  0x0E, 0x0F, 0x07, 0x07, 0x03, 0x03, 0x00, 0x00, 0x00, 0x00, 0x00, 0x00, 0x00, 0x00, 0x00, 0x00,
  0x00, 0x03, 0x00, 0x03, 0x00, 0x00, 0x00, 0x00, 0x00, 0x00, 0x00, 0x00, 0x00, 0x00, 0x00, 0x00,
  0x67, 0xE7, 0x11, 0xF1, 0xF0, 0xF0, 0x00, 0x00, 0x00, 0x00, 0x00, 0x00, 0x00, 0x00, 0x00, 0x00,
  0x00, 0x60, 0x00, 0xF0, 0x00, 0x00, 0x00, 0x00, 0x00, 0x00, 0x00, 0x00, 0x00, 0x00, 0x00, 0x00,
  0x67, 0xE7, 0x11, 0xF1, 0xF0, 0xF0, 0x00, 0x00, 0x00, 0x00, 0x00, 0x00, 0x00, 0x00, 0x00, 0x00,
  0x00, 0x60, 0x00, 0xF0, 0x00, 0x00, 0x00, 0x00, 0x00, 0x00, 0x00, 0x00, 0x00, 0x00, 0x00, 0x00,
  0x88, 0xF8, 0xE2, 0xFE, 0xFE, 0xFE, 0x00, 0x00, 0x00, 0x00, 0x00, 0x00, 0x00, 0x00, 0x00, 0x00,
  0x00, 0xF8, 0x00, 0x7E, 0x00, 0x00, 0x00, 0x00, 0x00, 0x00, 0x00, 0x00, 0x00, 0x00, 0x00, 0x00,
  0x08, 0x0F, 0x08, 0x0F, 0x08, 0x0F, 0x0F, 0x0F, 0x1F, 0x1F, 0x7A, 0x7F, 0xCA, 0xFF, 0x83, 0xFF,
  0x00, 0x09, 0x00, 0x09, 0x00, 0x0F, 0x00, 0x01, 0x00, 0x0F, 0x00, 0x3E, 0x00, 0x7F, 0x00, 0xEE,
  0xFA, 0xCE, 0xFE, 0xE6, 0xFE, 0xE6, 0xFD, 0xFF, 0xFD, 0xFF, 0x76, 0xFE, 0xCE, 0xFE, 0xCC, 0xFC,
  0x00, 0x8E, 0x00, 0x86, 0x00, 0x84, 0x00, 0x02, 0x00, 0x96, 0x00, 0xBA, 0x00, 0x7C, 0x00, 0x78,
  0x00, 0x00, 0x00, 0x00, 0x00, 0x00, 0x00, 0x00, 0x00, 0x00, 0x00, 0x00, 0x00, 0x00, 0x00, 0x00,
  0x00, 0x00, 0x00, 0x00, 0x00, 0x00, 0x00, 0x00, 0x00, 0x00, 0x00, 0x00, 0x00, 0x00, 0x00, 0x00,
  0x00, 0x00, 0x00, 0x00, 0x00, 0x00, 0x00, 0x00, 0x00, 0x00, 0x00, 0x00, 0x00, 0x00, 0x00, 0x00,
  0x00, 0x00, 0x00, 0x00, 0x00, 0x00, 0x00, 0x00, 0x00, 0x00, 0x00, 0x00, 0x00, 0x00, 0x00, 0x00,
  0xE5, 0xFF, 0xFF, 0xFF, 0xFF, 0xFC, 0xF5, 0xE4, 0x7F, 0x7F, 0xFC, 0x1F, 0x78, 0x5F, 0x38, 0x3F,
  0x80, 0xB5, 0x80, 0xBF, 0x83, 0x82, 0x95, 0x8B, 0x40, 0xC7, 0xC0, 0x47, 0x02, 0x0C, 0x00, 0x0C,
  0x70, 0xF0, 0xE0, 0xF0, 0xE0, 0x30, 0xF8, 0xF8, 0xF8, 0xF8, 0x7E, 0xFE, 0x7D, 0xFF, 0x68, 0xEF,
  0x20, 0xE0, 0x30, 0xF0, 0xF0, 0x70, 0x30, 0x38, 0x20, 0xA0, 0x00, 0xCE, 0x00, 0xC7, 0x01, 0xC0,
  0x07, 0x07, 0x15, 0x1E, 0x3F, 0x3F, 0x7F, 0x7F, 0x75, 0x7F, 0x70, 0x7F, 0xE0, 0xFF, 0xE4, 0xFF,
  0x07, 0x07, 0x1C, 0x1D, 0x30, 0x30, 0x40, 0x4F, 0x40, 0x5F, 0x00, 0x35, 0x80, 0xB4, 0x02, 0x25,
  0x40, 0xC0, 0x80, 0x60, 0xE0, 0xF0, 0xD0, 0xD0, 0xE0, 0xE0, 0xE0, 0xE0, 0x70, 0xD0, 0x70, 0xF0,
  0xC0, 0xC0, 0x60, 0xE0, 0xF0, 0xF0, 0x30, 0x10, 0x10, 0x80, 0x50, 0x80, 0x20, 0xC0, 0x10, 0xD0,
  0x00, 0x00, 0xE0, 0x60, 0xF0, 0x50, 0x50, 0x50, 0xF0, 0x50, 0xF0, 0x50, 0xE0, 0xE0, 0x00, 0x00,
  0x00, 0x00, 0x80, 0x80, 0xA0, 0x20, 0x00, 0xA0, 0xA0, 0x20, 0xA0, 0xA0, 0x00, 0x00, 0x00, 0x00,
  0x00, 0x00, 0xFF, 0x81, 0xFF, 0x81, 0xCB, 0x81, 0xFF, 0x81, 0xFF, 0x81, 0xFF, 0xFF, 0x00, 0x00,
  0x00, 0x00, 0x7E, 0x7E, 0x7E, 0x08, 0x4A, 0x34, 0x7E, 0x20, 0x7E, 0x7E, 0x00, 0x00, 0x00, 0x00,
  0x00, 0x00, 0x00, 0x00, 0x00, 0x00, 0x00, 0x00, 0x00, 0x00, 0x00, 0x00, 0x00, 0x00, 0x00, 0x00,
  0x00, 0x00, 0x00, 0x00, 0x00, 0x00, 0x00, 0x00, 0x00, 0x00, 0x00, 0x00, 0x00, 0x00, 0x00, 0x00,
  0x00, 0x00, 0x00, 0x00, 0x00, 0x00, 0x00, 0x00, 0x00, 0x00, 0x00, 0x00, 0x00, 0x00, 0x00, 0x00,
  0x00, 0x00, 0x00, 0x00, 0x00, 0x00, 0x00, 0x00, 0x00, 0x00, 0x00, 0x00, 0x00, 0x00, 0x00, 0x00,
  0x01, 0x01, 0x01, 0x01, 0x03, 0x03, 0x07, 0x07, 0x0B, 0x0F, 0x19, 0x1F, 0x1A, 0x1F, 0x1D, 0x1F,
  0x00, 0x00, 0x00, 0x00, 0x00, 0x01, 0x00, 0x04, 0x00, 0x0E, 0x00, 0x0B, 0x00, 0x0F, 0x00, 0x0F,
  0x87, 0xFF, 0x9D, 0xFD, 0xF1, 0xF1, 0xE3, 0xE3, 0xE3, 0xE3, 0x27, 0xE7, 0x45, 0xC7, 0xC7, 0xC7,
  0x00, 0xDC, 0x00, 0xF8, 0x00, 0xE1, 0x00, 0x81, 0x00, 0x20, 0x00, 0xE0, 0x00, 0x42, 0x00, 0x83,
  0x87, 0xFF, 0x9D, 0xFD, 0xF1, 0xF1, 0xE3, 0xE3, 0xE3, 0xE3, 0x27, 0xE7, 0x45, 0xC7, 0xC7, 0xC7,
  0x00, 0xDC, 0x00, 0xF8, 0x00, 0xE1, 0x00, 0x81, 0x00, 0x20, 0x00, 0xE0, 0x00, 0x42, 0x00, 0x83,
  0xD8, 0xF8, 0xF0, 0xF0, 0xE0, 0xE0, 0xF0, 0xF0, 0xF0, 0xF0, 0xD0, 0xF0, 0xB0, 0xF0, 0xF0, 0xF0,
  0x00, 0xF8, 0x00, 0xF0, 0x00, 0xC0, 0x00, 0xD0, 0x00, 0xB0, 0x00, 0x70, 0x00, 0xE0, 0x00, 0xF0,
  0x0F, 0x0F, 0x19, 0x1F, 0x10, 0x1F, 0x00, 0x1F, 0x00, 0x1F, 0x10, 0x1F, 0x18, 0x1F, 0x10, 0x1F,
  0x00, 0x0F, 0x00, 0x0F, 0x00, 0x19, 0x04, 0x10, 0x00, 0x10, 0x00, 0x10, 0x00, 0x1F, 0x00, 0x19,
  0xE0, 0x80, 0xF0, 0xB0, 0xE0, 0xF0, 0x68, 0xF8, 0x60, 0xF8, 0x74, 0xDC, 0xF4, 0xDC, 0xF8, 0xDC,
  0x00, 0x00, 0x00, 0x10, 0x00, 0x90, 0x00, 0x98, 0x00, 0x98, 0x00, 0x9C, 0x00, 0x9C, 0x00, 0x9C,
  0x00, 0x00, 0x00, 0x00, 0x00, 0x00, 0x00, 0x00, 0x00, 0x00, 0x00, 0x00, 0x00, 0x00, 0x00, 0x00,
  0x00, 0x00, 0x00, 0x00, 0x00, 0x00, 0x00, 0x00, 0x00, 0x00, 0x00, 0x00, 0x00, 0x00, 0x00, 0x00,
  0x00, 0x00, 0x00, 0x00, 0x00, 0x00, 0x00, 0x00, 0x00, 0x00, 0x00, 0x00, 0x00, 0x00, 0x00, 0x00,
  0x00, 0x00, 0x00, 0x00, 0x00, 0x00, 0x00, 0x00, 0x00, 0x00, 0x00, 0x00, 0x00, 0x00, 0x00, 0x00,
  0x1C, 0x1F, 0x07, 0x07, 0x06, 0x07, 0x03, 0x03, 0x00, 0x00, 0x00, 0x00, 0x00, 0x00, 0x00, 0x00,
  0x00, 0x17, 0x00, 0x00, 0x00, 0x03, 0x00, 0x01, 0x00, 0x00, 0x00, 0x00, 0x00, 0x00, 0x00, 0x00,
  0x6C, 0xEF, 0xC7, 0xC7, 0xC3, 0xC3, 0xC0, 0xC0, 0x00, 0x00, 0x00, 0x00, 0x00, 0x00, 0x00, 0x00,
  0x00, 0xC6, 0x00, 0x03, 0x00, 0x00, 0x00, 0x00, 0x00, 0x00, 0x00, 0x00, 0x00, 0x00, 0x00, 0x00,
  0xE5, 0xFF, 0xFF, 0xFF, 0xFF, 0xFC, 0xF5, 0xE4, 0x7F, 0x7F, 0xFC, 0x1F, 0x78, 0x5F, 0x38, 0x3F,
  0x80, 0xB5, 0x80, 0xBF, 0x83, 0x82, 0x95, 0x8B, 0x40, 0xC7, 0xC0, 0x47, 0x02, 0x0C, 0x00, 0x0C,
  0x70, 0xF0, 0xE0, 0xF0, 0xE0, 0x30, 0xF8, 0xF8, 0xF8, 0xF8, 0x7E, 0xFE, 0x7D, 0xFF, 0x68, 0xEF,
  0x20, 0xE0, 0x30, 0xF0, 0xF0, 0x70, 0x30, 0x38, 0x20, 0xA0, 0x00, 0xCE, 0x00, 0xC7, 0x01, 0xC0,
  0x00, 0x00, 0x00, 0x00, 0x00, 0x00, 0x00, 0x00, 0x00, 0x00, 0x00, 0x00, 0x00, 0x00, 0x00, 0x00,
  0x00, 0x00, 0x00, 0x00, 0x00, 0x00, 0x00, 0x00, 0x00, 0x00, 0x00, 0x00, 0x00, 0x00, 0x00, 0x00,
  0x00, 0x00, 0x00, 0x00, 0x00, 0x00, 0x00, 0x00, 0x00, 0x00, 0x00, 0x00, 0x00, 0x00, 0x00, 0x00,
  0x00, 0x00, 0x00, 0x00, 0x00, 0x00, 0x00, 0x00, 0x00, 0x00, 0x00, 0x00, 0x00, 0x00, 0x00, 0x00,
  0x00, 0x00, 0x00, 0x00, 0x00, 0x00, 0x00, 0x00, 0x00, 0x00, 0x00, 0x00, 0x00, 0x00, 0x00, 0x00,
  0x00, 0x00, 0x00, 0x00, 0x00, 0x00, 0x00, 0x00, 0x00, 0x00, 0x00, 0x00, 0x00, 0x00, 0x00, 0x00,
  0x00, 0x00, 0x00, 0x00, 0x00, 0x00, 0x00, 0x00, 0x00, 0x00, 0x00, 0x00, 0x00, 0x00, 0x00, 0x00,
  0x00, 0x00, 0x00, 0x00, 0x00, 0x00, 0x00, 0x00, 0x00, 0x00, 0x00, 0x00, 0x00, 0x00, 0x00, 0x00,
  0x0E, 0x0F, 0x07, 0x07, 0x03, 0x03, 0x00, 0x00, 0x00, 0x00, 0x00, 0x00, 0x00, 0x00, 0x00, 0x00,
  0x00, 0x03, 0x00, 0x03, 0x00, 0x00, 0x00, 0x00, 0x00, 0x00, 0x00, 0x00, 0x00, 0x00, 0x00, 0x00,
  0x67, 0xE7, 0x11, 0xF1, 0xF0, 0xF0, 0x00, 0x00, 0x00, 0x00, 0x00, 0x00, 0x00, 0x00, 0x00, 0x00,
  0x00, 0x60, 0x00, 0xF0, 0x00, 0x00, 0x00, 0x00, 0x00, 0x00, 0x00, 0x00, 0x00, 0x00, 0x00, 0x00,
  0x67, 0xE7, 0x11, 0xF1, 0xF0, 0xF0, 0x00, 0x00, 0x00, 0x00, 0x00, 0x00, 0x00, 0x00, 0x00, 0x00,
  0x00, 0x60, 0x00, 0xF0, 0x00, 0x00, 0x00, 0x00, 0x00, 0x00, 0x00, 0x00, 0x00, 0x00, 0x00, 0x00,
  0x88, 0xF8, 0xE2, 0xFE, 0xFE, 0xFE, 0x00, 0x00, 0x00, 0x00, 0x00, 0x00, 0x00, 0x00, 0x00, 0x00,
  0x00, 0xF8, 0x00, 0x7E, 0x00, 0x00, 0x00, 0x00, 0x00, 0x00, 0x00, 0x00, 0x00, 0x00, 0x00, 0x00,
  0x08, 0x0F, 0x08, 0x0F, 0x09, 0x0F, 0x0F, 0x0F, 0x1F, 0x1F, 0x7A, 0x7F, 0xCA, 0xFF, 0x83, 0xFF,
  0x00, 0x09, 0x00, 0x09, 0x00, 0x0F, 0x00, 0x07, 0x00, 0x0F, 0x00, 0x3E, 0x00, 0x7F, 0x00, 0xCE,
  0xFA, 0xCE, 0xFE, 0xEE, 0xFE, 0xE6, 0xFD, 0xFF, 0x7D, 0xFF, 0x76, 0xFE, 0xEE, 0xFE, 0xCC, 0xFC,
  0x00, 0x8E, 0x00, 0x8E, 0x00, 0x84, 0x00, 0x02, 0x00, 0x96, 0x00, 0xBA, 0x00, 0x7C, 0x00, 0x78,
  0x00, 0x00, 0x00, 0x00, 0x00, 0x00, 0x00, 0x00, 0x00, 0x00, 0x00, 0x00, 0x00, 0x00, 0x00, 0x00,
  0x00, 0x00, 0x00, 0x00, 0x00, 0x00, 0x00, 0x00, 0x00, 0x00, 0x00, 0x00, 0x00, 0x00, 0x00, 0x00,
  0x00, 0x00, 0x00, 0x00, 0x00, 0x00, 0x00, 0x00, 0x00, 0x00, 0x00, 0x00, 0x00, 0x00, 0x00, 0x00,
  0x00, 0x00, 0x00, 0x00, 0x00, 0x00, 0x00, 0x00, 0x00, 0x00, 0x00, 0x00, 0x00, 0x00, 0x00, 0x00,
  0x0E, 0x0F, 0x0F, 0x0F, 0x07, 0x0E, 0x07, 0x0F, 0x0F, 0x0F, 0x7E, 0x7F, 0x9C, 0xFF, 0x2C, 0xFF,
  0x00, 0x03, 0x0C, 0x0D, 0x0D, 0x0C, 0x0C, 0x0C, 0x04, 0x05, 0x00, 0x63, 0x00, 0xA2, 0x00, 0xDA,
  0xAF, 0xFF, 0xAF, 0xFF, 0xFF, 0x7F, 0xAF, 0x23, 0xFF, 0xFC, 0x1E, 0xFA, 0x1C, 0xF8, 0x1C, 0xFC,
  0x01, 0xAD, 0x01, 0xFD, 0x81, 0xF1, 0xAD, 0x55, 0x03, 0x03, 0x00, 0xF1, 0x40, 0x30, 0x00, 0x20,
  0x02, 0x03, 0x05, 0x06, 0x0F, 0x0F, 0x0B, 0x0B, 0x03, 0x03, 0x07, 0x07, 0x0E, 0x0B, 0x0E, 0x0F,
  0x03, 0x03, 0x06, 0x07, 0x0F, 0x0F, 0x0C, 0x08, 0x0C, 0x01, 0x08, 0x03, 0x04, 0x03, 0x08, 0x0B,
  0xE0, 0xE0, 0xA8, 0x78, 0xFC, 0xFC, 0xFE, 0xFE, 0xAE, 0xFE, 0x0F, 0xFF, 0x07, 0xFF, 0x27, 0xFF,
  0xE0, 0xE0, 0x70, 0xB0, 0xF8, 0xF8, 0x0C, 0x0C, 0x02, 0xF2, 0x00, 0xA8, 0x01, 0x2D, 0x40, 0xAC,
  0x00, 0x00, 0xE0, 0x60, 0xF0, 0x50, 0xD0, 0xD0, 0xF0, 0x50, 0xF0, 0x50, 0xE0, 0xE0, 0x00, 0x00,
  0x00, 0x00, 0x80, 0x80, 0xA0, 0x20, 0x80, 0x20, 0xA0, 0x00, 0xA0, 0xA0, 0x00, 0x00, 0x00, 0x00,
  0x00, 0x00, 0xFF, 0x81, 0xFF, 0x81, 0x83, 0x83, 0xFF, 0x81, 0xFF, 0x81, 0xFF, 0xFF, 0x00, 0x00,
  0x00, 0x00, 0x7E, 0x7E, 0x7E, 0x00, 0x02, 0x7C, 0x7E, 0x00, 0x7E, 0x7E, 0x00, 0x00, 0x00, 0x00,
  0x00, 0x00, 0x00, 0x00, 0x00, 0x00, 0x00, 0x00, 0x00, 0x00, 0x00, 0x00, 0x00, 0x00, 0x00, 0x00,
  0x00, 0x00, 0x00, 0x00, 0x00, 0x00, 0x00, 0x00, 0x00, 0x00, 0x00, 0x00, 0x00, 0x00, 0x00, 0x00,
  0x00, 0x00, 0x00, 0x00, 0x00, 0x00, 0x00, 0x00, 0x00, 0x00, 0x00, 0x00, 0x00, 0x00, 0x00, 0x00,
  0x00, 0x00, 0x00, 0x00, 0x00, 0x00, 0x00, 0x00, 0x00, 0x00, 0x00, 0x00, 0x00, 0x00, 0x00, 0x00,
  0x01, 0x01, 0x01, 0x01, 0x03, 0x03, 0x07, 0x07, 0x0B, 0x0F, 0x19, 0x1F, 0x1A, 0x1F, 0x1D, 0x1F,
  0x00, 0x00, 0x00, 0x00, 0x00, 0x01, 0x00, 0x04, 0x00, 0x0E, 0x00, 0x0B, 0x00, 0x0F, 0x00, 0x0F,
  0x87, 0xFF, 0x9D, 0xFD, 0xF1, 0xF1, 0xE3, 0xE3, 0xC3, 0xE3, 0x27, 0xE7, 0x45, 0xC7, 0xC7, 0xC7,
  0x00, 0xDC, 0x00, 0xF8, 0x00, 0xE1, 0x00, 0x81, 0x00, 0x20, 0x00, 0xE0, 0x00, 0x42, 0x00, 0x83,
  0x87, 0xFF, 0x9D, 0xFD, 0xF1, 0xF1, 0xE3, 0xE3, 0xC3, 0xE3, 0x27, 0xE7, 0x45, 0xC7, 0xC7, 0xC7,
  0x00, 0xDC, 0x00, 0xF8, 0x00, 0xE1, 0x00, 0x81, 0x00, 0x20, 0x00, 0xE0, 0x00, 0x42, 0x00, 0x83,
  0xD8, 0xF8, 0xF0, 0xF0, 0xE0, 0xE0, 0xF0, 0xF0, 0xF0, 0xF0, 0xD0, 0xF0, 0x90, 0xF0, 0xF0, 0xF0,
  0x00, 0xF8, 0x00, 0xF0, 0x00, 0xC0, 0x00, 0xD0, 0x00, 0xB0, 0x00, 0x70, 0x00, 0xE0, 0x00, 0xF0,
  0x0F, 0x0F, 0x19, 0x1F, 0x10, 0x1F, 0x00, 0x1F, 0x00, 0x1F, 0x10, 0x1F, 0x18, 0x1F, 0x10, 0x1F,
  0x00, 0x0F, 0x00, 0x0F, 0x00, 0x19, 0x00, 0x10, 0x04, 0x10, 0x00, 0x10, 0x00, 0x1F, 0x00, 0x19,
  0xE0, 0x80, 0xF0, 0xB0, 0xE0, 0xF0, 0x68, 0xF8, 0x60, 0xF8, 0x74, 0xDC, 0xF4, 0xDC, 0xF8, 0xDC,
  0x00, 0x00, 0x00, 0x10, 0x00, 0x90, 0x00, 0x98, 0x00, 0x98, 0x00, 0x9C, 0x00, 0x9C, 0x00, 0x9C,
  0x00, 0x00, 0x00, 0x00, 0x00, 0x00, 0x00, 0x00, 0x00, 0x00, 0x00, 0x00, 0x00, 0x00, 0x00, 0x00,
  0x00, 0x00, 0x00, 0x00, 0x00, 0x00, 0x00, 0x00, 0x00, 0x00, 0x00, 0x00, 0x00, 0x00, 0x00, 0x00,
  0x00, 0x00, 0x00, 0x00, 0x00, 0x00, 0x00, 0x00, 0x00, 0x00, 0x00, 0x00, 0x00, 0x00, 0x00, 0x00,
  0x00, 0x00, 0x00, 0x00, 0x00, 0x00, 0x00, 0x00, 0x00, 0x00, 0x00, 0x00, 0x00, 0x00, 0x00, 0x00,
  0xC6, 0xFF, 0xC7, 0xFF, 0xE7, 0xFF, 0x7D, 0x7F, 0x0F, 0x0F, 0x00, 0x00, 0x00, 0x00, 0x00, 0x00,
  0x10, 0x8D, 0x00, 0x69, 0x00, 0x3A, 0x00, 0x1B, 0x00, 0x03, 0x00, 0x00, 0x00, 0x00, 0x00, 0x00,
  0x38, 0xF0, 0x60, 0xE0, 0xC0, 0xC0, 0x80, 0x80, 0x00, 0x00, 0x00, 0x00, 0x00, 0x00, 0x00, 0x00,
  0x00, 0x60, 0x00, 0xC0, 0x00, 0x80, 0x00, 0x00, 0x00, 0x00, 0x00, 0x00, 0x00, 0x00, 0x00, 0x00,
  0x0E, 0x0F, 0x0F, 0x0F, 0x07, 0x0E, 0x07, 0x0F, 0x0F, 0x0F, 0x7E, 0x7F, 0x9C, 0xFF, 0x2C, 0xFF,
  0x00, 0x03, 0x0C, 0x0D, 0x0D, 0x0C, 0x0C, 0x0C, 0x04, 0x05, 0x00, 0x63, 0x00, 0xA2, 0x00, 0xDA,
  0xAF, 0xFF, 0xAF, 0xFF, 0xFF, 0x7F, 0xAF, 0x23, 0xFF, 0xFC, 0x1E, 0xFA, 0x1C, 0xF8, 0x1C, 0xFC,
  0x01, 0xAD, 0x01, 0xFD, 0x81, 0xF1, 0xAD, 0x55, 0x03, 0x03, 0x00, 0xF1, 0x40, 0x30, 0x00, 0x20,
  0x00, 0x00, 0x00, 0x00, 0x00, 0x00, 0x00, 0x00, 0x00, 0x00, 0x00, 0x00, 0x00, 0x00, 0x00, 0x00,
  0x00, 0x00, 0x00, 0x00, 0x00, 0x00, 0x00, 0x00, 0x00, 0x00, 0x00, 0x00, 0x00, 0x00, 0x00, 0x00,
  0x00, 0x00, 0x00, 0x00, 0x00, 0x00, 0x00, 0x00, 0x00, 0x00, 0x00, 0x00, 0x00, 0x00, 0x00, 0x00,
  0x00, 0x00, 0x00, 0x00, 0x00, 0x00, 0x00, 0x00, 0x00, 0x00, 0x00, 0x00, 0x00, 0x00, 0x00, 0x00,
  0x00, 0x00, 0x00, 0x00, 0x00, 0x00, 0x00, 0x00, 0x00, 0x00, 0x00, 0x00, 0x00, 0x00, 0x00, 0x00,
  0x00, 0x00, 0x00, 0x00, 0x00, 0x00, 0x00, 0x00, 0x00, 0x00, 0x00, 0x00, 0x00, 0x00, 0x00, 0x00,
  0x00, 0x00, 0x00, 0x00, 0x00, 0x00, 0x00, 0x00, 0x00, 0x00, 0x00, 0x00, 0x00, 0x00, 0x00, 0x00,
  0x00, 0x00, 0x00, 0x00, 0x00, 0x00, 0x00, 0x00, 0x00, 0x00, 0x00, 0x00, 0x00, 0x00, 0x00, 0x00,
  0x0E, 0x0F, 0x07, 0x07, 0x03, 0x03, 0x00, 0x00, 0x00, 0x00, 0x00, 0x00, 0x00, 0x00, 0x00, 0x00,
  0x00, 0x03, 0x00, 0x03, 0x00, 0x00, 0x00, 0x00, 0x00, 0x00, 0x00, 0x00, 0x00, 0x00, 0x00, 0x00,
  0x67, 0xE7, 0x11, 0xF1, 0xF0, 0xF0, 0x00, 0x00, 0x00, 0x00, 0x00, 0x00, 0x00, 0x00, 0x00, 0x00,
  0x00, 0x60, 0x00, 0xF0, 0x00, 0x00, 0x00, 0x00, 0x00, 0x00, 0x00, 0x00, 0x00, 0x00, 0x00, 0x00,
  0x67, 0xE7, 0x11, 0xF1, 0xF0, 0xF0, 0x00, 0x00, 0x00, 0x00, 0x00, 0x00, 0x00, 0x00, 0x00, 0x00,
  0x00, 0x60, 0x00, 0xF0, 0x00, 0x00, 0x00, 0x00, 0x00, 0x00, 0x00, 0x00, 0x00, 0x00, 0x00, 0x00,
  0x88, 0xF8, 0xE2, 0xFE, 0xFE, 0xFE, 0x00, 0x00, 0x00, 0x00, 0x00, 0x00, 0x00, 0x00, 0x00, 0x00,
  0x00, 0xF8, 0x00, 0x7E, 0x00, 0x00, 0x00, 0x00, 0x00, 0x00, 0x00, 0x00, 0x00, 0x00, 0x00, 0x00,
  0x08, 0x0F, 0x08, 0x0F, 0x09, 0x0F, 0x0F, 0x0F, 0x1F, 0x1F, 0x7A, 0x7F, 0xCA, 0xFF, 0x83, 0xFF,
  0x00, 0x09, 0x00, 0x09, 0x00, 0x0F, 0x00, 0x02, 0x00, 0x0F, 0x00, 0x3E, 0x00, 0x7F, 0x20, 0xCE,
  0xFA, 0xCE, 0xFE, 0xEE, 0xFE, 0xE6, 0xFF, 0xFF, 0x7D, 0xFF, 0x76, 0xFE, 0xFE, 0xFE, 0xCC, 0xFC,
  0x00, 0x8E, 0x00, 0x8E, 0x00, 0x84, 0x00, 0x02, 0x00, 0x96, 0x00, 0xBA, 0x00, 0x7C, 0x00, 0x78,
  0x00, 0x00, 0x00, 0x00, 0x00, 0x00, 0x00, 0x00, 0x00, 0x00, 0x00, 0x00, 0x00, 0x00, 0x00, 0x00,
  0x00, 0x00, 0x00, 0x00, 0x00, 0x00, 0x00, 0x00, 0x00, 0x00, 0x00, 0x00, 0x00, 0x00, 0x00, 0x00,
  0x00, 0x00, 0x00, 0x00, 0x00, 0x00, 0x00, 0x00, 0x00, 0x00, 0x00, 0x00, 0x00, 0x00, 0x00, 0x00,
  0x00, 0x00, 0x00, 0x00, 0x00, 0x00, 0x00, 0x00, 0x00, 0x00, 0x00, 0x00, 0x00, 0x00, 0x00, 0x00,
  0x0E, 0x0F, 0x0F, 0x0F, 0x07, 0x0E, 0x0F, 0x0F, 0x0F, 0x0F, 0x7E, 0x7F, 0x9C, 0xFF, 0x6C, 0xFF,
  0x00, 0x03, 0x0C, 0x0D, 0x0D, 0x0C, 0x0C, 0x0C, 0x04, 0x05, 0x00, 0x63, 0x00, 0xA3, 0x00, 0xDA,
  0xAF, 0xFF, 0xAF, 0xFF, 0xFF, 0x7F, 0x8F, 0x03, 0xFE, 0xFE, 0x3F, 0xFA, 0x1C, 0xF8, 0x1C, 0xFC,
  0x01, 0xAD, 0x01, 0xFD, 0x81, 0xE1, 0x8D, 0x75, 0x00, 0xC1, 0x01, 0xF0, 0x40, 0x30, 0x00, 0x20,
  0x02, 0x03, 0x01, 0x06, 0x07, 0x0F, 0x0B, 0x0B, 0x07, 0x03, 0x07, 0x07, 0x0E, 0x0B, 0x0E, 0x0F,
  0x03, 0x03, 0x06, 0x07, 0x0E, 0x0E, 0x0C, 0x08, 0x0C, 0x01, 0x08, 0x03, 0x04, 0x03, 0x08, 0x0B,
  0xE0, 0xE0, 0xA8, 0x78, 0xFC, 0xFC, 0xFE, 0xFE, 0xAE, 0xFE, 0x0F, 0xFF, 0x07, 0xFF, 0x27, 0xFF,
  0xE0, 0xE0, 0x38, 0xB8, 0x04, 0x04, 0x04, 0xF4, 0x02, 0xFA, 0x00, 0xBC, 0x01, 0x2D, 0x40, 0xAC,
  0x00, 0x00, 0xE0, 0x60, 0xF0, 0x50, 0x50, 0x50, 0xF0, 0x50, 0xF0, 0x50, 0xE0, 0xE0, 0x00, 0x00,
  0x00, 0x00, 0x80, 0x80, 0xA0, 0x20, 0x00, 0xA0, 0xA0, 0x20, 0xA0, 0xA0, 0x00, 0x00, 0x00, 0x00,
  0x00, 0x00, 0xFF, 0x81, 0xFF, 0x81, 0x83, 0x83, 0xFF, 0x81, 0xFF, 0x81, 0xFF, 0xFF, 0x00, 0x00,
  0x00, 0x00, 0x7E, 0x7E, 0x7E, 0x00, 0x02, 0x7C, 0x7E, 0x00, 0x7E, 0x7E, 0x00, 0x00, 0x00, 0x00,
  0x00, 0x00, 0x00, 0x00, 0x00, 0x00, 0x00, 0x00, 0x00, 0x00, 0x00, 0x00, 0x00, 0x00, 0x00, 0x00,
  0x00, 0x00, 0x00, 0x00, 0x00, 0x00, 0x00, 0x00, 0x00, 0x00, 0x00, 0x00, 0x00, 0x00, 0x00, 0x00,
  0x00, 0x00, 0x00, 0x00, 0x00, 0x00, 0x00, 0x00, 0x00, 0x00, 0x00, 0x00, 0x00, 0x00, 0x00, 0x00,
  0x00, 0x00, 0x00, 0x00, 0x00, 0x00, 0x00, 0x00, 0x00, 0x00, 0x00, 0x00, 0x00, 0x00, 0x00, 0x00,
  0x01, 0x01, 0x01, 0x01, 0x03, 0x03, 0x07, 0x07, 0x0B, 0x0F, 0x19, 0x1F, 0x1A, 0x1F, 0x1D, 0x1F,
  0x00, 0x00, 0x00, 0x00, 0x00, 0x01, 0x00, 0x04, 0x00, 0x0E, 0x00, 0x0B, 0x00, 0x0F, 0x00, 0x0F,
  0x87, 0xFF, 0x9D, 0xFD, 0xF1, 0xF1, 0xE3, 0xE3, 0xE3, 0xE3, 0x27, 0xE7, 0x45, 0xC7, 0xC7, 0xC7,
  0x00, 0xDC, 0x00, 0xF8, 0x00, 0xE1, 0x00, 0x81, 0x00, 0x20, 0x00, 0xE0, 0x00, 0x42, 0x00, 0x83,
  0x87, 0xFF, 0x9D, 0xFD, 0xF1, 0xF1, 0xE3, 0xE3, 0xE3, 0xE3, 0x27, 0xE7, 0x45, 0xC7, 0xC7, 0xC7,
  0x00, 0xDC, 0x00, 0xF8, 0x00, 0xE1, 0x00, 0x81, 0x00, 0x20, 0x00, 0xE0, 0x00, 0x42, 0x00, 0x83,
  0xD8, 0xF8, 0xF0, 0xF0, 0xE0, 0xE0, 0xF0, 0xF0, 0xF0, 0xF0, 0xD0, 0xF0, 0xB0, 0xF0, 0xF0, 0xF0,
  0x00, 0xF8, 0x00, 0xF0, 0x00, 0xC0, 0x00, 0xD0, 0x00, 0xB0, 0x00, 0x70, 0x00, 0xE0, 0x00, 0xF0,
  0x0F, 0x0F, 0x19, 0x1F, 0x10, 0x1F, 0x00, 0x1F, 0x00, 0x1F, 0x10, 0x1F, 0x18, 0x1F, 0x10, 0x1F,
  0x00, 0x0F, 0x00, 0x0F, 0x00, 0x19, 0x04, 0x10, 0x00, 0x10, 0x00, 0x10, 0x00, 0x1F, 0x00, 0x19,
  0xE0, 0x80, 0xF0, 0xB0, 0xE0, 0xF0, 0x68, 0xF8, 0x60, 0xF8, 0x74, 0xDC, 0xF4, 0xDC, 0xF8, 0xDC,
  0x00, 0x00, 0x00, 0x10, 0x00, 0x90, 0x00, 0x98, 0x00, 0x98, 0x00, 0x9C, 0x00, 0x9C, 0x00, 0x9C,
  0x00, 0x00, 0x00, 0x00, 0x00, 0x00, 0x00, 0x00, 0x00, 0x00, 0x00, 0x00, 0x00, 0x00, 0x00, 0x00,
  0x00, 0x00, 0x00, 0x00, 0x00, 0x00, 0x00, 0x00, 0x00, 0x00, 0x00, 0x00, 0x00, 0x00, 0x00, 0x00,
  0x00, 0x00, 0x00, 0x00, 0x00, 0x00, 0x00, 0x00, 0x00, 0x00, 0x00, 0x00, 0x00, 0x00, 0x00, 0x00,
  0x00, 0x00, 0x00, 0x00, 0x00, 0x00, 0x00, 0x00, 0x00, 0x00, 0x00, 0x00, 0x00, 0x00, 0x00, 0x00,
  0xC6, 0xFF, 0xC7, 0xFF, 0x6D, 0x7F, 0x3D, 0x3F, 0x0F, 0x0F, 0x00, 0x00, 0x00, 0x00, 0x00, 0x00,
  0x10, 0x8D, 0x00, 0x69, 0x00, 0x3A, 0x00, 0x0B, 0x00, 0x00, 0x00, 0x00, 0x00, 0x00, 0x00, 0x00,
  0x38, 0xF0, 0x60, 0xE0, 0xC0, 0xC0, 0x80, 0x80, 0x00, 0x00, 0x00, 0x00, 0x00, 0x00, 0x00, 0x00,
  0x00, 0x60, 0x00, 0xC0, 0x00, 0x80, 0x00, 0x00, 0x00, 0x00, 0x00, 0x00, 0x00, 0x00, 0x00, 0x00,
  0x0E, 0x0F, 0x0F, 0x0F, 0x07, 0x0E, 0x0F, 0x0F, 0x0F, 0x0F, 0x7E, 0x7F, 0x9C, 0xFF, 0x6C, 0xFF,
  0x00, 0x03, 0x0C, 0x0D, 0x0D, 0x0C, 0x0C, 0x0C, 0x04, 0x05, 0x00, 0x63, 0x00, 0xA3, 0x00, 0xDA,
  0xAF, 0xFF, 0xAF, 0xFF, 0xFF, 0x7F, 0x8F, 0x03, 0xFE, 0xFE, 0x3F, 0xFA, 0x1C, 0xF8, 0x1C, 0xFC,
  0x01, 0xAD, 0x01, 0xFD, 0x81, 0xE1, 0x8D, 0x75, 0x00, 0xC1, 0x01, 0xF0, 0x40, 0x30, 0x00, 0x20,
  0x00, 0x00, 0x00, 0x00, 0x00, 0x00, 0x00, 0x00, 0x00, 0x00, 0x00, 0x00, 0x00, 0x00, 0x00, 0x00,
  0x00, 0x00, 0x00, 0x00, 0x00, 0x00, 0x00, 0x00, 0x00, 0x00, 0x00, 0x00, 0x00, 0x00, 0x00, 0x00,
  0x00, 0x00, 0x00, 0x00, 0x00, 0x00, 0x00, 0x00, 0x00, 0x00, 0x00, 0x00, 0x00, 0x00, 0x00, 0x00,
  0x00, 0x00, 0x00, 0x00, 0x00, 0x00, 0x00, 0x00, 0x00, 0x00, 0x00, 0x00, 0x00, 0x00, 0x00, 0x00,
  0x00, 0x00, 0x00, 0x00, 0x00, 0x00, 0x00, 0x00, 0x00, 0x00, 0x00, 0x00, 0x00, 0x00, 0x00, 0x00,
  0x00, 0x00, 0x00, 0x00, 0x00, 0x00, 0x00, 0x00, 0x00, 0x00, 0x00, 0x00, 0x00, 0x00, 0x00, 0x00,
  0x00, 0x00, 0x00, 0x00, 0x00, 0x00, 0x00, 0x00, 0x00, 0x00, 0x00, 0x00, 0x00, 0x00, 0x00, 0x00,
  0x00, 0x00, 0x00, 0x00, 0x00, 0x00, 0x00, 0x00, 0x00, 0x00, 0x00, 0x00, 0x00, 0x00, 0x00, 0x00,
  0x0E, 0x0F, 0x07, 0x07, 0x03, 0x03, 0x00, 0x00, 0x00, 0x00, 0x00, 0x00, 0x00, 0x00, 0x00, 0x00,
  0x00, 0x03, 0x00, 0x03, 0x00, 0x00, 0x00, 0x00, 0x00, 0x00, 0x00, 0x00, 0x00, 0x00, 0x00, 0x00,
  0x67, 0xE7, 0x11, 0xF1, 0xF0, 0xF0, 0x00, 0x00, 0x00, 0x00, 0x00, 0x00, 0x00, 0x00, 0x00, 0x00,
  0x00, 0x60, 0x00, 0xF0, 0x00, 0x00, 0x00, 0x00, 0x00, 0x00, 0x00, 0x00, 0x00, 0x00, 0x00, 0x00,
  0x67, 0xE7, 0x11, 0xF1, 0xF0, 0xF0, 0x00, 0x00, 0x00, 0x00, 0x00, 0x00, 0x00, 0x00, 0x00, 0x00,
  0x00, 0x60, 0x00, 0xF0, 0x00, 0x00, 0x00, 0x00, 0x00, 0x00, 0x00, 0x00, 0x00, 0x00, 0x00, 0x00,
  0x88, 0xF8, 0xE2, 0xFE, 0xFE, 0xFE, 0x00, 0x00, 0x00, 0x00, 0x00, 0x00, 0x00, 0x00, 0x00, 0x00,
  0x00, 0xF8, 0x00, 0x7E, 0x00, 0x00, 0x00, 0x00, 0x00, 0x00, 0x00, 0x00, 0x00, 0x00, 0x00, 0x00,
  0x08, 0x0F, 0x08, 0x0F, 0x09, 0x0F, 0x0F, 0x0F, 0x1F, 0x1F, 0x7A, 0x7F, 0xCA, 0xFF, 0x83, 0xFF,
  0x00, 0x09, 0x00, 0x09, 0x00, 0x0F, 0x00, 0x07, 0x00, 0x0F, 0x00, 0x3E, 0x00, 0x7F, 0x00, 0xCE,
  0xFA, 0xCE, 0xFE, 0xEE, 0xFE, 0xE6, 0xFD, 0xFF, 0x7D, 0xFF, 0x76, 0xFE, 0xEE, 0xFE, 0xCC, 0xFC,
  0x00, 0x8E, 0x00, 0x8E, 0x00, 0x84, 0x00, 0x02, 0x00, 0x96, 0x00, 0xBA, 0x00, 0x7C, 0x00, 0x78,
  0x00, 0x00, 0x00, 0x00, 0x00, 0x00, 0x00, 0x00, 0x00, 0x00, 0x00, 0x00, 0x00, 0x00, 0x00, 0x00,
  0x00, 0x00, 0x00, 0x00, 0x00, 0x00, 0x00, 0x00, 0x00, 0x00, 0x00, 0x00, 0x00, 0x00, 0x00, 0x00,
  0x00, 0x00, 0x00, 0x00, 0x00, 0x00, 0x00, 0x00, 0x00, 0x00, 0x00, 0x00, 0x00, 0x00, 0x00, 0x00,
  0x00, 0x00, 0x00, 0x00, 0x00, 0x00, 0x00, 0x00, 0x00, 0x00, 0x00, 0x00, 0x00, 0x00, 0x00, 0x00,
  0x0E, 0x0F, 0x07, 0x0F, 0x07, 0x0E, 0x0F, 0x0F, 0x0F, 0x0F, 0x7F, 0x7F, 0x9E, 0xFF, 0x6C, 0xFF,
  0x08, 0x09, 0x0C, 0x0D, 0x0D, 0x0C, 0x0C, 0x0C, 0x04, 0x05, 0x00, 0x63, 0x00, 0xAB, 0x00, 0xDE,
  0xAF, 0xFF, 0xAF, 0xFF, 0xFF, 0x3F, 0xCF, 0x02, 0xFE, 0xFC, 0x1F, 0xFA, 0x1C, 0xF8, 0x1C, 0xFC,
  0x01, 0xAD, 0x01, 0xFD, 0xC1, 0xC1, 0xCD, 0xB4, 0x02, 0x03, 0x01, 0xF1, 0x40, 0x30, 0x00, 0x20,
  0x00, 0x03, 0x01, 0x06, 0x07, 0x0B, 0x09, 0x09, 0x07, 0x03, 0x07, 0x07, 0x06, 0x0B, 0x0E, 0x0F,
  0x03, 0x03, 0x06, 0x07, 0x0E, 0x0A, 0x0C, 0x08, 0x0C, 0x01, 0x08, 0x03, 0x0C, 0x0B, 0x00, 0x03,
  0xE0, 0xE0, 0xA8, 0x78, 0xFC, 0xFC, 0xFE, 0xFE, 0xAE, 0xFE, 0x07, 0xFF, 0x07, 0xFF, 0x27, 0xFF,
  0xE0, 0xE0, 0x38, 0xF8, 0x04, 0x04, 0x06, 0xF6, 0x02, 0xFA, 0x00, 0xFC, 0x01, 0x2D, 0x40, 0xAC,
  0x00, 0x00, 0xE0, 0x60, 0xF0, 0x50, 0x50, 0x50, 0xF0, 0x50, 0xF0, 0x50, 0xE0, 0xE0, 0x00, 0x00,
  0x00, 0x00, 0x80, 0x80, 0xA0, 0x20, 0x00, 0xA0, 0xA0, 0x80, 0xA0, 0xA0, 0x00, 0x00, 0x00, 0x00,
  0x00, 0x00, 0xFF, 0x81, 0xFF, 0x81, 0x83, 0x83, 0xFF, 0x81, 0xFF, 0x81, 0xFF, 0xFF, 0x00, 0x00,
  0x00, 0x00, 0x7E, 0x7E, 0x7E, 0x00, 0x02, 0x7C, 0x7E, 0x00, 0x7E, 0x7E, 0x00, 0x00, 0x00, 0x00,
  0x00, 0x00, 0x00, 0x00, 0x00, 0x00, 0x00, 0x00, 0x00, 0x00, 0x00, 0x00, 0x00, 0x00, 0x00, 0x00,
  0x00, 0x00, 0x00, 0x00, 0x00, 0x00, 0x00, 0x00, 0x00, 0x00, 0x00, 0x00, 0x00, 0x00, 0x00, 0x00,
  0x00, 0x00, 0x00, 0x00, 0x00, 0x00, 0x00, 0x00, 0x00, 0x00, 0x00, 0x00, 0x00, 0x00, 0x00, 0x00,
  0x00, 0x00, 0x00, 0x00, 0x00, 0x00, 0x00, 0x00, 0x00, 0x00, 0x00, 0x00, 0x00, 0x00, 0x00, 0x00,
  0x01, 0x01, 0x01, 0x01, 0x03, 0x03, 0x07, 0x07, 0x0B, 0x0F, 0x19, 0x1F, 0x1A, 0x1F, 0x1D, 0x1F,
  0x00, 0x00, 0x00, 0x00, 0x00, 0x01, 0x00, 0x04, 0x00, 0x0E, 0x00, 0x0B, 0x00, 0x0F, 0x00, 0x0F,
  0x87, 0xFF, 0x9D, 0xFD, 0xF1, 0xF1, 0xE3, 0xE3, 0xE3, 0xE3, 0x67, 0xE7, 0x45, 0xC7, 0xC7, 0xC7,
  0x00, 0xDC, 0x00, 0xF8, 0x00, 0xE1, 0x00, 0x81, 0x00, 0x20, 0x00, 0xE0, 0x00, 0x42, 0x00, 0x83,
  0x87, 0xFF, 0x9D, 0xFD, 0xF1, 0xF1, 0xE3, 0xE3, 0xE3, 0xE3, 0x67, 0xE7, 0x45, 0xC7, 0xC7, 0xC7,
  0x00, 0xDC, 0x00, 0xF8, 0x00, 0xE1, 0x00, 0x81, 0x00, 0x20, 0x00, 0xE0, 0x00, 0x42, 0x00, 0x83,
  0xD8, 0xF8, 0xF0, 0xF0, 0xE0, 0xE0, 0xF0, 0xF0, 0xF0, 0xF0, 0xD0, 0xF0, 0xB0, 0xF0, 0xF0, 0xF0,
  0x00, 0xF8, 0x00, 0xF0, 0x00, 0xC0, 0x00, 0xD0, 0x00, 0xB0, 0x00, 0x70, 0x00, 0xE0, 0x00, 0xF0,
  0x0F, 0x0F, 0x19, 0x1F, 0x10, 0x1F, 0x00, 0x1F, 0x00, 0x1F, 0x10, 0x1F, 0x18, 0x1F, 0x10, 0x1F,
  0x00, 0x0F, 0x00, 0x0F, 0x00, 0x19, 0x04, 0x10, 0x04, 0x10, 0x00, 0x10, 0x00, 0x1F, 0x00, 0x19,
  0xE0, 0x80, 0xF0, 0xB0, 0xE0, 0xF0, 0x68, 0xF8, 0x60, 0xF8, 0x74, 0xDC, 0xF4, 0xDC, 0xF8, 0xCC,
  0x00, 0x00, 0x00, 0x10, 0x00, 0x90, 0x00, 0x98, 0x00, 0x98, 0x00, 0x9C, 0x00, 0x9C, 0x00, 0x8C,
  0x00, 0x00, 0x00, 0x00, 0x00, 0x00, 0x00, 0x00, 0x00, 0x00, 0x00, 0x00, 0x00, 0x00, 0x00, 0x00,
  0x00, 0x00, 0x00, 0x00, 0x00, 0x00, 0x00, 0x00, 0x00, 0x00, 0x00, 0x00, 0x00, 0x00, 0x00, 0x00,
  0x00, 0x00, 0x00, 0x00, 0x00, 0x00, 0x00, 0x00, 0x00, 0x00, 0x00, 0x00, 0x00, 0x00, 0x00, 0x00,
  0x00, 0x00, 0x00, 0x00, 0x00, 0x00, 0x00, 0x00, 0x00, 0x00, 0x00, 0x00, 0x00, 0x00, 0x00, 0x00,
  0xC6, 0xFF, 0xCF, 0xFF, 0x6D, 0x7F, 0x3F, 0x3F, 0x0F, 0x0F, 0x00, 0x00, 0x00, 0x00, 0x00, 0x00,
  0x00, 0x89, 0x00, 0x69, 0x00, 0x3A, 0x00, 0x0B, 0x00, 0x00, 0x00, 0x00, 0x00, 0x00, 0x00, 0x00,
  0x30, 0xF0, 0x60, 0xE0, 0xC0, 0xC0, 0x80, 0x80, 0x00, 0x00, 0x00, 0x00, 0x00, 0x00, 0x00, 0x00,
  0x00, 0x60, 0x00, 0xC0, 0x00, 0x80, 0x00, 0x00, 0x00, 0x00, 0x00, 0x00, 0x00, 0x00, 0x00, 0x00,
  0x0E, 0x0F, 0x07, 0x0F, 0x07, 0x0E, 0x0F, 0x0F, 0x0F, 0x0F, 0x7F, 0x7F, 0x9E, 0xFF, 0x6C, 0xFF,
  0x08, 0x09, 0x0C, 0x0D, 0x0D, 0x0C, 0x0C, 0x0C, 0x04, 0x05, 0x00, 0x63, 0x00, 0xAB, 0x00, 0xDE,
  0xAF, 0xFF, 0xAF, 0xFF, 0xFF, 0x3F, 0xCF, 0x02, 0xFE, 0xFC, 0x1F, 0xFA, 0x1C, 0xF8, 0x1C, 0xFC,
  0x01, 0xAD, 0x01, 0xFD, 0xC1, 0xC1, 0xCD, 0xB4, 0x02, 0x03, 0x01, 0xF1, 0x40, 0x30, 0x00, 0x20,
  0x00, 0x00, 0x00, 0x00, 0x00, 0x00, 0x00, 0x00, 0x00, 0x00, 0x00, 0x00, 0x00, 0x00, 0x00, 0x00,
  0x00, 0x00, 0x00, 0x00, 0x00, 0x00, 0x00, 0x00, 0x00, 0x00, 0x00, 0x00, 0x00, 0x00, 0x00, 0x00,
  0x00, 0x00, 0x00, 0x00, 0x00, 0x00, 0x00, 0x00, 0x00, 0x00, 0x00, 0x00, 0x00, 0x00, 0x00, 0x00,
  0x00, 0x00, 0x00, 0x00, 0x00, 0x00, 0x00, 0x00, 0x00, 0x00, 0x00, 0x00, 0x00, 0x00, 0x00, 0x00,
  0x00, 0x00, 0x00, 0x00, 0x00, 0x00, 0x00, 0x00, 0x00, 0x00, 0x00, 0x00, 0x00, 0x00, 0x00, 0x00,
  0x00, 0x00, 0x00, 0x00, 0x00, 0x00, 0x00, 0x00, 0x00, 0x00, 0x00, 0x00, 0x00, 0x00, 0x00, 0x00,
  0x00, 0x00, 0x00, 0x00, 0x00, 0x00, 0x00, 0x00, 0x00, 0x00, 0x00, 0x00, 0x00, 0x00, 0x00, 0x00,
  0x00, 0x00, 0x00, 0x00, 0x00, 0x00, 0x00, 0x00, 0x00, 0x00, 0x00, 0x00, 0x00, 0x00, 0x00, 0x00,
  0x0E, 0x0F, 0x07, 0x07, 0x03, 0x03, 0x00, 0x00, 0x00, 0x00, 0x00, 0x00, 0x00, 0x00, 0x00, 0x00,
  0x00, 0x03, 0x00, 0x03, 0x00, 0x00, 0x00, 0x00, 0x00, 0x00, 0x00, 0x00, 0x00, 0x00, 0x00, 0x00,
  0x67, 0xE7, 0x11, 0xF1, 0xF0, 0xF0, 0x00, 0x00, 0x00, 0x00, 0x00, 0x00, 0x00, 0x00, 0x00, 0x00,
  0x00, 0x60, 0x00, 0xF0, 0x00, 0x00, 0x00, 0x00, 0x00, 0x00, 0x00, 0x00, 0x00, 0x00, 0x00, 0x00,
  0x67, 0xE7, 0x11, 0xF1, 0xF0, 0xF0, 0x00, 0x00, 0x00, 0x00, 0x00, 0x00, 0x00, 0x00, 0x00, 0x00,
  0x00, 0x60, 0x00, 0xF0, 0x00, 0x00, 0x00, 0x00, 0x00, 0x00, 0x00, 0x00, 0x00, 0x00, 0x00, 0x00,
  0x88, 0xF8, 0xE2, 0xFE, 0xFE, 0xFE, 0x00, 0x00, 0x00, 0x00, 0x00, 0x00, 0x00, 0x00, 0x00, 0x00,
  0x00, 0xF8, 0x00, 0x7E, 0x00, 0x00, 0x00, 0x00, 0x00, 0x00, 0x00, 0x00, 0x00, 0x00, 0x00, 0x00,
  0x08, 0x0F, 0x08, 0x0F, 0x08, 0x0F, 0x0F, 0x0F, 0x1F, 0x1F, 0x7A, 0x7F, 0xCA, 0xFF, 0x83, 0xFF,
  0x00, 0x09, 0x00, 0x09, 0x00, 0x0F, 0x00, 0x01, 0x00, 0x0F, 0x00, 0x3E, 0x00, 0x7F, 0x00, 0xEE,
  0xFA, 0xCE, 0xFE, 0xE6, 0xFE, 0xE6, 0xFD, 0xFF, 0xFD, 0xFF, 0x76, 0xFE, 0xCE, 0xFE, 0xCC, 0xFC,
  0x00, 0x8E, 0x00, 0x86, 0x00, 0x84, 0x00, 0x02, 0x00, 0x96, 0x00, 0xBA, 0x00, 0x7C, 0x00, 0x78,
  0x00, 0x00, 0x00, 0x00, 0x00, 0x00, 0x00, 0x00, 0x00, 0x00, 0x00, 0x00, 0x00, 0x00, 0x00, 0x00,
  0x00, 0x00, 0x00, 0x00, 0x00, 0x00, 0x00, 0x00, 0x00, 0x00, 0x00, 0x00, 0x00, 0x00, 0x00, 0x00,
  0x00, 0x00, 0x00, 0x00, 0x00, 0x00, 0x00, 0x00, 0x00, 0x00, 0x00, 0x00, 0x00, 0x00, 0x00, 0x00,
  0x00, 0x00, 0x00, 0x00, 0x00, 0x00, 0x00, 0x00, 0x00, 0x00, 0x00, 0x00, 0x00, 0x00, 0x00, 0x00,
  0x0E, 0x0F, 0x0F, 0x0F, 0x07, 0x0E, 0x0F, 0x0F, 0x0F, 0x0F, 0x7E, 0x7F, 0x9C, 0xFF, 0x6C, 0xFF,
  0x00, 0x03, 0x0C, 0x0D, 0x0D, 0x0C, 0x0C, 0x0C, 0x04, 0x05, 0x00, 0x63, 0x00, 0xA3, 0x00, 0xDA,
  0xAF, 0xFF, 0xAF, 0xFF, 0xFF, 0x7F, 0x8F, 0x03, 0xFE, 0xFE, 0x3F, 0xFA, 0x1C, 0xF8, 0x1C, 0xFC,
  0x01, 0xAD, 0x01, 0xFD, 0x81, 0xE1, 0x8D, 0x75, 0x00, 0xC1, 0x01, 0xF0, 0x40, 0x30, 0x00, 0x20,
  0x02, 0x03, 0x01, 0x06, 0x07, 0x0F, 0x0B, 0x0B, 0x07, 0x03, 0x07, 0x07, 0x0E, 0x0B, 0x0E, 0x0F,
  0x03, 0x03, 0x06, 0x07, 0x0E, 0x0E, 0x0C, 0x08, 0x0C, 0x01, 0x08, 0x03, 0x04, 0x03, 0x08, 0x0B,
  0xE0, 0xE0, 0xA8, 0x78, 0xFC, 0xFC, 0xFE, 0xFE, 0xAE, 0xFE, 0x0F, 0xFF, 0x07, 0xFF, 0x27, 0xFF,
  0xE0, 0xE0, 0x38, 0xB8, 0x04, 0x04, 0x04, 0xF4, 0x02, 0xFA, 0x00, 0xBC, 0x01, 0x2D, 0x40, 0xAC,
  0x00, 0x00, 0xE0, 0x60, 0xF0, 0x50, 0x50, 0x50, 0xF0, 0x50, 0xF0, 0x50, 0xE0, 0xE0, 0x00, 0x00,
  0x00, 0x00, 0x80, 0x80, 0xA0, 0x20, 0x00, 0xA0, 0xA0, 0x20, 0xA0, 0xA0, 0x00, 0x00, 0x00, 0x00,
  0x00, 0x00, 0xFF, 0x81, 0xFF, 0x81, 0x83, 0x83, 0xFF, 0x81, 0xFF, 0x81, 0xFF, 0xFF, 0x00, 0x00,
  0x00, 0x00, 0x7E, 0x7E, 0x7E, 0x00, 0x02, 0x7C, 0x7E, 0x00, 0x7E, 0x7E, 0x00, 0x00, 0x00, 0x00,
  0x00, 0x00, 0x00, 0x00, 0x00, 0x00, 0x00, 0x00, 0x00, 0x00, 0x00, 0x00, 0x00, 0x00, 0x00, 0x00,
  0x00, 0x00, 0x00, 0x00, 0x00, 0x00, 0x00, 0x00, 0x00, 0x00, 0x00, 0x00, 0x00, 0x00, 0x00, 0x00,
  0x00, 0x00, 0x00, 0x00, 0x00, 0x00, 0x00, 0x00, 0x00, 0x00, 0x00, 0x00, 0x00, 0x00, 0x00, 0x00,
  0x00, 0x00, 0x00, 0x00, 0x00, 0x00, 0x00, 0x00, 0x00, 0x00, 0x00, 0x00, 0x00, 0x00, 0x00, 0x00,
  0x01, 0x01, 0x01, 0x01, 0x03, 0x03, 0x07, 0x07, 0x0B, 0x0F, 0x19, 0x1F, 0x1A, 0x1F, 0x1D, 0x1F,
  0x00, 0x00, 0x00, 0x00, 0x00, 0x01, 0x00, 0x04, 0x00, 0x0E, 0x00, 0x0B, 0x00, 0x0F, 0x00, 0x0F,
  0x87, 0xFF, 0x9D, 0xFD, 0xF1, 0xF1, 0xE3, 0xE3, 0xE3, 0xE3, 0x27, 0xE7, 0x45, 0xC7, 0xC7, 0xC7,
  0x00, 0xDC, 0x00, 0xF8, 0x00, 0xE1, 0x00, 0x81, 0x00, 0x20, 0x00, 0xE0, 0x00, 0x42, 0x00, 0x83,
  0x87, 0xFF, 0x9D, 0xFD, 0xF1, 0xF1, 0xE3, 0xE3, 0xE3, 0xE3, 0x27, 0xE7, 0x45, 0xC7, 0xC7, 0xC7,
  0x00, 0xDC, 0x00, 0xF8, 0x00, 0xE1, 0x00, 0x81, 0x00, 0x20, 0x00, 0xE0, 0x00, 0x42, 0x00, 0x83,
  0xD8, 0xF8, 0xF0, 0xF0, 0xE0, 0xE0, 0xF0, 0xF0, 0xF0, 0xF0, 0xD0, 0xF0, 0xB0, 0xF0, 0xF0, 0xF0,
  0x00, 0xF8, 0x00, 0xF0, 0x00, 0xC0, 0x00, 0xD0, 0x00, 0xB0, 0x00, 0x70, 0x00, 0xE0, 0x00, 0xF0,
  0x0F, 0x0F, 0x19, 0x1F, 0x10, 0x1F, 0x00, 0x1F, 0x00, 0x1F, 0x10, 0x1F, 0x18, 0x1F, 0x10, 0x1F,
  0x00, 0x0F, 0x00, 0x0F, 0x00, 0x19, 0x04, 0x10, 0x00, 0x10, 0x00, 0x10, 0x00, 0x1F, 0x00, 0x19,
  0xE0, 0x80, 0xF0, 0xB0, 0xE0, 0xF0, 0x68, 0xF8, 0x60, 0xF8, 0x74, 0xDC, 0xF4, 0xDC, 0xF8, 0xDC,
  0x00, 0x00, 0x00, 0x10, 0x00, 0x90, 0x00, 0x98, 0x00, 0x98, 0x00, 0x9C, 0x00, 0x9C, 0x00, 0x9C,
  0x00, 0x00, 0x00, 0x00, 0x00, 0x00, 0x00, 0x00, 0x00, 0x00, 0x00, 0x00, 0x00, 0x00, 0x00, 0x00,
  0x00, 0x00, 0x00, 0x00, 0x00, 0x00, 0x00, 0x00, 0x00, 0x00, 0x00, 0x00, 0x00, 0x00, 0x00, 0x00,
  0x00, 0x00, 0x00, 0x00, 0x00, 0x00, 0x00, 0x00, 0x00, 0x00, 0x00, 0x00, 0x00, 0x00, 0x00, 0x00,
  0x00, 0x00, 0x00, 0x00, 0x00, 0x00, 0x00, 0x00, 0x00, 0x00, 0x00, 0x00, 0x00, 0x00, 0x00, 0x00,
  0xC6, 0xFF, 0xC7, 0xFF, 0x6D, 0x7F, 0x3D, 0x3F, 0x0F, 0x0F, 0x00, 0x00, 0x00, 0x00, 0x00, 0x00,
  0x10, 0x8D, 0x00, 0x69, 0x00, 0x3A, 0x00, 0x0B, 0x00, 0x00, 0x00, 0x00, 0x00, 0x00, 0x00, 0x00,
  0x38, 0xF0, 0x60, 0xE0, 0xC0, 0xC0, 0x80, 0x80, 0x00, 0x00, 0x00, 0x00, 0x00, 0x00, 0x00, 0x00,
  0x00, 0x60, 0x00, 0xC0, 0x00, 0x80, 0x00, 0x00, 0x00, 0x00, 0x00, 0x00, 0x00, 0x00, 0x00, 0x00,
  0x0E, 0x0F, 0x0F, 0x0F, 0x07, 0x0E, 0x0F, 0x0F, 0x0F, 0x0F, 0x7E, 0x7F, 0x9C, 0xFF, 0x6C, 0xFF,
  0x00, 0x03, 0x0C, 0x0D, 0x0D, 0x0C, 0x0C, 0x0C, 0x04, 0x05, 0x00, 0x63, 0x00, 0xA3, 0x00, 0xDA,
  0xAF, 0xFF, 0xAF, 0xFF, 0xFF, 0x7F, 0x8F, 0x03, 0xFE, 0xFE, 0x3F, 0xFA, 0x1C, 0xF8, 0x1C, 0xFC,
  0x01, 0xAD, 0x01, 0xFD, 0x81, 0xE1, 0x8D, 0x75, 0x00, 0xC1, 0x01, 0xF0, 0x40, 0x30, 0x00, 0x20,
  0x00, 0x00, 0x00, 0x00, 0x00, 0x00, 0x00, 0x00, 0x00, 0x00, 0x00, 0x00, 0x00, 0x00, 0x00, 0x00,
  0x00, 0x00, 0x00, 0x00, 0x00, 0x00, 0x00, 0x00, 0x00, 0x00, 0x00, 0x00, 0x00, 0x00, 0x00, 0x00,
  0x00, 0x00, 0x00, 0x00, 0x00, 0x00, 0x00, 0x00, 0x00, 0x00, 0x00, 0x00, 0x00, 0x00, 0x00, 0x00,
  0x00, 0x00, 0x00, 0x00, 0x00, 0x00, 0x00, 0x00, 0x00, 0x00, 0x00, 0x00, 0x00, 0x00, 0x00, 0x00,
  0x00, 0x00, 0x00, 0x00, 0x00, 0x00, 0x00, 0x00, 0x00, 0x00, 0x00, 0x00, 0x00, 0x00, 0x00, 0x00,
  0x00, 0x00, 0x00, 0x00, 0x00, 0x00, 0x00, 0x00, 0x00, 0x00, 0x00, 0x00, 0x00, 0x00, 0x00, 0x00,
  0x00, 0x00, 0x00, 0x00, 0x00, 0x00, 0x00, 0x00, 0x00, 0x00, 0x00, 0x00, 0x00, 0x00, 0x00, 0x00,
  0x00, 0x00, 0x00, 0x00, 0x00, 0x00, 0x00, 0x00, 0x00, 0x00, 0x00, 0x00, 0x00, 0x00, 0x00, 0x00,
  0x0E, 0x0F, 0x07, 0x07, 0x03, 0x03, 0x00, 0x00, 0x00, 0x00, 0x00, 0x00, 0x00, 0x00, 0x00, 0x00,
  0x00, 0x03, 0x00, 0x03, 0x00, 0x00, 0x00, 0x00, 0x00, 0x00, 0x00, 0x00, 0x00, 0x00, 0x00, 0x00,
  0x67, 0xE7, 0x11, 0xF1, 0xF0, 0xF0, 0x00, 0x00, 0x00, 0x00, 0x00, 0x00, 0x00, 0x00, 0x00, 0x00,
  0x00, 0x60, 0x00, 0xF0, 0x00, 0x00, 0x00, 0x00, 0x00, 0x00, 0x00, 0x00, 0x00, 0x00, 0x00, 0x00,
  0x67, 0xE7, 0x11, 0xF1, 0xF0, 0xF0, 0x00, 0x00, 0x00, 0x00, 0x00, 0x00, 0x00, 0x00, 0x00, 0x00,
  0x00, 0x60, 0x00, 0xF0, 0x00, 0x00, 0x00, 0x00, 0x00, 0x00, 0x00, 0x00, 0x00, 0x00, 0x00, 0x00,
  0x88, 0xF8, 0xE2, 0xFE, 0xFE, 0xFE, 0x00, 0x00, 0x00, 0x00, 0x00, 0x00, 0x00, 0x00, 0x00, 0x00,
  0x00, 0xF8, 0x00, 0x7E, 0x00, 0x00, 0x00, 0x00, 0x00, 0x00, 0x00, 0x00, 0x00, 0x00, 0x00, 0x00,
  0x08, 0x0F, 0x08, 0x0F, 0x09, 0x0F, 0x0F, 0x0F, 0x1F, 0x1F, 0x7A, 0x7F, 0xCA, 0xFF, 0x83, 0xFF,
  0x00, 0x09, 0x00, 0x09, 0x00, 0x0F, 0x00, 0x07, 0x00, 0x0F, 0x00, 0x3E, 0x00, 0x7F, 0x00, 0xCE,
  0xFA, 0xCE, 0xFE, 0xEE, 0xFE, 0xE6, 0xFD, 0xFF, 0x7D, 0xFF, 0x76, 0xFE, 0xEE, 0xFE, 0xCC, 0xFC,
  0x00, 0x8E, 0x00, 0x8E, 0x00, 0x84, 0x00, 0x02, 0x00, 0x96, 0x00, 0xBA, 0x00, 0x7C, 0x00, 0x78,
  0x00, 0x00, 0x00, 0x00, 0x00, 0x00, 0x00, 0x00, 0x00, 0x00, 0x00, 0x00, 0x00, 0x00, 0x00, 0x00,
  0x00, 0x00, 0x00, 0x00, 0x00, 0x00, 0x00, 0x00, 0x00, 0x00, 0x00, 0x00, 0x00, 0x00, 0x00, 0x00,
  0x00, 0x00, 0x00, 0x00, 0x00, 0x00, 0x00, 0x00, 0x00, 0x00, 0x00, 0x00, 0x00, 0x00, 0x00, 0x00,
  0x00, 0x00, 0x00, 0x00, 0x00, 0x00, 0x00, 0x00, 0x00, 0x00, 0x00, 0x00, 0x00, 0x00, 0x00, 0x00,
  0xEA, 0xFF, 0xFF, 0xFF, 0xEB, 0x88, 0xFF, 0xFF, 0xFF, 0x7F, 0x43, 0x7F, 0xC3, 0xFF, 0xC3, 0xFF,
  0x00, 0x7F, 0x80, 0x87, 0xEB, 0xD5, 0x00, 0x00, 0x80, 0x7E, 0x10, 0xE6, 0x00, 0x66, 0x00, 0x36,
  0xF0, 0xF0, 0xD0, 0xF0, 0xC0, 0xF0, 0xE0, 0xF0, 0xF0, 0xF0, 0xF0, 0x70, 0x60, 0x20, 0xC0, 0xC0,
  0x10, 0x90, 0x20, 0xA0, 0x70, 0x70, 0x70, 0x70, 0x30, 0x30, 0x00, 0x00, 0x80, 0x80, 0x00, 0x00,
  0x00, 0x00, 0x07, 0x07, 0x1A, 0x1F, 0x32, 0x3F, 0x3F, 0x3F, 0x41, 0x7F, 0xC0, 0xFF, 0xEA, 0xFF,
  0x00, 0x00, 0x07, 0x07, 0x1F, 0x1E, 0x3F, 0x3F, 0x21, 0x21, 0x00, 0x2B, 0x10, 0x6B, 0x00, 0x6B,
  0x00, 0x00, 0x00, 0xC0, 0x80, 0x60, 0x60, 0xF0, 0x50, 0xD0, 0xC0, 0xC0, 0xA0, 0xA0, 0xF0, 0xD0,
  0x00, 0x00, 0xC0, 0xC0, 0x60, 0xE0, 0xF0, 0xF0, 0xF0, 0xD0, 0xB0, 0x80, 0x10, 0x40, 0x20, 0x80,
  0x00, 0x00, 0x00, 0x00, 0x00, 0x00, 0x00, 0x00, 0x00, 0x00, 0x00, 0x00, 0x00, 0x00, 0x00, 0x00,
  0x00, 0x00, 0x00, 0x00, 0x00, 0x00, 0x00, 0x00, 0x00, 0x00, 0x00, 0x00, 0x00, 0x00, 0x00, 0x00,
  0x00, 0x00, 0x00, 0x00, 0x00, 0x00, 0x00, 0x00, 0x00, 0x00, 0x00, 0x00, 0x00, 0x00, 0x00, 0x00,
  0x00, 0x00, 0x00, 0x00, 0x00, 0x00, 0x00, 0x00, 0x00, 0x00, 0x00, 0x00, 0x00, 0x00, 0x00, 0x00,
  0x00, 0x00, 0x00, 0x00, 0x00, 0x00, 0x00, 0x00, 0x00, 0x00, 0x00, 0x00, 0x00, 0x00, 0x00, 0x00,
  0x00, 0x00, 0x00, 0x00, 0x00, 0x00, 0x00, 0x00, 0x00, 0x00, 0x00, 0x00, 0x00, 0x00, 0x00, 0x00,
  0x00, 0x00, 0x00, 0x00, 0x00, 0x00, 0x00, 0x00, 0x00, 0x00, 0x00, 0x00, 0x00, 0x00, 0x00, 0x00,
  0x00, 0x00, 0x00, 0x00, 0x00, 0x00, 0x00, 0x00, 0x00, 0x00, 0x00, 0x00, 0x00, 0x00, 0x00, 0x00,
  0x82, 0xC3, 0xC2, 0xC3, 0x07, 0x07, 0x0F, 0x0F, 0x1F, 0x1F, 0x37, 0x3F, 0x36, 0x3F, 0x1F, 0x1F,
  0x00, 0x40, 0x00, 0x03, 0x00, 0x03, 0x00, 0x03, 0x00, 0x08, 0x00, 0x1C, 0x00, 0x1E, 0x00, 0x0F,
  0x20, 0xE0, 0x40, 0xC0, 0x80, 0x80, 0x80, 0x80, 0xC0, 0xC0, 0x40, 0xC0, 0x80, 0x80, 0x80, 0x80,
  0x00, 0x60, 0x00, 0xC0, 0x00, 0x00, 0x00, 0x00, 0x00, 0x00, 0x00, 0x80, 0x00, 0x80, 0x00, 0x00,
  0x07, 0x07, 0x0F, 0x0F, 0x1C, 0x1F, 0x18, 0x1F, 0x18, 0x1F, 0x08, 0x0F, 0x0C, 0x0F, 0x06, 0x07,
  0x00, 0x00, 0x00, 0x07, 0x00, 0x0F, 0x00, 0x0C, 0x01, 0x08, 0x00, 0x04, 0x00, 0x06, 0x00, 0x03,
  0xF0, 0xD0, 0xE0, 0xE0, 0xE0, 0xE0, 0x70, 0xF0, 0x30, 0xF0, 0x30, 0xF0, 0x18, 0xF8, 0x18, 0xF8,
  0x00, 0x00, 0x00, 0x80, 0x00, 0xC0, 0x00, 0xC0, 0x00, 0x60, 0x00, 0x60, 0x00, 0xF0, 0x00, 0xB0,
  0x00, 0x00, 0x00, 0x00, 0x00, 0x00, 0x00, 0x00, 0x00, 0x00, 0x00, 0x00, 0x00, 0x00, 0x00, 0x00,
  0x00, 0x00, 0x00, 0x00, 0x00, 0x00, 0x00, 0x00, 0x00, 0x00, 0x00, 0x00, 0x00, 0x00, 0x00, 0x00,
  0x00, 0x00, 0x00, 0x00, 0x00, 0x00, 0x00, 0x00, 0x00, 0x00, 0x00, 0x00, 0x00, 0x00, 0x00, 0x00,
  0x00, 0x00, 0x00, 0x00, 0x00, 0x00, 0x00, 0x00, 0x00, 0x00, 0x00, 0x00, 0x00, 0x00, 0x00, 0x00,
  0x00, 0x00, 0x00, 0x00, 0x00, 0x00, 0x00, 0x00, 0x00, 0x00, 0x00, 0x00, 0x00, 0x00, 0x00, 0x00,
  0x00, 0x00, 0x00, 0x00, 0x00, 0x00, 0x00, 0x00, 0x00, 0x00, 0x00, 0x00, 0x00, 0x00, 0x00, 0x00,
  0x00, 0x00, 0x00, 0x00, 0x00, 0x00, 0x00, 0x00, 0x00, 0x00, 0x00, 0x00, 0x00, 0x00, 0x00, 0x00,
  0x00, 0x00, 0x00, 0x00, 0x00, 0x00, 0x00, 0x00, 0x00, 0x00, 0x00, 0x00, 0x00, 0x00, 0x00, 0x00,
  0x67, 0x7E, 0x7F, 0x7E, 0x3E, 0x3C, 0x2F, 0x3C, 0x3F, 0x3C, 0x1F, 0x1F, 0x00, 0x00, 0x00, 0x00,
  0x01, 0x3D, 0x01, 0x38, 0x02, 0x03, 0x03, 0x32, 0x03, 0x1B, 0x00, 0x00, 0x00, 0x00, 0x00, 0x00,
  0xF8, 0x10, 0xFE, 0x14, 0x1C, 0x1C, 0xFE, 0x14, 0xFE, 0x14, 0xFE, 0xFE, 0x00, 0x00, 0x00, 0x00,
  0xE8, 0xE8, 0xEA, 0x00, 0x08, 0xE2, 0xEA, 0x28, 0xEA, 0xEA, 0x00, 0x00, 0x00, 0x00, 0x00, 0x00,
  0xEA, 0xFF, 0xFF, 0xFF, 0xEB, 0x88, 0xFF, 0xFF, 0xFF, 0x7F, 0x43, 0x7F, 0xC3, 0xFF, 0xC3, 0xFF,
  0x00, 0x7F, 0x80, 0x87, 0xEB, 0xD5, 0x00, 0x00, 0x80, 0x7E, 0x10, 0xE6, 0x00, 0x66, 0x00, 0x36,
  0xF0, 0xF0, 0xD0, 0xF0, 0xC0, 0xF0, 0xE0, 0xF0, 0xF0, 0xF0, 0xF0, 0x70, 0x60, 0x20, 0xC0, 0xC0,
  0x10, 0x90, 0x20, 0xA0, 0x70, 0x70, 0x70, 0x70, 0x30, 0x30, 0x00, 0x00, 0x80, 0x80, 0x00, 0x00,
  0x00, 0x00, 0x00, 0x00, 0x00, 0x00, 0x00, 0x00, 0x00, 0x00, 0x00, 0x00, 0x00, 0x00, 0x00, 0x00,
  0x00, 0x00, 0x00, 0x00, 0x00, 0x00, 0x00, 0x00, 0x00, 0x00, 0x00, 0x00, 0x00, 0x00, 0x00, 0x00,
  0x00, 0x00, 0x00, 0x00, 0x00, 0x00, 0x00, 0x00, 0x00, 0x00, 0x00, 0x00, 0x00, 0x00, 0x00, 0x00,
  0x00, 0x00, 0x00, 0x00, 0x00, 0x00, 0x00, 0x00, 0x00, 0x00, 0x00, 0x00, 0x00, 0x00, 0x00, 0x00,
  0x00, 0x00, 0x00, 0x00, 0x00, 0x00, 0x00, 0x00, 0x00, 0x00, 0x00, 0x00, 0x00, 0x00, 0x00, 0x00,
  0x00, 0x00, 0x00, 0x00, 0x00, 0x00, 0x00, 0x00, 0x00, 0x00, 0x00, 0x00, 0x00, 0x00, 0x00, 0x00,
  0x00, 0x00, 0x00, 0x00, 0x00, 0x00, 0x00, 0x00, 0x00, 0x00, 0x00, 0x00, 0x00, 0x00, 0x00, 0x00,
  0x00, 0x00, 0x00, 0x00, 0x00, 0x00, 0x00, 0x00, 0x00, 0x00, 0x00, 0x00, 0x00, 0x00, 0x00, 0x00,
  0x0C, 0x0F, 0x06, 0x07, 0x03, 0x03, 0x00, 0x00, 0x00, 0x00, 0x00, 0x00, 0x00, 0x00, 0x00, 0x00,
  0x00, 0x07, 0x00, 0x03, 0x00, 0x00, 0x00, 0x00, 0x00, 0x00, 0x00, 0x00, 0x00, 0x00, 0x00, 0x00,
  0x80, 0x80, 0x20, 0xE0, 0xE0, 0xE0, 0x00, 0x00, 0x00, 0x00, 0x00, 0x00, 0x00, 0x00, 0x00, 0x00,
  0x00, 0x80, 0x00, 0x60, 0x00, 0x00, 0x00, 0x00, 0x00, 0x00, 0x00, 0x00, 0x00, 0x00, 0x00, 0x00,
  0x73, 0x73, 0x7F, 0x7F, 0x7F, 0x7F, 0x7F, 0x7F, 0xEF, 0xFF, 0xD9, 0xFD, 0xF1, 0xF1, 0xE0, 0xE1,
  0x00, 0x31, 0x00, 0x31, 0x00, 0x2E, 0x00, 0x26, 0x00, 0x71, 0x00, 0x7C, 0x00, 0x41, 0x00, 0x61,
  0x08, 0xF8, 0x08, 0xF8, 0x9E, 0xFE, 0xFC, 0xFE, 0xFC, 0xFE, 0x9E, 0xFE, 0x06, 0xFE, 0x08, 0xF8,
  0x00, 0x18, 0x00, 0x98, 0x00, 0xF8, 0x00, 0x72, 0x00, 0x46, 0x00, 0xFE, 0x00, 0x3C, 0x80, 0x18,
  0x00, 0x00, 0x00, 0x00, 0x00, 0x00, 0x00, 0x00, 0x00, 0x00, 0x00, 0x00, 0x00, 0x00, 0x00, 0x00,
  0x00, 0x00, 0x00, 0x00, 0x00, 0x00, 0x00, 0x00, 0x00, 0x00, 0x00, 0x00, 0x00, 0x00, 0x00, 0x00,
  0x00, 0x00, 0x00, 0x00, 0x00, 0x00, 0x00, 0x00, 0x00, 0x00, 0x00, 0x00, 0x00, 0x00, 0x00, 0x00,
  0x00, 0x00, 0x00, 0x00, 0x00, 0x00, 0x00, 0x00, 0x00, 0x00, 0x00, 0x00, 0x00, 0x00, 0x00, 0x00,
  0x00, 0x00, 0x00, 0x00, 0x00, 0x00, 0x00, 0x00, 0x00, 0x00, 0x00, 0x00, 0x00, 0x00, 0x00, 0x00,
  0x00, 0x00, 0x00, 0x00, 0x00, 0x00, 0x00, 0x00, 0x00, 0x00, 0x00, 0x00, 0x00, 0x00, 0x00, 0x00,
  0x00, 0x00, 0x00, 0x00, 0x00, 0x00, 0x00, 0x00, 0x00, 0x00, 0x00, 0x00, 0x00, 0x00, 0x00, 0x00,
  0x00, 0x00, 0x00, 0x00, 0x00, 0x00, 0x00, 0x00, 0x00, 0x00, 0x00, 0x00, 0x00, 0x00, 0x00, 0x00,
  0xF2, 0xFF, 0xFF, 0xFF, 0xFA, 0xC2, 0xFF, 0xDF, 0xFF, 0x7F, 0x79, 0x7F, 0xF0, 0xFF, 0x70, 0x7F,
  0x80, 0xBF, 0x80, 0x83, 0xBA, 0xB5, 0xA0, 0xA0, 0x80, 0x07, 0x40, 0xDF, 0x04, 0x19, 0x00, 0x18,
  0xB0, 0xF0, 0xF0, 0xF0, 0xEC, 0x3C, 0xFE, 0xFA, 0xFD, 0xF1, 0xFF, 0xCC, 0xF7, 0xC5, 0xFF, 0xE3,
  0x10, 0xD0, 0x20, 0xE0, 0xF0, 0x70, 0x24, 0x24, 0x4C, 0x4A, 0x37, 0x21, 0x32, 0xAA, 0x1C, 0x94,
  0x00, 0x00, 0x07, 0x07, 0x1A, 0x1F, 0x32, 0x3F, 0x7F, 0x7F, 0x70, 0x7F, 0xE0, 0xFF, 0xE2, 0xFF,
  0x00, 0x00, 0x07, 0x07, 0x1F, 0x1E, 0x3F, 0x3F, 0x30, 0x30, 0x60, 0x6B, 0x48, 0x52, 0x80, 0xBA,
  0x00, 0x00, 0x00, 0xC0, 0x80, 0x60, 0x60, 0xF0, 0x90, 0xD0, 0xC0, 0xC0, 0x60, 0xE0, 0xB0, 0xD0,
  0x00, 0x00, 0xC0, 0xC0, 0x60, 0xE0, 0xF0, 0xF0, 0xF0, 0xD0, 0x70, 0xC0, 0x10, 0x00, 0x20, 0xC0,
  0x00, 0x00, 0x00, 0x00, 0x00, 0x00, 0x00, 0x00, 0x00, 0x00, 0x00, 0x00, 0x00, 0x00, 0x00, 0x00,
  0x00, 0x00, 0x00, 0x00, 0x00, 0x00, 0x00, 0x00, 0x00, 0x00, 0x00, 0x00, 0x00, 0x00, 0x00, 0x00,
  0x00, 0x00, 0x00, 0x00, 0x00, 0x00, 0x00, 0x00, 0x00, 0x00, 0x00, 0x00, 0x00, 0x00, 0x00, 0x00,
  0x00, 0x00, 0x00, 0x00, 0x00, 0x00, 0x00, 0x00, 0x00, 0x00, 0x00, 0x00, 0x00, 0x00, 0x00, 0x00,
  0x00, 0x00, 0x00, 0x00, 0x00, 0x00, 0x00, 0x00, 0x00, 0x00, 0x00, 0x00, 0x00, 0x00, 0x00, 0x00,
  0x00, 0x00, 0x00, 0x00, 0x00, 0x00, 0x00, 0x00, 0x00, 0x00, 0x00, 0x00, 0x00, 0x00, 0x00, 0x00,
  0x00, 0x00, 0x00, 0x00, 0x00, 0x00, 0x00, 0x00, 0x00, 0x00, 0x00, 0x00, 0x00, 0x00, 0x00, 0x00,
  0x00, 0x00, 0x00, 0x00, 0x00, 0x00, 0x00, 0x00, 0x00, 0x00, 0x00, 0x00, 0x00, 0x00, 0x00, 0x00,
  0x39, 0x20, 0x7D, 0x78, 0xCF, 0xFC, 0x87, 0xFE, 0x83, 0xFE, 0x83, 0xFE, 0xC7, 0xFE, 0xFB, 0xFF,
  0x06, 0x06, 0x02, 0x02, 0x00, 0x78, 0x00, 0x4C, 0x10, 0x44, 0x00, 0x44, 0x00, 0x44, 0x00, 0x7C,
  0x80, 0x80, 0xC0, 0xC0, 0xE0, 0xE0, 0xB0, 0xF0, 0x88, 0xF8, 0xE4, 0x7C, 0x76, 0x3E, 0xBF, 0x0F,
  0x00, 0x00, 0x00, 0x80, 0x00, 0xC0, 0x00, 0xF0, 0x00, 0xF8, 0x00, 0x7C, 0x80, 0xB8, 0x40, 0x4A,
  0x06, 0x07, 0x0F, 0x0F, 0x0F, 0x0F, 0x3F, 0x3F, 0x4E, 0x7F, 0x59, 0x7F, 0x72, 0x7E, 0x3E, 0x3E,
  0x00, 0x03, 0x00, 0x03, 0x00, 0x06, 0x00, 0x10, 0x00, 0x33, 0x00, 0x3D, 0x00, 0x3E, 0x00, 0x1E,
  0x4F, 0xCF, 0x87, 0x87, 0x03, 0x03, 0x01, 0x01, 0x80, 0x80, 0x00, 0x00, 0x00, 0x00, 0x00, 0x00,
  0x00, 0xC7, 0x00, 0x83, 0x00, 0x01, 0x00, 0x00, 0x00, 0x80, 0x00, 0x00, 0x00, 0x00, 0x00, 0x00,
  0x00, 0x00, 0x00, 0x00, 0x00, 0x00, 0x00, 0x00, 0x01, 0x01, 0x03, 0x03, 0x02, 0x03, 0x06, 0x07,
  0x00, 0x00, 0x00, 0x00, 0x00, 0x00, 0x00, 0x00, 0x00, 0x00, 0x00, 0x01, 0x00, 0x01, 0x00, 0x03,
  0x00, 0x00, 0x00, 0x80, 0x80, 0x80, 0xC0, 0xC0, 0xC0, 0xC0, 0x00, 0x00, 0x00, 0x00, 0x00, 0x00,
  0x00, 0x00, 0x00, 0x80, 0x00, 0x80, 0x00, 0xC0, 0x00, 0x00, 0x00, 0x00, 0x00, 0x00, 0x00, 0x00,
  0x00, 0x00, 0x00, 0x00, 0x00, 0x00, 0x00, 0x00, 0x00, 0x00, 0x00, 0x00, 0x00, 0x00, 0x00, 0x00,
  0x00, 0x00, 0x00, 0x00, 0x00, 0x00, 0x00, 0x00, 0x00, 0x00, 0x00, 0x00, 0x00, 0x00, 0x00, 0x00,
  0x00, 0x00, 0x00, 0x00, 0x00, 0x00, 0x00, 0x00, 0x00, 0x00, 0x00, 0x00, 0x00, 0x00, 0x00, 0x00,
  0x00, 0x00, 0x00, 0x00, 0x00, 0x00, 0x00, 0x00, 0x00, 0x00, 0x00, 0x00, 0x00, 0x00, 0x00, 0x00,
  0x18, 0x1F, 0x0D, 0x0F, 0x07, 0x07, 0x03, 0x03, 0x00, 0x00, 0x00, 0x00, 0x00, 0x00, 0x00, 0x00,
  0x00, 0x0D, 0x00, 0x07, 0x00, 0x03, 0x00, 0x00, 0x00, 0x00, 0x00, 0x00, 0x00, 0x00, 0x00, 0x00,
  0xFE, 0xE6, 0xFC, 0xFC, 0xB0, 0xF0, 0xE0, 0xE0, 0x00, 0x00, 0x00, 0x00, 0x00, 0x00, 0x00, 0x00,
  0x18, 0xD8, 0x00, 0x80, 0x00, 0x60, 0x00, 0xE0, 0x00, 0x00, 0x00, 0x00, 0x00, 0x00, 0x00, 0x00,
  0xF2, 0xFF, 0xFF, 0xFF, 0xFA, 0xC2, 0xFF, 0xDF, 0xFF, 0x7F, 0x79, 0x7F, 0xF0, 0xFF, 0x70, 0x7F,
  0x80, 0xBF, 0x80, 0x83, 0xBA, 0xB5, 0xA0, 0xA0, 0x80, 0x07, 0x40, 0xDF, 0x04, 0x19, 0x00, 0x18,
  0xB0, 0xF0, 0xF0, 0xF0, 0xEC, 0x3C, 0xFE, 0xFA, 0xFD, 0xF1, 0xFF, 0xCC, 0xF7, 0xC5, 0xFF, 0xE3,
  0x10, 0xD0, 0x20, 0xE0, 0xF0, 0x70, 0x24, 0x24, 0x4C, 0x4A, 0x37, 0x21, 0x32, 0xAA, 0x1C, 0x94,
  0x00, 0x00, 0x00, 0x00, 0x00, 0x00, 0x00, 0x00, 0x00, 0x00, 0x00, 0x00, 0x00, 0x00, 0x00, 0x00,
  0x00, 0x00, 0x00, 0x00, 0x00, 0x00, 0x00, 0x00, 0x00, 0x00, 0x00, 0x00, 0x00, 0x00, 0x00, 0x00,
  0x00, 0x00, 0x00, 0x00, 0x00, 0x00, 0x00, 0x00, 0x00, 0x00, 0x00, 0x00, 0x00, 0x00, 0x00, 0x00,
  0x00, 0x00, 0x00, 0x00, 0x00, 0x00, 0x00, 0x00, 0x00, 0x00, 0x00, 0x00, 0x00, 0x00, 0x00, 0x00,
  0x00, 0x00, 0x00, 0x00, 0x00, 0x00, 0x00, 0x00, 0x00, 0x00, 0x00, 0x00, 0x00, 0x00, 0x00, 0x00,
  0x00, 0x00, 0x00, 0x00, 0x00, 0x00, 0x00, 0x00, 0x00, 0x00, 0x00, 0x00, 0x00, 0x00, 0x00, 0x00,
  0x00, 0x00, 0x00, 0x00, 0x00, 0x00, 0x00, 0x00, 0x00, 0x00, 0x00, 0x00, 0x00, 0x00, 0x00, 0x00,
  0x00, 0x00, 0x00, 0x00, 0x00, 0x00, 0x00, 0x00, 0x00, 0x00, 0x00, 0x00, 0x00, 0x00, 0x00, 0x00,
  0x43, 0x7F, 0x43, 0x7F, 0x67, 0x7F, 0xFF, 0xFF, 0xFB, 0xFF, 0x0B, 0xFF, 0x0F, 0xFF, 0x3F, 0xFF,
  0x00, 0x64, 0x00, 0x24, 0x00, 0x3C, 0x00, 0x09, 0x00, 0xE5, 0x00, 0x9C, 0x80, 0x38, 0x00, 0x63,
  0xFD, 0xFF, 0xFE, 0xFE, 0xCC, 0xFC, 0x90, 0xF0, 0xC0, 0xC0, 0x80, 0x80, 0xC0, 0xC0, 0x40, 0xC0,
  0x00, 0x06, 0x00, 0x7E, 0x00, 0xF8, 0x00, 0xE0, 0x00, 0x80, 0x00, 0x00, 0x00, 0x00, 0x00, 0xC0,
  0x19, 0x1F, 0x0C, 0x0F, 0x07, 0x07, 0x00, 0x00, 0x00, 0x00, 0x00, 0x00, 0x00, 0x00, 0x00, 0x00,
  0x00, 0x0D, 0x00, 0x07, 0x00, 0x00, 0x00, 0x00, 0x00, 0x00, 0x00, 0x00, 0x00, 0x00, 0x00, 0x00,
  0x00, 0x00, 0xC0, 0xC0, 0xC0, 0xC0, 0x00, 0x00, 0x00, 0x00, 0x00, 0x00, 0x00, 0x00, 0x00, 0x00,
  0x00, 0x00, 0x00, 0x80, 0x00, 0x00, 0x00, 0x00, 0x00, 0x00, 0x00, 0x00, 0x00, 0x00, 0x00, 0x00,
  0x00, 0x00, 0x00, 0x00, 0x00, 0x00, 0x00, 0x00, 0x00, 0x00, 0x00, 0x00, 0x00, 0x00, 0x00, 0x00,
  0x00, 0x00, 0x00, 0x00, 0x00, 0x00, 0x00, 0x00, 0x00, 0x00, 0x00, 0x00, 0x00, 0x00, 0x00, 0x00,
  0x00, 0x00, 0x00, 0x00, 0x00, 0x00, 0x00, 0x00, 0x00, 0x00, 0x00, 0x00, 0x00, 0x00, 0x00, 0x00,
  0x00, 0x00, 0x00, 0x00, 0x00, 0x00, 0x00, 0x00, 0x00, 0x00, 0x00, 0x00, 0x00, 0x00, 0x00, 0x00,
  0x00, 0x00, 0x00, 0x00, 0x00, 0x00, 0x00, 0x00, 0x00, 0x00, 0x00, 0x00, 0x00, 0x00, 0x00, 0x00,
  0x00, 0x00, 0x00, 0x00, 0x00, 0x00, 0x00, 0x00, 0x00, 0x00, 0x00, 0x00, 0x00, 0x00, 0x00, 0x00,
  0x00, 0x00, 0x00, 0x00, 0x00, 0x00, 0x00, 0x00, 0x00, 0x00, 0x00, 0x00, 0x00, 0x00, 0x00, 0x00,
  0x00, 0x00, 0x00, 0x00, 0x00, 0x00, 0x00, 0x00, 0x00, 0x00, 0x00, 0x00, 0x00, 0x00, 0x00, 0x00,
  0x2D, 0xFC, 0xBB, 0xF9, 0xFF, 0xFB, 0xFF, 0xE7, 0xFD, 0xCF, 0xF8, 0xFF, 0xF0, 0x3F, 0xB8, 0x3F,
  0x01, 0xFE, 0x02, 0xF4, 0x0C, 0xC0, 0x18, 0x0B, 0x30, 0x37, 0x82, 0x8C, 0x00, 0x18, 0x40, 0x4D,
  0x18, 0x10, 0x7C, 0x44, 0xFE, 0x8E, 0xEE, 0x84, 0xFE, 0xC2, 0xFC, 0xE4, 0x78, 0xE8, 0xF0, 0xF0,
  0x08, 0x08, 0x38, 0x30, 0x74, 0x40, 0x6A, 0x7A, 0x3C, 0xB4, 0x18, 0x98, 0x10, 0xD0, 0x00, 0xC0,
  0x00, 0x00, 0x01, 0x01, 0x03, 0x07, 0x0F, 0x0F, 0x1F, 0x1F, 0x1F, 0x1F, 0x17, 0x1F, 0x0B, 0x1F,
  0x00, 0x00, 0x01, 0x01, 0x03, 0x07, 0x03, 0x0B, 0x06, 0x16, 0x04, 0x0D, 0x04, 0x1D, 0x04, 0x1D,
  0x70, 0x7C, 0x94, 0xFA, 0x3A, 0xFF, 0xCD, 0xFD, 0xC2, 0xFE, 0x20, 0xFE, 0x91, 0xFF, 0x4B, 0xFF,
  0x7C, 0x7C, 0xFA, 0xF6, 0xC7, 0xFF, 0x03, 0x7D, 0x21, 0xC6, 0x01, 0xB2, 0x00, 0xDA, 0x00, 0xCF,
  0x00, 0x00, 0x00, 0x00, 0x00, 0x00, 0x00, 0x00, 0x00, 0x00, 0x00, 0x00, 0x00, 0x00, 0x00, 0x00,
  0x00, 0x00, 0x00, 0x00, 0x00, 0x00, 0x00, 0x00, 0x00, 0x00, 0x00, 0x00, 0x00, 0x00, 0x00, 0x00,
  0x00, 0x00, 0x00, 0x00, 0x00, 0x00, 0x00, 0x00, 0x00, 0x00, 0x00, 0x00, 0x00, 0x00, 0x00, 0x00,
  0x00, 0x00, 0x00, 0x00, 0x00, 0x00, 0x00, 0x00, 0x00, 0x00, 0x00, 0x00, 0x00, 0x00, 0x00, 0x00,
  0x00, 0x00, 0x00, 0x00, 0x00, 0x00, 0x00, 0x00, 0x00, 0x00, 0x00, 0x00, 0x00, 0x00, 0x00, 0x00,
  0x00, 0x00, 0x00, 0x00, 0x00, 0x00, 0x00, 0x00, 0x00, 0x00, 0x00, 0x00, 0x00, 0x00, 0x00, 0x00,
  0x00, 0x00, 0x00, 0x00, 0x00, 0x00, 0x00, 0x00, 0x00, 0x00, 0x00, 0x00, 0x00, 0x00, 0x00, 0x00,
  0x00, 0x00, 0x00, 0x00, 0x00, 0x00, 0x00, 0x00, 0x00, 0x00, 0x00, 0x00, 0x00, 0x00, 0x00, 0x00,
  0x01, 0x01, 0x01, 0x01, 0x03, 0x03, 0x07, 0x07, 0x0C, 0x0F, 0x08, 0x0F, 0x18, 0x1F, 0x11, 0x1F,
  0x00, 0x01, 0x00, 0x01, 0x00, 0x00, 0x00, 0x03, 0x00, 0x07, 0x02, 0x0C, 0x00, 0x09, 0x00, 0x1F,
  0x0C, 0xFC, 0x18, 0xF8, 0xB0, 0xF0, 0xE0, 0xE0, 0xE0, 0xF0, 0x50, 0xF0, 0xC1, 0xC1, 0x03, 0x03,
  0x00, 0x98, 0x00, 0xF0, 0x00, 0x60, 0x00, 0x00, 0x00, 0xB0, 0x00, 0xF0, 0x00, 0xC0, 0x00, 0x01,
  0x3E, 0x3C, 0x7F, 0x7E, 0x67, 0x7E, 0xC3, 0xFE, 0xC3, 0xFF, 0xC3, 0xFF, 0xA7, 0xFF, 0x9F, 0xFF,
  0x01, 0x01, 0x00, 0x18, 0x00, 0x3C, 0x00, 0x66, 0x10, 0x42, 0x00, 0xE6, 0x00, 0xFE, 0x00, 0xBC,
  0xC0, 0x40, 0xE0, 0x60, 0xF0, 0xF0, 0x98, 0xF8, 0xCC, 0xFC, 0xF6, 0x7E, 0xBF, 0x3F, 0xDE, 0x8F,
  0x00, 0x00, 0x00, 0x00, 0x00, 0x60, 0x00, 0x70, 0x00, 0x78, 0x00, 0x7C, 0x40, 0x7E, 0x20, 0x2D,
  0x00, 0x00, 0x00, 0x00, 0x00, 0x00, 0x01, 0x01, 0x03, 0x03, 0x03, 0x03, 0x01, 0x01, 0x00, 0x00,
  0x00, 0x00, 0x00, 0x00, 0x00, 0x00, 0x00, 0x01, 0x00, 0x01, 0x00, 0x00, 0x00, 0x00, 0x00, 0x00,
  0xC0, 0xF0, 0x66, 0x7E, 0x7E, 0x7E, 0x00, 0x00, 0x00, 0x00, 0x00, 0x00, 0x00, 0x00, 0x00, 0x00,
  0x00, 0x60, 0x00, 0x3C, 0x00, 0x00, 0x00, 0x00, 0x00, 0x00, 0x00, 0x00, 0x00, 0x00, 0x00, 0x00,
  0xF0, 0xF0, 0xE8, 0xF8, 0xE8, 0xF8, 0x78, 0x78, 0x3A, 0x3E, 0x1E, 0x1E, 0x00, 0x00, 0x00, 0x00,
  0x00, 0xC0, 0x00, 0xF0, 0x00, 0x70, 0x00, 0x38, 0x00, 0x1C, 0x00, 0x00, 0x00, 0x00, 0x00, 0x00,
  0x00, 0x00, 0x00, 0x00, 0x00, 0x00, 0x00, 0x00, 0x00, 0x00, 0x00, 0x00, 0x00, 0x00, 0x00, 0x00,
  0x00, 0x00, 0x00, 0x00, 0x00, 0x00, 0x00, 0x00, 0x00, 0x00, 0x00, 0x00, 0x00, 0x00, 0x00, 0x00,
  0x1F, 0x1F, 0x07, 0x07, 0x03, 0x03, 0x00, 0x00, 0x00, 0x00, 0x00, 0x00, 0x00, 0x00, 0x00, 0x00,
  0x00, 0x06, 0x00, 0x00, 0x00, 0x01, 0x00, 0x00, 0x00, 0x00, 0x00, 0x00, 0x00, 0x00, 0x00, 0x00,
  0xE0, 0xE0, 0x40, 0xC0, 0x80, 0x80, 0x00, 0x00, 0x00, 0x00, 0x00, 0x00, 0x00, 0x00, 0x00, 0x00,
  0x00, 0x00, 0x00, 0xC0, 0x00, 0x80, 0x00, 0x00, 0x00, 0x00, 0x00, 0x00, 0x00, 0x00, 0x00, 0x00,
  0x2B, 0x3F, 0x7B, 0x7F, 0x7B, 0x7F, 0x7F, 0x7F, 0x3F, 0x39, 0x1D, 0x19, 0x0F, 0x0F, 0x07, 0x06,
  0x04, 0x1D, 0x04, 0x45, 0x06, 0x56, 0x06, 0x56, 0x07, 0x19, 0x05, 0x1F, 0x00, 0x08, 0x00, 0x00,
  0x2D, 0xFC, 0xBB, 0xF9, 0xFF, 0xFB, 0xFF, 0xE7, 0xFD, 0xCF, 0xF8, 0xFF, 0xF0, 0x3F, 0xB8, 0x3F,
  0x01, 0xFE, 0x02, 0xF4, 0x0C, 0xC0, 0x18, 0x0B, 0x30, 0x37, 0x82, 0x8C, 0x00, 0x18, 0x40, 0x4D,
  0x00, 0x00, 0x00, 0x00, 0x00, 0x00, 0x00, 0x00, 0x00, 0x00, 0x00, 0x00, 0x00, 0x00, 0x00, 0x00,
  0x00, 0x00, 0x00, 0x00, 0x00, 0x00, 0x00, 0x00, 0x00, 0x00, 0x00, 0x00, 0x00, 0x00, 0x00, 0x00,
  0x00, 0x00, 0x00, 0x00, 0x00, 0x00, 0x00, 0x00, 0x00, 0x00, 0x00, 0x00, 0x00, 0x00, 0x00, 0x00,
  0x00, 0x00, 0x00, 0x00, 0x00, 0x00, 0x00, 0x00, 0x00, 0x00, 0x00, 0x00, 0x00, 0x00, 0x00, 0x00,
  0x00, 0x00, 0x00, 0x00, 0x00, 0x00, 0x00, 0x00, 0x00, 0x00, 0x00, 0x00, 0x00, 0x00, 0x00, 0x00,
  0x00, 0x00, 0x00, 0x00, 0x00, 0x00, 0x00, 0x00, 0x00, 0x00, 0x00, 0x00, 0x00, 0x00, 0x00, 0x00,
  0x00, 0x00, 0x00, 0x00, 0x00, 0x00, 0x00, 0x00, 0x00, 0x00, 0x00, 0x00, 0x00, 0x00, 0x00, 0x00,
  0x00, 0x00, 0x00, 0x00, 0x00, 0x00, 0x00, 0x00, 0x00, 0x00, 0x00, 0x00, 0x00, 0x00, 0x00, 0x00,
  0x36, 0x3E, 0x3C, 0x3C, 0x78, 0x78, 0xF0, 0xF0, 0xE0, 0xF8, 0x00, 0xF0, 0x90, 0xF0, 0xF0, 0xF0,
  0x00, 0x1C, 0x00, 0x38, 0x00, 0x10, 0x00, 0x80, 0x00, 0xF8, 0x00, 0xF0, 0x00, 0xC0, 0x00, 0x70,
  0x03, 0x03, 0x01, 0x01, 0x00, 0x00, 0x00, 0x00, 0x00, 0x00, 0x00, 0x00, 0x00, 0x00, 0x00, 0x00,
  0x00, 0x01, 0x00, 0x00, 0x00, 0x00, 0x00, 0x00, 0x00, 0x00, 0x00, 0x00, 0x00, 0x00, 0x00, 0x00,
  0x0C, 0xFC, 0x18, 0xF8, 0xB0, 0xF0, 0xE0, 0xE0, 0xE0, 0xF0, 0x50, 0xF0, 0xC1, 0xC1, 0x03, 0x03,
  0x00, 0x98, 0x00, 0xF0, 0x00, 0x60, 0x00, 0x00, 0x00, 0xB0, 0x00, 0xF0, 0x00, 0xC0, 0x00, 0x01,
  0xFE, 0xDF, 0x7F, 0x7F, 0x6E, 0x7E, 0xDC, 0xFC, 0xF8, 0xF8, 0xF8, 0xF8, 0xF0, 0xF8, 0xE0, 0xF0,
  0x00, 0x03, 0x00, 0x3B, 0x00, 0x7C, 0x00, 0x78, 0x00, 0x70, 0x00, 0xC0, 0x00, 0x18, 0x00, 0xB0,
  0x00, 0x00, 0x00, 0x00, 0x00, 0x00, 0x00, 0x00, 0x00, 0x00, 0x00, 0x00, 0x00, 0x00, 0x00, 0x00,
  0x00, 0x00, 0x00, 0x00, 0x00, 0x00, 0x00, 0x00, 0x00, 0x00, 0x00, 0x00, 0x00, 0x00, 0x00, 0x00,
  0x00, 0x00, 0x00, 0x00, 0x00, 0x00, 0x00, 0x00, 0x00, 0x00, 0x00, 0x00, 0x00, 0x00, 0x00, 0x00,
  0x00, 0x00, 0x00, 0x00, 0x00, 0x00, 0x00, 0x00, 0x00, 0x00, 0x00, 0x00, 0x00, 0x00, 0x00, 0x00,
  0x00, 0x00, 0x00, 0x00, 0x00, 0x00, 0x00, 0x00, 0x00, 0x00, 0x00, 0x00, 0x00, 0x00, 0x00, 0x00,
  0x00, 0x00, 0x00, 0x00, 0x00, 0x00, 0x00, 0x00, 0x00, 0x00, 0x00, 0x00, 0x00, 0x00, 0x00, 0x00,
  0x00, 0x00, 0x00, 0x00, 0x00, 0x00, 0x00, 0x00, 0x00, 0x00, 0x00, 0x00, 0x00, 0x00, 0x00, 0x00,
  0x00, 0x00, 0x00, 0x00, 0x00, 0x00, 0x00, 0x00, 0x00, 0x00, 0x00, 0x00, 0x00, 0x00, 0x00, 0x00,
  0x5A, 0xFA, 0xB4, 0xF2, 0xFF, 0xF7, 0xFF, 0xCF, 0xFD, 0x9F, 0xF8, 0xFF, 0xF0, 0x7F, 0x38, 0x3F,
  0x00, 0xFC, 0x04, 0xEA, 0x18, 0xC0, 0x30, 0x93, 0x60, 0x67, 0x02, 0x0D, 0x00, 0x18, 0xC0, 0xCD,
  0x3F, 0x07, 0xF7, 0x82, 0xEF, 0x01, 0xDE, 0x82, 0xFC, 0xC4, 0xF8, 0xE8, 0x70, 0xF0, 0xE0, 0xE0,
  0x3A, 0x30, 0x75, 0x6D, 0xEE, 0xD2, 0x5C, 0x24, 0x38, 0xA8, 0x10, 0xD0, 0x00, 0xC0, 0x00, 0x80,
  0x00, 0x00, 0x03, 0x03, 0x06, 0x0F, 0x1F, 0x1F, 0x3F, 0x3F, 0x7E, 0x7F, 0xFF, 0xFF, 0xD6, 0xFF,
  0x00, 0x00, 0x03, 0x03, 0x07, 0x0F, 0x06, 0x16, 0x04, 0x25, 0x08, 0x4B, 0x08, 0xEB, 0x08, 0xEB,
  0xE0, 0xF8, 0x28, 0xF4, 0x74, 0xFE, 0x9A, 0xFA, 0x04, 0xFC, 0x40, 0xFC, 0x22, 0xFE, 0x96, 0xFE,
  0xF8, 0xF8, 0xF4, 0xEC, 0xFE, 0xFE, 0x1E, 0x7A, 0x46, 0x8C, 0x82, 0x64, 0x00, 0xB4, 0x00, 0x9E,
  0x00, 0x00, 0x00, 0x00, 0x00, 0x00, 0x00, 0x00, 0x00, 0x00, 0x00, 0x00, 0x04, 0x00, 0x1E, 0x0A,
  0x00, 0x00, 0x00, 0x00, 0x00, 0x00, 0x00, 0x00, 0x00, 0x00, 0x00, 0x00, 0x04, 0x04, 0x14, 0x10,
  0x00, 0x00, 0x00, 0x00, 0x00, 0x00, 0x00, 0x00, 0x00, 0x00, 0x00, 0x00, 0x00, 0x00, 0x00, 0x00,
  0x00, 0x00, 0x00, 0x00, 0x00, 0x00, 0x00, 0x00, 0x00, 0x00, 0x00, 0x00, 0x00, 0x00, 0x00, 0x00,
  0x00, 0x00, 0x00, 0x00, 0x00, 0x00, 0x00, 0x00, 0x00, 0x00, 0x00, 0x00, 0x00, 0x00, 0x00, 0x00,
  0x00, 0x00, 0x00, 0x00, 0x00, 0x00, 0x00, 0x00, 0x00, 0x00, 0x00, 0x00, 0x00, 0x00, 0x00, 0x00,
  0x00, 0x00, 0x00, 0x00, 0x00, 0x00, 0x00, 0x00, 0x00, 0x00, 0x00, 0x00, 0x00, 0x00, 0x00, 0x00,
  0x00, 0x00, 0x00, 0x00, 0x00, 0x00, 0x00, 0x00, 0x00, 0x00, 0x00, 0x00, 0x00, 0x00, 0x00, 0x00,
  0xFA, 0xE3, 0x9E, 0x93, 0x0F, 0x09, 0x0F, 0x0D, 0x07, 0x07, 0x07, 0x07, 0x02, 0x03, 0x02, 0x03,
  0x04, 0x87, 0x00, 0x03, 0x00, 0x01, 0x00, 0x00, 0x00, 0x01, 0x00, 0x03, 0x00, 0x03, 0x00, 0x03,
  0x80, 0x80, 0xE0, 0xE0, 0xC0, 0xE0, 0xC0, 0xE0, 0xE0, 0xE0, 0x60, 0xE0, 0x60, 0xE0, 0x60, 0xE0,
  0x00, 0x80, 0x00, 0xA0, 0x00, 0x20, 0x00, 0x60, 0x00, 0xE0, 0x00, 0xC0, 0x00, 0xC0, 0x00, 0xE0,
  0x03, 0x03, 0x03, 0x03, 0x06, 0x07, 0x04, 0x07, 0x0C, 0x0F, 0x0C, 0x0F, 0x19, 0x1F, 0x10, 0x1F,
  0x00, 0x00, 0x00, 0x01, 0x00, 0x03, 0x00, 0x06, 0x00, 0x04, 0x00, 0x0E, 0x00, 0x0B, 0x00, 0x19,
  0xE8, 0xC8, 0xFC, 0xEC, 0x3E, 0xEE, 0x1A, 0xFE, 0x19, 0xFF, 0x39, 0xFF, 0x3C, 0xF7, 0xF4, 0xE7,
  0x10, 0x10, 0x00, 0xE0, 0x00, 0xE4, 0x00, 0x36, 0x80, 0x36, 0x00, 0x27, 0x00, 0x67, 0x08, 0xCF,
  0x00, 0x00, 0x00, 0x00, 0x00, 0x00, 0x00, 0x00, 0x00, 0x00, 0x00, 0x00, 0x60, 0xE0, 0xE0, 0xE0,
  0x00, 0x00, 0x00, 0x00, 0x00, 0x00, 0x00, 0x00, 0x00, 0x00, 0x00, 0x00, 0x00, 0xC0, 0x00, 0x00,
  0xC0, 0xFE, 0xD0, 0xF8, 0xC0, 0xE0, 0x80, 0xE0, 0x80, 0xC0, 0x80, 0xC0, 0xC0, 0xC0, 0x00, 0x00,
  0x00, 0x72, 0x00, 0x78, 0x00, 0x40, 0x00, 0x60, 0x00, 0x00, 0x00, 0x40, 0x00, 0x00, 0x00, 0x00,
  0x00, 0x00, 0x00, 0x00, 0x00, 0x00, 0x03, 0x03, 0xFC, 0xFF, 0x98, 0xFF, 0x9F, 0xFF, 0xFF, 0xFF,
  0x00, 0x00, 0x00, 0x00, 0x00, 0x00, 0x00, 0x01, 0x00, 0x06, 0x00, 0x6F, 0x00, 0x67, 0x00, 0x60,
  0x5F, 0x7F, 0x7F, 0x7F, 0x78, 0x78, 0x00, 0x00, 0x00, 0x00, 0x00, 0x00, 0x00, 0x00, 0x00, 0x00,
  0x00, 0x3F, 0x00, 0x30, 0x00, 0x00, 0x00, 0x00, 0x00, 0x00, 0x00, 0x00, 0x00, 0x00, 0x00, 0x00,
  0x1F, 0x1F, 0x07, 0x07, 0x00, 0x00, 0x00, 0x00, 0x00, 0x00, 0x00, 0x00, 0x00, 0x00, 0x00, 0x00,
  0x00, 0x07, 0x00, 0x00, 0x00, 0x00, 0x00, 0x00, 0x00, 0x00, 0x00, 0x00, 0x00, 0x00, 0x00, 0x00,
  0x80, 0xC0, 0xC0, 0xC0, 0x00, 0x00, 0x00, 0x00, 0x00, 0x00, 0x00, 0x00, 0x00, 0x00, 0x00, 0x00,
  0x00, 0x40, 0x00, 0x80, 0x00, 0x00, 0x00, 0x00, 0x00, 0x00, 0x00, 0x00, 0x00, 0x00, 0x00, 0x00,
  0xD7, 0xFF, 0xF7, 0xFF, 0xF7, 0xFF, 0xFF, 0xFF, 0x7F, 0x73, 0x3B, 0x33, 0x1F, 0x18, 0x0E, 0x0C,
  0x08, 0xAB, 0x08, 0x8B, 0x0C, 0x2D, 0x00, 0x60, 0x0E, 0x22, 0x08, 0x2C, 0x00, 0x00, 0x01, 0x01,
  0x5A, 0xFA, 0xB4, 0xF2, 0xFF, 0xF7, 0xFF, 0xCF, 0xFD, 0x9F, 0xF8, 0xFF, 0xF0, 0x7F, 0x38, 0x3F,
  0x00, 0xFC, 0x04, 0xEA, 0x18, 0xC0, 0x30, 0x93, 0x60, 0x67, 0x02, 0x0D, 0x00, 0x18, 0xC0, 0xCD,
  0x00, 0x00, 0x00, 0x00, 0x00, 0x00, 0x00, 0x00, 0x00, 0x00, 0x00, 0x00, 0x00, 0x00, 0x00, 0x00,
  0x00, 0x00, 0x00, 0x00, 0x00, 0x00, 0x00, 0x00, 0x00, 0x00, 0x00, 0x00, 0x00, 0x00, 0x00, 0x00,
  0x00, 0x00, 0x00, 0x00, 0x00, 0x00, 0x00, 0x00, 0x00, 0x00, 0x00, 0x00, 0x00, 0x00, 0x00, 0x00,
  0x00, 0x00, 0x00, 0x00, 0x00, 0x00, 0x00, 0x00, 0x00, 0x00, 0x00, 0x00, 0x00, 0x00, 0x00, 0x00,
  0x00, 0x00, 0x00, 0x00, 0x00, 0x00, 0x00, 0x00, 0x00, 0x00, 0x00, 0x00, 0x00, 0x00, 0x00, 0x00,
  0x00, 0x00, 0x00, 0x00, 0x00, 0x00, 0x00, 0x00, 0x00, 0x00, 0x00, 0x00, 0x00, 0x00, 0x00, 0x00,
  0x00, 0x00, 0x00, 0x00, 0x00, 0x00, 0x00, 0x00, 0x00, 0x00, 0x00, 0x00, 0x00, 0x00, 0x00, 0x00,
  0x00, 0x00, 0x00, 0x00, 0x00, 0x00, 0x00, 0x00, 0x00, 0x00, 0x00, 0x00, 0x00, 0x00, 0x00, 0x00,
  0x03, 0x03, 0x03, 0x03, 0x01, 0x01, 0x00, 0x00, 0x00, 0x00, 0x00, 0x00, 0x00, 0x00, 0x00, 0x00,
  0x00, 0x03, 0x00, 0x01, 0x00, 0x00, 0x00, 0x00, 0x00, 0x00, 0x00, 0x00, 0x00, 0x00, 0x00, 0x00,
  0x20, 0xE0, 0xB0, 0xF0, 0xF0, 0xF0, 0xD4, 0xF4, 0x78, 0x7C, 0x7A, 0x7E, 0x7A, 0x7E, 0x7C, 0x7F,
  0x00, 0xE0, 0x00, 0xE0, 0x00, 0xE0, 0x00, 0x70, 0x00, 0x74, 0x00, 0x34, 0x00, 0x06, 0x00, 0x37,
  0x10, 0x1F, 0x39, 0x3F, 0xFF, 0xFF, 0x3E, 0xFE, 0x1C, 0xFC, 0x14, 0xFC, 0xF8, 0xF8, 0xF0, 0xF0,
  0x00, 0x19, 0x00, 0x0F, 0x00, 0x06, 0x00, 0xF0, 0x80, 0x34, 0x00, 0xFC, 0x00, 0xF8, 0x00, 0x30,
  0xFA, 0xE3, 0x9E, 0x93, 0x0F, 0x09, 0x0F, 0x0D, 0x07, 0x07, 0x07, 0x07, 0x02, 0x03, 0x02, 0x03,
  0x04, 0x87, 0x00, 0x03, 0x00, 0x01, 0x00, 0x00, 0x00, 0x01, 0x00, 0x03, 0x00, 0x03, 0x00, 0x03,
  0x00, 0x00, 0x00, 0x00, 0x00, 0x00, 0x00, 0x00, 0x00, 0x00, 0x00, 0x00, 0x00, 0x00, 0x00, 0x00,
  0x00, 0x00, 0x00, 0x00, 0x00, 0x00, 0x00, 0x00, 0x00, 0x00, 0x00, 0x00, 0x00, 0x00, 0x00, 0x00,
  0x00, 0x00, 0x00, 0x00, 0x00, 0x00, 0x00, 0x00, 0x00, 0x00, 0x00, 0x00, 0x00, 0x00, 0x00, 0x00,
  0x00, 0x00, 0x00, 0x00, 0x00, 0x00, 0x00, 0x00, 0x00, 0x00, 0x00, 0x00, 0x00, 0x00, 0x00, 0x00,
  0x00, 0x00, 0x00, 0x00, 0x00, 0x00, 0x00, 0x00, 0x00, 0x00, 0x00, 0x00, 0x00, 0x00, 0x00, 0x00,
  0x00, 0x00, 0x00, 0x00, 0x00, 0x00, 0x00, 0x00, 0x00, 0x00, 0x00, 0x00, 0x00, 0x00, 0x00, 0x00,
  0x00, 0x00, 0x00, 0x00, 0x00, 0x00, 0x00, 0x00, 0x00, 0x00, 0x00, 0x00, 0x00, 0x00, 0x00, 0x00,
  0x00, 0x00, 0x00, 0x00, 0x00, 0x00, 0x00, 0x00, 0x00, 0x00, 0x00, 0x00, 0x00, 0x00, 0x00, 0x00,
  0xF2, 0xFF, 0xFF, 0xFF, 0xFA, 0xC2, 0xFF, 0xDF, 0xFF, 0x7F, 0x79, 0x7F, 0xF0, 0xFF, 0x70, 0x7F,
  0x80, 0xBF, 0x80, 0x83, 0xBA, 0xB5, 0xA0, 0xA0, 0x80, 0x07, 0x40, 0xDF, 0x04, 0x19, 0x00, 0x18,
  0xB0, 0xF0, 0xF0, 0xF0, 0xEC, 0x3C, 0xFE, 0xFA, 0xFD, 0xF1, 0xFF, 0xCC, 0xF7, 0xC5, 0xFF, 0xE3,
  0x10, 0xD0, 0x20, 0xE0, 0xF0, 0x70, 0x24, 0x24, 0x4C, 0x4A, 0x37, 0x21, 0x32, 0xAA, 0x1C, 0x94,
  0x00, 0x00, 0x07, 0x07, 0x1A, 0x1F, 0x32, 0x3F, 0x7F, 0x7F, 0x70, 0x7F, 0xE0, 0xFF, 0xE2, 0xFF,
  0x00, 0x00, 0x07, 0x07, 0x1F, 0x1E, 0x3F, 0x3F, 0x30, 0x30, 0x60, 0x6B, 0x48, 0x52, 0x80, 0xBA,
  0x00, 0x00, 0x00, 0xC0, 0x80, 0x60, 0x60, 0xF0, 0x90, 0xD0, 0xC0, 0xC0, 0x60, 0xE0, 0xB0, 0xD0,
  0x00, 0x00, 0xC0, 0xC0, 0x60, 0xE0, 0xF0, 0xF0, 0xF0, 0xD0, 0x70, 0xC0, 0x10, 0x00, 0x20, 0xC0,
  0x00, 0x00, 0x00, 0x00, 0x00, 0x00, 0x00, 0x00, 0x00, 0x00, 0x00, 0x00, 0x00, 0x00, 0x00, 0x00,
  0x00, 0x00, 0x00, 0x00, 0x00, 0x00, 0x00, 0x00, 0x00, 0x00, 0x00, 0x00, 0x00, 0x00, 0x00, 0x00,
  0x00, 0x00, 0x00, 0x00, 0x00, 0x00, 0x00, 0x00, 0x00, 0x00, 0x00, 0x00, 0x00, 0x00, 0x00, 0x00,
  0x00, 0x00, 0x00, 0x00, 0x00, 0x00, 0x00, 0x00, 0x00, 0x00, 0x00, 0x00, 0x00, 0x00, 0x00, 0x00,
  0x00, 0x00, 0x00, 0x00, 0x00, 0x00, 0x00, 0x00, 0x00, 0x00, 0x00, 0x00, 0x00, 0x00, 0x00, 0x00,
  0x00, 0x00, 0x00, 0x00, 0x00, 0x00, 0x00, 0x00, 0x00, 0x00, 0x00, 0x00, 0x00, 0x00, 0x00, 0x00,
  0x00, 0x00, 0x00, 0x00, 0x00, 0x00, 0x00, 0x00, 0x00, 0x00, 0x00, 0x00, 0x00, 0x00, 0x00, 0x00,
  0x00, 0x00, 0x00, 0x00, 0x00, 0x00, 0x00, 0x00, 0x00, 0x00, 0x00, 0x00, 0x00, 0x00, 0x00, 0x00,
  0x00, 0x00, 0x00, 0x00, 0x04, 0x04, 0x0E, 0x0E, 0x1B, 0x1F, 0x39, 0x3F, 0x6F, 0x7F, 0xE7, 0xFF,
  0x00, 0x00, 0x00, 0x00, 0x00, 0x00, 0x00, 0x04, 0x00, 0x0E, 0x00, 0x1E, 0x00, 0x39, 0x00, 0x2B,
  0x07, 0x07, 0x06, 0x07, 0x0C, 0x0F, 0x0C, 0x0F, 0x08, 0x0F, 0x9C, 0x9F, 0xD6, 0xDF, 0x71, 0xFF,
  0x00, 0x01, 0x00, 0x03, 0x00, 0x06, 0x00, 0x04, 0x01, 0x0C, 0x00, 0x0C, 0x00, 0x0F, 0x00, 0xDB,
  0x06, 0x07, 0x06, 0x07, 0x03, 0x03, 0x03, 0x03, 0x01, 0x01, 0x01, 0x01, 0x01, 0x01, 0x01, 0x01,
  0x00, 0x07, 0x00, 0x03, 0x00, 0x01, 0x00, 0x01, 0x00, 0x00, 0x00, 0x00, 0x00, 0x00, 0x00, 0x00,
  0xC0, 0xC0, 0x40, 0xC0, 0x40, 0xC0, 0xE0, 0xE0, 0xF0, 0xF0, 0xE0, 0xF0, 0xEC, 0xFC, 0xF1, 0xFF,
  0x00, 0x80, 0x00, 0xC0, 0x00, 0xC0, 0x00, 0xC0, 0x00, 0xD0, 0x00, 0xD0, 0x00, 0x18, 0x00, 0xFF,
  0x07, 0x07, 0x06, 0x07, 0x0C, 0x0F, 0x0C, 0x0F, 0x08, 0x0F, 0x9C, 0x9F, 0xD6, 0xDF, 0x71, 0xFF,
  0x00, 0x01, 0x00, 0x03, 0x00, 0x06, 0x00, 0x04, 0x01, 0x0C, 0x00, 0x0C, 0x00, 0x0F, 0x00, 0xDB,
  0xD0, 0xD0, 0x70, 0xD0, 0x38, 0xF8, 0x30, 0xF8, 0x30, 0xFC, 0x70, 0xFC, 0xFA, 0xFE, 0xF8, 0xEE,
  0x20, 0xA0, 0x00, 0xC0, 0x00, 0xC8, 0x00, 0x68, 0x00, 0x6C, 0x00, 0x48, 0x00, 0xCE, 0x00, 0x8E,
  0x00, 0x00, 0x80, 0x80, 0x40, 0xC0, 0x40, 0xC0, 0x80, 0x80, 0xC0, 0xC0, 0xC0, 0xC0, 0xC0, 0xC0,
  0x00, 0x00, 0x00, 0x00, 0x00, 0x80, 0x00, 0x80, 0x00, 0x80, 0x00, 0x80, 0x00, 0x80, 0x00, 0x80,
  0x00, 0x00, 0x00, 0x00, 0x00, 0x00, 0x00, 0x00, 0x00, 0x00, 0x00, 0x00, 0x00, 0x00, 0x00, 0x00,
  0x00, 0x00, 0x00, 0x00, 0x00, 0x00, 0x00, 0x00, 0x00, 0x00, 0x00, 0x00, 0x00, 0x00, 0x00, 0x00,
  0x18, 0x1F, 0x0D, 0x0F, 0x07, 0x07, 0x03, 0x03, 0x00, 0x00, 0x00, 0x00, 0x00, 0x00, 0x00, 0x00,
  0x00, 0x0D, 0x00, 0x07, 0x00, 0x03, 0x00, 0x00, 0x00, 0x00, 0x00, 0x00, 0x00, 0x00, 0x00, 0x00,
  0xFE, 0xE6, 0xFC, 0xFC, 0xB0, 0xF0, 0xE0, 0xE0, 0x00, 0x00, 0x00, 0x00, 0x00, 0x00, 0x00, 0x00,
  0x18, 0xD8, 0x00, 0x80, 0x00, 0x60, 0x00, 0xE0, 0x00, 0x00, 0x00, 0x00, 0x00, 0x00, 0x00, 0x00,
  0xF2, 0xFF, 0xFF, 0xFF, 0xFA, 0xC2, 0xFF, 0xDF, 0xFF, 0x7F, 0x79, 0x7F, 0xF0, 0xFF, 0x70, 0x7F,
  0x80, 0xBF, 0x80, 0x83, 0xBA, 0xB5, 0xA0, 0xA0, 0x80, 0x07, 0x40, 0xDF, 0x04, 0x19, 0x00, 0x18,
  0xB0, 0xF0, 0xF0, 0xF0, 0xEC, 0x3C, 0xFE, 0xFA, 0xFD, 0xF1, 0xFF, 0xCC, 0xF7, 0xC5, 0xFF, 0xE3,
  0x10, 0xD0, 0x20, 0xE0, 0xF0, 0x70, 0x24, 0x24, 0x4C, 0x4A, 0x37, 0x21, 0x32, 0xAA, 0x1C, 0x94,
  0x00, 0x00, 0x00, 0x00, 0x00, 0x00, 0x00, 0x00, 0x00, 0x00, 0x00, 0x00, 0x00, 0x00, 0x00, 0x00,
  0x00, 0x00, 0x00, 0x00, 0x00, 0x00, 0x00, 0x00, 0x00, 0x00, 0x00, 0x00, 0x00, 0x00, 0x00, 0x00,
  0x00, 0x00, 0x00, 0x00, 0x00, 0x00, 0x00, 0x00, 0x00, 0x00, 0x00, 0x00, 0x00, 0x00, 0x00, 0x00,
  0x00, 0x00, 0x00, 0x00, 0x00, 0x00, 0x00, 0x00, 0x00, 0x00, 0x00, 0x00, 0x00, 0x00, 0x00, 0x00,
  0x00, 0x00, 0x00, 0x00, 0x00, 0x00, 0x00, 0x00, 0x00, 0x00, 0x00, 0x00, 0x00, 0x00, 0x00, 0x00,
  0x00, 0x00, 0x00, 0x00, 0x00, 0x00, 0x00, 0x00, 0x00, 0x00, 0x00, 0x00, 0x00, 0x00, 0x00, 0x00,
  0x00, 0x00, 0x00, 0x00, 0x00, 0x00, 0x00, 0x00, 0x00, 0x00, 0x00, 0x00, 0x00, 0x00, 0x00, 0x00,
  0x00, 0x00, 0x00, 0x00, 0x00, 0x00, 0x00, 0x00, 0x00, 0x00, 0x00, 0x00, 0x00, 0x00, 0x00, 0x00,
  0xD6, 0xFF, 0x8F, 0xCF, 0xC9, 0xC9, 0xC0, 0xC0, 0x00, 0x00, 0x00, 0x00, 0x00, 0x00, 0x00, 0x00,
  0x00, 0x49, 0x00, 0x49, 0x00, 0x40, 0x00, 0x00, 0x00, 0x00, 0x00, 0x00, 0x00, 0x00, 0x00, 0x00,
  0x20, 0xFF, 0x31, 0xFF, 0x33, 0xFF, 0x9E, 0xFE, 0xFC, 0xFC, 0x74, 0x7C, 0x38, 0x3C, 0x00, 0x00,
  0x00, 0xD1, 0x00, 0x9B, 0x40, 0xBE, 0x00, 0xCC, 0x00, 0x60, 0x00, 0x78, 0x00, 0x1C, 0x00, 0x00,
  0x01, 0x01, 0x01, 0x01, 0x01, 0x01, 0x00, 0x00, 0x00, 0x00, 0x00, 0x00, 0x00, 0x00, 0x00, 0x00,
  0x00, 0x00, 0x00, 0x00, 0x00, 0x00, 0x00, 0x00, 0x00, 0x00, 0x00, 0x00, 0x00, 0x00, 0x00, 0x00,
  0xBF, 0xFF, 0xFC, 0xFC, 0xE0, 0xE0, 0x00, 0x00, 0x00, 0x00, 0x00, 0x00, 0x00, 0x00, 0x00, 0x00,
  0x00, 0xF8, 0x00, 0xC0, 0x00, 0x00, 0x00, 0x00, 0x00, 0x00, 0x00, 0x00, 0x00, 0x00, 0x00, 0x00,
  0x20, 0xFF, 0x31, 0xFF, 0x33, 0xFF, 0x9E, 0xFE, 0xFC, 0xFC, 0x74, 0x7C, 0x38, 0x3C, 0x00, 0x00,
  0x00, 0xD1, 0x00, 0x9B, 0x40, 0xBE, 0x00, 0xCC, 0x00, 0x60, 0x00, 0x78, 0x00, 0x1C, 0x00, 0x00,
  0xF5, 0xC7, 0xF5, 0xC7, 0x3B, 0x23, 0x1F, 0x17, 0x0F, 0x0F, 0x0C, 0x0F, 0x08, 0x0F, 0x0C, 0x0F,
  0x08, 0x0E, 0x08, 0x0F, 0x04, 0x06, 0x00, 0x01, 0x00, 0x03, 0x00, 0x07, 0x00, 0x07, 0x00, 0x07,
  0x00, 0x00, 0x00, 0x00, 0x00, 0x00, 0x00, 0x00, 0x00, 0x00, 0x00, 0x00, 0x00, 0x00, 0x00, 0x00,
  0x00, 0x00, 0x00, 0x00, 0x00, 0x00, 0x00, 0x00, 0x00, 0x00, 0x00, 0x00, 0x00, 0x00, 0x00, 0x00,
  0x00, 0x00, 0x00, 0x00, 0x00, 0x00, 0x00, 0x00, 0x00, 0x00, 0x00, 0x00, 0x00, 0x00, 0x00, 0x00,
  0x00, 0x00, 0x00, 0x00, 0x00, 0x00, 0x00, 0x00, 0x00, 0x00, 0x00, 0x00, 0x00, 0x00, 0x00, 0x00,
  0xEA, 0xFF, 0xFF, 0xFF, 0xEB, 0x88, 0xFF, 0xFF, 0xFF, 0x7F, 0x43, 0x7F, 0xC3, 0xFF, 0xC3, 0xFF,
  0x00, 0x7F, 0x80, 0x87, 0xEB, 0xD5, 0x00, 0x00, 0x80, 0x7E, 0x10, 0xE6, 0x00, 0x66, 0x00, 0x36,
  0xF0, 0xF0, 0xD0, 0xF0, 0xC0, 0xF0, 0xE0, 0xF0, 0xF0, 0xF0, 0xF0, 0x70, 0x60, 0x20, 0xC0, 0xC0,
  0x10, 0x90, 0x20, 0xA0, 0x70, 0x70, 0x70, 0x70, 0x30, 0x30, 0x00, 0x00, 0x80, 0x80, 0x00, 0x00,
  0x00, 0x00, 0x07, 0x07, 0x1A, 0x1F, 0x32, 0x3F, 0x3F, 0x3F, 0x41, 0x7F, 0xC0, 0xFF, 0xEA, 0xFF,
  0x00, 0x00, 0x07, 0x07, 0x1F, 0x1E, 0x3F, 0x3F, 0x21, 0x21, 0x00, 0x2B, 0x10, 0x6B, 0x00, 0x6B,
  0x00, 0x00, 0x00, 0xC0, 0x80, 0x60, 0x60, 0xF0, 0x50, 0xD0, 0xC0, 0xC0, 0xA0, 0xA0, 0xF0, 0xD0,
  0x00, 0x00, 0xC0, 0xC0, 0x60, 0xE0, 0xF0, 0xF0, 0xF0, 0xD0, 0xB0, 0x80, 0x10, 0x40, 0x20, 0x80,
  0x00, 0x00, 0x00, 0x00, 0x00, 0x00, 0x00, 0x00, 0x00, 0x00, 0x00, 0x00, 0x00, 0x00, 0x00, 0x00,
  0x00, 0x00, 0x00, 0x00, 0x00, 0x00, 0x00, 0x00, 0x00, 0x00, 0x00, 0x00, 0x00, 0x00, 0x00, 0x00,
  0x00, 0x00, 0x00, 0x00, 0x00, 0x00, 0x00, 0x00, 0x00, 0x00, 0x00, 0x00, 0x00, 0x00, 0x00, 0x00,
  0x00, 0x00, 0x00, 0x00, 0x00, 0x00, 0x00, 0x00, 0x00, 0x00, 0x00, 0x00, 0x00, 0x00, 0x00, 0x00,
  0x00, 0x00, 0x00, 0x00, 0x00, 0x00, 0x00, 0x00, 0x00, 0x00, 0x00, 0x00, 0x00, 0x00, 0x00, 0x00,
  0x00, 0x00, 0x00, 0x00, 0x00, 0x00, 0x00, 0x00, 0x00, 0x00, 0x00, 0x00, 0x00, 0x00, 0x00, 0x00,
  0x00, 0x00, 0x00, 0x00, 0x00, 0x00, 0x00, 0x00, 0x00, 0x00, 0x00, 0x00, 0x00, 0x00, 0x00, 0x00,
  0x00, 0x00, 0x00, 0x00, 0x00, 0x00, 0x00, 0x00, 0x00, 0x00, 0x00, 0x00, 0x00, 0x00, 0x00, 0x00,
  0xC3, 0xC3, 0x03, 0x03, 0x03, 0x03, 0x07, 0x07, 0x07, 0x07, 0x0F, 0x0F, 0x1E, 0x1F, 0x1F, 0x1F,
  0x00, 0x41, 0x00, 0x01, 0x00, 0x03, 0x00, 0x03, 0x00, 0x03, 0x00, 0x08, 0x00, 0x0D, 0x00, 0x0F,
  0xF0, 0xF0, 0xE0, 0xE0, 0xC0, 0xC0, 0x80, 0x80, 0x80, 0x80, 0xA0, 0xE0, 0x40, 0xC0, 0x80, 0x80,
  0x00, 0x80, 0x00, 0xC0, 0x00, 0x80, 0x00, 0x80, 0x00, 0x00, 0x00, 0x60, 0x00, 0xC0, 0x00, 0x80,
  0x07, 0x07, 0x07, 0x07, 0x06, 0x07, 0x04, 0x07, 0x04, 0x07, 0x04, 0x07, 0x06, 0x07, 0x03, 0x03,
  0x00, 0x00, 0x00, 0x03, 0x00, 0x03, 0x00, 0x06, 0x00, 0x06, 0x00, 0x06, 0x00, 0x03, 0x00, 0x01,
  0xD8, 0x08, 0xF0, 0xD0, 0x78, 0xF8, 0x3C, 0xFC, 0x1C, 0xFC, 0x2C, 0xFC, 0x0E, 0xFE, 0xC2, 0xFE,
  0x20, 0x20, 0x00, 0xC0, 0x00, 0xE0, 0x00, 0x70, 0x80, 0x30, 0x00, 0x38, 0x00, 0x6C, 0x00, 0xC6,
  0x00, 0x00, 0x00, 0x00, 0x00, 0x00, 0x00, 0x00, 0x00, 0x00, 0x00, 0x00, 0x00, 0x00, 0x00, 0x00,
  0x00, 0x00, 0x00, 0x00, 0x00, 0x00, 0x00, 0x00, 0x00, 0x00, 0x00, 0x00, 0x00, 0x00, 0x00, 0x00,
  0x00, 0x00, 0x00, 0x00, 0x00, 0x00, 0x00, 0x00, 0x00, 0x00, 0x00, 0x00, 0x00, 0x00, 0x00, 0x00,
  0x00, 0x00, 0x00, 0x00, 0x00, 0x00, 0x00, 0x00, 0x00, 0x00, 0x00, 0x00, 0x00, 0x00, 0x00, 0x00,
  0x00, 0x00, 0x00, 0x00, 0x00, 0x00, 0x00, 0x00, 0x00, 0x00, 0x00, 0x00, 0x00, 0x00, 0x00, 0x00,
  0x00, 0x00, 0x00, 0x00, 0x00, 0x00, 0x00, 0x00, 0x00, 0x00, 0x00, 0x00, 0x00, 0x00, 0x00, 0x00,
  0x00, 0x00, 0x00, 0x00, 0x00, 0x00, 0x00, 0x00, 0x00, 0x00, 0x00, 0x00, 0x00, 0x00, 0x00, 0x00,
  0x00, 0x00, 0x00, 0x00, 0x00, 0x00, 0x00, 0x00, 0x00, 0x00, 0x00, 0x00, 0x00, 0x00, 0x00, 0x00,
  0x67, 0x7E, 0x7F, 0x7E, 0x3E, 0x3C, 0x2F, 0x3C, 0x3F, 0x3C, 0x1F, 0x1F, 0x00, 0x00, 0x00, 0x00,
  0x01, 0x3D, 0x01, 0x38, 0x02, 0x03, 0x03, 0x32, 0x03, 0x1B, 0x00, 0x00, 0x00, 0x00, 0x00, 0x00,
  0xF8, 0x10, 0xFE, 0x14, 0x1C, 0x1C, 0xFE, 0x14, 0xFE, 0x14, 0xFE, 0xFE, 0x00, 0x00, 0x00, 0x00,
  0xE8, 0xE8, 0xEA, 0x00, 0x08, 0xE2, 0xEA, 0x28, 0xEA, 0xEA, 0x00, 0x00, 0x00, 0x00, 0x00, 0x00,
  0xEA, 0xFF, 0xFF, 0xFF, 0xEB, 0x88, 0xFF, 0xFF, 0xFF, 0x7F, 0x43, 0x7F, 0xC3, 0xFF, 0xC3, 0xFF,
  0x00, 0x7F, 0x80, 0x87, 0xEB, 0xD5, 0x00, 0x00, 0x80, 0x7E, 0x10, 0xE6, 0x00, 0x66, 0x00, 0x36,
  0xF0, 0xF0, 0xD0, 0xF0, 0xC0, 0xF0, 0xE0, 0xF0, 0xF0, 0xF0, 0xF0, 0x70, 0x60, 0x20, 0xC0, 0xC0,
  0x10, 0x90, 0x20, 0xA0, 0x70, 0x70, 0x70, 0x70, 0x30, 0x30, 0x00, 0x00, 0x80, 0x80, 0x00, 0x00,
  0x00, 0x00, 0x00, 0x00, 0x00, 0x00, 0x00, 0x00, 0x00, 0x00, 0x00, 0x00, 0x00, 0x00, 0x00, 0x00,
  0x00, 0x00, 0x00, 0x00, 0x00, 0x00, 0x00, 0x00, 0x00, 0x00, 0x00, 0x00, 0x00, 0x00, 0x00, 0x00,
  0x00, 0x00, 0x00, 0x00, 0x00, 0x00, 0x00, 0x00, 0x00, 0x00, 0x00, 0x00, 0x00, 0x00, 0x00, 0x00,
  0x00, 0x00, 0x00, 0x00, 0x00, 0x00, 0x00, 0x00, 0x00, 0x00, 0x00, 0x00, 0x00, 0x00, 0x00, 0x00,
  0x00, 0x00, 0x00, 0x00, 0x00, 0x00, 0x00, 0x00, 0x00, 0x00, 0x00, 0x00, 0x00, 0x00, 0x00, 0x00,
  0x00, 0x00, 0x00, 0x00, 0x00, 0x00, 0x00, 0x00, 0x00, 0x00, 0x00, 0x00, 0x00, 0x00, 0x00, 0x00,
  0x00, 0x00, 0x00, 0x00, 0x00, 0x00, 0x00, 0x00, 0x00, 0x00, 0x00, 0x00, 0x00, 0x00, 0x00, 0x00,
  0x00, 0x00, 0x00, 0x00, 0x00, 0x00, 0x00, 0x00, 0x00, 0x00, 0x00, 0x00, 0x00, 0x00, 0x00, 0x00,
  0x0C, 0x0F, 0x07, 0x07, 0x03, 0x03, 0x00, 0x00, 0x00, 0x00, 0x00, 0x00, 0x00, 0x00, 0x00, 0x00,
  0x00, 0x07, 0x00, 0x03, 0x00, 0x00, 0x00, 0x00, 0x00, 0x00, 0x00, 0x00, 0x00, 0x00, 0x00, 0x00,
  0x80, 0x80, 0x30, 0xF0, 0xF0, 0xF0, 0x00, 0x00, 0x00, 0x00, 0x00, 0x00, 0x00, 0x00, 0x00, 0x00,
  0x00, 0x80, 0x00, 0xE0, 0x00, 0x00, 0x00, 0x00, 0x00, 0x00, 0x00, 0x00, 0x00, 0x00, 0x00, 0x00,
  0x7B, 0x7B, 0x4F, 0x7F, 0x6F, 0x7F, 0x5C, 0x7F, 0xCF, 0xFF, 0x97, 0xFF, 0xA9, 0xED, 0xC1, 0xC1,
  0x00, 0x30, 0x00, 0x30, 0x00, 0x37, 0x00, 0x27, 0x00, 0x5B, 0x00, 0x54, 0x00, 0x6C, 0x00, 0x40,
  0xC1, 0xFF, 0xE3, 0xFF, 0xF7, 0xFF, 0x3F, 0xFF, 0x0F, 0xFF, 0x87, 0xFF, 0xE4, 0xFF, 0xFE, 0xFE,
  0x00, 0x62, 0x00, 0x37, 0x00, 0x9E, 0x00, 0xFC, 0x20, 0x88, 0x00, 0xCB, 0x00, 0x7F, 0x00, 0x18,
  0x00, 0x00, 0x00, 0x00, 0x00, 0x00, 0x00, 0x00, 0x00, 0x00, 0x00, 0x00, 0x00, 0x00, 0x00, 0x00,
  0x00, 0x00, 0x00, 0x00, 0x00, 0x00, 0x00, 0x00, 0x00, 0x00, 0x00, 0x00, 0x00, 0x00, 0x00, 0x00,
  0x00, 0x00, 0x00, 0x00, 0x00, 0x00, 0x00, 0x00, 0x00, 0x00, 0x00, 0x00, 0x00, 0x00, 0x00, 0x00,
  0x00, 0x00, 0x00, 0x00, 0x00, 0x00, 0x00, 0x00, 0x00, 0x00, 0x00, 0x00, 0x00, 0x00, 0x00, 0x00,
  0x00, 0x00, 0x00, 0x00, 0x00, 0x00, 0x00, 0x00, 0x00, 0x00, 0x00, 0x00, 0x00, 0x00, 0x00, 0x00,
  0x00, 0x00, 0x00, 0x00, 0x00, 0x00, 0x00, 0x00, 0x00, 0x00, 0x00, 0x00, 0x00, 0x00, 0x00, 0x00,
  0x00, 0x00, 0x00, 0x00, 0x00, 0x00, 0x00, 0x00, 0x00, 0x00, 0x00, 0x00, 0x00, 0x00, 0x00, 0x00,
  0x00, 0x00, 0x00, 0x00, 0x00, 0x00, 0x00, 0x00, 0x00, 0x00, 0x00, 0x00, 0x00, 0x00, 0x00, 0x00,
  0xFE, 0xFF, 0xFB, 0x89, 0xFF, 0xF8, 0xFF, 0xFF, 0xC7, 0xFF, 0x87, 0xFF, 0x87, 0xFF, 0x87, 0xFF,
  0x00, 0x1F, 0x7A, 0x65, 0x07, 0x04, 0x00, 0x78, 0x00, 0xFE, 0x20, 0xC4, 0x00, 0xCC, 0x00, 0xC8,
  0x7C, 0xFC, 0xF4, 0xFC, 0xF0, 0xFC, 0xF8, 0xFC, 0xFC, 0xFC, 0xFF, 0x9F, 0xDD, 0x0F, 0xDC, 0x8F,
  0x14, 0xD4, 0x18, 0xD8, 0x1C, 0x9C, 0x1C, 0x1C, 0x08, 0x08, 0x00, 0x02, 0x20, 0x23, 0x20, 0x25,
  0x00, 0x00, 0x01, 0x01, 0x06, 0x07, 0x1F, 0x1F, 0x3F, 0x3F, 0x60, 0x7F, 0x52, 0x7F, 0x54, 0x7F,
  0x00, 0x00, 0x01, 0x01, 0x07, 0x07, 0x00, 0x00, 0x00, 0x1F, 0x00, 0x2B, 0x08, 0x76, 0x00, 0x7C,
  0x00, 0x00, 0xC0, 0xF0, 0xA0, 0xD8, 0x98, 0xFC, 0xD4, 0xF4, 0xF0, 0xF0, 0x68, 0xE8, 0x7E, 0xF6,
  0x00, 0x00, 0xF0, 0xF0, 0xD8, 0xB8, 0xFC, 0xFC, 0x7C, 0x74, 0x2C, 0xA0, 0x04, 0xD0, 0x08, 0xC2,
  0x00, 0x00, 0x00, 0x00, 0x00, 0x00, 0x00, 0x00, 0x00, 0x00, 0x00, 0x00, 0x00, 0x00, 0x00, 0x00,
  0x00, 0x00, 0x00, 0x00, 0x00, 0x00, 0x00, 0x00, 0x00, 0x00, 0x00, 0x00, 0x00, 0x00, 0x00, 0x00,
  0x00, 0x00, 0x00, 0x00, 0x00, 0x00, 0x00, 0x00, 0x00, 0x00, 0x00, 0x00, 0x00, 0x00, 0x00, 0x00,
  0x00, 0x00, 0x00, 0x00, 0x00, 0x00, 0x00, 0x00, 0x00, 0x00, 0x00, 0x00, 0x00, 0x00, 0x00, 0x00,
  0x00, 0x00, 0x00, 0x00, 0x00, 0x00, 0x00, 0x00, 0x00, 0x00, 0x00, 0x00, 0x00, 0x00, 0x00, 0x00,
  0x00, 0x00, 0x00, 0x00, 0x00, 0x00, 0x00, 0x00, 0x00, 0x00, 0x00, 0x00, 0x00, 0x00, 0x00, 0x00,
  0x00, 0x00, 0x00, 0x00, 0x00, 0x00, 0x00, 0x00, 0x00, 0x00, 0x00, 0x00, 0x00, 0x00, 0x00, 0x00,
  0x00, 0x00, 0x00, 0x00, 0x00, 0x00, 0x00, 0x00, 0x00, 0x00, 0x00, 0x00, 0x00, 0x00, 0x00, 0x00,
  0x31, 0x20, 0x7F, 0x7F, 0x63, 0x7F, 0xC1, 0xFF, 0xC1, 0xFF, 0xE1, 0xFF, 0xF2, 0xFF, 0xFF, 0xFF,
  0x0E, 0x0E, 0x00, 0x0E, 0x00, 0x3F, 0x00, 0x63, 0x08, 0x61, 0x00, 0x73, 0x00, 0x3F, 0x00, 0x4F,
  0x80, 0x80, 0x00, 0x00, 0x80, 0x80, 0xC0, 0xC0, 0x60, 0xE0, 0x10, 0xF0, 0x08, 0xF8, 0x1C, 0xFC,
  0x00, 0x00, 0x00, 0x00, 0x00, 0x00, 0x00, 0x80, 0x00, 0xE0, 0x00, 0x70, 0x00, 0x38, 0x00, 0xF0,
  0x00, 0x00, 0x01, 0x01, 0x03, 0x03, 0x03, 0x03, 0x06, 0x07, 0x06, 0x07, 0x05, 0x07, 0x05, 0x07,
  0x00, 0x00, 0x00, 0x00, 0x00, 0x00, 0x00, 0x01, 0x00, 0x03, 0x00, 0x03, 0x00, 0x03, 0x00, 0x03,
  0xFF, 0xDF, 0xFD, 0x85, 0xFB, 0x8B, 0xFE, 0xFF, 0xFF, 0xFF, 0xCF, 0xFF, 0xDC, 0xFF, 0xFE, 0xFE,
  0x00, 0xC1, 0x00, 0x80, 0x00, 0x01, 0x00, 0x03, 0x00, 0x97, 0x00, 0xB2, 0x00, 0xA6, 0x00, 0x8C,
  0x00, 0x00, 0xC0, 0xC0, 0xC0, 0xC0, 0x00, 0x00, 0x00, 0x00, 0x00, 0x00, 0x00, 0x00, 0x00, 0x00,
  0x00, 0x00, 0x00, 0x80, 0x00, 0x00, 0x00, 0x00, 0x00, 0x00, 0x00, 0x00, 0x00, 0x00, 0x00, 0x00,
  0x06, 0x07, 0x07, 0x07, 0x03, 0x03, 0x00, 0x00, 0x00, 0x00, 0x00, 0x00, 0x00, 0x00, 0x00, 0x00,
  0x00, 0x03, 0x00, 0x03, 0x00, 0x00, 0x00, 0x00, 0x00, 0x00, 0x00, 0x00, 0x00, 0x00, 0x00, 0x00,
  0x00, 0x00, 0x00, 0x00, 0x00, 0x00, 0x00, 0x00, 0x00, 0x00, 0x00, 0x00, 0x00, 0x00, 0x00, 0x00,
  0x00, 0x00, 0x00, 0x00, 0x00, 0x00, 0x00, 0x00, 0x00, 0x00, 0x00, 0x00, 0x00, 0x00, 0x00, 0x00,
  0x00, 0x00, 0x00, 0x00, 0x00, 0x00, 0x00, 0x00, 0x00, 0x00, 0x00, 0x00, 0x00, 0x00, 0x00, 0x00,
  0x00, 0x00, 0x00, 0x00, 0x00, 0x00, 0x00, 0x00, 0x00, 0x00, 0x00, 0x00, 0x00, 0x00, 0x00, 0x00,
  0xCF, 0xFF, 0xFF, 0xFD, 0xBF, 0xF8, 0x7D, 0x70, 0x3E, 0x30, 0x0F, 0x08, 0x07, 0x06, 0x01, 0x01,
  0x00, 0x78, 0x02, 0x02, 0x07, 0xE5, 0x0D, 0x6A, 0x0E, 0x0D, 0x07, 0x06, 0x01, 0x01, 0x00, 0x00,
  0xFF, 0x8F, 0xFE, 0xFE, 0xE0, 0x60, 0xF0, 0x30, 0x78, 0x48, 0xBC, 0x94, 0xEC, 0x24, 0xF8, 0x88,
  0x00, 0x06, 0x00, 0x00, 0x80, 0x80, 0xC0, 0x40, 0x30, 0xB0, 0x28, 0x48, 0xC8, 0x98, 0x70, 0x60,
  0xFE, 0xFF, 0xFB, 0x89, 0xFF, 0xF8, 0xFF, 0xFF, 0xC7, 0xFF, 0x87, 0xFF, 0x87, 0xFF, 0x87, 0xFF,
  0x00, 0x1F, 0x7A, 0x65, 0x07, 0x04, 0x00, 0x78, 0x00, 0xFE, 0x20, 0xC4, 0x00, 0xCC, 0x00, 0xC8,
  0x7C, 0xFC, 0xF4, 0xFC, 0xF0, 0xFC, 0xF8, 0xFC, 0xFC, 0xFC, 0xFF, 0x9F, 0xDD, 0x0F, 0xDC, 0x8F,
  0x14, 0xD4, 0x18, 0xD8, 0x1C, 0x9C, 0x1C, 0x1C, 0x08, 0x08, 0x00, 0x02, 0x20, 0x23, 0x20, 0x25,
  0x00, 0x00, 0x00, 0x00, 0x00, 0x00, 0x00, 0x00, 0x00, 0x00, 0x00, 0x00, 0x00, 0x00, 0x00, 0x00,
  0x00, 0x00, 0x00, 0x00, 0x00, 0x00, 0x00, 0x00, 0x00, 0x00, 0x00, 0x00, 0x00, 0x00, 0x00, 0x00,
  0x00, 0x00, 0x00, 0x00, 0x00, 0x00, 0x00, 0x00, 0x00, 0x00, 0x00, 0x00, 0x00, 0x00, 0x00, 0x00,
  0x00, 0x00, 0x00, 0x00, 0x00, 0x00, 0x00, 0x00, 0x00, 0x00, 0x00, 0x00, 0x00, 0x00, 0x00, 0x00,
  0x00, 0x00, 0x00, 0x00, 0x00, 0x00, 0x00, 0x00, 0x00, 0x00, 0x00, 0x00, 0x00, 0x00, 0x00, 0x00,
  0x00, 0x00, 0x00, 0x00, 0x00, 0x00, 0x00, 0x00, 0x00, 0x00, 0x00, 0x00, 0x00, 0x00, 0x00, 0x00,
  0x00, 0x00, 0x00, 0x00, 0x00, 0x00, 0x00, 0x00, 0x00, 0x00, 0x00, 0x00, 0x00, 0x00, 0x00, 0x00,
  0x00, 0x00, 0x00, 0x00, 0x00, 0x00, 0x00, 0x00, 0x00, 0x00, 0x00, 0x00, 0x00, 0x00, 0x00, 0x00,
  0xFF, 0xDF, 0xFD, 0x85, 0xFB, 0x8B, 0xFE, 0xFF, 0xFF, 0xFF, 0xCF, 0xFF, 0xDC, 0xFF, 0xFE, 0xFE,
  0x00, 0xC1, 0x00, 0x80, 0x00, 0x01, 0x00, 0x03, 0x00, 0x97, 0x00, 0xB2, 0x00, 0xA6, 0x00, 0x8C,
  0xFD, 0xFF, 0xCD, 0xFF, 0x86, 0xFE, 0x0C, 0xFC, 0xF0, 0xF0, 0x80, 0x80, 0x40, 0xC0, 0x00, 0x00,
  0x00, 0xE6, 0x00, 0xFE, 0x20, 0x8C, 0x00, 0xF0, 0x00, 0x80, 0x00, 0x00, 0x00, 0x80, 0x00, 0x00,
  0x07, 0x07, 0x0F, 0x0F, 0x0F, 0x0F, 0x1F, 0x1F, 0x37, 0x3F, 0x3F, 0x3F, 0x1F, 0x1F, 0x0E, 0x0F,
  0x00, 0x03, 0x00, 0x07, 0x00, 0x02, 0x00, 0x08, 0x00, 0x1D, 0x00, 0x1F, 0x00, 0x0F, 0x00, 0x07,
  0xB8, 0xBC, 0x98, 0x9C, 0x98, 0x9C, 0x8C, 0x8E, 0x86, 0xC6, 0x00, 0x80, 0x00, 0x00, 0x00, 0x00,
  0x00, 0x1C, 0x00, 0x0C, 0x00, 0x0C, 0x00, 0x06, 0x00, 0xC0, 0x00, 0x80, 0x00, 0x00, 0x00, 0x00,
  0x00, 0x00, 0x00, 0x00, 0x00, 0x00, 0x00, 0x00, 0x00, 0x00, 0x00, 0x00, 0x00, 0x00, 0x00, 0x00,
  0x00, 0x00, 0x00, 0x00, 0x00, 0x00, 0x00, 0x00, 0x00, 0x00, 0x00, 0x00, 0x00, 0x00, 0x00, 0x00,
  0x00, 0x00, 0x00, 0x00, 0x00, 0x00, 0x00, 0x00, 0x00, 0x00, 0x00, 0x00, 0x00, 0x00, 0x00, 0x00,
  0x00, 0x00, 0x00, 0x00, 0x00, 0x00, 0x00, 0x00, 0x00, 0x00, 0x00, 0x00, 0x00, 0x00, 0x00, 0x00,
  0x00, 0x00, 0x00, 0x00, 0x00, 0x00, 0x00, 0x00, 0x00, 0x00, 0x00, 0x00, 0x00, 0x00, 0x00, 0x00,
  0x00, 0x00, 0x00, 0x00, 0x00, 0x00, 0x00, 0x00, 0x00, 0x00, 0x00, 0x00, 0x00, 0x00, 0x00, 0x00,
  0x00, 0x00, 0x00, 0x00, 0x00, 0x00, 0x00, 0x00, 0x00, 0x00, 0x00, 0x00, 0x00, 0x00, 0x00, 0x00,
  0x00, 0x00, 0x00, 0x00, 0x00, 0x00, 0x00, 0x00, 0x00, 0x00, 0x00, 0x00, 0x00, 0x00, 0x00, 0x00,
  0x78, 0x7E, 0xF6, 0xF9, 0x5F, 0xFF, 0x8C, 0xFC, 0x26, 0xFE, 0x45, 0xFD, 0xC7, 0xFE, 0x6F, 0x7F,
  0x3E, 0x3E, 0x09, 0xC7, 0x07, 0xF7, 0x43, 0x98, 0x01, 0xBC, 0x00, 0xCE, 0x01, 0x6C, 0x00, 0xFC,
  0x00, 0x00, 0x00, 0x00, 0x00, 0x80, 0x80, 0x80, 0x00, 0x00, 0x40, 0x40, 0xC0, 0xC0, 0xC0, 0xC0,
  0x00, 0x00, 0x00, 0x00, 0x80, 0x80, 0x80, 0x80, 0x80, 0x00, 0x80, 0x40, 0x00, 0x40, 0x80, 0xC0,
  0x20, 0x3F, 0x31, 0x3F, 0x5F, 0x7F, 0x6F, 0x7E, 0x7D, 0x7C, 0x3E, 0x38, 0x1F, 0x18, 0x0F, 0x0C,
  0x04, 0x31, 0x00, 0x1B, 0x00, 0x2E, 0x01, 0x35, 0x01, 0x33, 0x06, 0x05, 0x07, 0x06, 0x03, 0x03,
  0xFF, 0x9F, 0xFF, 0xCE, 0xFC, 0xFF, 0xFD, 0xFF, 0xFF, 0x7F, 0xFF, 0x2F, 0x77, 0x33, 0xF7, 0x57,
  0x61, 0x19, 0x36, 0xB7, 0x0F, 0x0F, 0x3F, 0x3F, 0x8F, 0x8F, 0xC2, 0xC2, 0x48, 0xC8, 0xA8, 0x29,
  0x00, 0x00, 0x01, 0x01, 0x03, 0x03, 0x06, 0x07, 0x07, 0x07, 0x0F, 0x09, 0x1E, 0x1C, 0x13, 0x1F,
  0x00, 0x00, 0x00, 0x00, 0x00, 0x01, 0x00, 0x03, 0x00, 0x05, 0x06, 0x04, 0x02, 0x0B, 0x00, 0x1A,
  0x78, 0x7E, 0xF6, 0xF9, 0x5F, 0xFF, 0x8C, 0xFC, 0x26, 0xFE, 0x45, 0xFD, 0xC7, 0xFE, 0x6F, 0x7F,
  0x3E, 0x3E, 0x09, 0xC7, 0x07, 0xF7, 0x43, 0x98, 0x01, 0xBC, 0x00, 0xCE, 0x01, 0x6C, 0x00, 0xFC,
  0x00, 0x00, 0x00, 0x00, 0x00, 0x00, 0x00, 0x00, 0x00, 0x00, 0x00, 0x00, 0x00, 0x00, 0x00, 0x00,
  0x00, 0x00, 0x00, 0x00, 0x00, 0x00, 0x00, 0x00, 0x00, 0x00, 0x00, 0x00, 0x00, 0x00, 0x00, 0x00,
  0x00, 0x00, 0x00, 0x00, 0x00, 0x00, 0x00, 0x00, 0x00, 0x00, 0x00, 0x00, 0x00, 0x00, 0x00, 0x00,
  0x00, 0x00, 0x00, 0x00, 0x00, 0x00, 0x00, 0x00, 0x00, 0x00, 0x00, 0x00, 0x00, 0x00, 0x00, 0x00,
  0x03, 0x03, 0x03, 0x02, 0x07, 0x07, 0x0F, 0x0F, 0x0B, 0x0F, 0x13, 0x1F, 0x1F, 0x1F, 0x3E, 0x3E,
  0x00, 0x01, 0x00, 0x02, 0x00, 0x00, 0x00, 0x0E, 0x00, 0x0F, 0x00, 0x1F, 0x00, 0x1E, 0x00, 0x1C,
  0xFF, 0x0F, 0xD8, 0x08, 0xA0, 0x00, 0xE0, 0xE0, 0xE0, 0xE0, 0xC1, 0xC1, 0x01, 0x01, 0x03, 0x03,
  0x00, 0x01, 0x20, 0x20, 0x40, 0x40, 0x00, 0x00, 0x00, 0x60, 0x00, 0x40, 0x00, 0x00, 0x00, 0x01,
  0x3E, 0x3C, 0x7F, 0x7F, 0xE3, 0xFF, 0xC1, 0xFF, 0xC1, 0xFF, 0xC0, 0xFF, 0xF2, 0xFF, 0xFF, 0x3F,
  0x01, 0x01, 0x00, 0x1E, 0x00, 0x3F, 0x00, 0x63, 0x08, 0x61, 0x00, 0x71, 0x00, 0xBF, 0x00, 0x0F,
  0x80, 0x80, 0x00, 0x00, 0x80, 0x80, 0x40, 0xC0, 0x10, 0xF0, 0x08, 0xF8, 0x0E, 0xFE, 0x1E, 0xFF,
  0x00, 0x00, 0x00, 0x00, 0x00, 0x80, 0x00, 0xC0, 0x00, 0xF0, 0x00, 0x38, 0x00, 0x1C, 0x00, 0xF9,
  0x00, 0x00, 0x00, 0x00, 0x00, 0x00, 0x00, 0x00, 0x00, 0x00, 0x01, 0x01, 0x01, 0x01, 0x03, 0x03,
  0x00, 0x00, 0x00, 0x00, 0x00, 0x00, 0x00, 0x00, 0x00, 0x00, 0x00, 0x00, 0x00, 0x00, 0x00, 0x01,
  0x00, 0x00, 0x00, 0x00, 0x00, 0x00, 0x01, 0x01, 0x03, 0x03, 0x03, 0x03, 0x01, 0x01, 0x00, 0x00,
  0x00, 0x00, 0x00, 0x00, 0x00, 0x00, 0x00, 0x01, 0x00, 0x01, 0x00, 0x00, 0x00, 0x00, 0x00, 0x00,
  0x60, 0x78, 0x7A, 0x7E, 0x3E, 0x3E, 0x00, 0x00, 0x00, 0x00, 0x00, 0x00, 0x00, 0x00, 0x00, 0x00,
  0x00, 0x38, 0x00, 0x3E, 0x00, 0x00, 0x00, 0x00, 0x00, 0x00, 0x00, 0x00, 0x00, 0x00, 0x00, 0x00,
  0x60, 0xE0, 0xC0, 0xE0, 0x90, 0xF0, 0xC8, 0xF8, 0x64, 0x7C, 0x3C, 0x3C, 0x00, 0x00, 0x00, 0x00,
  0x00, 0xC0, 0x00, 0xE0, 0x00, 0xC0, 0x00, 0x68, 0x00, 0x3C, 0x00, 0x00, 0x00, 0x00, 0x00, 0x00,
  0xFF, 0x9F, 0xFF, 0xCE, 0xFC, 0xFF, 0xFD, 0xFF, 0xFF, 0x7F, 0xFF, 0x2F, 0x77, 0x33, 0xF7, 0x57,
  0x61, 0x19, 0x36, 0xB7, 0x0F, 0x0F, 0x3F, 0x3F, 0x8F, 0x8F, 0xC2, 0xC2, 0x48, 0xC8, 0xA8, 0x29,
  0x8D, 0x8F, 0x15, 0x9F, 0x55, 0xDF, 0xDF, 0xFF, 0x9E, 0xFE, 0x98, 0xF8, 0x30, 0xF0, 0xE0, 0xE0,
  0x00, 0x0D, 0x80, 0x8D, 0x80, 0x8D, 0x00, 0x67, 0x00, 0x50, 0x00, 0xF0, 0x00, 0xE0, 0x00, 0xC0,
  0x07, 0x06, 0x03, 0x03, 0x01, 0x01, 0x00, 0x00, 0x00, 0x00, 0x00, 0x00, 0x00, 0x00, 0x00, 0x00,
  0x01, 0x01, 0x00, 0x00, 0x00, 0x00, 0x00, 0x00, 0x00, 0x00, 0x00, 0x00, 0x00, 0x00, 0x00, 0x00,
  0xD0, 0x90, 0xF0, 0x10, 0xE0, 0xA0, 0xC0, 0xC0, 0x00, 0x00, 0x00, 0x00, 0x00, 0x00, 0x00, 0x00,
  0x40, 0x20, 0xE0, 0xE0, 0x40, 0x40, 0x00, 0x00, 0x00, 0x00, 0x00, 0x00, 0x00, 0x00, 0x00, 0x00,
  0x20, 0x3F, 0x31, 0x3F, 0x5F, 0x7F, 0x6F, 0x7E, 0x7D, 0x7C, 0x3E, 0x38, 0x1F, 0x18, 0x0F, 0x0C,
  0x04, 0x31, 0x00, 0x1B, 0x00, 0x2E, 0x01, 0x35, 0x01, 0x33, 0x06, 0x05, 0x07, 0x06, 0x03, 0x03,
  0xFF, 0x9F, 0xFF, 0xCE, 0xFC, 0xFF, 0xFD, 0xFF, 0xFF, 0x7F, 0xFF, 0x2F, 0x77, 0x33, 0xF7, 0x57,
  0x61, 0x19, 0x36, 0xB7, 0x0F, 0x0F, 0x3F, 0x3F, 0x8F, 0x8F, 0xC2, 0xC2, 0x48, 0xC8, 0xA8, 0x29,
  0x00, 0x00, 0x00, 0x00, 0x00, 0x00, 0x00, 0x00, 0x00, 0x00, 0x00, 0x00, 0x00, 0x00, 0x00, 0x00,
  0x00, 0x00, 0x00, 0x00, 0x00, 0x00, 0x00, 0x00, 0x00, 0x00, 0x00, 0x00, 0x00, 0x00, 0x00, 0x00,
  0x00, 0x00, 0x00, 0x00, 0x00, 0x00, 0x00, 0x00, 0x00, 0x00, 0x00, 0x00, 0x00, 0x00, 0x00, 0x00,
  0x00, 0x00, 0x00, 0x00, 0x00, 0x00, 0x00, 0x00, 0x00, 0x00, 0x00, 0x00, 0x00, 0x00, 0x00, 0x00,
  0x7C, 0x7C, 0xF8, 0xF8, 0xF8, 0xF8, 0x60, 0xFC, 0xF0, 0xF8, 0x90, 0xF0, 0xC0, 0xF0, 0xF0, 0xF0,
  0x00, 0x38, 0x00, 0x20, 0x00, 0x80, 0x00, 0x9C, 0x00, 0xB8, 0x00, 0xF0, 0x00, 0x70, 0x00, 0x70,
  0x06, 0x07, 0x02, 0x03, 0x01, 0x01, 0x00, 0x00, 0x00, 0x00, 0x00, 0x00, 0x00, 0x00, 0x00, 0x00,
  0x00, 0x03, 0x00, 0x01, 0x00, 0x00, 0x00, 0x00, 0x00, 0x00, 0x00, 0x00, 0x00, 0x00, 0x00, 0x00,
  0xFF, 0x0F, 0xD8, 0x08, 0xA0, 0x00, 0xE0, 0xE0, 0xE0, 0xE0, 0xC1, 0xC1, 0x01, 0x01, 0x03, 0x03,
  0x00, 0x01, 0x20, 0x20, 0x40, 0x40, 0x00, 0x00, 0x00, 0x60, 0x00, 0x40, 0x00, 0x00, 0x00, 0x01,
  0xFE, 0xFF, 0xE3, 0xFF, 0x46, 0x7E, 0x8C, 0xFC, 0x98, 0xF8, 0xF0, 0xF0, 0xF8, 0xF8, 0x88, 0xF8,
  0x00, 0xE3, 0x00, 0x1E, 0x20, 0x4C, 0x00, 0x58, 0x00, 0xF0, 0x00, 0xC0, 0x00, 0x10, 0x00, 0xD0,
  0x00, 0x00, 0x00, 0x00, 0x00, 0x00, 0x00, 0x00, 0x00, 0x00, 0x00, 0x00, 0x00, 0x00, 0x00, 0x00,
  0x00, 0x00, 0x00, 0x00, 0x00, 0x00, 0x00, 0x00, 0x00, 0x00, 0x00, 0x00, 0x00, 0x00, 0x00, 0x00,
  0x00, 0x00, 0x00, 0x00, 0x00, 0x00, 0x00, 0x00, 0x00, 0x00, 0x00, 0x00, 0x00, 0x00, 0x00, 0x00,
  0x00, 0x00, 0x00, 0x00, 0x00, 0x00, 0x00, 0x00, 0x00, 0x00, 0x00, 0x00, 0x00, 0x00, 0x00, 0x00,
  0x00, 0x00, 0x00, 0x00, 0x00, 0x00, 0x00, 0x00, 0x00, 0x00, 0x00, 0x00, 0x00, 0x00, 0x00, 0x00,
  0x00, 0x00, 0x00, 0x00, 0x00, 0x00, 0x00, 0x00, 0x00, 0x00, 0x00, 0x00, 0x00, 0x00, 0x00, 0x00,
  0x00, 0x00, 0x00, 0x00, 0x00, 0x00, 0x00, 0x00, 0x00, 0x00, 0x00, 0x00, 0x00, 0x00, 0x00, 0x00,
  0x00, 0x00, 0x00, 0x00, 0x00, 0x00, 0x00, 0x00, 0x00, 0x00, 0x00, 0x00, 0x00, 0x00, 0x00, 0x00,
  0xF0, 0xFC, 0xEC, 0xF2, 0xBE, 0xFF, 0x19, 0xF9, 0x4C, 0xFC, 0x8A, 0xFA, 0x8F, 0xFD, 0xDF, 0xFF,
  0x7C, 0x7C, 0x12, 0x8E, 0x0F, 0xEF, 0x87, 0x31, 0x03, 0x78, 0x01, 0x9C, 0x02, 0xD8, 0x00, 0xF1,
  0x00, 0x00, 0x00, 0x00, 0x00, 0x00, 0x00, 0x00, 0x00, 0x00, 0x80, 0x80, 0x8D, 0x8F, 0x95, 0x9F,
  0x00, 0x00, 0x00, 0x00, 0x00, 0x00, 0x00, 0x00, 0x00, 0x00, 0x00, 0x80, 0x00, 0x8F, 0x00, 0x8D,
  0x00, 0x00, 0x03, 0x03, 0x06, 0x07, 0x0D, 0x0F, 0x1E, 0x17, 0x3A, 0x33, 0x7F, 0x7B, 0xC6, 0xFE,
  0x00, 0x00, 0x00, 0x01, 0x00, 0x07, 0x00, 0x0F, 0x08, 0x07, 0x08, 0x0F, 0x06, 0x35, 0x10, 0x6D,
  0xF0, 0xFC, 0xEC, 0xF2, 0xBE, 0xFF, 0x19, 0xF9, 0x4C, 0xFC, 0x8A, 0xFA, 0x8F, 0xFD, 0xDF, 0xFF,
  0x7C, 0x7C, 0x12, 0x8E, 0x0F, 0xEF, 0x87, 0x31, 0x03, 0x78, 0x01, 0x9C, 0x02, 0xD8, 0x00, 0xF1,
  0x3F, 0x31, 0x1F, 0x1B, 0x0C, 0x0C, 0x00, 0x00, 0x00, 0x00, 0x00, 0x00, 0x00, 0x00, 0x00, 0x00,
  0x0E, 0x0E, 0x04, 0x04, 0x00, 0x00, 0x00, 0x00, 0x00, 0x00, 0x00, 0x00, 0x00, 0x00, 0x00, 0x00,
  0x00, 0x00, 0x00, 0x00, 0x00, 0x00, 0x00, 0x00, 0x00, 0x00, 0x00, 0x00, 0x00, 0x00, 0x00, 0x00,
  0x00, 0x00, 0x00, 0x00, 0x00, 0x00, 0x00, 0x00, 0x00, 0x00, 0x00, 0x00, 0x00, 0x00, 0x00, 0x00,
  0x00, 0x00, 0x00, 0x00, 0x00, 0x00, 0x00, 0x00, 0x00, 0x00, 0x00, 0x00, 0x00, 0x00, 0x00, 0x00,
  0x00, 0x00, 0x00, 0x00, 0x00, 0x00, 0x00, 0x00, 0x00, 0x00, 0x00, 0x00, 0x00, 0x00, 0x00, 0x00,
  0x00, 0x00, 0x00, 0x00, 0x00, 0x00, 0x00, 0x00, 0x00, 0x00, 0x00, 0x00, 0x00, 0x00, 0x00, 0x00,
  0x00, 0x00, 0x00, 0x00, 0x00, 0x00, 0x00, 0x00, 0x00, 0x00, 0x00, 0x00, 0x00, 0x00, 0x00, 0x00,
  0xC1, 0xFF, 0xF1, 0xFF, 0xDF, 0x5F, 0x87, 0x87, 0x03, 0x03, 0x02, 0x03, 0x02, 0x03, 0x02, 0x03,
  0x00, 0x71, 0x00, 0x1B, 0x00, 0x06, 0x00, 0x00, 0x00, 0x01, 0x00, 0x03, 0x00, 0x02, 0x00, 0x02,
  0xC0, 0xC0, 0xE0, 0xE0, 0xC0, 0xE0, 0xE0, 0xE0, 0x60, 0xE0, 0x20, 0xE0, 0x20, 0xE0, 0x20, 0xE0,
  0x00, 0x40, 0x00, 0x60, 0x00, 0x60, 0x00, 0xE0, 0x00, 0xC0, 0x00, 0x60, 0x80, 0x20, 0x00, 0x20,
  0x01, 0x01, 0x03, 0x03, 0x03, 0x03, 0x06, 0x07, 0x04, 0x07, 0x04, 0x07, 0x0E, 0x0F, 0x0F, 0x0F,
  0x00, 0x00, 0x00, 0x00, 0x00, 0x01, 0x00, 0x03, 0x00, 0x02, 0x00, 0x02, 0x00, 0x03, 0x00, 0x05,
  0xCC, 0x04, 0xF8, 0xE8, 0xF8, 0xF8, 0x18, 0xF8, 0x0C, 0xFC, 0x0E, 0xFE, 0x03, 0xFF, 0x21, 0xFF,
  0x30, 0x30, 0x00, 0x00, 0x00, 0xC0, 0x00, 0x30, 0x80, 0x18, 0x00, 0x1C, 0x00, 0x36, 0x00, 0xE3,
  0x00, 0x00, 0x00, 0x00, 0x00, 0x00, 0x00, 0x00, 0x00, 0x00, 0x00, 0x00, 0x20, 0xE0, 0xE0, 0xE0,
  0x00, 0x00, 0x00, 0x00, 0x00, 0x00, 0x00, 0x00, 0x00, 0x00, 0x00, 0x00, 0x00, 0xC0, 0x00, 0x00,
  0x27, 0x7F, 0x3F, 0x7F, 0x78, 0x78, 0x00, 0x00, 0x00, 0x00, 0x00, 0x00, 0x00, 0x00, 0x00, 0x00,
  0x00, 0x77, 0x00, 0x78, 0x00, 0x00, 0x00, 0x00, 0x00, 0x00, 0x00, 0x00, 0x00, 0x00, 0x00, 0x00,
  0xE2, 0xFE, 0xF0, 0xF8, 0xC0, 0xE0, 0x80, 0xE0, 0x80, 0xC0, 0xC0, 0xC0, 0xC0, 0xC0, 0x00, 0x00,
  0x00, 0x7E, 0x00, 0x78, 0x00, 0x60, 0x00, 0x60, 0x00, 0x40, 0x00, 0x40, 0x00, 0x00, 0x00, 0x00,
  0x00, 0x00, 0x00, 0x00, 0x00, 0x00, 0x03, 0x03, 0xFF, 0xFF, 0xFC, 0xFF, 0xFF, 0xFF, 0xFF, 0xFF,
  0x00, 0x00, 0x00, 0x00, 0x00, 0x00, 0x00, 0x01, 0x00, 0x03, 0x00, 0x6F, 0x00, 0x6F, 0x00, 0x40,
  0xFF, 0x3F, 0xFE, 0xFD, 0xF8, 0xFF, 0xFB, 0xFF, 0xFF, 0xFF, 0xFF, 0x1F, 0xFF, 0x87, 0xCF, 0x8F,
  0xC2, 0x62, 0x0D, 0x0F, 0x1F, 0x1F, 0x7F, 0x7F, 0x1E, 0x1E, 0x04, 0x04, 0x00, 0x01, 0x30, 0x31,
  0x95, 0x9F, 0xBF, 0xBF, 0xEE, 0xFE, 0xCC, 0xFC, 0x98, 0xF8, 0x98, 0xF8, 0x70, 0xF0, 0xE0, 0xE0,
  0x00, 0x0F, 0x00, 0x17, 0x00, 0x38, 0x00, 0xE8, 0x00, 0xD0, 0x00, 0xF0, 0x00, 0xE0, 0x00, 0x80,
  0x83, 0xFF, 0xC7, 0xFF, 0x7F, 0xFF, 0xEF, 0xE7, 0xEF, 0x83, 0xF7, 0x83, 0xFF, 0xC4, 0x7D, 0x69,
  0x00, 0xE4, 0x00, 0x5F, 0x00, 0xB2, 0x08, 0x98, 0x6C, 0x5C, 0x74, 0x6C, 0x3B, 0x33, 0x14, 0x12,
  0xFF, 0x3F, 0xFE, 0xFD, 0xF8, 0xFF, 0xFB, 0xFF, 0xFF, 0xFF, 0xFF, 0x1F, 0xFF, 0x87, 0xCF, 0x8F,
  0xC2, 0x62, 0x0D, 0x0F, 0x1F, 0x1F, 0x7F, 0x7F, 0x1E, 0x1E, 0x04, 0x04, 0x00, 0x01, 0x30, 0x31,
  0x00, 0x00, 0x00, 0x00, 0x00, 0x00, 0x00, 0x00, 0x00, 0x00, 0x00, 0x00, 0x00, 0x00, 0x00, 0x00,
  0x00, 0x00, 0x00, 0x00, 0x00, 0x00, 0x00, 0x00, 0x00, 0x00, 0x00, 0x00, 0x00, 0x00, 0x00, 0x00,
  0x00, 0x00, 0x00, 0x00, 0x00, 0x00, 0x00, 0x00, 0x00, 0x00, 0x00, 0x00, 0x00, 0x00, 0x00, 0x00,
  0x00, 0x00, 0x00, 0x00, 0x00, 0x00, 0x00, 0x00, 0x00, 0x00, 0x00, 0x00, 0x00, 0x00, 0x00, 0x00,
  0x00, 0x00, 0x00, 0x00, 0x00, 0x00, 0x00, 0x00, 0x00, 0x00, 0x00, 0x00, 0x00, 0x00, 0x00, 0x00,
  0x00, 0x00, 0x00, 0x00, 0x00, 0x00, 0x00, 0x00, 0x00, 0x00, 0x00, 0x00, 0x00, 0x00, 0x00, 0x00,
  0x00, 0x00, 0x00, 0x00, 0x00, 0x00, 0x00, 0x00, 0x00, 0x00, 0x00, 0x00, 0x00, 0x00, 0x00, 0x00,
  0x00, 0x00, 0x00, 0x00, 0x00, 0x00, 0x00, 0x00, 0x00, 0x00, 0x00, 0x00, 0x00, 0x00, 0x00, 0x00,
  0x02, 0x03, 0x01, 0x01, 0x01, 0x01, 0x00, 0x00, 0x00, 0x00, 0x00, 0x00, 0x00, 0x00, 0x00, 0x00,
  0x00, 0x01, 0x00, 0x01, 0x00, 0x00, 0x00, 0x00, 0x00, 0x00, 0x00, 0x00, 0x00, 0x00, 0x00, 0x00,
  0x20, 0xE0, 0x10, 0xF0, 0x10, 0xF0, 0x90, 0xF0, 0xD8, 0xFC, 0x78, 0x7C, 0x72, 0x7E, 0x74, 0x7F,
  0x00, 0x20, 0x00, 0xA0, 0x00, 0xF0, 0x00, 0xF0, 0x00, 0x74, 0x00, 0x70, 0x00, 0x2E, 0x00, 0x0E,
  0x1B, 0x1D, 0x3F, 0x38, 0xFE, 0xF0, 0xFD, 0xF8, 0x3F, 0xFD, 0xFE, 0xFE, 0xFC, 0xFC, 0xF6, 0xFE,
  0x00, 0x0C, 0x00, 0x18, 0x01, 0x01, 0x02, 0xE2, 0x00, 0xF0, 0x00, 0xF0, 0x00, 0xF8, 0x00, 0x1C,
  0xC1, 0xFF, 0xF1, 0xFF, 0xDF, 0x5F, 0x87, 0x87, 0x03, 0x03, 0x02, 0x03, 0x02, 0x03, 0x02, 0x03,
  0x00, 0x71, 0x00, 0x1B, 0x00, 0x06, 0x00, 0x00, 0x00, 0x01, 0x00, 0x03, 0x00, 0x02, 0x00, 0x02,
  0x00, 0x00, 0x00, 0x00, 0x00, 0x00, 0x00, 0x00, 0x00, 0x00, 0x00, 0x00, 0x00, 0x00, 0x00, 0x00,
  0x00, 0x00, 0x00, 0x00, 0x00, 0x00, 0x00, 0x00, 0x00, 0x00, 0x00, 0x00, 0x00, 0x00, 0x00, 0x00,
  0x00, 0x00, 0x00, 0x00, 0x00, 0x00, 0x00, 0x00, 0x00, 0x00, 0x00, 0x00, 0x00, 0x00, 0x00, 0x00,
  0x00, 0x00, 0x00, 0x00, 0x00, 0x00, 0x00, 0x00, 0x00, 0x00, 0x00, 0x00, 0x00, 0x00, 0x00, 0x00,
  0x00, 0x00, 0x00, 0x00, 0x00, 0x00, 0x00, 0x00, 0x00, 0x00, 0x00, 0x00, 0x00, 0x00, 0x00, 0x00,
  0x00, 0x00, 0x00, 0x00, 0x00, 0x00, 0x00, 0x00, 0x00, 0x00, 0x00, 0x00, 0x00, 0x00, 0x00, 0x00,
  0x00, 0x00, 0x00, 0x00, 0x00, 0x00, 0x00, 0x00, 0x00, 0x00, 0x00, 0x00, 0x00, 0x00, 0x00, 0x00,
  0x00, 0x00, 0x00, 0x00, 0x00, 0x00, 0x00, 0x00, 0x00, 0x00, 0x00, 0x00, 0x00, 0x00, 0x00, 0x00,
  0xFE, 0xFF, 0xFB, 0x89, 0xFF, 0xF8, 0xFF, 0xFF, 0xC7, 0xFF, 0x87, 0xFF, 0x87, 0xFF, 0x87, 0xFF,
  0x00, 0x1F, 0x7A, 0x65, 0x07, 0x04, 0x00, 0x78, 0x00, 0xFE, 0x20, 0xC4, 0x00, 0xCC, 0x00, 0xC8,
  0x7C, 0xFC, 0xF4, 0xFC, 0xF0, 0xFC, 0xF8, 0xFC, 0xFC, 0xFC, 0xFF, 0x9F, 0xDD, 0x0F, 0xDC, 0x8F,
  0x14, 0xD4, 0x18, 0xD8, 0x1C, 0x9C, 0x1C, 0x1C, 0x08, 0x08, 0x00, 0x02, 0x20, 0x23, 0x20, 0x25,
  0x00, 0x00, 0x01, 0x01, 0x06, 0x07, 0x1F, 0x1F, 0x3F, 0x3F, 0x60, 0x7F, 0x52, 0x7F, 0x54, 0x7F,
  0x00, 0x00, 0x01, 0x01, 0x07, 0x07, 0x00, 0x00, 0x00, 0x1F, 0x00, 0x2B, 0x08, 0x76, 0x00, 0x7C,
  0x00, 0x00, 0xC0, 0xF0, 0xA0, 0xD8, 0x98, 0xFC, 0xD4, 0xF4, 0xF0, 0xF0, 0x68, 0xE8, 0x7E, 0xF6,
  0x00, 0x00, 0xF0, 0xF0, 0xD8, 0xB8, 0xFC, 0xFC, 0x7C, 0x74, 0x2C, 0xA0, 0x04, 0xD0, 0x08, 0xC2,
  0x00, 0x00, 0x00, 0x00, 0x00, 0x00, 0x00, 0x00, 0x00, 0x00, 0x00, 0x00, 0x00, 0x00, 0x00, 0x00,
  0x00, 0x00, 0x00, 0x00, 0x00, 0x00, 0x00, 0x00, 0x00, 0x00, 0x00, 0x00, 0x00, 0x00, 0x00, 0x00,
  0x00, 0x00, 0x00, 0x00, 0x00, 0x00, 0x00, 0x00, 0x00, 0x00, 0x00, 0x00, 0x00, 0x00, 0x00, 0x00,
  0x00, 0x00, 0x00, 0x00, 0x00, 0x00, 0x00, 0x00, 0x00, 0x00, 0x00, 0x00, 0x00, 0x00, 0x00, 0x00,
  0x00, 0x00, 0x00, 0x00, 0x00, 0x00, 0x00, 0x00, 0x00, 0x00, 0x00, 0x00, 0x00, 0x00, 0x00, 0x00,
  0x00, 0x00, 0x00, 0x00, 0x00, 0x00, 0x00, 0x00, 0x00, 0x00, 0x00, 0x00, 0x00, 0x00, 0x00, 0x00,
  0x00, 0x00, 0x00, 0x00, 0x00, 0x00, 0x00, 0x00, 0x00, 0x00, 0x00, 0x00, 0x00, 0x00, 0x00, 0x00,
  0x00, 0x00, 0x00, 0x00, 0x00, 0x00, 0x00, 0x00, 0x00, 0x00, 0x00, 0x00, 0x00, 0x00, 0x00, 0x00,
  0x00, 0x00, 0x00, 0x00, 0x00, 0x00, 0x04, 0x04, 0x0E, 0x0E, 0x1A, 0x1E, 0x3E, 0x3E, 0x7F, 0x7F,
  0x00, 0x00, 0x00, 0x00, 0x00, 0x00, 0x00, 0x00, 0x00, 0x04, 0x00, 0x0E, 0x00, 0x0C, 0x00, 0x19,
  0x03, 0x03, 0x07, 0x07, 0x0C, 0x0F, 0x08, 0x0F, 0x08, 0x0F, 0x08, 0x0F, 0x1C, 0x1F, 0x1E, 0x1F,
  0x00, 0x00, 0x00, 0x01, 0x00, 0x07, 0x00, 0x0C, 0x01, 0x0C, 0x00, 0x04, 0x00, 0x06, 0x00, 0x03,
  0x11, 0x1F, 0x08, 0x0F, 0x0C, 0x0F, 0x06, 0x07, 0x07, 0x07, 0x03, 0x03, 0x03, 0x03, 0x02, 0x03,
  0x00, 0x09, 0x00, 0x0D, 0x00, 0x07, 0x00, 0x07, 0x00, 0x03, 0x00, 0x03, 0x00, 0x00, 0x00, 0x01,
  0x00, 0x00, 0x00, 0x00, 0x80, 0x80, 0xA0, 0xA0, 0xC0, 0xE0, 0xC0, 0xE0, 0xD0, 0xF0, 0x81, 0xFF,
  0x00, 0x00, 0x00, 0x00, 0x00, 0x00, 0x00, 0x00, 0x00, 0xA0, 0x00, 0x80, 0x00, 0x30, 0x00, 0xE7,
  0x03, 0x03, 0x07, 0x07, 0x0C, 0x0F, 0x08, 0x0F, 0x08, 0x0F, 0x08, 0x0F, 0x1C, 0x1F, 0x1E, 0x1F,
  0x00, 0x00, 0x00, 0x01, 0x00, 0x07, 0x00, 0x0C, 0x01, 0x0C, 0x00, 0x04, 0x00, 0x06, 0x00, 0x03,
  0xD8, 0x08, 0xF0, 0xD0, 0x70, 0xF0, 0x30, 0xF0, 0x30, 0xF0, 0x10, 0xF0, 0x28, 0xF8, 0x44, 0xFC,
  0x20, 0x20, 0x00, 0x00, 0x00, 0xC0, 0x00, 0x60, 0x00, 0x30, 0x00, 0x30, 0x00, 0x78, 0x00, 0xCC,
  0x38, 0x38, 0x00, 0x00, 0x00, 0x00, 0x00, 0x00, 0x00, 0x00, 0x00, 0x00, 0x00, 0x00, 0x00, 0x00,
  0x00, 0x18, 0x00, 0x00, 0x00, 0x00, 0x00, 0x00, 0x00, 0x00, 0x00, 0x00, 0x00, 0x00, 0x00, 0x00,
  0x00, 0x00, 0x00, 0x00, 0x00, 0x00, 0x00, 0x00, 0x00, 0x00, 0x00, 0x00, 0x00, 0x00, 0x00, 0x00,
  0x00, 0x00, 0x00, 0x00, 0x00, 0x00, 0x00, 0x00, 0x00, 0x00, 0x00, 0x00, 0x00, 0x00, 0x00, 0x00,
  0xCF, 0xFF, 0xFF, 0xFD, 0xBF, 0xF8, 0x7D, 0x70, 0x3E, 0x30, 0x0F, 0x08, 0x07, 0x06, 0x01, 0x01,
  0x00, 0x78, 0x02, 0x02, 0x07, 0xE5, 0x0D, 0x6A, 0x0E, 0x0D, 0x07, 0x06, 0x01, 0x01, 0x00, 0x00,
  0xFF, 0x8F, 0xFE, 0xFE, 0xE0, 0x60, 0xF0, 0x30, 0x78, 0x48, 0xBC, 0x94, 0xEC, 0x24, 0xF8, 0x88,
  0x00, 0x06, 0x00, 0x00, 0x80, 0x80, 0xC0, 0x40, 0x30, 0xB0, 0x28, 0x48, 0xC8, 0x98, 0x70, 0x60,
  0xFE, 0xFF, 0xFB, 0x89, 0xFF, 0xF8, 0xFF, 0xFF, 0xC7, 0xFF, 0x87, 0xFF, 0x87, 0xFF, 0x87, 0xFF,
  0x00, 0x1F, 0x7A, 0x65, 0x07, 0x04, 0x00, 0x78, 0x00, 0xFE, 0x20, 0xC4, 0x00, 0xCC, 0x00, 0xC8,
  0x7C, 0xFC, 0xF4, 0xFC, 0xF0, 0xFC, 0xF8, 0xFC, 0xFC, 0xFC, 0xFF, 0x9F, 0xDD, 0x0F, 0xDC, 0x8F,
  0x14, 0xD4, 0x18, 0xD8, 0x1C, 0x9C, 0x1C, 0x1C, 0x08, 0x08, 0x00, 0x02, 0x20, 0x23, 0x20, 0x25,
  0x00, 0x00, 0x00, 0x00, 0x00, 0x00, 0x00, 0x00, 0x00, 0x00, 0x00, 0x00, 0x00, 0x00, 0x00, 0x00,
  0x00, 0x00, 0x00, 0x00, 0x00, 0x00, 0x00, 0x00, 0x00, 0x00, 0x00, 0x00, 0x00, 0x00, 0x00, 0x00,
  0x00, 0x00, 0x00, 0x00, 0x00, 0x00, 0x00, 0x00, 0x00, 0x00, 0x00, 0x00, 0x00, 0x00, 0x00, 0x00,
  0x00, 0x00, 0x00, 0x00, 0x00, 0x00, 0x00, 0x00, 0x00, 0x00, 0x00, 0x00, 0x00, 0x00, 0x00, 0x00,
  0x00, 0x00, 0x00, 0x00, 0x00, 0x00, 0x00, 0x00, 0x00, 0x00, 0x00, 0x00, 0x00, 0x00, 0x00, 0x00,
  0x00, 0x00, 0x00, 0x00, 0x00, 0x00, 0x00, 0x00, 0x00, 0x00, 0x00, 0x00, 0x00, 0x00, 0x00, 0x00,
  0x00, 0x00, 0x00, 0x00, 0x00, 0x00, 0x00, 0x00, 0x00, 0x00, 0x00, 0x00, 0x00, 0x00, 0x00, 0x00,
  0x00, 0x00, 0x00, 0x00, 0x00, 0x00, 0x00, 0x00, 0x00, 0x00, 0x00, 0x00, 0x00, 0x00, 0x00, 0x00,
  0xF7, 0xFF, 0xD7, 0xFF, 0x8F, 0xCF, 0xC7, 0xC7, 0xC1, 0xC1, 0x00, 0x00, 0x00, 0x00, 0x00, 0x00,
  0x00, 0x3B, 0x00, 0x7B, 0x00, 0x4D, 0x00, 0x45, 0x00, 0x00, 0x00, 0x00, 0x00, 0x00, 0x00, 0x00,
  0xBF, 0xB7, 0xFF, 0xE3, 0xBD, 0xF0, 0xFA, 0xF0, 0xDC, 0xF8, 0xFC, 0xFC, 0x78, 0x78, 0x78, 0x78,
  0x00, 0x91, 0x00, 0xC0, 0x02, 0xE2, 0x04, 0xE4, 0x00, 0xE0, 0x00, 0xF0, 0x00, 0x70, 0x00, 0x60,
  0x02, 0x03, 0x03, 0x03, 0x03, 0x03, 0x00, 0x00, 0x00, 0x00, 0x00, 0x00, 0x00, 0x00, 0x00, 0x00,
  0x00, 0x01, 0x00, 0x01, 0x00, 0x00, 0x00, 0x00, 0x00, 0x00, 0x00, 0x00, 0x00, 0x00, 0x00, 0x00,
  0x7F, 0xFF, 0xF8, 0xF8, 0xC0, 0xC0, 0x00, 0x00, 0x00, 0x00, 0x00, 0x00, 0x00, 0x00, 0x00, 0x00,
  0x00, 0xF8, 0x00, 0x80, 0x00, 0x00, 0x00, 0x00, 0x00, 0x00, 0x00, 0x00, 0x00, 0x00, 0x00, 0x00,
  0xBF, 0xB7, 0xFF, 0xE3, 0xBD, 0xF0, 0xFA, 0xF0, 0xDC, 0xF8, 0xFC, 0xFC, 0x78, 0x78, 0x78, 0x78,
  0x00, 0x91, 0x00, 0xC0, 0x02, 0xE2, 0x04, 0xE4, 0x00, 0xE0, 0x00, 0xF0, 0x00, 0x70, 0x00, 0x60,
  0x83, 0xFF, 0xC2, 0xFF, 0x66, 0x7F, 0x3F, 0x3F, 0x1F, 0x1F, 0x19, 0x1F, 0x11, 0x1F, 0x11, 0x1F,
  0x00, 0xC6, 0x00, 0x6F, 0x00, 0x3D, 0x00, 0x09, 0x00, 0x06, 0x00, 0x0F, 0x00, 0x1B, 0x04, 0x19,
  0x00, 0x00, 0x00, 0x00, 0x00, 0x00, 0x00, 0x00, 0x00, 0x00, 0x00, 0x00, 0x00, 0x00, 0x00, 0x00,
  0x00, 0x00, 0x00, 0x00, 0x00, 0x00, 0x00, 0x00, 0x00, 0x00, 0x00, 0x00, 0x00, 0x00, 0x00, 0x00,
  0x00, 0x00, 0x00, 0x00, 0x00, 0x00, 0x00, 0x00, 0x00, 0x00, 0x00, 0x00, 0x00, 0x00, 0x00, 0x00,
  0x00, 0x00, 0x00, 0x00, 0x00, 0x00, 0x00, 0x00, 0x00, 0x00, 0x00, 0x00, 0x00, 0x00, 0x00, 0x00,
  0x0F, 0x0F, 0x0B, 0x0F, 0x03, 0x0F, 0x07, 0x0F, 0x07, 0x0F, 0x0F, 0x0E, 0x0F, 0x0C, 0x3F, 0x3F,
  0x08, 0x09, 0x04, 0x05, 0x0E, 0x0E, 0x0E, 0x0E, 0x0E, 0x0E, 0x04, 0x04, 0x00, 0x00, 0x00, 0x30,
  0x57, 0xFF, 0xFF, 0xFF, 0xD7, 0x11, 0xFF, 0xFF, 0xC7, 0xFF, 0xC3, 0xFE, 0xC3, 0xFF, 0xE2, 0xFE,
  0x00, 0xFE, 0x00, 0xE0, 0xD6, 0xAA, 0x00, 0x00, 0x00, 0x6E, 0x09, 0x06, 0x00, 0x26, 0x00, 0xBE,
  0x00, 0x00, 0x00, 0x03, 0x01, 0x06, 0x06, 0x0F, 0x0B, 0x0B, 0x03, 0x03, 0x05, 0x05, 0x0F, 0x0B,
  0x00, 0x00, 0x03, 0x03, 0x06, 0x07, 0x0F, 0x0F, 0x0F, 0x0B, 0x0D, 0x01, 0x08, 0x02, 0x04, 0x01,
  0x00, 0x00, 0xE0, 0xE0, 0x58, 0xF8, 0xFC, 0xFC, 0xFE, 0xFE, 0x86, 0xFE, 0x03, 0xFF, 0x53, 0xFF,
  0x00, 0x00, 0xE0, 0xE0, 0xF8, 0x78, 0x8C, 0x8C, 0x00, 0x78, 0x20, 0xD4, 0x00, 0xD6, 0x00, 0xD6,
  0x00, 0x00, 0x00, 0x00, 0x00, 0x00, 0x00, 0x00, 0x00, 0x00, 0x00, 0x00, 0x00, 0x00, 0x00, 0x00,
  0x00, 0x00, 0x00, 0x00, 0x00, 0x00, 0x00, 0x00, 0x00, 0x00, 0x00, 0x00, 0x00, 0x00, 0x00, 0x00,
  0x00, 0x00, 0x00, 0x00, 0x00, 0x00, 0x00, 0x00, 0x00, 0x00, 0x00, 0x00, 0x00, 0x00, 0x00, 0x00,
  0x00, 0x00, 0x00, 0x00, 0x00, 0x00, 0x00, 0x00, 0x00, 0x00, 0x00, 0x00, 0x00, 0x00, 0x00, 0x00,
  0x00, 0x00, 0x00, 0x00, 0x00, 0x00, 0x00, 0x00, 0x00, 0x00, 0x00, 0x00, 0x00, 0x00, 0x00, 0x00,
  0x00, 0x00, 0x00, 0x00, 0x00, 0x00, 0x00, 0x00, 0x00, 0x00, 0x00, 0x00, 0x00, 0x00, 0x00, 0x00,
  0x00, 0x00, 0x00, 0x00, 0x00, 0x00, 0x00, 0x00, 0x00, 0x00, 0x00, 0x00, 0x00, 0x00, 0x00, 0x00,
  0x00, 0x00, 0x00, 0x00, 0x00, 0x00, 0x00, 0x00, 0x00, 0x00, 0x00, 0x00, 0x00, 0x00, 0x00, 0x00,
  0x82, 0xC3, 0xC2, 0xC3, 0x07, 0x07, 0x0F, 0x0F, 0x1F, 0x1F, 0x37, 0x3F, 0x36, 0x3F, 0x1F, 0x1F,
  0x00, 0x40, 0x00, 0x03, 0x00, 0x03, 0x00, 0x03, 0x00, 0x08, 0x00, 0x1C, 0x00, 0x1E, 0x00, 0x0F,
  0x20, 0xE0, 0x40, 0xC0, 0x80, 0x80, 0x80, 0x80, 0xC0, 0xC0, 0x40, 0xC0, 0x80, 0x80, 0x80, 0x80,
  0x00, 0x60, 0x00, 0xC0, 0x00, 0x00, 0x00, 0x00, 0x00, 0x00, 0x00, 0x80, 0x00, 0x80, 0x00, 0x00,
  0x07, 0x07, 0x0F, 0x0F, 0x1C, 0x1F, 0x18, 0x1F, 0x18, 0x1F, 0x08, 0x0F, 0x0C, 0x0F, 0x06, 0x07,
  0x00, 0x00, 0x00, 0x07, 0x00, 0x0F, 0x00, 0x0C, 0x01, 0x08, 0x00, 0x04, 0x00, 0x06, 0x00, 0x03,
  0xF0, 0xD0, 0xE0, 0xE0, 0xE0, 0xE0, 0x70, 0xF0, 0x30, 0xF0, 0x30, 0xF0, 0x18, 0xF8, 0x18, 0xF8,
  0x00, 0x00, 0x00, 0x80, 0x00, 0xC0, 0x00, 0xC0, 0x00, 0x60, 0x00, 0x60, 0x00, 0xF0, 0x00, 0xB0,
  0x00, 0x00, 0x00, 0x00, 0x00, 0x00, 0x00, 0x00, 0x00, 0x00, 0x00, 0x00, 0x00, 0x00, 0x00, 0x00,
  0x00, 0x00, 0x00, 0x00, 0x00, 0x00, 0x00, 0x00, 0x00, 0x00, 0x00, 0x00, 0x00, 0x00, 0x00, 0x00,
  0x00, 0x00, 0x00, 0x00, 0x00, 0x00, 0x00, 0x00, 0x00, 0x00, 0x00, 0x00, 0x00, 0x00, 0x00, 0x00,
  0x00, 0x00, 0x00, 0x00, 0x00, 0x00, 0x00, 0x00, 0x00, 0x00, 0x00, 0x00, 0x00, 0x00, 0x00, 0x00,
  0x00, 0x00, 0x00, 0x00, 0x00, 0x00, 0x00, 0x00, 0x00, 0x00, 0x00, 0x00, 0x00, 0x00, 0x00, 0x00,
  0x00, 0x00, 0x00, 0x00, 0x00, 0x00, 0x00, 0x00, 0x00, 0x00, 0x00, 0x00, 0x00, 0x00, 0x00, 0x00,
  0x00, 0x00, 0x00, 0x00, 0x00, 0x00, 0x00, 0x00, 0x00, 0x00, 0x00, 0x00, 0x00, 0x00, 0x00, 0x00,
  0x00, 0x00, 0x00, 0x00, 0x00, 0x00, 0x00, 0x00, 0x00, 0x00, 0x00, 0x00, 0x00, 0x00, 0x00, 0x00,
  0x4B, 0x7F, 0x48, 0x7F, 0x3C, 0x3F, 0x1F, 0x1F, 0x03, 0x03, 0x00, 0x00, 0x00, 0x00, 0x00, 0x00,
  0x00, 0x57, 0x01, 0x70, 0x00, 0x37, 0x00, 0x03, 0x00, 0x00, 0x00, 0x00, 0x00, 0x00, 0x00, 0x00,
  0xFE, 0xFE, 0x7E, 0xFE, 0x3A, 0xFE, 0xFC, 0xFC, 0xF0, 0xF0, 0x00, 0x00, 0x00, 0x00, 0x00, 0x00,
  0x00, 0xBC, 0x00, 0xD0, 0x00, 0xCC, 0x00, 0xEC, 0x00, 0x00, 0x00, 0x00, 0x00, 0x00, 0x00, 0x00,
  0x0F, 0x0F, 0x0B, 0x0F, 0x03, 0x0F, 0x07, 0x0F, 0x07, 0x0F, 0x0F, 0x0E, 0x0F, 0x0C, 0x3F, 0x3F,
  0x08, 0x09, 0x04, 0x05, 0x0E, 0x0E, 0x0E, 0x0E, 0x0E, 0x0E, 0x04, 0x04, 0x00, 0x00, 0x00, 0x30,
  0x57, 0xFF, 0xFF, 0xFF, 0xD7, 0x11, 0xFF, 0xFF, 0xC7, 0xFF, 0xC3, 0xFE, 0xC3, 0xFF, 0xE2, 0xFE,
  0x00, 0xFE, 0x00, 0xE0, 0xD6, 0xAA, 0x00, 0x00, 0x00, 0x6E, 0x09, 0x06, 0x00, 0x26, 0x00, 0xBE,
  0x00, 0x00, 0x00, 0x00, 0x00, 0x00, 0x00, 0x00, 0x00, 0x00, 0x00, 0x00, 0x00, 0x00, 0x00, 0x00,
  0x00, 0x00, 0x00, 0x00, 0x00, 0x00, 0x00, 0x00, 0x00, 0x00, 0x00, 0x00, 0x00, 0x00, 0x00, 0x00,
  0x00, 0x00, 0x00, 0x00, 0x00, 0x00, 0x00, 0x00, 0x00, 0x00, 0x00, 0x00, 0x00, 0x00, 0x00, 0x00,
  0x00, 0x00, 0x00, 0x00, 0x00, 0x00, 0x00, 0x00, 0x00, 0x00, 0x00, 0x00, 0x00, 0x00, 0x00, 0x00,
  0x00, 0x00, 0x00, 0x00, 0x00, 0x00, 0x00, 0x00, 0x00, 0x00, 0x00, 0x00, 0x00, 0x00, 0x00, 0x00,
  0x00, 0x00, 0x00, 0x00, 0x00, 0x00, 0x00, 0x00, 0x00, 0x00, 0x00, 0x00, 0x00, 0x00, 0x00, 0x00,
  0x00, 0x00, 0x00, 0x00, 0x00, 0x00, 0x00, 0x00, 0x00, 0x00, 0x00, 0x00, 0x00, 0x00, 0x00, 0x00,
  0x00, 0x00, 0x00, 0x00, 0x00, 0x00, 0x00, 0x00, 0x00, 0x00, 0x00, 0x00, 0x00, 0x00, 0x00, 0x00,
  0x0C, 0x0F, 0x06, 0x07, 0x03, 0x03, 0x00, 0x00, 0x00, 0x00, 0x00, 0x00, 0x00, 0x00, 0x00, 0x00,
  0x00, 0x07, 0x00, 0x03, 0x00, 0x00, 0x00, 0x00, 0x00, 0x00, 0x00, 0x00, 0x00, 0x00, 0x00, 0x00,
  0x80, 0x80, 0x20, 0xE0, 0xE0, 0xE0, 0x00, 0x00, 0x00, 0x00, 0x00, 0x00, 0x00, 0x00, 0x00, 0x00,
  0x00, 0x80, 0x00, 0x60, 0x00, 0x00, 0x00, 0x00, 0x00, 0x00, 0x00, 0x00, 0x00, 0x00, 0x00, 0x00,
  0x73, 0x73, 0x7F, 0x7F, 0x7F, 0x7F, 0x7F, 0x7F, 0xEF, 0xFF, 0xD9, 0xFD, 0xF1, 0xF1, 0xE0, 0xE1,
  0x00, 0x31, 0x00, 0x31, 0x00, 0x2E, 0x00, 0x26, 0x00, 0x71, 0x00, 0x7C, 0x00, 0x41, 0x00, 0x61,
  0x08, 0xF8, 0x08, 0xF8, 0x9E, 0xFE, 0xFC, 0xFE, 0xFC, 0xFE, 0x9E, 0xFE, 0x06, 0xFE, 0x08, 0xF8,
  0x00, 0x18, 0x00, 0x98, 0x00, 0xF8, 0x00, 0x72, 0x00, 0x46, 0x00, 0xFE, 0x00, 0x3C, 0x80, 0x18,
  0x00, 0x00, 0x00, 0x00, 0x00, 0x00, 0x00, 0x00, 0x00, 0x00, 0x00, 0x00, 0x00, 0x00, 0x00, 0x00,
  0x00, 0x00, 0x00, 0x00, 0x00, 0x00, 0x00, 0x00, 0x00, 0x00, 0x00, 0x00, 0x00, 0x00, 0x00, 0x00,
  0x00, 0x00, 0x00, 0x00, 0x00, 0x00, 0x00, 0x00, 0x00, 0x00, 0x00, 0x00, 0x00, 0x00, 0x00, 0x00,
  0x00, 0x00, 0x00, 0x00, 0x00, 0x00, 0x00, 0x00, 0x00, 0x00, 0x00, 0x00, 0x00, 0x00, 0x00, 0x00,
  0x00, 0x00, 0x00, 0x00, 0x00, 0x00, 0x00, 0x00, 0x00, 0x00, 0x00, 0x00, 0x00, 0x00, 0x00, 0x00,
  0x00, 0x00, 0x00, 0x00, 0x00, 0x00, 0x00, 0x00, 0x00, 0x00, 0x00, 0x00, 0x00, 0x00, 0x00, 0x00,
  0x00, 0x00, 0x00, 0x00, 0x00, 0x00, 0x00, 0x00, 0x00, 0x00, 0x00, 0x00, 0x00, 0x00, 0x00, 0x00,
  0x00, 0x00, 0x00, 0x00, 0x00, 0x00, 0x00, 0x00, 0x00, 0x00, 0x00, 0x00, 0x00, 0x00, 0x00, 0x00,
  0x0C, 0x0F, 0x0B, 0x0F, 0x07, 0x0E, 0x0F, 0x0F, 0xBF, 0xFF, 0x1F, 0xFF, 0xBF, 0xFF, 0xE6, 0xFF,
  0x08, 0x0B, 0x04, 0x07, 0x0D, 0x0D, 0x0C, 0x0C, 0x06, 0xA6, 0x00, 0xA0, 0x00, 0xD9, 0x00, 0x2D,
  0xAF, 0xFF, 0xFF, 0xFF, 0xDF, 0x47, 0xFF, 0xF3, 0xFF, 0xFF, 0x9F, 0xFE, 0x0F, 0xFF, 0x0C, 0xFC,
  0x01, 0xFD, 0x01, 0xC5, 0xD9, 0x29, 0x0D, 0x0D, 0x03, 0xE3, 0x03, 0xD2, 0x20, 0x88, 0x00, 0x98,
  0x00, 0x00, 0x00, 0x03, 0x01, 0x06, 0x06, 0x0F, 0x09, 0x0B, 0x02, 0x03, 0x06, 0x07, 0x0C, 0x0B,
  0x00, 0x00, 0x03, 0x03, 0x06, 0x07, 0x0F, 0x0F, 0x0F, 0x0B, 0x0E, 0x03, 0x08, 0x02, 0x04, 0x02,
  0x00, 0x00, 0xE0, 0xE0, 0x58, 0xF8, 0xFC, 0xFC, 0xFE, 0xFE, 0x0F, 0xFF, 0x07, 0xFF, 0xA7, 0xFF,
  0x00, 0x00, 0xE0, 0xE0, 0xF8, 0x78, 0xFC, 0xFC, 0x04, 0xE6, 0x42, 0xB3, 0x02, 0xAB, 0x01, 0xAD,
  0x00, 0x00, 0x00, 0x00, 0x00, 0x00, 0x00, 0x00, 0x00, 0x00, 0x00, 0x00, 0x00, 0x00, 0x00, 0x00,
  0x00, 0x00, 0x00, 0x00, 0x00, 0x00, 0x00, 0x00, 0x00, 0x00, 0x00, 0x00, 0x00, 0x00, 0x00, 0x00,
  0x00, 0x00, 0x00, 0x00, 0x00, 0x00, 0x00, 0x00, 0x00, 0x00, 0x00, 0x00, 0x00, 0x00, 0x00, 0x00,
  0x00, 0x00, 0x00, 0x00, 0x00, 0x00, 0x00, 0x00, 0x00, 0x00, 0x00, 0x00, 0x00, 0x00, 0x00, 0x00,
  0x00, 0x00, 0x00, 0x00, 0x00, 0x00, 0x00, 0x00, 0x00, 0x00, 0x00, 0x00, 0x00, 0x00, 0x00, 0x00,
  0x00, 0x00, 0x00, 0x00, 0x00, 0x00, 0x00, 0x00, 0x00, 0x00, 0x00, 0x00, 0x00, 0x00, 0x00, 0x00,
  0x00, 0x00, 0x00, 0x00, 0x00, 0x00, 0x00, 0x00, 0x00, 0x00, 0x00, 0x00, 0x00, 0x00, 0x00, 0x00,
  0x00, 0x00, 0x00, 0x00, 0x00, 0x00, 0x00, 0x00, 0x00, 0x00, 0x00, 0x00, 0x00, 0x00, 0x00, 0x00,
  0x39, 0x20, 0x7D, 0x78, 0xCF, 0xFC, 0x87, 0xFE, 0x83, 0xFE, 0x83, 0xFE, 0xC7, 0xFE, 0xFB, 0xFF,
  0x06, 0x06, 0x02, 0x02, 0x00, 0x78, 0x00, 0x4C, 0x10, 0x44, 0x00, 0x44, 0x00, 0x44, 0x00, 0x7C,
  0x80, 0x80, 0xC0, 0xC0, 0xE0, 0xE0, 0xB0, 0xF0, 0x88, 0xF8, 0xE4, 0x7C, 0x76, 0x3E, 0xBF, 0x0F,
  0x00, 0x00, 0x00, 0x80, 0x00, 0xC0, 0x00, 0xF0, 0x00, 0xF8, 0x00, 0x7C, 0x80, 0xB8, 0x40, 0x4A,
  0x06, 0x07, 0x0F, 0x0F, 0x0F, 0x0F, 0x3F, 0x3F, 0x4E, 0x7F, 0x59, 0x7F, 0x72, 0x7E, 0x3E, 0x3E,
  0x00, 0x03, 0x00, 0x03, 0x00, 0x06, 0x00, 0x10, 0x00, 0x33, 0x00, 0x3D, 0x00, 0x3E, 0x00, 0x1E,
  0x4F, 0xCF, 0x87, 0x87, 0x03, 0x03, 0x01, 0x01, 0x80, 0x80, 0x00, 0x00, 0x00, 0x00, 0x00, 0x00,
  0x00, 0xC7, 0x00, 0x83, 0x00, 0x01, 0x00, 0x00, 0x00, 0x80, 0x00, 0x00, 0x00, 0x00, 0x00, 0x00,
  0x00, 0x00, 0x00, 0x00, 0x00, 0x00, 0x00, 0x00, 0x01, 0x01, 0x03, 0x03, 0x02, 0x03, 0x06, 0x07,
  0x00, 0x00, 0x00, 0x00, 0x00, 0x00, 0x00, 0x00, 0x00, 0x00, 0x00, 0x01, 0x00, 0x01, 0x00, 0x03,
  0x00, 0x00, 0x00, 0x80, 0x80, 0x80, 0xC0, 0xC0, 0xC0, 0xC0, 0x00, 0x00, 0x00, 0x00, 0x00, 0x00,
  0x00, 0x00, 0x00, 0x80, 0x00, 0x80, 0x00, 0xC0, 0x00, 0x00, 0x00, 0x00, 0x00, 0x00, 0x00, 0x00,
  0x00, 0x00, 0x00, 0x00, 0x00, 0x00, 0x00, 0x00, 0x00, 0x00, 0x00, 0x00, 0x00, 0x00, 0x00, 0x00,
  0x00, 0x00, 0x00, 0x00, 0x00, 0x00, 0x00, 0x00, 0x00, 0x00, 0x00, 0x00, 0x00, 0x00, 0x00, 0x00,
  0x00, 0x00, 0x00, 0x00, 0x00, 0x00, 0x00, 0x00, 0x00, 0x00, 0x00, 0x00, 0x00, 0x00, 0x00, 0x00,
  0x00, 0x00, 0x00, 0x00, 0x00, 0x00, 0x00, 0x00, 0x00, 0x00, 0x00, 0x00, 0x00, 0x00, 0x00, 0x00,
  0x63, 0x7F, 0x23, 0x3F, 0x16, 0x1F, 0x0F, 0x0F, 0x00, 0x00, 0x00, 0x00, 0x00, 0x00, 0x00, 0x00,
  0x08, 0x25, 0x00, 0x3C, 0x00, 0x1D, 0x00, 0x0B, 0x00, 0x00, 0x00, 0x00, 0x00, 0x00, 0x00, 0x00,
  0x18, 0xF8, 0xB0, 0xF0, 0xE0, 0xE0, 0x80, 0x80, 0x00, 0x00, 0x00, 0x00, 0x00, 0x00, 0x00, 0x00,
  0x00, 0xB0, 0x00, 0xE0, 0x00, 0x40, 0x00, 0x00, 0x00, 0x00, 0x00, 0x00, 0x00, 0x00, 0x00, 0x00,
  0x0C, 0x0F, 0x0B, 0x0F, 0x07, 0x0E, 0x0F, 0x0F, 0xBF, 0xFF, 0x1F, 0xFF, 0xBF, 0xFF, 0xE6, 0xFF,
  0x08, 0x0B, 0x04, 0x07, 0x0D, 0x0D, 0x0C, 0x0C, 0x06, 0xA6, 0x00, 0xA0, 0x00, 0xD9, 0x00, 0x2D,
  0xAF, 0xFF, 0xFF, 0xFF, 0xDF, 0x47, 0xFF, 0xF3, 0xFF, 0xFF, 0x9F, 0xFE, 0x0F, 0xFF, 0x0C, 0xFC,
  0x01, 0xFD, 0x01, 0xC5, 0xD9, 0x29, 0x0D, 0x0D, 0x03, 0xE3, 0x03, 0xD2, 0x20, 0x88, 0x00, 0x98,
  0x00, 0x00, 0x00, 0x00, 0x00, 0x00, 0x00, 0x00, 0x00, 0x00, 0x00, 0x00, 0x00, 0x00, 0x00, 0x00,
  0x00, 0x00, 0x00, 0x00, 0x00, 0x00, 0x00, 0x00, 0x00, 0x00, 0x00, 0x00, 0x00, 0x00, 0x00, 0x00,
  0x00, 0x00, 0x00, 0x00, 0x00, 0x00, 0x00, 0x00, 0x00, 0x00, 0x00, 0x00, 0x00, 0x00, 0x00, 0x00,
  0x00, 0x00, 0x00, 0x00, 0x00, 0x00, 0x00, 0x00, 0x00, 0x00, 0x00, 0x00, 0x00, 0x00, 0x00, 0x00,
  0x00, 0x00, 0x00, 0x00, 0x00, 0x00, 0x00, 0x00, 0x00, 0x00, 0x00, 0x00, 0x00, 0x00, 0x00, 0x00,
  0x00, 0x00, 0x00, 0x00, 0x00, 0x00, 0x00, 0x00, 0x00, 0x00, 0x00, 0x00, 0x00, 0x00, 0x00, 0x00,
  0x00, 0x00, 0x00, 0x00, 0x00, 0x00, 0x00, 0x00, 0x00, 0x00, 0x00, 0x00, 0x00, 0x00, 0x00, 0x00,
  0x00, 0x00, 0x00, 0x00, 0x00, 0x00, 0x00, 0x00, 0x00, 0x00, 0x00, 0x00, 0x00, 0x00, 0x00, 0x00,
  0x43, 0x7F, 0x43, 0x7F, 0x67, 0x7F, 0xFF, 0xFF, 0xFB, 0xFF, 0x0B, 0xFF, 0x0F, 0xFF, 0x3F, 0xFF,
  0x00, 0x64, 0x00, 0x24, 0x00, 0x3C, 0x00, 0x09, 0x00, 0xE5, 0x00, 0x9C, 0x80, 0x38, 0x00, 0x63,
  0xFD, 0xFF, 0xFE, 0xFE, 0xCC, 0xFC, 0x90, 0xF0, 0xC0, 0xC0, 0x80, 0x80, 0xC0, 0xC0, 0x40, 0xC0,
  0x00, 0x06, 0x00, 0x7E, 0x00, 0xF8, 0x00, 0xE0, 0x00, 0x80, 0x00, 0x00, 0x00, 0x00, 0x00, 0xC0,
  0x19, 0x1F, 0x0C, 0x0F, 0x07, 0x07, 0x00, 0x00, 0x00, 0x00, 0x00, 0x00, 0x00, 0x00, 0x00, 0x00,
  0x00, 0x0D, 0x00, 0x07, 0x00, 0x00, 0x00, 0x00, 0x00, 0x00, 0x00, 0x00, 0x00, 0x00, 0x00, 0x00,
  0x00, 0x00, 0xC0, 0xC0, 0xC0, 0xC0, 0x00, 0x00, 0x00, 0x00, 0x00, 0x00, 0x00, 0x00, 0x00, 0x00,
  0x00, 0x00, 0x00, 0x80, 0x00, 0x00, 0x00, 0x00, 0x00, 0x00, 0x00, 0x00, 0x00, 0x00, 0x00, 0x00,
  0x00, 0x00, 0x00, 0x00, 0x00, 0x00, 0x00, 0x00, 0x00, 0x00, 0x00, 0x00, 0x00, 0x00, 0x00, 0x00,
  0x00, 0x00, 0x00, 0x00, 0x00, 0x00, 0x00, 0x00, 0x00, 0x00, 0x00, 0x00, 0x00, 0x00, 0x00, 0x00,
  0x00, 0x00, 0x00, 0x00, 0x00, 0x00, 0x00, 0x00, 0x00, 0x00, 0x00, 0x00, 0x00, 0x00, 0x00, 0x00,
  0x00, 0x00, 0x00, 0x00, 0x00, 0x00, 0x00, 0x00, 0x00, 0x00, 0x00, 0x00, 0x00, 0x00, 0x00, 0x00,
  0x00, 0x00, 0x00, 0x00, 0x00, 0x00, 0x00, 0x00, 0x00, 0x00, 0x00, 0x00, 0x00, 0x00, 0x00, 0x00,
  0x00, 0x00, 0x00, 0x00, 0x00, 0x00, 0x00, 0x00, 0x00, 0x00, 0x00, 0x00, 0x00, 0x00, 0x00, 0x00,
  0x00, 0x00, 0x00, 0x00, 0x00, 0x00, 0x00, 0x00, 0x00, 0x00, 0x00, 0x00, 0x00, 0x00, 0x00, 0x00,
  0x00, 0x00, 0x00, 0x00, 0x00, 0x00, 0x00, 0x00, 0x00, 0x00, 0x00, 0x00, 0x00, 0x00, 0x00, 0x00,
  0x00, 0x00, 0x08, 0x38, 0x3C, 0x7C, 0x33, 0x7F, 0x61, 0x7F, 0x33, 0x3F, 0x1F, 0x1F, 0x0F, 0x0F,
  0x00, 0x00, 0x00, 0x18, 0x00, 0x68, 0x00, 0x5A, 0x04, 0x52, 0x00, 0x3F, 0x00, 0x0D, 0x00, 0x00,
  0xF5, 0xBF, 0x5B, 0x9F, 0xFF, 0xDF, 0xF7, 0xE7, 0xBF, 0xF9, 0x0F, 0xFF, 0x07, 0xFC, 0x0D, 0xFC,
  0x40, 0x3F, 0xC0, 0xEF, 0x30, 0x23, 0x10, 0x18, 0x06, 0xE6, 0x20, 0x98, 0x00, 0x8C, 0x02, 0xFA,
  0x0E, 0x3E, 0x2D, 0x57, 0x5E, 0xFF, 0xB3, 0xBF, 0x41, 0x7F, 0x00, 0x7F, 0xC8, 0xFF, 0xF2, 0xFF,
  0x3E, 0x3E, 0x57, 0x6F, 0xFF, 0xFF, 0xC0, 0xBE, 0xC4, 0x63, 0x80, 0x4D, 0x00, 0x5B, 0x80, 0xF7,
  0x00, 0x00, 0x80, 0x80, 0xC0, 0xE0, 0xF0, 0xF0, 0xF8, 0xF8, 0xF8, 0xF8, 0xE8, 0xF8, 0xD4, 0xFC,
  0x00, 0x00, 0x80, 0x80, 0x40, 0x60, 0x40, 0x50, 0x60, 0x68, 0x20, 0xB0, 0x20, 0xB8, 0x20, 0xBC,
  0x00, 0x00, 0x00, 0x00, 0x00, 0x00, 0x00, 0x00, 0x00, 0x00, 0x00, 0x00, 0x00, 0x00, 0x00, 0x00,
  0x00, 0x00, 0x00, 0x00, 0x00, 0x00, 0x00, 0x00, 0x00, 0x00, 0x00, 0x00, 0x00, 0x00, 0x00, 0x00,
  0x0E, 0x3E, 0x2D, 0x57, 0x5E, 0xFF, 0xB3, 0xBF, 0x41, 0x7F, 0x00, 0x7F, 0xC8, 0xFF, 0xF2, 0xFF,
  0x3E, 0x3E, 0x57, 0x6F, 0xFF, 0xFF, 0xC0, 0xBE, 0xC4, 0x63, 0x80, 0x4D, 0x00, 0x5B, 0x80, 0xF7,
  0x00, 0x00, 0x00, 0x00, 0x00, 0x00, 0x00, 0x00, 0x00, 0x00, 0x00, 0x00, 0x00, 0x00, 0x00, 0x00,
  0x00, 0x00, 0x00, 0x00, 0x00, 0x00, 0x00, 0x00, 0x00, 0x00, 0x00, 0x00, 0x00, 0x00, 0x00, 0x00,
  0x00, 0x00, 0x00, 0x00, 0x00, 0x00, 0x00, 0x00, 0x00, 0x00, 0x00, 0x00, 0x00, 0x00, 0x00, 0x00,
  0x00, 0x00, 0x00, 0x00, 0x00, 0x00, 0x00, 0x00, 0x00, 0x00, 0x00, 0x00, 0x00, 0x00, 0x00, 0x00,
  0x01, 0x01, 0x01, 0x01, 0x03, 0x03, 0x07, 0x07, 0x0C, 0x0F, 0x08, 0x0F, 0x18, 0x1F, 0x11, 0x1F,
  0x00, 0x01, 0x00, 0x01, 0x00, 0x00, 0x00, 0x03, 0x00, 0x07, 0x02, 0x0C, 0x00, 0x09, 0x00, 0x1F,
  0x0C, 0xFC, 0x18, 0xF8, 0xB0, 0xF0, 0xE0, 0xE0, 0xE0, 0xF0, 0x50, 0xF0, 0xC1, 0xC1, 0x03, 0x03,
  0x00, 0x98, 0x00, 0xF0, 0x00, 0x60, 0x00, 0x00, 0x00, 0xB0, 0x00, 0xF0, 0x00, 0xC0, 0x00, 0x01,
  0x3E, 0x3C, 0x7F, 0x7E, 0x67, 0x7E, 0xC3, 0xFE, 0xC3, 0xFF, 0xC3, 0xFF, 0xA7, 0xFF, 0x9F, 0xFF,
  0x01, 0x01, 0x00, 0x18, 0x00, 0x3C, 0x00, 0x66, 0x10, 0x42, 0x00, 0xE6, 0x00, 0xFE, 0x00, 0xBC,
  0xC0, 0x40, 0xE0, 0x60, 0xF0, 0xF0, 0x98, 0xF8, 0xCC, 0xFC, 0xF6, 0x7E, 0xBF, 0x3F, 0xDE, 0x8F,
  0x00, 0x00, 0x00, 0x00, 0x00, 0x60, 0x00, 0x70, 0x00, 0x78, 0x00, 0x7C, 0x40, 0x7E, 0x20, 0x2D,
  0x00, 0x00, 0x00, 0x00, 0x00, 0x00, 0x01, 0x01, 0x03, 0x03, 0x03, 0x03, 0x01, 0x01, 0x00, 0x00,
  0x00, 0x00, 0x00, 0x00, 0x00, 0x00, 0x00, 0x01, 0x00, 0x01, 0x00, 0x00, 0x00, 0x00, 0x00, 0x00,
  0xC0, 0xF0, 0x66, 0x7E, 0x7E, 0x7E, 0x00, 0x00, 0x00, 0x00, 0x00, 0x00, 0x00, 0x00, 0x00, 0x00,
  0x00, 0x60, 0x00, 0x3C, 0x00, 0x00, 0x00, 0x00, 0x00, 0x00, 0x00, 0x00, 0x00, 0x00, 0x00, 0x00,
  0xF0, 0xF0, 0xE8, 0xF8, 0xE8, 0xF8, 0x78, 0x78, 0x3A, 0x3E, 0x1E, 0x1E, 0x00, 0x00, 0x00, 0x00,
  0x00, 0xC0, 0x00, 0xF0, 0x00, 0x70, 0x00, 0x38, 0x00, 0x1C, 0x00, 0x00, 0x00, 0x00, 0x00, 0x00,
  0x00, 0x00, 0x00, 0x00, 0x00, 0x00, 0x00, 0x00, 0x00, 0x00, 0x00, 0x00, 0x00, 0x00, 0x00, 0x00,
  0x00, 0x00, 0x00, 0x00, 0x00, 0x00, 0x00, 0x00, 0x00, 0x00, 0x00, 0x00, 0x00, 0x00, 0x00, 0x00,
  0x05, 0x07, 0x03, 0x03, 0x00, 0x00, 0x00, 0x00, 0x00, 0x00, 0x00, 0x00, 0x00, 0x00, 0x00, 0x00,
  0x00, 0x06, 0x00, 0x02, 0x00, 0x00, 0x00, 0x00, 0x00, 0x00, 0x00, 0x00, 0x00, 0x00, 0x00, 0x00,
  0xB8, 0xF8, 0xF0, 0xF0, 0x00, 0x00, 0x00, 0x00, 0x00, 0x00, 0x00, 0x00, 0x00, 0x00, 0x00, 0x00,
  0x00, 0xF0, 0x00, 0xC0, 0x00, 0x00, 0x00, 0x00, 0x00, 0x00, 0x00, 0x00, 0x00, 0x00, 0x00, 0x00,
  0xF5, 0xBF, 0x5B, 0x9F, 0xFF, 0xDF, 0xF7, 0xE7, 0xBF, 0xF9, 0x0F, 0xFF, 0x07, 0xFC, 0x0D, 0xFC,
  0x40, 0x3F, 0xC0, 0xEF, 0x30, 0x23, 0x10, 0x18, 0x06, 0xE6, 0x20, 0x98, 0x00, 0x8C, 0x02, 0xFA,
  0xD4, 0xFC, 0xDE, 0xFE, 0xDE, 0xF6, 0xFE, 0xF6, 0xFC, 0x94, 0xD8, 0x18, 0xF0, 0xB0, 0xE0, 0xE0,
  0x20, 0xB8, 0x20, 0xA2, 0x68, 0x6A, 0x08, 0x0A, 0x68, 0x08, 0x40, 0x60, 0x40, 0x40, 0x00, 0x00,
  0x00, 0x00, 0x08, 0x38, 0x3C, 0x7C, 0x33, 0x7F, 0x61, 0x7F, 0x33, 0x3F, 0x1F, 0x1F, 0x0F, 0x0F,
  0x00, 0x00, 0x00, 0x18, 0x00, 0x68, 0x00, 0x5A, 0x04, 0x52, 0x00, 0x3F, 0x00, 0x0D, 0x00, 0x00,
  0xF5, 0xBF, 0x5B, 0x9F, 0xFF, 0xDF, 0xF7, 0xE7, 0xBF, 0xF9, 0x0F, 0xFF, 0x07, 0xFC, 0x0D, 0xFC,
  0x40, 0x3F, 0xC0, 0xEF, 0x30, 0x23, 0x10, 0x18, 0x06, 0xE6, 0x20, 0x98, 0x00, 0x8C, 0x02, 0xFA,
  0x00, 0x00, 0x00, 0x00, 0x00, 0x00, 0x00, 0x00, 0x00, 0x00, 0x00, 0x00, 0x00, 0x00, 0x00, 0x00,
  0x00, 0x00, 0x00, 0x00, 0x00, 0x00, 0x00, 0x00, 0x00, 0x00, 0x00, 0x00, 0x00, 0x00, 0x00, 0x00,
  0x00, 0x00, 0x00, 0x00, 0x00, 0x00, 0x00, 0x00, 0x00, 0x00, 0x00, 0x00, 0x00, 0x00, 0x00, 0x00,
  0x00, 0x00, 0x00, 0x00, 0x00, 0x00, 0x00, 0x00, 0x00, 0x00, 0x00, 0x00, 0x00, 0x00, 0x00, 0x00,
  0x36, 0x3E, 0x3C, 0x3C, 0x78, 0x78, 0xF0, 0xF0, 0xE0, 0xF8, 0x00, 0xF0, 0x90, 0xF0, 0xF0, 0xF0,
  0x00, 0x1C, 0x00, 0x38, 0x00, 0x10, 0x00, 0x80, 0x00, 0xF8, 0x00, 0xF0, 0x00, 0xC0, 0x00, 0x70,
  0x03, 0x03, 0x01, 0x01, 0x00, 0x00, 0x00, 0x00, 0x00, 0x00, 0x00, 0x00, 0x00, 0x00, 0x00, 0x00,
  0x00, 0x01, 0x00, 0x00, 0x00, 0x00, 0x00, 0x00, 0x00, 0x00, 0x00, 0x00, 0x00, 0x00, 0x00, 0x00,
  0x0C, 0xFC, 0x18, 0xF8, 0xB0, 0xF0, 0xE0, 0xE0, 0xE0, 0xF0, 0x50, 0xF0, 0xC1, 0xC1, 0x03, 0x03,
  0x00, 0x98, 0x00, 0xF0, 0x00, 0x60, 0x00, 0x00, 0x00, 0xB0, 0x00, 0xF0, 0x00, 0xC0, 0x00, 0x01,
  0xFE, 0xDF, 0x7F, 0x7F, 0x6E, 0x7E, 0xDC, 0xFC, 0xF8, 0xF8, 0xF8, 0xF8, 0xF0, 0xF8, 0xE0, 0xF0,
  0x00, 0x03, 0x00, 0x3B, 0x00, 0x7C, 0x00, 0x78, 0x00, 0x70, 0x00, 0xC0, 0x00, 0x18, 0x00, 0xB0,
  0x00, 0x00, 0x00, 0x00, 0x00, 0x00, 0x00, 0x00, 0x00, 0x00, 0x00, 0x00, 0x00, 0x00, 0x00, 0x00,
  0x00, 0x00, 0x00, 0x00, 0x00, 0x00, 0x00, 0x00, 0x00, 0x00, 0x00, 0x00, 0x00, 0x00, 0x00, 0x00,
  0x00, 0x00, 0x00, 0x00, 0x00, 0x00, 0x00, 0x00, 0x00, 0x00, 0x00, 0x00, 0x00, 0x00, 0x00, 0x00,
  0x00, 0x00, 0x00, 0x00, 0x00, 0x00, 0x00, 0x00, 0x00, 0x00, 0x00, 0x00, 0x00, 0x00, 0x00, 0x00,
  0x00, 0x00, 0x00, 0x00, 0x00, 0x00, 0x00, 0x00, 0x00, 0x00, 0x00, 0x00, 0x00, 0x00, 0x00, 0x00,
  0x00, 0x00, 0x00, 0x00, 0x00, 0x00, 0x00, 0x00, 0x00, 0x00, 0x00, 0x00, 0x00, 0x00, 0x00, 0x00,
  0x00, 0x00, 0x00, 0x00, 0x00, 0x00, 0x00, 0x00, 0x00, 0x00, 0x00, 0x00, 0x00, 0x00, 0x00, 0x00,
  0x00, 0x00, 0x00, 0x00, 0x00, 0x00, 0x00, 0x00, 0x00, 0x00, 0x00, 0x00, 0x00, 0x00, 0x00, 0x00,
  0x38, 0xF8, 0x6C, 0xFC, 0xC6, 0xFE, 0x63, 0x7F, 0x37, 0x3F, 0x1F, 0x1F, 0x1E, 0x1F, 0x0E, 0x0F,
  0x00, 0xC0, 0x00, 0xB8, 0x00, 0xAC, 0x00, 0x76, 0x00, 0x1C, 0x00, 0x1D, 0x00, 0x0B, 0x00, 0x03,
  0x7A, 0x5F, 0x6D, 0x4F, 0x7F, 0x6F, 0xFB, 0xF3, 0x7F, 0xFC, 0x1F, 0xFF, 0x0F, 0xFC, 0x1C, 0xF8,
  0x20, 0x1F, 0x60, 0x77, 0x18, 0x13, 0x08, 0x4C, 0x03, 0xE0, 0x40, 0x30, 0x00, 0x18, 0x03, 0xF3,
  0x00, 0x00, 0x00, 0x00, 0x00, 0x00, 0x00, 0x00, 0x00, 0x00, 0x00, 0x00, 0x00, 0x00, 0x10, 0x70,
  0x00, 0x00, 0x00, 0x00, 0x00, 0x00, 0x00, 0x00, 0x00, 0x00, 0x00, 0x00, 0x00, 0x00, 0x00, 0x30,
  0x07, 0x1F, 0x16, 0x2B, 0x2E, 0x7F, 0x59, 0x5F, 0x20, 0x3F, 0x20, 0x3F, 0x44, 0x7F, 0x69, 0x7F,
  0x1F, 0x1F, 0x2B, 0x37, 0x7F, 0x7F, 0x78, 0x5E, 0x62, 0x31, 0x61, 0x26, 0x01, 0x2C, 0x40, 0x79,
  0x07, 0x1F, 0x16, 0x2B, 0x2E, 0x7F, 0x59, 0x5F, 0x20, 0x3F, 0x20, 0x3F, 0x44, 0x7F, 0x69, 0x7F,
  0x1F, 0x1F, 0x2B, 0x37, 0x7F, 0x7F, 0x78, 0x5E, 0x62, 0x31, 0x61, 0x26, 0x01, 0x2C, 0x40, 0x79,
  0x00, 0x00, 0xC0, 0xC0, 0x60, 0xF0, 0xF8, 0xF8, 0xFC, 0xFC, 0x7E, 0xFE, 0x7F, 0xFF, 0x6E, 0xFF,
  0x00, 0x00, 0xC0, 0xC0, 0xA0, 0xB0, 0x20, 0x28, 0x20, 0xA4, 0x10, 0xD2, 0x10, 0xD5, 0x10, 0xD5,
  0x00, 0x00, 0x00, 0x00, 0x00, 0x00, 0x00, 0x00, 0x00, 0x00, 0x00, 0x00, 0x00, 0x00, 0x00, 0x00,
  0x00, 0x00, 0x00, 0x00, 0x00, 0x00, 0x00, 0x00, 0x00, 0x00, 0x00, 0x00, 0x00, 0x00, 0x00, 0x00,
  0x00, 0x00, 0x00, 0x00, 0x00, 0x00, 0x00, 0x00, 0x00, 0x00, 0x00, 0x00, 0x00, 0x00, 0x00, 0x00,
  0x00, 0x00, 0x00, 0x00, 0x00, 0x00, 0x00, 0x00, 0x00, 0x00, 0x00, 0x00, 0x00, 0x00, 0x00, 0x00,
  0xFA, 0xE3, 0x9E, 0x93, 0x0F, 0x09, 0x0F, 0x0D, 0x07, 0x07, 0x07, 0x07, 0x02, 0x03, 0x02, 0x03,
  0x04, 0x87, 0x00, 0x03, 0x00, 0x01, 0x00, 0x00, 0x00, 0x01, 0x00, 0x03, 0x00, 0x03, 0x00, 0x03,
  0x80, 0x80, 0xE0, 0xE0, 0xC0, 0xE0, 0xC0, 0xE0, 0xE0, 0xE0, 0x60, 0xE0, 0x60, 0xE0, 0x60, 0xE0,
  0x00, 0x80, 0x00, 0xA0, 0x00, 0x20, 0x00, 0x60, 0x00, 0xE0, 0x00, 0xC0, 0x00, 0xC0, 0x00, 0xE0,
  0x03, 0x03, 0x03, 0x03, 0x06, 0x07, 0x04, 0x07, 0x0C, 0x0F, 0x0C, 0x0F, 0x19, 0x1F, 0x10, 0x1F,
  0x00, 0x00, 0x00, 0x01, 0x00, 0x03, 0x00, 0x06, 0x00, 0x04, 0x00, 0x0E, 0x00, 0x0B, 0x00, 0x19,
  0xE8, 0xC8, 0xFC, 0xEC, 0x3E, 0xEE, 0x1A, 0xFE, 0x19, 0xFF, 0x39, 0xFF, 0x3C, 0xF7, 0xF4, 0xE7,
  0x10, 0x10, 0x00, 0xE0, 0x00, 0xE4, 0x00, 0x36, 0x80, 0x36, 0x00, 0x27, 0x00, 0x67, 0x08, 0xCF,
  0x00, 0x00, 0x00, 0x00, 0x00, 0x00, 0x00, 0x00, 0x00, 0x00, 0x00, 0x00, 0x60, 0xE0, 0xE0, 0xE0,
  0x00, 0x00, 0x00, 0x00, 0x00, 0x00, 0x00, 0x00, 0x00, 0x00, 0x00, 0x00, 0x00, 0xC0, 0x00, 0x00,
  0xC0, 0xFE, 0xD0, 0xF8, 0xC0, 0xE0, 0x80, 0xE0, 0x80, 0xC0, 0x80, 0xC0, 0xC0, 0xC0, 0x00, 0x00,
  0x00, 0x72, 0x00, 0x78, 0x00, 0x40, 0x00, 0x60, 0x00, 0x00, 0x00, 0x40, 0x00, 0x00, 0x00, 0x00,
  0x00, 0x00, 0x00, 0x00, 0x00, 0x00, 0x03, 0x03, 0xFC, 0xFF, 0x98, 0xFF, 0x9F, 0xFF, 0xFF, 0xFF,
  0x00, 0x00, 0x00, 0x00, 0x00, 0x00, 0x00, 0x01, 0x00, 0x06, 0x00, 0x6F, 0x00, 0x67, 0x00, 0x60,
  0x5F, 0x7F, 0x7F, 0x7F, 0x78, 0x78, 0x00, 0x00, 0x00, 0x00, 0x00, 0x00, 0x00, 0x00, 0x00, 0x00,
  0x00, 0x3F, 0x00, 0x30, 0x00, 0x00, 0x00, 0x00, 0x00, 0x00, 0x00, 0x00, 0x00, 0x00, 0x00, 0x00,
  0x07, 0x07, 0x07, 0x07, 0x00, 0x00, 0x00, 0x00, 0x00, 0x00, 0x00, 0x00, 0x00, 0x00, 0x00, 0x00,
  0x00, 0x04, 0x00, 0x03, 0x00, 0x00, 0x00, 0x00, 0x00, 0x00, 0x00, 0x00, 0x00, 0x00, 0x00, 0x00,
  0xF0, 0xF0, 0xE0, 0xE0, 0x00, 0x00, 0x00, 0x00, 0x00, 0x00, 0x00, 0x00, 0x00, 0x00, 0x00, 0x00,
  0x00, 0x60, 0x00, 0x00, 0x00, 0x00, 0x00, 0x00, 0x00, 0x00, 0x00, 0x00, 0x00, 0x00, 0x00, 0x00,
  0x38, 0xF8, 0x6C, 0xFC, 0xC6, 0xFE, 0x63, 0x7F, 0x37, 0x3F, 0x1F, 0x1F, 0x1E, 0x1F, 0x0E, 0x0F,
  0x00, 0xC0, 0x00, 0xB8, 0x00, 0xAC, 0x00, 0x76, 0x00, 0x1C, 0x00, 0x1D, 0x00, 0x0B, 0x00, 0x03,
  0x7A, 0x5F, 0x6D, 0x4F, 0x7F, 0x6F, 0xFB, 0xF3, 0x7F, 0xFC, 0x1F, 0xFF, 0x0F, 0xFC, 0x1C, 0xF8,
  0x20, 0x1F, 0x60, 0x77, 0x18, 0x13, 0x08, 0x4C, 0x03, 0xE0, 0x40, 0x30, 0x00, 0x18, 0x03, 0xF3,
  0x7A, 0x5F, 0x6D, 0x4F, 0x7F, 0x6F, 0xFB, 0xF3, 0x7F, 0xFC, 0x1F, 0xFF, 0x0F, 0xFC, 0x1C, 0xF8,
  0x20, 0x1F, 0x60, 0x77, 0x18, 0x13, 0x08, 0x4C, 0x03, 0xE0, 0x40, 0x30, 0x00, 0x18, 0x03, 0xF3,
  0xEE, 0xFF, 0xEF, 0xFF, 0xFF, 0xFD, 0xFF, 0xF9, 0xFE, 0xCA, 0xFC, 0xB4, 0x78, 0x28, 0xF0, 0x70,
  0x10, 0xD5, 0x10, 0xD0, 0x32, 0xB2, 0x06, 0x06, 0x34, 0x14, 0x08, 0x08, 0x90, 0x90, 0x00, 0x00,
  0x00, 0x00, 0x00, 0x00, 0x00, 0x00, 0x00, 0x00, 0x00, 0x00, 0x00, 0x00, 0x00, 0x00, 0x00, 0x00,
  0x00, 0x00, 0x00, 0x00, 0x00, 0x00, 0x00, 0x00, 0x00, 0x00, 0x00, 0x00, 0x00, 0x00, 0x00, 0x00,
  0x00, 0x00, 0x00, 0x00, 0x00, 0x00, 0x00, 0x00, 0x00, 0x00, 0x00, 0x00, 0x00, 0x00, 0x00, 0x00,
  0x00, 0x00, 0x00, 0x00, 0x00, 0x00, 0x00, 0x00, 0x00, 0x00, 0x00, 0x00, 0x00, 0x00, 0x00, 0x00,
  0x03, 0x03, 0x03, 0x03, 0x01, 0x01, 0x00, 0x00, 0x00, 0x00, 0x00, 0x00, 0x00, 0x00, 0x00, 0x00,
  0x00, 0x03, 0x00, 0x01, 0x00, 0x00, 0x00, 0x00, 0x00, 0x00, 0x00, 0x00, 0x00, 0x00, 0x00, 0x00,
  0x20, 0xE0, 0xB0, 0xF0, 0xF0, 0xF0, 0xD4, 0xF4, 0x78, 0x7C, 0x7A, 0x7E, 0x7A, 0x7E, 0x7C, 0x7F,
  0x00, 0xE0, 0x00, 0xE0, 0x00, 0xE0, 0x00, 0x70, 0x00, 0x74, 0x00, 0x34, 0x00, 0x06, 0x00, 0x37,
  0x10, 0x1F, 0x39, 0x3F, 0xFF, 0xFF, 0x3E, 0xFE, 0x1C, 0xFC, 0x14, 0xFC, 0xF8, 0xF8, 0xF0, 0xF0,
  0x00, 0x19, 0x00, 0x0F, 0x00, 0x06, 0x00, 0xF0, 0x80, 0x34, 0x00, 0xFC, 0x00, 0xF8, 0x00, 0x30,
  0xFA, 0xE3, 0x9E, 0x93, 0x0F, 0x09, 0x0F, 0x0D, 0x07, 0x07, 0x07, 0x07, 0x02, 0x03, 0x02, 0x03,
  0x04, 0x87, 0x00, 0x03, 0x00, 0x01, 0x00, 0x00, 0x00, 0x01, 0x00, 0x03, 0x00, 0x03, 0x00, 0x03,
  0x00, 0x00, 0x00, 0x00, 0x00, 0x00, 0x00, 0x00, 0x00, 0x00, 0x00, 0x00, 0x00, 0x00, 0x00, 0x00,
  0x00, 0x00, 0x00, 0x00, 0x00, 0x00, 0x00, 0x00, 0x00, 0x00, 0x00, 0x00, 0x00, 0x00, 0x00, 0x00,
  0x00, 0x00, 0x00, 0x00, 0x00, 0x00, 0x00, 0x00, 0x00, 0x00, 0x00, 0x00, 0x00, 0x00, 0x00, 0x00,
  0x00, 0x00, 0x00, 0x00, 0x00, 0x00, 0x00, 0x00, 0x00, 0x00, 0x00, 0x00, 0x00, 0x00, 0x00, 0x00,
  0x00, 0x00, 0x00, 0x00, 0x00, 0x00, 0x00, 0x00, 0x00, 0x00, 0x00, 0x00, 0x00, 0x00, 0x00, 0x00,
  0x00, 0x00, 0x00, 0x00, 0x00, 0x00, 0x00, 0x00, 0x00, 0x00, 0x00, 0x00, 0x00, 0x00, 0x00, 0x00,
  0x00, 0x00, 0x00, 0x00, 0x00, 0x00, 0x00, 0x00, 0x00, 0x00, 0x00, 0x00, 0x00, 0x00, 0x00, 0x00,
  0x00, 0x00, 0x00, 0x00, 0x00, 0x00, 0x00, 0x00, 0x00, 0x00, 0x00, 0x00, 0x00, 0x00, 0x00, 0x00,
  0x0C, 0x0F, 0x0B, 0x0F, 0x07, 0x0E, 0x0F, 0x0F, 0xBF, 0xFF, 0x1F, 0xFF, 0xBF, 0xFF, 0xE6, 0xFF,
  0x08, 0x0B, 0x04, 0x07, 0x0D, 0x0D, 0x0C, 0x0C, 0x06, 0xA6, 0x00, 0xA0, 0x00, 0xD9, 0x00, 0x2D,
  0xAF, 0xFF, 0xFF, 0xFF, 0xDF, 0x47, 0xFF, 0xF3, 0xFF, 0xFF, 0x9F, 0xFE, 0x0F, 0xFF, 0x0C, 0xFC,
  0x01, 0xFD, 0x01, 0xC5, 0xD9, 0x29, 0x0D, 0x0D, 0x03, 0xE3, 0x03, 0xD2, 0x20, 0x88, 0x00, 0x98,
  0x00, 0x00, 0x00, 0x03, 0x01, 0x06, 0x06, 0x0F, 0x09, 0x0B, 0x02, 0x03, 0x06, 0x07, 0x0C, 0x0B,
  0x00, 0x00, 0x03, 0x03, 0x06, 0x07, 0x0F, 0x0F, 0x0F, 0x0B, 0x0E, 0x03, 0x08, 0x02, 0x04, 0x02,
  0x00, 0x00, 0xE0, 0xE0, 0x58, 0xF8, 0xFC, 0xFC, 0xFE, 0xFE, 0x0F, 0xFF, 0x07, 0xFF, 0xA7, 0xFF,
  0x00, 0x00, 0xE0, 0xE0, 0xF8, 0x78, 0xFC, 0xFC, 0x04, 0xE6, 0x42, 0xB3, 0x02, 0xAB, 0x01, 0xAD,
  0x00, 0x00, 0x00, 0x00, 0x00, 0x00, 0x00, 0x00, 0x00, 0x00, 0x00, 0x00, 0x00, 0x00, 0x00, 0x00,
  0x00, 0x00, 0x00, 0x00, 0x00, 0x00, 0x00, 0x00, 0x00, 0x00, 0x00, 0x00, 0x00, 0x00, 0x00, 0x00,
  0x00, 0x00, 0x00, 0x00, 0x00, 0x00, 0x00, 0x00, 0x00, 0x00, 0x00, 0x00, 0x00, 0x00, 0x00, 0x00,
  0x00, 0x00, 0x00, 0x00, 0x00, 0x00, 0x00, 0x00, 0x00, 0x00, 0x00, 0x00, 0x00, 0x00, 0x00, 0x00,
  0x00, 0x00, 0x00, 0x00, 0x00, 0x00, 0x00, 0x00, 0x00, 0x00, 0x00, 0x00, 0x00, 0x00, 0x00, 0x00,
  0x00, 0x00, 0x00, 0x00, 0x00, 0x00, 0x00, 0x00, 0x00, 0x00, 0x00, 0x00, 0x00, 0x00, 0x00, 0x00,
  0x00, 0x00, 0x00, 0x00, 0x00, 0x00, 0x00, 0x00, 0x00, 0x00, 0x00, 0x00, 0x00, 0x00, 0x00, 0x00,
  0x00, 0x00, 0x00, 0x00, 0x00, 0x00, 0x00, 0x00, 0x00, 0x00, 0x00, 0x00, 0x00, 0x00, 0x00, 0x00,
  0x00, 0x00, 0x00, 0x00, 0x04, 0x04, 0x0E, 0x0E, 0x1B, 0x1F, 0x39, 0x3F, 0x6F, 0x7F, 0xE7, 0xFF,
  0x00, 0x00, 0x00, 0x00, 0x00, 0x00, 0x00, 0x04, 0x00, 0x0E, 0x00, 0x1E, 0x00, 0x39, 0x00, 0x2B,
  0x07, 0x07, 0x06, 0x07, 0x0C, 0x0F, 0x0C, 0x0F, 0x08, 0x0F, 0x9C, 0x9F, 0xD6, 0xDF, 0x71, 0xFF,
  0x00, 0x01, 0x00, 0x03, 0x00, 0x06, 0x00, 0x04, 0x01, 0x0C, 0x00, 0x0C, 0x00, 0x0F, 0x00, 0xDB,
  0x06, 0x07, 0x06, 0x07, 0x03, 0x03, 0x03, 0x03, 0x01, 0x01, 0x01, 0x01, 0x01, 0x01, 0x01, 0x01,
  0x00, 0x07, 0x00, 0x03, 0x00, 0x01, 0x00, 0x01, 0x00, 0x00, 0x00, 0x00, 0x00, 0x00, 0x00, 0x00,
  0xC0, 0xC0, 0x40, 0xC0, 0x40, 0xC0, 0xE0, 0xE0, 0xF0, 0xF0, 0xE0, 0xF0, 0xEC, 0xFC, 0xF1, 0xFF,
  0x00, 0x80, 0x00, 0xC0, 0x00, 0xC0, 0x00, 0xC0, 0x00, 0xD0, 0x00, 0xD0, 0x00, 0x18, 0x00, 0xFF,
  0x07, 0x07, 0x06, 0x07, 0x0C, 0x0F, 0x0C, 0x0F, 0x08, 0x0F, 0x9C, 0x9F, 0xD6, 0xDF, 0x71, 0xFF,
  0x00, 0x01, 0x00, 0x03, 0x00, 0x06, 0x00, 0x04, 0x01, 0x0C, 0x00, 0x0C, 0x00, 0x0F, 0x00, 0xDB,
  0xD0, 0xD0, 0x70, 0xD0, 0x38, 0xF8, 0x30, 0xF8, 0x30, 0xFC, 0x70, 0xFC, 0xFA, 0xFE, 0xF8, 0xEE,
  0x20, 0xA0, 0x00, 0xC0, 0x00, 0xC8, 0x00, 0x68, 0x00, 0x6C, 0x00, 0x48, 0x00, 0xCE, 0x00, 0x8E,
  0x00, 0x00, 0x80, 0x80, 0x40, 0xC0, 0x40, 0xC0, 0x80, 0x80, 0xC0, 0xC0, 0xC0, 0xC0, 0xC0, 0xC0,
  0x00, 0x00, 0x00, 0x00, 0x00, 0x80, 0x00, 0x80, 0x00, 0x80, 0x00, 0x80, 0x00, 0x80, 0x00, 0x80,
  0x00, 0x00, 0x00, 0x00, 0x00, 0x00, 0x00, 0x00, 0x00, 0x00, 0x00, 0x00, 0x00, 0x00, 0x00, 0x00,
  0x00, 0x00, 0x00, 0x00, 0x00, 0x00, 0x00, 0x00, 0x00, 0x00, 0x00, 0x00, 0x00, 0x00, 0x00, 0x00,
  0x63, 0x7F, 0x23, 0x3F, 0x16, 0x1F, 0x0F, 0x0F, 0x00, 0x00, 0x00, 0x00, 0x00, 0x00, 0x00, 0x00,
  0x08, 0x25, 0x00, 0x3C, 0x00, 0x1D, 0x00, 0x0B, 0x00, 0x00, 0x00, 0x00, 0x00, 0x00, 0x00, 0x00,
  0x18, 0xF8, 0xB0, 0xF0, 0xE0, 0xE0, 0x80, 0x80, 0x00, 0x00, 0x00, 0x00, 0x00, 0x00, 0x00, 0x00,
  0x00, 0xB0, 0x00, 0xE0, 0x00, 0x40, 0x00, 0x00, 0x00, 0x00, 0x00, 0x00, 0x00, 0x00, 0x00, 0x00,
  0x0C, 0x0F, 0x0B, 0x0F, 0x07, 0x0E, 0x0F, 0x0F, 0xBF, 0xFF, 0x1F, 0xFF, 0xBF, 0xFF, 0xE6, 0xFF,
  0x08, 0x0B, 0x04, 0x07, 0x0D, 0x0D, 0x0C, 0x0C, 0x06, 0xA6, 0x00, 0xA0, 0x00, 0xD9, 0x00, 0x2D,
  0xAF, 0xFF, 0xFF, 0xFF, 0xDF, 0x47, 0xFF, 0xF3, 0xFF, 0xFF, 0x9F, 0xFE, 0x0F, 0xFF, 0x0C, 0xFC,
  0x01, 0xFD, 0x01, 0xC5, 0xD9, 0x29, 0x0D, 0x0D, 0x03, 0xE3, 0x03, 0xD2, 0x20, 0x88, 0x00, 0x98,
  0x00, 0x00, 0x00, 0x00, 0x00, 0x00, 0x00, 0x00, 0x00, 0x00, 0x00, 0x00, 0x00, 0x00, 0x00, 0x00,
  0x00, 0x00, 0x00, 0x00, 0x00, 0x00, 0x00, 0x00, 0x00, 0x00, 0x00, 0x00, 0x00, 0x00, 0x00, 0x00,
  0x00, 0x00, 0x00, 0x00, 0x00, 0x00, 0x00, 0x00, 0x00, 0x00, 0x00, 0x00, 0x00, 0x00, 0x00, 0x00,
  0x00, 0x00, 0x00, 0x00, 0x00, 0x00, 0x00, 0x00, 0x00, 0x00, 0x00, 0x00, 0x00, 0x00, 0x00, 0x00,
  0x00, 0x00, 0x00, 0x00, 0x00, 0x00, 0x00, 0x00, 0x00, 0x00, 0x00, 0x00, 0x00, 0x00, 0x00, 0x00,
  0x00, 0x00, 0x00, 0x00, 0x00, 0x00, 0x00, 0x00, 0x00, 0x00, 0x00, 0x00, 0x00, 0x00, 0x00, 0x00,
  0x00, 0x00, 0x00, 0x00, 0x00, 0x00, 0x00, 0x00, 0x00, 0x00, 0x00, 0x00, 0x00, 0x00, 0x00, 0x00,
  0x00, 0x00, 0x00, 0x00, 0x00, 0x00, 0x00, 0x00, 0x00, 0x00, 0x00, 0x00, 0x00, 0x00, 0x00, 0x00,
  0xD6, 0xFF, 0x8F, 0xCF, 0xC9, 0xC9, 0xC0, 0xC0, 0x00, 0x00, 0x00, 0x00, 0x00, 0x00, 0x00, 0x00,
  0x00, 0x49, 0x00, 0x49, 0x00, 0x40, 0x00, 0x00, 0x00, 0x00, 0x00, 0x00, 0x00, 0x00, 0x00, 0x00,
  0x20, 0xFF, 0x31, 0xFF, 0x33, 0xFF, 0x9E, 0xFE, 0xFC, 0xFC, 0x74, 0x7C, 0x38, 0x3C, 0x00, 0x00,
  0x00, 0xD1, 0x00, 0x9B, 0x40, 0xBE, 0x00, 0xCC, 0x00, 0x60, 0x00, 0x78, 0x00, 0x1C, 0x00, 0x00,
  0x01, 0x01, 0x01, 0x01, 0x01, 0x01, 0x00, 0x00, 0x00, 0x00, 0x00, 0x00, 0x00, 0x00, 0x00, 0x00,
  0x00, 0x00, 0x00, 0x00, 0x00, 0x00, 0x00, 0x00, 0x00, 0x00, 0x00, 0x00, 0x00, 0x00, 0x00, 0x00,
  0xBF, 0xFF, 0xFC, 0xFC, 0xE0, 0xE0, 0x00, 0x00, 0x00, 0x00, 0x00, 0x00, 0x00, 0x00, 0x00, 0x00,
  0x00, 0xF8, 0x00, 0xC0, 0x00, 0x00, 0x00, 0x00, 0x00, 0x00, 0x00, 0x00, 0x00, 0x00, 0x00, 0x00,
  0x20, 0xFF, 0x31, 0xFF, 0x33, 0xFF, 0x9E, 0xFE, 0xFC, 0xFC, 0x74, 0x7C, 0x38, 0x3C, 0x00, 0x00,
  0x00, 0xD1, 0x00, 0x9B, 0x40, 0xBE, 0x00, 0xCC, 0x00, 0x60, 0x00, 0x78, 0x00, 0x1C, 0x00, 0x00,
  0xF5, 0xC7, 0xF5, 0xC7, 0x3B, 0x23, 0x1F, 0x17, 0x0F, 0x0F, 0x0C, 0x0F, 0x08, 0x0F, 0x0C, 0x0F,
  0x08, 0x0E, 0x08, 0x0F, 0x04, 0x06, 0x00, 0x01, 0x00, 0x03, 0x00, 0x07, 0x00, 0x07, 0x00, 0x07,
  0x00, 0x00, 0x00, 0x00, 0x00, 0x00, 0x00, 0x00, 0x00, 0x00, 0x00, 0x00, 0x00, 0x00, 0x00, 0x00,
  0x00, 0x00, 0x00, 0x00, 0x00, 0x00, 0x00, 0x00, 0x00, 0x00, 0x00, 0x00, 0x00, 0x00, 0x00, 0x00,
  0x00, 0x00, 0x00, 0x00, 0x00, 0x00, 0x00, 0x00, 0x00, 0x00, 0x00, 0x00, 0x00, 0x00, 0x00, 0x00,
  0x00, 0x00, 0x00, 0x00, 0x00, 0x00, 0x00, 0x00, 0x00, 0x00, 0x00, 0x00, 0x00, 0x00, 0x00, 0x00,
  0x0F, 0x0F, 0x0B, 0x0F, 0x03, 0x0F, 0x07, 0x0F, 0x07, 0x0F, 0x0F, 0x0E, 0x0F, 0x0C, 0x3F, 0x3F,
  0x08, 0x09, 0x04, 0x05, 0x0E, 0x0E, 0x0E, 0x0E, 0x0E, 0x0E, 0x04, 0x04, 0x00, 0x00, 0x00, 0x30,
  0x57, 0xFF, 0xFF, 0xFF, 0xD7, 0x11, 0xFF, 0xFF, 0xC7, 0xFF, 0xC3, 0xFE, 0xC3, 0xFF, 0xE2, 0xFE,
  0x00, 0xFE, 0x00, 0xE0, 0xD6, 0xAA, 0x00, 0x00, 0x00, 0x6E, 0x09, 0x06, 0x00, 0x26, 0x00, 0xBE,
  0x00, 0x00, 0x00, 0x03, 0x01, 0x06, 0x06, 0x0F, 0x0B, 0x0B, 0x03, 0x03, 0x05, 0x05, 0x0F, 0x0B,
  0x00, 0x00, 0x03, 0x03, 0x06, 0x07, 0x0F, 0x0F, 0x0F, 0x0B, 0x0D, 0x01, 0x08, 0x02, 0x04, 0x01,
  0x00, 0x00, 0xE0, 0xE0, 0x58, 0xF8, 0xFC, 0xFC, 0xFE, 0xFE, 0x86, 0xFE, 0x03, 0xFF, 0x53, 0xFF,
  0x00, 0x00, 0xE0, 0xE0, 0xF8, 0x78, 0x8C, 0x8C, 0x00, 0x78, 0x20, 0xD4, 0x00, 0xD6, 0x00, 0xD6,
  0x00, 0x00, 0x00, 0x00, 0x00, 0x00, 0x00, 0x00, 0x00, 0x00, 0x00, 0x00, 0x00, 0x00, 0x00, 0x00,
  0x00, 0x00, 0x00, 0x00, 0x00, 0x00, 0x00, 0x00, 0x00, 0x00, 0x00, 0x00, 0x00, 0x00, 0x00, 0x00,
  0x00, 0x00, 0x00, 0x00, 0x00, 0x00, 0x00, 0x00, 0x00, 0x00, 0x00, 0x00, 0x00, 0x00, 0x00, 0x00,
  0x00, 0x00, 0x00, 0x00, 0x00, 0x00, 0x00, 0x00, 0x00, 0x00, 0x00, 0x00, 0x00, 0x00, 0x00, 0x00,
  0x00, 0x00, 0x00, 0x00, 0x00, 0x00, 0x00, 0x00, 0x00, 0x00, 0x00, 0x00, 0x00, 0x00, 0x00, 0x00,
  0x00, 0x00, 0x00, 0x00, 0x00, 0x00, 0x00, 0x00, 0x00, 0x00, 0x00, 0x00, 0x00, 0x00, 0x00, 0x00,
  0x00, 0x00, 0x00, 0x00, 0x00, 0x00, 0x00, 0x00, 0x00, 0x00, 0x00, 0x00, 0x00, 0x00, 0x00, 0x00,
  0x00, 0x00, 0x00, 0x00, 0x00, 0x00, 0x00, 0x00, 0x00, 0x00, 0x00, 0x00, 0x00, 0x00, 0x00, 0x00,
  0xC3, 0xC3, 0x03, 0x03, 0x03, 0x03, 0x07, 0x07, 0x07, 0x07, 0x0F, 0x0F, 0x1E, 0x1F, 0x1F, 0x1F,
  0x00, 0x41, 0x00, 0x01, 0x00, 0x03, 0x00, 0x03, 0x00, 0x03, 0x00, 0x08, 0x00, 0x0D, 0x00, 0x0F,
  0xF0, 0xF0, 0xE0, 0xE0, 0xC0, 0xC0, 0x80, 0x80, 0x80, 0x80, 0xA0, 0xE0, 0x40, 0xC0, 0x80, 0x80,
  0x00, 0x80, 0x00, 0xC0, 0x00, 0x80, 0x00, 0x80, 0x00, 0x00, 0x00, 0x60, 0x00, 0xC0, 0x00, 0x80,
  0x07, 0x07, 0x07, 0x07, 0x06, 0x07, 0x04, 0x07, 0x04, 0x07, 0x04, 0x07, 0x06, 0x07, 0x03, 0x03,
  0x00, 0x00, 0x00, 0x03, 0x00, 0x03, 0x00, 0x06, 0x00, 0x06, 0x00, 0x06, 0x00, 0x03, 0x00, 0x01,
  0xD8, 0x08, 0xF0, 0xD0, 0x78, 0xF8, 0x3C, 0xFC, 0x1C, 0xFC, 0x2C, 0xFC, 0x0E, 0xFE, 0xC2, 0xFE,
  0x20, 0x20, 0x00, 0xC0, 0x00, 0xE0, 0x00, 0x70, 0x80, 0x30, 0x00, 0x38, 0x00, 0x6C, 0x00, 0xC6,
  0x00, 0x00, 0x00, 0x00, 0x00, 0x00, 0x00, 0x00, 0x00, 0x00, 0x00, 0x00, 0x00, 0x00, 0x00, 0x00,
  0x00, 0x00, 0x00, 0x00, 0x00, 0x00, 0x00, 0x00, 0x00, 0x00, 0x00, 0x00, 0x00, 0x00, 0x00, 0x00,
  0x00, 0x00, 0x00, 0x00, 0x00, 0x00, 0x00, 0x00, 0x00, 0x00, 0x00, 0x00, 0x00, 0x00, 0x00, 0x00,
  0x00, 0x00, 0x00, 0x00, 0x00, 0x00, 0x00, 0x00, 0x00, 0x00, 0x00, 0x00, 0x00, 0x00, 0x00, 0x00,
  0x00, 0x00, 0x00, 0x00, 0x00, 0x00, 0x00, 0x00, 0x00, 0x00, 0x00, 0x00, 0x00, 0x00, 0x00, 0x00,
  0x00, 0x00, 0x00, 0x00, 0x00, 0x00, 0x00, 0x00, 0x00, 0x00, 0x00, 0x00, 0x00, 0x00, 0x00, 0x00,
  0x00, 0x00, 0x00, 0x00, 0x00, 0x00, 0x00, 0x00, 0x00, 0x00, 0x00, 0x00, 0x00, 0x00, 0x00, 0x00,
  0x00, 0x00, 0x00, 0x00, 0x00, 0x00, 0x00, 0x00, 0x00, 0x00, 0x00, 0x00, 0x00, 0x00, 0x00, 0x00,
  0x4B, 0x7F, 0x48, 0x7F, 0x3C, 0x3F, 0x1F, 0x1F, 0x03, 0x03, 0x00, 0x00, 0x00, 0x00, 0x00, 0x00,
  0x00, 0x57, 0x01, 0x70, 0x00, 0x37, 0x00, 0x03, 0x00, 0x00, 0x00, 0x00, 0x00, 0x00, 0x00, 0x00,
  0xFE, 0xFE, 0x7E, 0xFE, 0x3A, 0xFE, 0xFC, 0xFC, 0xF0, 0xF0, 0x00, 0x00, 0x00, 0x00, 0x00, 0x00,
  0x00, 0xBC, 0x00, 0xD0, 0x00, 0xCC, 0x00, 0xEC, 0x00, 0x00, 0x00, 0x00, 0x00, 0x00, 0x00, 0x00,
  0x0F, 0x0F, 0x0B, 0x0F, 0x03, 0x0F, 0x07, 0x0F, 0x07, 0x0F, 0x0F, 0x0E, 0x0F, 0x0C, 0x3F, 0x3F,
  0x08, 0x09, 0x04, 0x05, 0x0E, 0x0E, 0x0E, 0x0E, 0x0E, 0x0E, 0x04, 0x04, 0x00, 0x00, 0x00, 0x30,
  0x57, 0xFF, 0xFF, 0xFF, 0xD7, 0x11, 0xFF, 0xFF, 0xC7, 0xFF, 0xC3, 0xFE, 0xC3, 0xFF, 0xE2, 0xFE,
  0x00, 0xFE, 0x00, 0xE0, 0xD6, 0xAA, 0x00, 0x00, 0x00, 0x6E, 0x09, 0x06, 0x00, 0x26, 0x00, 0xBE,
  0x00, 0x00, 0x00, 0x00, 0x00, 0x00, 0x00, 0x00, 0x00, 0x00, 0x00, 0x00, 0x00, 0x00, 0x00, 0x00,
  0x00, 0x00, 0x00, 0x00, 0x00, 0x00, 0x00, 0x00, 0x00, 0x00, 0x00, 0x00, 0x00, 0x00, 0x00, 0x00,
  0x00, 0x00, 0x00, 0x00, 0x00, 0x00, 0x00, 0x00, 0x00, 0x00, 0x00, 0x00, 0x00, 0x00, 0x00, 0x00,
  0x00, 0x00, 0x00, 0x00, 0x00, 0x00, 0x00, 0x00, 0x00, 0x00, 0x00, 0x00, 0x00, 0x00, 0x00, 0x00,
  0x00, 0x00, 0x00, 0x00, 0x00, 0x00, 0x00, 0x00, 0x00, 0x00, 0x00, 0x00, 0x00, 0x00, 0x00, 0x00,
  0x00, 0x00, 0x00, 0x00, 0x00, 0x00, 0x00, 0x00, 0x00, 0x00, 0x00, 0x00, 0x00, 0x00, 0x00, 0x00,
  0x00, 0x00, 0x00, 0x00, 0x00, 0x00, 0x00, 0x00, 0x00, 0x00, 0x00, 0x00, 0x00, 0x00, 0x00, 0x00,
  0x00, 0x00, 0x00, 0x00, 0x00, 0x00, 0x00, 0x00, 0x00, 0x00, 0x00, 0x00, 0x00, 0x00, 0x00, 0x00,
  0x0C, 0x0F, 0x07, 0x07, 0x03, 0x03, 0x00, 0x00, 0x00, 0x00, 0x00, 0x00, 0x00, 0x00, 0x00, 0x00,
  0x00, 0x07, 0x00, 0x03, 0x00, 0x00, 0x00, 0x00, 0x00, 0x00, 0x00, 0x00, 0x00, 0x00, 0x00, 0x00,
  0x80, 0x80, 0x30, 0xF0, 0xF0, 0xF0, 0x00, 0x00, 0x00, 0x00, 0x00, 0x00, 0x00, 0x00, 0x00, 0x00,
  0x00, 0x80, 0x00, 0xE0, 0x00, 0x00, 0x00, 0x00, 0x00, 0x00, 0x00, 0x00, 0x00, 0x00, 0x00, 0x00,
  0x7B, 0x7B, 0x4F, 0x7F, 0x6F, 0x7F, 0x5C, 0x7F, 0xCF, 0xFF, 0x97, 0xFF, 0xA9, 0xED, 0xC1, 0xC1,
  0x00, 0x30, 0x00, 0x30, 0x00, 0x37, 0x00, 0x27, 0x00, 0x5B, 0x00, 0x54, 0x00, 0x6C, 0x00, 0x40,
  0xC1, 0xFF, 0xE3, 0xFF, 0xF7, 0xFF, 0x3F, 0xFF, 0x0F, 0xFF, 0x87, 0xFF, 0xE4, 0xFF, 0xFE, 0xFE,
  0x00, 0x62, 0x00, 0x37, 0x00, 0x9E, 0x00, 0xFC, 0x20, 0x88, 0x00, 0xCB, 0x00, 0x7F, 0x00, 0x18,
  0x00, 0x00, 0x00, 0x00, 0x00, 0x00, 0x00, 0x00, 0x00, 0x00, 0x00, 0x00, 0x00, 0x00, 0x00, 0x00,
  0x00, 0x00, 0x00, 0x00, 0x00, 0x00, 0x00, 0x00, 0x00, 0x00, 0x00, 0x00, 0x00, 0x00, 0x00, 0x00,
  0x00, 0x00, 0x00, 0x00, 0x00, 0x00, 0x00, 0x00, 0x00, 0x00, 0x00, 0x00, 0x00, 0x00, 0x00, 0x00,
  0x00, 0x00, 0x00, 0x00, 0x00, 0x00, 0x00, 0x00, 0x00, 0x00, 0x00, 0x00, 0x00, 0x00, 0x00, 0x00,
  0x00, 0x00, 0x00, 0x00, 0x00, 0x00, 0x00, 0x00, 0x00, 0x00, 0x00, 0x00, 0x00, 0x00, 0x00, 0x00,
  0x00, 0x00, 0x00, 0x00, 0x00, 0x00, 0x00, 0x00, 0x00, 0x00, 0x00, 0x00, 0x00, 0x00, 0x00, 0x00,
  0x00, 0x00, 0x00, 0x00, 0x00, 0x00, 0x00, 0x00, 0x00, 0x00, 0x00, 0x00, 0x00, 0x00, 0x00, 0x00,
  0x00, 0x00, 0x00, 0x00, 0x00, 0x00, 0x00, 0x00, 0x00, 0x00, 0x00, 0x00, 0x00, 0x00, 0x00, 0x00,
  0x7E, 0x7F, 0x2F, 0x3F, 0x0F, 0x3F, 0x17, 0x3F, 0x2F, 0x3F, 0x7F, 0x7C, 0x5C, 0x58, 0xFD, 0x5D,
  0x28, 0x6B, 0x18, 0x1B, 0x38, 0x3B, 0x38, 0x39, 0x1C, 0x1C, 0x18, 0x18, 0x13, 0xB3, 0xA2, 0x02,
  0x7F, 0xF1, 0x5F, 0xDF, 0xFF, 0xDF, 0xFB, 0x7F, 0xE1, 0xFF, 0xE0, 0xFF, 0xF0, 0x7F, 0xF9, 0xFF,
  0x0F, 0xF3, 0x11, 0xE1, 0x61, 0xA5, 0x80, 0x8E, 0x00, 0x77, 0x02, 0x39, 0x00, 0x19, 0x00, 0x1F,
  0x00, 0x00, 0x03, 0x0F, 0x05, 0x1B, 0x19, 0x3F, 0x2D, 0x2F, 0x0F, 0x0F, 0x16, 0x17, 0x3E, 0x2F,
  0x00, 0x00, 0x0F, 0x0F, 0x1B, 0x1D, 0x3F, 0x3F, 0x3F, 0x2F, 0x36, 0x07, 0x24, 0x0F, 0x14, 0x07,
  0x00, 0x00, 0x80, 0x80, 0x60, 0xE0, 0xF0, 0xF0, 0xF8, 0xF8, 0xA4, 0xFC, 0x52, 0xFE, 0x2E, 0xFE,
  0x00, 0x00, 0x80, 0x80, 0xE0, 0xE0, 0x80, 0x80, 0x00, 0x78, 0x00, 0xFC, 0x00, 0x56, 0x00, 0x3E,
  0x00, 0x00, 0x00, 0x00, 0x00, 0x00, 0x00, 0x00, 0x00, 0x00, 0x00, 0x00, 0x00, 0x00, 0x00, 0x00,
  0x00, 0x00, 0x00, 0x00, 0x00, 0x00, 0x00, 0x00, 0x00, 0x00, 0x00, 0x00, 0x00, 0x00, 0x00, 0x00,
  0x00, 0x00, 0x00, 0x00, 0x00, 0x00, 0x00, 0x00, 0x00, 0x00, 0x00, 0x00, 0x00, 0x00, 0x00, 0x00,
  0x00, 0x00, 0x00, 0x00, 0x00, 0x00, 0x00, 0x00, 0x00, 0x00, 0x00, 0x00, 0x00, 0x00, 0x00, 0x00,
  0x00, 0x00, 0x00, 0x00, 0x00, 0x00, 0x00, 0x00, 0x00, 0x00, 0x00, 0x00, 0x00, 0x00, 0x00, 0x00,
  0x00, 0x00, 0x00, 0x00, 0x00, 0x00, 0x00, 0x00, 0x00, 0x00, 0x00, 0x00, 0x00, 0x00, 0x00, 0x00,
  0x00, 0x00, 0x00, 0x00, 0x00, 0x00, 0x00, 0x00, 0x00, 0x00, 0x00, 0x00, 0x00, 0x00, 0x00, 0x00,
  0x00, 0x00, 0x00, 0x00, 0x00, 0x00, 0x00, 0x00, 0x00, 0x00, 0x00, 0x00, 0x00, 0x00, 0x00, 0x00,
  0x31, 0x20, 0x7F, 0x7F, 0x63, 0x7F, 0xC1, 0xFF, 0xC1, 0xFF, 0xE1, 0xFF, 0xF2, 0xFF, 0xFF, 0xFF,
  0x0E, 0x0E, 0x00, 0x0E, 0x00, 0x3F, 0x00, 0x63, 0x08, 0x61, 0x00, 0x73, 0x00, 0x3F, 0x00, 0x4F,
  0x80, 0x80, 0x00, 0x00, 0x80, 0x80, 0xC0, 0xC0, 0x60, 0xE0, 0x10, 0xF0, 0x08, 0xF8, 0x1C, 0xFC,
  0x00, 0x00, 0x00, 0x00, 0x00, 0x00, 0x00, 0x80, 0x00, 0xE0, 0x00, 0x70, 0x00, 0x38, 0x00, 0xF0,
  0x00, 0x00, 0x01, 0x01, 0x03, 0x03, 0x03, 0x03, 0x06, 0x07, 0x06, 0x07, 0x05, 0x07, 0x05, 0x07,
  0x00, 0x00, 0x00, 0x00, 0x00, 0x00, 0x00, 0x01, 0x00, 0x03, 0x00, 0x03, 0x00, 0x03, 0x00, 0x03,
  0xFF, 0xDF, 0xFD, 0x85, 0xFB, 0x8B, 0xFE, 0xFF, 0xFF, 0xFF, 0xCF, 0xFF, 0xDC, 0xFF, 0xFE, 0xFE,
  0x00, 0xC1, 0x00, 0x80, 0x00, 0x01, 0x00, 0x03, 0x00, 0x97, 0x00, 0xB2, 0x00, 0xA6, 0x00, 0x8C,
  0x00, 0x00, 0xC0, 0xC0, 0xC0, 0xC0, 0x00, 0x00, 0x00, 0x00, 0x00, 0x00, 0x00, 0x00, 0x00, 0x00,
  0x00, 0x00, 0x00, 0x80, 0x00, 0x00, 0x00, 0x00, 0x00, 0x00, 0x00, 0x00, 0x00, 0x00, 0x00, 0x00,
  0x06, 0x07, 0x07, 0x07, 0x03, 0x03, 0x00, 0x00, 0x00, 0x00, 0x00, 0x00, 0x00, 0x00, 0x00, 0x00,
  0x00, 0x03, 0x00, 0x03, 0x00, 0x00, 0x00, 0x00, 0x00, 0x00, 0x00, 0x00, 0x00, 0x00, 0x00, 0x00,
  0x00, 0x00, 0x00, 0x00, 0x00, 0x00, 0x00, 0x00, 0x00, 0x00, 0x00, 0x00, 0x00, 0x00, 0x00, 0x00,
  0x00, 0x00, 0x00, 0x00, 0x00, 0x00, 0x00, 0x00, 0x00, 0x00, 0x00, 0x00, 0x00, 0x00, 0x00, 0x00,
  0x00, 0x00, 0x00, 0x00, 0x00, 0x00, 0x00, 0x00, 0x00, 0x00, 0x00, 0x00, 0x00, 0x00, 0x00, 0x00,
  0x00, 0x00, 0x00, 0x00, 0x00, 0x00, 0x00, 0x00, 0x00, 0x00, 0x00, 0x00, 0x00, 0x00, 0x00, 0x00,
  0xFF, 0x4F, 0xFF, 0x47, 0xFF, 0xFF, 0x1A, 0x1F, 0x11, 0x1F, 0x1B, 0x1F, 0x0E, 0x0E, 0x00, 0x00,
  0xB0, 0x10, 0xB8, 0xB8, 0x00, 0x01, 0x00, 0x09, 0x00, 0x0E, 0x00, 0x0E, 0x00, 0x00, 0x00, 0x00,
  0xFB, 0xFF, 0xDF, 0xFF, 0x0C, 0xFF, 0x0D, 0xFF, 0x38, 0xF8, 0xE0, 0xE0, 0x00, 0x00, 0x00, 0x00,
  0x00, 0x2E, 0x00, 0xF1, 0x00, 0x95, 0x40, 0x17, 0x00, 0xE0, 0x00, 0x00, 0x00, 0x00, 0x00, 0x00,
  0x7E, 0x7F, 0x2F, 0x3F, 0x0F, 0x3F, 0x17, 0x3F, 0x2F, 0x3F, 0x7F, 0x7C, 0x5C, 0x58, 0xFD, 0x5D,
  0x28, 0x6B, 0x18, 0x1B, 0x38, 0x3B, 0x38, 0x39, 0x1C, 0x1C, 0x18, 0x18, 0x13, 0xB3, 0xA2, 0x02,
  0x7F, 0xF1, 0x5F, 0xDF, 0xFF, 0xDF, 0xFB, 0x7F, 0xE1, 0xFF, 0xE0, 0xFF, 0xF0, 0x7F, 0xF9, 0xFF,
  0x0F, 0xF3, 0x11, 0xE1, 0x61, 0xA5, 0x80, 0x8E, 0x00, 0x77, 0x02, 0x39, 0x00, 0x19, 0x00, 0x1F,
  0x00, 0x00, 0x00, 0x00, 0x00, 0x00, 0x00, 0x00, 0x00, 0x00, 0x00, 0x00, 0x00, 0x00, 0x00, 0x00,
  0x00, 0x00, 0x00, 0x00, 0x00, 0x00, 0x00, 0x00, 0x00, 0x00, 0x00, 0x00, 0x00, 0x00, 0x00, 0x00,
  0x00, 0x00, 0x00, 0x00, 0x00, 0x00, 0x00, 0x00, 0x00, 0x00, 0x00, 0x00, 0x00, 0x00, 0x00, 0x00,
  0x00, 0x00, 0x00, 0x00, 0x00, 0x00, 0x00, 0x00, 0x00, 0x00, 0x00, 0x00, 0x00, 0x00, 0x00, 0x00,
  0x00, 0x00, 0x00, 0x00, 0x00, 0x00, 0x00, 0x00, 0x00, 0x00, 0x00, 0x00, 0x00, 0x00, 0x00, 0x00,
  0x00, 0x00, 0x00, 0x00, 0x00, 0x00, 0x00, 0x00, 0x00, 0x00, 0x00, 0x00, 0x00, 0x00, 0x00, 0x00,
  0x00, 0x00, 0x00, 0x00, 0x00, 0x00, 0x00, 0x00, 0x00, 0x00, 0x00, 0x00, 0x00, 0x00, 0x00, 0x00,
  0x00, 0x00, 0x00, 0x00, 0x00, 0x00, 0x00, 0x00, 0x00, 0x00, 0x00, 0x00, 0x00, 0x00, 0x00, 0x00,
  0xFF, 0xDF, 0xFD, 0x85, 0xFB, 0x8B, 0xFE, 0xFF, 0xFF, 0xFF, 0xCF, 0xFF, 0xDC, 0xFF, 0xFE, 0xFE,
  0x00, 0xC1, 0x00, 0x80, 0x00, 0x01, 0x00, 0x03, 0x00, 0x97, 0x00, 0xB2, 0x00, 0xA6, 0x00, 0x8C,
  0xFD, 0xFF, 0xCD, 0xFF, 0x86, 0xFE, 0x0C, 0xFC, 0xF0, 0xF0, 0x80, 0x80, 0x40, 0xC0, 0x00, 0x00,
  0x00, 0xE6, 0x00, 0xFE, 0x20, 0x8C, 0x00, 0xF0, 0x00, 0x80, 0x00, 0x00, 0x00, 0x80, 0x00, 0x00,
  0x07, 0x07, 0x0F, 0x0F, 0x0F, 0x0F, 0x1F, 0x1F, 0x37, 0x3F, 0x3F, 0x3F, 0x1F, 0x1F, 0x0E, 0x0F,
  0x00, 0x03, 0x00, 0x07, 0x00, 0x02, 0x00, 0x08, 0x00, 0x1D, 0x00, 0x1F, 0x00, 0x0F, 0x00, 0x07,
  0xB8, 0xBC, 0x98, 0x9C, 0x98, 0x9C, 0x8C, 0x8E, 0x86, 0xC6, 0x00, 0x80, 0x00, 0x00, 0x00, 0x00,
  0x00, 0x1C, 0x00, 0x0C, 0x00, 0x0C, 0x00, 0x06, 0x00, 0xC0, 0x00, 0x80, 0x00, 0x00, 0x00, 0x00,
  0x00, 0x00, 0x00, 0x00, 0x00, 0x00, 0x00, 0x00, 0x00, 0x00, 0x00, 0x00, 0x00, 0x00, 0x00, 0x00,
  0x00, 0x00, 0x00, 0x00, 0x00, 0x00, 0x00, 0x00, 0x00, 0x00, 0x00, 0x00, 0x00, 0x00, 0x00, 0x00,
  0x00, 0x00, 0x00, 0x00, 0x00, 0x00, 0x00, 0x00, 0x00, 0x00, 0x00, 0x00, 0x00, 0x00, 0x00, 0x00,
  0x00, 0x00, 0x00, 0x00, 0x00, 0x00, 0x00, 0x00, 0x00, 0x00, 0x00, 0x00, 0x00, 0x00, 0x00, 0x00,
  0x00, 0x00, 0x00, 0x00, 0x00, 0x00, 0x00, 0x00, 0x00, 0x00, 0x00, 0x00, 0x00, 0x00, 0x00, 0x00,
  0x00, 0x00, 0x00, 0x00, 0x00, 0x00, 0x00, 0x00, 0x00, 0x00, 0x00, 0x00, 0x00, 0x00, 0x00, 0x00,
  0x00, 0x00, 0x00, 0x00, 0x00, 0x00, 0x00, 0x00, 0x00, 0x00, 0x00, 0x00, 0x00, 0x00, 0x00, 0x00,
  0x00, 0x00, 0x00, 0x00, 0x00, 0x00, 0x00, 0x00, 0x00, 0x00, 0x00, 0x00, 0x00, 0x00, 0x00, 0x00,
  0xFD, 0xFC, 0xFF, 0x79, 0x3F, 0xFF, 0xDF, 0xFF, 0xFF, 0xFF, 0xFF, 0xF3, 0xF7, 0xE7, 0xE6, 0xE7,
  0x81, 0x9B, 0x46, 0xD6, 0xC0, 0xC0, 0xF8, 0xF8, 0xE0, 0xE0, 0x40, 0x40, 0x08, 0x09, 0x18, 0x19,
  0x84, 0xFC, 0x84, 0xFC, 0xC4, 0xFE, 0xFA, 0xFE, 0xFC, 0xFC, 0x1C, 0xFC, 0x08, 0xF8, 0x18, 0xF8,
  0x10, 0x4C, 0x00, 0xC4, 0x00, 0xEA, 0x00, 0x16, 0x00, 0xE4, 0x40, 0xB0, 0x00, 0x98, 0x00, 0x30,
  0x00, 0x00, 0x00, 0x00, 0x00, 0x01, 0x01, 0x01, 0x00, 0x00, 0x00, 0x00, 0x03, 0x03, 0x03, 0x03,
  0x00, 0x00, 0x00, 0x00, 0x01, 0x01, 0x01, 0x01, 0x01, 0x00, 0x01, 0x00, 0x00, 0x02, 0x01, 0x03,
  0x1E, 0x7E, 0x6F, 0x9F, 0xFD, 0xFF, 0x30, 0x3F, 0x75, 0x7F, 0xA2, 0xBF, 0xE3, 0x7F, 0xF7, 0xFF,
  0x7C, 0x7C, 0x90, 0xE6, 0xE0, 0xEF, 0xC2, 0x19, 0x80, 0x3D, 0x00, 0x73, 0x80, 0x37, 0x01, 0x3E,
  0x00, 0x00, 0x80, 0x80, 0xC0, 0xC0, 0xE0, 0xE0, 0x60, 0xE0, 0xF0, 0x90, 0x70, 0x30, 0xC8, 0xF8,
  0x00, 0x00, 0x00, 0x00, 0x00, 0x80, 0x00, 0xC0, 0x00, 0x80, 0x60, 0x20, 0x40, 0xD0, 0x00, 0x38,
  0x00, 0x00, 0x00, 0x00, 0x00, 0x00, 0x00, 0x00, 0x00, 0x00, 0x00, 0x00, 0x00, 0x00, 0x00, 0x00,
  0x00, 0x00, 0x00, 0x00, 0x00, 0x00, 0x00, 0x00, 0x00, 0x00, 0x00, 0x00, 0x00, 0x00, 0x00, 0x00,
  0x00, 0x00, 0x00, 0x00, 0x00, 0x00, 0x00, 0x00, 0x00, 0x00, 0x00, 0x00, 0x00, 0x00, 0x00, 0x00,
  0x00, 0x00, 0x00, 0x00, 0x00, 0x00, 0x00, 0x00, 0x00, 0x00, 0x00, 0x00, 0x00, 0x00, 0x00, 0x00,
  0x00, 0x00, 0x00, 0x00, 0x00, 0x00, 0x00, 0x00, 0x00, 0x00, 0x00, 0x00, 0x00, 0x00, 0x00, 0x00,
  0x00, 0x00, 0x00, 0x00, 0x00, 0x00, 0x00, 0x00, 0x00, 0x00, 0x00, 0x00, 0x00, 0x00, 0x00, 0x00,
  0x03, 0x03, 0x03, 0x02, 0x07, 0x07, 0x0F, 0x0F, 0x0B, 0x0F, 0x13, 0x1F, 0x1F, 0x1F, 0x3E, 0x3E,
  0x00, 0x01, 0x00, 0x02, 0x00, 0x00, 0x00, 0x0E, 0x00, 0x0F, 0x00, 0x1F, 0x00, 0x1E, 0x00, 0x1C,
  0xFF, 0x0F, 0xD8, 0x08, 0xA0, 0x00, 0xE0, 0xE0, 0xE0, 0xE0, 0xC1, 0xC1, 0x01, 0x01, 0x03, 0x03,
  0x00, 0x01, 0x20, 0x20, 0x40, 0x40, 0x00, 0x00, 0x00, 0x60, 0x00, 0x40, 0x00, 0x00, 0x00, 0x01,
  0x3E, 0x3C, 0x7F, 0x7F, 0xE3, 0xFF, 0xC1, 0xFF, 0xC1, 0xFF, 0xC0, 0xFF, 0xF2, 0xFF, 0xFF, 0x3F,
  0x01, 0x01, 0x00, 0x1E, 0x00, 0x3F, 0x00, 0x63, 0x08, 0x61, 0x00, 0x71, 0x00, 0xBF, 0x00, 0x0F,
  0x80, 0x80, 0x00, 0x00, 0x80, 0x80, 0x40, 0xC0, 0x10, 0xF0, 0x08, 0xF8, 0x0E, 0xFE, 0x1E, 0xFF,
  0x00, 0x00, 0x00, 0x00, 0x00, 0x80, 0x00, 0xC0, 0x00, 0xF0, 0x00, 0x38, 0x00, 0x1C, 0x00, 0xF9,
  0x00, 0x00, 0x00, 0x00, 0x00, 0x00, 0x00, 0x00, 0x00, 0x00, 0x01, 0x01, 0x01, 0x01, 0x03, 0x03,
  0x00, 0x00, 0x00, 0x00, 0x00, 0x00, 0x00, 0x00, 0x00, 0x00, 0x00, 0x00, 0x00, 0x00, 0x00, 0x01,
  0x00, 0x00, 0x00, 0x00, 0x00, 0x00, 0x01, 0x01, 0x03, 0x03, 0x03, 0x03, 0x01, 0x01, 0x00, 0x00,
  0x00, 0x00, 0x00, 0x00, 0x00, 0x00, 0x00, 0x01, 0x00, 0x01, 0x00, 0x00, 0x00, 0x00, 0x00, 0x00,
  0x60, 0x78, 0x7A, 0x7E, 0x3E, 0x3E, 0x00, 0x00, 0x00, 0x00, 0x00, 0x00, 0x00, 0x00, 0x00, 0x00,
  0x00, 0x38, 0x00, 0x3E, 0x00, 0x00, 0x00, 0x00, 0x00, 0x00, 0x00, 0x00, 0x00, 0x00, 0x00, 0x00,
  0x60, 0xE0, 0xC0, 0xE0, 0x90, 0xF0, 0xC8, 0xF8, 0x64, 0x7C, 0x3C, 0x3C, 0x00, 0x00, 0x00, 0x00,
  0x00, 0xC0, 0x00, 0xE0, 0x00, 0xC0, 0x00, 0x68, 0x00, 0x3C, 0x00, 0x00, 0x00, 0x00, 0x00, 0x00,
  0x07, 0x07, 0x09, 0x0F, 0x09, 0x0F, 0x0F, 0x0F, 0x07, 0x07, 0x00, 0x00, 0x00, 0x00, 0x00, 0x00,
  0x00, 0x00, 0x00, 0x03, 0x00, 0x0F, 0x00, 0x07, 0x00, 0x00, 0x00, 0x00, 0x00, 0x00, 0x00, 0x00,
  0xB0, 0xF0, 0xE0, 0xE0, 0xC0, 0xC0, 0x80, 0x80, 0x00, 0x00, 0x00, 0x00, 0x00, 0x00, 0x00, 0x00,
  0x00, 0xE0, 0x00, 0x40, 0x00, 0x00, 0x00, 0x00, 0x00, 0x00, 0x00, 0x00, 0x00, 0x00, 0x00, 0x00,
  0x5B, 0x53, 0xFC, 0x91, 0xFF, 0x2D, 0xFB, 0xC9, 0x7F, 0x51, 0x3F, 0x20, 0x1F, 0x11, 0x0F, 0x0F,
  0x08, 0x2A, 0x6D, 0x45, 0xDB, 0x93, 0x33, 0x25, 0x2E, 0x22, 0x1F, 0x1F, 0x0E, 0x0E, 0x00, 0x00,
  0xFD, 0xFC, 0xFF, 0x79, 0x3F, 0xFF, 0xDF, 0xFF, 0xFF, 0xFF, 0xFF, 0xF3, 0xF7, 0xE7, 0xE6, 0xE7,
  0x81, 0x9B, 0x46, 0xD6, 0xC0, 0xC0, 0xF8, 0xF8, 0xE0, 0xE0, 0x40, 0x40, 0x08, 0x09, 0x18, 0x19,
  0x00, 0x00, 0x00, 0x00, 0x00, 0x00, 0x00, 0x00, 0x00, 0x00, 0x00, 0x00, 0x00, 0x00, 0x00, 0x00,
  0x00, 0x00, 0x00, 0x00, 0x00, 0x00, 0x00, 0x00, 0x00, 0x00, 0x00, 0x00, 0x00, 0x00, 0x00, 0x00,
  0x00, 0x00, 0x00, 0x00, 0x00, 0x00, 0x00, 0x00, 0x00, 0x00, 0x00, 0x00, 0x00, 0x00, 0x00, 0x00,
  0x00, 0x00, 0x00, 0x00, 0x00, 0x00, 0x00, 0x00, 0x00, 0x00, 0x00, 0x00, 0x00, 0x00, 0x00, 0x00,
  0x00, 0x00, 0x00, 0x00, 0x00, 0x00, 0x00, 0x00, 0x00, 0x00, 0x00, 0x00, 0x00, 0x00, 0x00, 0x00,
  0x00, 0x00, 0x00, 0x00, 0x00, 0x00, 0x00, 0x00, 0x00, 0x00, 0x00, 0x00, 0x00, 0x00, 0x00, 0x00,
  0x00, 0x00, 0x00, 0x00, 0x00, 0x00, 0x00, 0x00, 0x00, 0x00, 0x00, 0x00, 0x00, 0x00, 0x00, 0x00,
  0x00, 0x00, 0x00, 0x00, 0x00, 0x00, 0x00, 0x00, 0x00, 0x00, 0x00, 0x00, 0x00, 0x00, 0x00, 0x00,
  0x7C, 0x7C, 0xF8, 0xF8, 0xF8, 0xF8, 0x60, 0xFC, 0xF0, 0xF8, 0x90, 0xF0, 0xC0, 0xF0, 0xF0, 0xF0,
  0x00, 0x38, 0x00, 0x20, 0x00, 0x80, 0x00, 0x9C, 0x00, 0xB8, 0x00, 0xF0, 0x00, 0x70, 0x00, 0x70,
  0x06, 0x07, 0x02, 0x03, 0x01, 0x01, 0x00, 0x00, 0x00, 0x00, 0x00, 0x00, 0x00, 0x00, 0x00, 0x00,
  0x00, 0x03, 0x00, 0x01, 0x00, 0x00, 0x00, 0x00, 0x00, 0x00, 0x00, 0x00, 0x00, 0x00, 0x00, 0x00,
  0xFF, 0x0F, 0xD8, 0x08, 0xA0, 0x00, 0xE0, 0xE0, 0xE0, 0xE0, 0xC1, 0xC1, 0x01, 0x01, 0x03, 0x03,
  0x00, 0x01, 0x20, 0x20, 0x40, 0x40, 0x00, 0x00, 0x00, 0x60, 0x00, 0x40, 0x00, 0x00, 0x00, 0x01,
  0xFE, 0xFF, 0xE3, 0xFF, 0x46, 0x7E, 0x8C, 0xFC, 0x98, 0xF8, 0xF0, 0xF0, 0xF8, 0xF8, 0x88, 0xF8,
  0x00, 0xE3, 0x00, 0x1E, 0x20, 0x4C, 0x00, 0x58, 0x00, 0xF0, 0x00, 0xC0, 0x00, 0x10, 0x00, 0xD0,
  0x00, 0x00, 0x00, 0x00, 0x00, 0x00, 0x00, 0x00, 0x00, 0x00, 0x00, 0x00, 0x00, 0x00, 0x00, 0x00,
  0x00, 0x00, 0x00, 0x00, 0x00, 0x00, 0x00, 0x00, 0x00, 0x00, 0x00, 0x00, 0x00, 0x00, 0x00, 0x00,
  0x00, 0x00, 0x00, 0x00, 0x00, 0x00, 0x00, 0x00, 0x00, 0x00, 0x00, 0x00, 0x00, 0x00, 0x00, 0x00,
  0x00, 0x00, 0x00, 0x00, 0x00, 0x00, 0x00, 0x00, 0x00, 0x00, 0x00, 0x00, 0x00, 0x00, 0x00, 0x00,
  0x00, 0x00, 0x00, 0x00, 0x00, 0x00, 0x00, 0x00, 0x00, 0x00, 0x00, 0x00, 0x00, 0x00, 0x00, 0x00,
  0x00, 0x00, 0x00, 0x00, 0x00, 0x00, 0x00, 0x00, 0x00, 0x00, 0x00, 0x00, 0x00, 0x00, 0x00, 0x00,
  0x00, 0x00, 0x00, 0x00, 0x00, 0x00, 0x00, 0x00, 0x00, 0x00, 0x00, 0x00, 0x00, 0x00, 0x00, 0x00,
  0x00, 0x00, 0x00, 0x00, 0x00, 0x00, 0x00, 0x00, 0x00, 0x00, 0x00, 0x00, 0x00, 0x00, 0x00, 0x00,
  0x00, 0x00, 0x00, 0x00, 0x00, 0x00, 0x00, 0x00, 0x00, 0x00, 0x60, 0x40, 0xF9, 0xE9, 0xDD, 0x05,
  0x00, 0x00, 0x00, 0x00, 0x00, 0x00, 0x00, 0x00, 0x00, 0x00, 0x20, 0x20, 0x50, 0x11, 0xD8, 0xA9,
  0x0F, 0x3F, 0x37, 0x4F, 0x7A, 0xFF, 0x9C, 0x9F, 0x32, 0x3F, 0x51, 0x5F, 0xF1, 0xBF, 0xFB, 0xFF,
  0x3E, 0x3E, 0x4C, 0x75, 0xF0, 0xF7, 0xE1, 0x8C, 0xC0, 0x1E, 0x80, 0x39, 0x40, 0x1B, 0x80, 0x9E,
  0x0F, 0x3F, 0x37, 0x4F, 0x7A, 0xFF, 0x9C, 0x9F, 0x32, 0x3F, 0x51, 0x5F, 0xF1, 0xBF, 0xFB, 0xFF,
  0x3E, 0x3E, 0x4C, 0x75, 0xF0, 0xF7, 0xE1, 0x8C, 0xC0, 0x1E, 0x80, 0x39, 0x40, 0x1B, 0x80, 0x9E,
  0x00, 0x00, 0xC0, 0xC0, 0xA0, 0xE0, 0x70, 0xF0, 0xB0, 0xF0, 0x78, 0xD8, 0xBC, 0x9C, 0xE6, 0xBE,
  0x00, 0x00, 0x00, 0x80, 0x00, 0xC0, 0x00, 0xE0, 0x00, 0xC0, 0x20, 0x80, 0x20, 0x68, 0xC0, 0x5C,
  0xDE, 0xFE, 0x4C, 0xFC, 0x68, 0x78, 0x30, 0x30, 0x00, 0x00, 0x00, 0x00, 0x00, 0x00, 0x00, 0x00,
  0x00, 0xB4, 0x00, 0xD8, 0x00, 0x38, 0x00, 0x00, 0x00, 0x00, 0x00, 0x00, 0x00, 0x00, 0x00, 0x00,
  0x00, 0x00, 0x00, 0x00, 0x00, 0x00, 0x00, 0x00, 0x00, 0x00, 0x00, 0x00, 0x00, 0x00, 0x00, 0x00,
  0x00, 0x00, 0x00, 0x00, 0x00, 0x00, 0x00, 0x00, 0x00, 0x00, 0x00, 0x00, 0x00, 0x00, 0x00, 0x00,
  0x00, 0x00, 0x00, 0x00, 0x00, 0x00, 0x00, 0x00, 0x00, 0x00, 0x00, 0x00, 0x00, 0x00, 0x00, 0x00,
  0x00, 0x00, 0x00, 0x00, 0x00, 0x00, 0x00, 0x00, 0x00, 0x00, 0x00, 0x00, 0x00, 0x00, 0x00, 0x00,
  0x00, 0x00, 0x00, 0x00, 0x00, 0x00, 0x00, 0x00, 0x00, 0x00, 0x00, 0x00, 0x00, 0x00, 0x00, 0x00,
  0x00, 0x00, 0x00, 0x00, 0x00, 0x00, 0x00, 0x00, 0x00, 0x00, 0x00, 0x00, 0x00, 0x00, 0x00, 0x00,
  0xC1, 0xFF, 0xF1, 0xFF, 0xDF, 0x5F, 0x87, 0x87, 0x03, 0x03, 0x02, 0x03, 0x02, 0x03, 0x02, 0x03,
  0x00, 0x71, 0x00, 0x1B, 0x00, 0x06, 0x00, 0x00, 0x00, 0x01, 0x00, 0x03, 0x00, 0x02, 0x00, 0x02,
  0xC0, 0xC0, 0xE0, 0xE0, 0xC0, 0xE0, 0xE0, 0xE0, 0x60, 0xE0, 0x20, 0xE0, 0x20, 0xE0, 0x20, 0xE0,
  0x00, 0x40, 0x00, 0x60, 0x00, 0x60, 0x00, 0xE0, 0x00, 0xC0, 0x00, 0x60, 0x80, 0x20, 0x00, 0x20,
  0x01, 0x01, 0x03, 0x03, 0x03, 0x03, 0x06, 0x07, 0x04, 0x07, 0x04, 0x07, 0x0E, 0x0F, 0x0F, 0x0F,
  0x00, 0x00, 0x00, 0x00, 0x00, 0x01, 0x00, 0x03, 0x00, 0x02, 0x00, 0x02, 0x00, 0x03, 0x00, 0x05,
  0xCC, 0x04, 0xF8, 0xE8, 0xF8, 0xF8, 0x18, 0xF8, 0x0C, 0xFC, 0x0E, 0xFE, 0x03, 0xFF, 0x21, 0xFF,
  0x30, 0x30, 0x00, 0x00, 0x00, 0xC0, 0x00, 0x30, 0x80, 0x18, 0x00, 0x1C, 0x00, 0x36, 0x00, 0xE3,
  0x00, 0x00, 0x00, 0x00, 0x00, 0x00, 0x00, 0x00, 0x00, 0x00, 0x00, 0x00, 0x20, 0xE0, 0xE0, 0xE0,
  0x00, 0x00, 0x00, 0x00, 0x00, 0x00, 0x00, 0x00, 0x00, 0x00, 0x00, 0x00, 0x00, 0xC0, 0x00, 0x00,
  0x27, 0x7F, 0x3F, 0x7F, 0x78, 0x78, 0x00, 0x00, 0x00, 0x00, 0x00, 0x00, 0x00, 0x00, 0x00, 0x00,
  0x00, 0x77, 0x00, 0x78, 0x00, 0x00, 0x00, 0x00, 0x00, 0x00, 0x00, 0x00, 0x00, 0x00, 0x00, 0x00,
  0xE2, 0xFE, 0xF0, 0xF8, 0xC0, 0xE0, 0x80, 0xE0, 0x80, 0xC0, 0xC0, 0xC0, 0xC0, 0xC0, 0x00, 0x00,
  0x00, 0x7E, 0x00, 0x78, 0x00, 0x60, 0x00, 0x60, 0x00, 0x40, 0x00, 0x40, 0x00, 0x00, 0x00, 0x00,
  0x00, 0x00, 0x00, 0x00, 0x00, 0x00, 0x03, 0x03, 0xFF, 0xFF, 0xFC, 0xFF, 0xFF, 0xFF, 0xFF, 0xFF,
  0x00, 0x00, 0x00, 0x00, 0x00, 0x00, 0x00, 0x01, 0x00, 0x03, 0x00, 0x6F, 0x00, 0x6F, 0x00, 0x40,
  0xEF, 0x4B, 0xF7, 0x91, 0xFF, 0xA1, 0x7F, 0x40, 0x3F, 0x21, 0x1F, 0x1B, 0x0F, 0x0F, 0x07, 0x07,
  0xA4, 0x35, 0x66, 0x4E, 0x5E, 0x52, 0x3F, 0x29, 0x1E, 0x1E, 0x04, 0x05, 0x00, 0x01, 0x00, 0x00,
  0xFE, 0xFC, 0x7F, 0xBD, 0x1F, 0xFF, 0xEF, 0xFF, 0xFF, 0xFF, 0xFF, 0x70, 0xF9, 0xE0, 0xF1, 0xE0,
  0x42, 0x4D, 0xA2, 0xE2, 0xE0, 0xE0, 0xFC, 0xFC, 0x70, 0x70, 0xA0, 0xA0, 0x06, 0x86, 0x0E, 0x0E,
  0xFE, 0xFC, 0x7F, 0xBD, 0x1F, 0xFF, 0xEF, 0xFF, 0xFF, 0xFF, 0xFF, 0x70, 0xF9, 0xE0, 0xF1, 0xE0,
  0x42, 0x4D, 0xA2, 0xE2, 0xE0, 0xE0, 0xFC, 0xFC, 0x70, 0x70, 0xA0, 0xA0, 0x06, 0x86, 0x0E, 0x0E,
  0xC2, 0x7E, 0x81, 0xFF, 0xC6, 0xFF, 0xFF, 0xFF, 0xFB, 0xFF, 0xF0, 0xFF, 0xA1, 0xBF, 0xFB, 0xFF,
  0x88, 0xA6, 0x00, 0xC2, 0x00, 0x6D, 0x80, 0xB1, 0x80, 0x8E, 0x04, 0x19, 0x00, 0x33, 0x00, 0x0A,
  0x00, 0x00, 0x00, 0x00, 0x00, 0x00, 0x00, 0x00, 0x00, 0x00, 0x00, 0x00, 0x00, 0x00, 0x00, 0x00,
  0x00, 0x00, 0x00, 0x00, 0x00, 0x00, 0x00, 0x00, 0x00, 0x00, 0x00, 0x00, 0x00, 0x00, 0x00, 0x00,
  0x00, 0x00, 0x00, 0x00, 0x00, 0x00, 0x00, 0x00, 0x00, 0x00, 0x00, 0x00, 0x00, 0x00, 0x00, 0x00,
  0x00, 0x00, 0x00, 0x00, 0x00, 0x00, 0x00, 0x00, 0x00, 0x00, 0x00, 0x00, 0x00, 0x00, 0x00, 0x00,
  0x00, 0x00, 0x00, 0x00, 0x00, 0x00, 0x00, 0x00, 0x00, 0x00, 0x00, 0x00, 0x00, 0x00, 0x00, 0x00,
  0x00, 0x00, 0x00, 0x00, 0x00, 0x00, 0x00, 0x00, 0x00, 0x00, 0x00, 0x00, 0x00, 0x00, 0x00, 0x00,
  0x00, 0x00, 0x00, 0x00, 0x00, 0x00, 0x00, 0x00, 0x00, 0x00, 0x00, 0x00, 0x00, 0x00, 0x00, 0x00,
  0x00, 0x00, 0x00, 0x00, 0x00, 0x00, 0x00, 0x00, 0x00, 0x00, 0x00, 0x00, 0x00, 0x00, 0x00, 0x00,
  0x02, 0x03, 0x01, 0x01, 0x01, 0x01, 0x00, 0x00, 0x00, 0x00, 0x00, 0x00, 0x00, 0x00, 0x00, 0x00,
  0x00, 0x01, 0x00, 0x01, 0x00, 0x00, 0x00, 0x00, 0x00, 0x00, 0x00, 0x00, 0x00, 0x00, 0x00, 0x00,
  0x20, 0xE0, 0x10, 0xF0, 0x10, 0xF0, 0x90, 0xF0, 0xD8, 0xFC, 0x78, 0x7C, 0x72, 0x7E, 0x74, 0x7F,
  0x00, 0x20, 0x00, 0xA0, 0x00, 0xF0, 0x00, 0xF0, 0x00, 0x74, 0x00, 0x70, 0x00, 0x2E, 0x00, 0x0E,
  0x1B, 0x1D, 0x3F, 0x38, 0xFE, 0xF0, 0xFD, 0xF8, 0x3F, 0xFD, 0xFE, 0xFE, 0xFC, 0xFC, 0xF6, 0xFE,
  0x00, 0x0C, 0x00, 0x18, 0x01, 0x01, 0x02, 0xE2, 0x00, 0xF0, 0x00, 0xF0, 0x00, 0xF8, 0x00, 0x1C,
  0xC1, 0xFF, 0xF1, 0xFF, 0xDF, 0x5F, 0x87, 0x87, 0x03, 0x03, 0x02, 0x03, 0x02, 0x03, 0x02, 0x03,
  0x00, 0x71, 0x00, 0x1B, 0x00, 0x06, 0x00, 0x00, 0x00, 0x01, 0x00, 0x03, 0x00, 0x02, 0x00, 0x02,
  0x00, 0x00, 0x00, 0x00, 0x00, 0x00, 0x00, 0x00, 0x00, 0x00, 0x00, 0x00, 0x00, 0x00, 0x00, 0x00,
  0x00, 0x00, 0x00, 0x00, 0x00, 0x00, 0x00, 0x00, 0x00, 0x00, 0x00, 0x00, 0x00, 0x00, 0x00, 0x00,
  0x00, 0x00, 0x00, 0x00, 0x00, 0x00, 0x00, 0x00, 0x00, 0x00, 0x00, 0x00, 0x00, 0x00, 0x00, 0x00,
  0x00, 0x00, 0x00, 0x00, 0x00, 0x00, 0x00, 0x00, 0x00, 0x00, 0x00, 0x00, 0x00, 0x00, 0x00, 0x00,
  0x00, 0x00, 0x00, 0x00, 0x00, 0x00, 0x00, 0x00, 0x00, 0x00, 0x00, 0x00, 0x00, 0x00, 0x00, 0x00,
  0x00, 0x00, 0x00, 0x00, 0x00, 0x00, 0x00, 0x00, 0x00, 0x00, 0x00, 0x00, 0x00, 0x00, 0x00, 0x00,
  0x00, 0x00, 0x00, 0x00, 0x00, 0x00, 0x00, 0x00, 0x00, 0x00, 0x00, 0x00, 0x00, 0x00, 0x00, 0x00,
  0x00, 0x00, 0x00, 0x00, 0x00, 0x00, 0x00, 0x00, 0x00, 0x00, 0x00, 0x00, 0x00, 0x00, 0x00, 0x00,
  0x7E, 0x7F, 0x2F, 0x3F, 0x0F, 0x3F, 0x17, 0x3F, 0x2F, 0x3F, 0x7F, 0x7C, 0x5C, 0x58, 0xFD, 0x5D,
  0x28, 0x6B, 0x18, 0x1B, 0x38, 0x3B, 0x38, 0x39, 0x1C, 0x1C, 0x18, 0x18, 0x13, 0xB3, 0xA2, 0x02,
  0x7F, 0xF1, 0x5F, 0xDF, 0xFF, 0xDF, 0xFB, 0x7F, 0xE1, 0xFF, 0xE0, 0xFF, 0xF0, 0x7F, 0xF9, 0xFF,
  0x0F, 0xF3, 0x11, 0xE1, 0x61, 0xA5, 0x80, 0x8E, 0x00, 0x77, 0x02, 0x39, 0x00, 0x19, 0x00, 0x1F,
  0x00, 0x00, 0x03, 0x0F, 0x05, 0x1B, 0x19, 0x3F, 0x2D, 0x2F, 0x0F, 0x0F, 0x16, 0x17, 0x3E, 0x2F,
  0x00, 0x00, 0x0F, 0x0F, 0x1B, 0x1D, 0x3F, 0x3F, 0x3F, 0x2F, 0x36, 0x07, 0x24, 0x0F, 0x14, 0x07,
  0x00, 0x00, 0x80, 0x80, 0x60, 0xE0, 0xF0, 0xF0, 0xF8, 0xF8, 0xA4, 0xFC, 0x52, 0xFE, 0x2E, 0xFE,
  0x00, 0x00, 0x80, 0x80, 0xE0, 0xE0, 0x80, 0x80, 0x00, 0x78, 0x00, 0xFC, 0x00, 0x56, 0x00, 0x3E,
  0x00, 0x00, 0x00, 0x00, 0x00, 0x00, 0x00, 0x00, 0x00, 0x00, 0x00, 0x00, 0x00, 0x00, 0x00, 0x00,
  0x00, 0x00, 0x00, 0x00, 0x00, 0x00, 0x00, 0x00, 0x00, 0x00, 0x00, 0x00, 0x00, 0x00, 0x00, 0x00,
  0x00, 0x00, 0x00, 0x00, 0x00, 0x00, 0x00, 0x00, 0x00, 0x00, 0x00, 0x00, 0x00, 0x00, 0x00, 0x00,
  0x00, 0x00, 0x00, 0x00, 0x00, 0x00, 0x00, 0x00, 0x00, 0x00, 0x00, 0x00, 0x00, 0x00, 0x00, 0x00,
  0x00, 0x00, 0x00, 0x00, 0x00, 0x00, 0x00, 0x00, 0x00, 0x00, 0x00, 0x00, 0x00, 0x00, 0x00, 0x00,
  0x00, 0x00, 0x00, 0x00, 0x00, 0x00, 0x00, 0x00, 0x00, 0x00, 0x00, 0x00, 0x00, 0x00, 0x00, 0x00,
  0x00, 0x00, 0x00, 0x00, 0x00, 0x00, 0x00, 0x00, 0x00, 0x00, 0x00, 0x00, 0x00, 0x00, 0x00, 0x00,
  0x00, 0x00, 0x00, 0x00, 0x00, 0x00, 0x00, 0x00, 0x00, 0x00, 0x00, 0x00, 0x00, 0x00, 0x00, 0x00,
  0x00, 0x00, 0x00, 0x00, 0x00, 0x00, 0x04, 0x04, 0x0E, 0x0E, 0x1A, 0x1E, 0x3E, 0x3E, 0x7F, 0x7F,
  0x00, 0x00, 0x00, 0x00, 0x00, 0x00, 0x00, 0x00, 0x00, 0x04, 0x00, 0x0E, 0x00, 0x0C, 0x00, 0x19,
  0x03, 0x03, 0x07, 0x07, 0x0C, 0x0F, 0x08, 0x0F, 0x08, 0x0F, 0x08, 0x0F, 0x1C, 0x1F, 0x1E, 0x1F,
  0x00, 0x00, 0x00, 0x01, 0x00, 0x07, 0x00, 0x0C, 0x01, 0x0C, 0x00, 0x04, 0x00, 0x06, 0x00, 0x03,
  0x11, 0x1F, 0x08, 0x0F, 0x0C, 0x0F, 0x06, 0x07, 0x07, 0x07, 0x03, 0x03, 0x03, 0x03, 0x02, 0x03,
  0x00, 0x09, 0x00, 0x0D, 0x00, 0x07, 0x00, 0x07, 0x00, 0x03, 0x00, 0x03, 0x00, 0x00, 0x00, 0x01,
  0x00, 0x00, 0x00, 0x00, 0x80, 0x80, 0xA0, 0xA0, 0xC0, 0xE0, 0xC0, 0xE0, 0xD0, 0xF0, 0x81, 0xFF,
  0x00, 0x00, 0x00, 0x00, 0x00, 0x00, 0x00, 0x00, 0x00, 0xA0, 0x00, 0x80, 0x00, 0x30, 0x00, 0xE7,
  0x03, 0x03, 0x07, 0x07, 0x0C, 0x0F, 0x08, 0x0F, 0x08, 0x0F, 0x08, 0x0F, 0x1C, 0x1F, 0x1E, 0x1F,
  0x00, 0x00, 0x00, 0x01, 0x00, 0x07, 0x00, 0x0C, 0x01, 0x0C, 0x00, 0x04, 0x00, 0x06, 0x00, 0x03,
  0xD8, 0x08, 0xF0, 0xD0, 0x70, 0xF0, 0x30, 0xF0, 0x30, 0xF0, 0x10, 0xF0, 0x28, 0xF8, 0x44, 0xFC,
  0x20, 0x20, 0x00, 0x00, 0x00, 0xC0, 0x00, 0x60, 0x00, 0x30, 0x00, 0x30, 0x00, 0x78, 0x00, 0xCC,
  0x38, 0x38, 0x00, 0x00, 0x00, 0x00, 0x00, 0x00, 0x00, 0x00, 0x00, 0x00, 0x00, 0x00, 0x00, 0x00,
  0x00, 0x18, 0x00, 0x00, 0x00, 0x00, 0x00, 0x00, 0x00, 0x00, 0x00, 0x00, 0x00, 0x00, 0x00, 0x00,
  0x00, 0x00, 0x00, 0x00, 0x00, 0x00, 0x00, 0x00, 0x00, 0x00, 0x00, 0x00, 0x00, 0x00, 0x00, 0x00,
  0x00, 0x00, 0x00, 0x00, 0x00, 0x00, 0x00, 0x00, 0x00, 0x00, 0x00, 0x00, 0x00, 0x00, 0x00, 0x00,
  0xFF, 0x4F, 0xFF, 0x47, 0xFF, 0xFF, 0x1A, 0x1F, 0x11, 0x1F, 0x1B, 0x1F, 0x0E, 0x0E, 0x00, 0x00,
  0xB0, 0x10, 0xB8, 0xB8, 0x00, 0x01, 0x00, 0x09, 0x00, 0x0E, 0x00, 0x0E, 0x00, 0x00, 0x00, 0x00,
  0xFB, 0xFF, 0xDF, 0xFF, 0x0C, 0xFF, 0x0D, 0xFF, 0x38, 0xF8, 0xE0, 0xE0, 0x00, 0x00, 0x00, 0x00,
  0x00, 0x2E, 0x00, 0xF1, 0x00, 0x95, 0x40, 0x17, 0x00, 0xE0, 0x00, 0x00, 0x00, 0x00, 0x00, 0x00,
  0x7E, 0x7F, 0x2F, 0x3F, 0x0F, 0x3F, 0x17, 0x3F, 0x2F, 0x3F, 0x7F, 0x7C, 0x5C, 0x58, 0xFD, 0x5D,
  0x28, 0x6B, 0x18, 0x1B, 0x38, 0x3B, 0x38, 0x39, 0x1C, 0x1C, 0x18, 0x18, 0x13, 0xB3, 0xA2, 0x02,
  0x7F, 0xF1, 0x5F, 0xDF, 0xFF, 0xDF, 0xFB, 0x7F, 0xE1, 0xFF, 0xE0, 0xFF, 0xF0, 0x7F, 0xF9, 0xFF,
  0x0F, 0xF3, 0x11, 0xE1, 0x61, 0xA5, 0x80, 0x8E, 0x00, 0x77, 0x02, 0x39, 0x00, 0x19, 0x00, 0x1F,
  0x00, 0x00, 0x00, 0x00, 0x00, 0x00, 0x00, 0x00, 0x00, 0x00, 0x00, 0x00, 0x00, 0x00, 0x00, 0x00,
  0x00, 0x00, 0x00, 0x00, 0x00, 0x00, 0x00, 0x00, 0x00, 0x00, 0x00, 0x00, 0x00, 0x00, 0x00, 0x00,
  0x00, 0x00, 0x00, 0x00, 0x00, 0x00, 0x00, 0x00, 0x00, 0x00, 0x00, 0x00, 0x00, 0x00, 0x00, 0x00,
  0x00, 0x00, 0x00, 0x00, 0x00, 0x00, 0x00, 0x00, 0x00, 0x00, 0x00, 0x00, 0x00, 0x00, 0x00, 0x00,
  0x00, 0x00, 0x00, 0x00, 0x00, 0x00, 0x00, 0x00, 0x00, 0x00, 0x00, 0x00, 0x00, 0x00, 0x00, 0x00,
  0x00, 0x00, 0x00, 0x00, 0x00, 0x00, 0x00, 0x00, 0x00, 0x00, 0x00, 0x00, 0x00, 0x00, 0x00, 0x00,
  0x00, 0x00, 0x00, 0x00, 0x00, 0x00, 0x00, 0x00, 0x00, 0x00, 0x00, 0x00, 0x00, 0x00, 0x00, 0x00,
  0x00, 0x00, 0x00, 0x00, 0x00, 0x00, 0x00, 0x00, 0x00, 0x00, 0x00, 0x00, 0x00, 0x00, 0x00, 0x00,
  0xF7, 0xFF, 0xD7, 0xFF, 0x8F, 0xCF, 0xC7, 0xC7, 0xC1, 0xC1, 0x00, 0x00, 0x00, 0x00, 0x00, 0x00,
  0x00, 0x3B, 0x00, 0x7B, 0x00, 0x4D, 0x00, 0x45, 0x00, 0x00, 0x00, 0x00, 0x00, 0x00, 0x00, 0x00,
  0xBF, 0xB7, 0xFF, 0xE3, 0xBD, 0xF0, 0xFA, 0xF0, 0xDC, 0xF8, 0xFC, 0xFC, 0x78, 0x78, 0x78, 0x78,
  0x00, 0x91, 0x00, 0xC0, 0x02, 0xE2, 0x04, 0xE4, 0x00, 0xE0, 0x00, 0xF0, 0x00, 0x70, 0x00, 0x60,
  0x02, 0x03, 0x03, 0x03, 0x03, 0x03, 0x00, 0x00, 0x00, 0x00, 0x00, 0x00, 0x00, 0x00, 0x00, 0x00,
  0x00, 0x01, 0x00, 0x01, 0x00, 0x00, 0x00, 0x00, 0x00, 0x00, 0x00, 0x00, 0x00, 0x00, 0x00, 0x00,
  0x7F, 0xFF, 0xF8, 0xF8, 0xC0, 0xC0, 0x00, 0x00, 0x00, 0x00, 0x00, 0x00, 0x00, 0x00, 0x00, 0x00,
  0x00, 0xF8, 0x00, 0x80, 0x00, 0x00, 0x00, 0x00, 0x00, 0x00, 0x00, 0x00, 0x00, 0x00, 0x00, 0x00,
  0xBF, 0xB7, 0xFF, 0xE3, 0xBD, 0xF0, 0xFA, 0xF0, 0xDC, 0xF8, 0xFC, 0xFC, 0x78, 0x78, 0x78, 0x78,
  0x00, 0x91, 0x00, 0xC0, 0x02, 0xE2, 0x04, 0xE4, 0x00, 0xE0, 0x00, 0xF0, 0x00, 0x70, 0x00, 0x60,
  0x83, 0xFF, 0xC2, 0xFF, 0x66, 0x7F, 0x3F, 0x3F, 0x1F, 0x1F, 0x19, 0x1F, 0x11, 0x1F, 0x11, 0x1F,
  0x00, 0xC6, 0x00, 0x6F, 0x00, 0x3D, 0x00, 0x09, 0x00, 0x06, 0x00, 0x0F, 0x00, 0x1B, 0x04, 0x19,
  0x00, 0x00, 0x00, 0x00, 0x00, 0x00, 0x00, 0x00, 0x00, 0x00, 0x00, 0x00, 0x00, 0x00, 0x00, 0x00,
  0x00, 0x00, 0x00, 0x00, 0x00, 0x00, 0x00, 0x00, 0x00, 0x00, 0x00, 0x00, 0x00, 0x00, 0x00, 0x00,
  0x00, 0x00, 0x00, 0x00, 0x00, 0x00, 0x00, 0x00, 0x00, 0x00, 0x00, 0x00, 0x00, 0x00, 0x00, 0x00,
  0x00, 0x00, 0x00, 0x00, 0x00, 0x00, 0x00, 0x00, 0x00, 0x00, 0x00, 0x00, 0x00, 0x00, 0x00, 0x00,
  0x07, 0x07, 0x1D, 0x1F, 0x2F, 0x3F, 0x10, 0x3F, 0x61, 0x7F, 0x64, 0x7F, 0x62, 0x7F, 0xE9, 0xFF,
  0x07, 0x07, 0x1F, 0x1F, 0x30, 0x3F, 0x20, 0x3E, 0x44, 0x79, 0x40, 0x74, 0x40, 0x72, 0x80, 0xBB,
  0x00, 0xC0, 0x40, 0xA0, 0xD0, 0xF0, 0x50, 0xD0, 0x00, 0xC0, 0xA0, 0xE0, 0x70, 0xF0, 0xB0, 0x90,
  0xC0, 0xC0, 0xA0, 0x60, 0x70, 0xF0, 0x30, 0x90, 0x30, 0x40, 0x10, 0xC0, 0x00, 0xE0, 0x20, 0xE0,
  0x00, 0x00, 0xE0, 0x60, 0xF0, 0x50, 0xD0, 0xD0, 0xF0, 0x50, 0xF0, 0x50, 0xE0, 0xE0, 0x00, 0x00,
  0x00, 0x00, 0x80, 0x80, 0xA0, 0x20, 0x80, 0x20, 0xA0, 0x00, 0xA0, 0xA0, 0x00, 0x00, 0x00, 0x00,
  0x00, 0x00, 0xFF, 0x81, 0xFF, 0x81, 0x83, 0x83, 0xFF, 0x81, 0xFF, 0x81, 0xFF, 0xFF, 0x00, 0x00,
  0x00, 0x00, 0x7E, 0x7E, 0x7E, 0x00, 0x02, 0x7C, 0x7E, 0x00, 0x7E, 0x7E, 0x00, 0x00, 0x00, 0x00,
  0x00, 0x00, 0x00, 0x00, 0x00, 0x00, 0x00, 0x00, 0x00, 0x00, 0x00, 0x00, 0x00, 0x00, 0x00, 0x00,
  0x00, 0x00, 0x00, 0x00, 0x00, 0x00, 0x00, 0x00, 0x00, 0x00, 0x00, 0x00, 0x00, 0x00, 0x00, 0x00,
  0x00, 0x00, 0x00, 0x00, 0x00, 0x00, 0x00, 0x00, 0x00, 0x00, 0x00, 0x00, 0x00, 0x00, 0x00, 0x00,
  0x00, 0x00, 0x00, 0x00, 0x00, 0x00, 0x00, 0x00, 0x00, 0x00, 0x00, 0x00, 0x00, 0x00, 0x00, 0x00,
  0x00, 0x00, 0x00, 0x00, 0x00, 0x00, 0x00, 0x00, 0x00, 0x00, 0x00, 0x00, 0x00, 0x00, 0x00, 0x00,
  0x00, 0x00, 0x00, 0x00, 0x00, 0x00, 0x00, 0x00, 0x00, 0x00, 0x00, 0x00, 0x00, 0x00, 0x00, 0x00,
  0x00, 0x00, 0x00, 0x00, 0x00, 0x00, 0x00, 0x00, 0x00, 0x00, 0x00, 0x00, 0x00, 0x00, 0x00, 0x00,
  0x00, 0x00, 0x00, 0x00, 0x00, 0x00, 0x00, 0x00, 0x00, 0x00, 0x00, 0x00, 0x00, 0x00, 0x00, 0x00,
  0x82, 0xC3, 0xC2, 0xC3, 0x07, 0x07, 0x0F, 0x0F, 0x1F, 0x1F, 0x37, 0x3F, 0x36, 0x3F, 0x1F, 0x1F,
  0x00, 0x40, 0x00, 0x03, 0x00, 0x03, 0x00, 0x03, 0x00, 0x08, 0x00, 0x1C, 0x00, 0x1E, 0x00, 0x0F,
  0x20, 0xE0, 0x40, 0xC0, 0x80, 0x80, 0x80, 0x80, 0xC0, 0xC0, 0x40, 0xC0, 0x80, 0x80, 0x80, 0x80,
  0x00, 0x60, 0x00, 0xC0, 0x00, 0x00, 0x00, 0x00, 0x00, 0x00, 0x00, 0x80, 0x00, 0x80, 0x00, 0x00,
  0x07, 0x07, 0x0F, 0x0F, 0x1C, 0x1F, 0x18, 0x1F, 0x18, 0x1F, 0x08, 0x0F, 0x0C, 0x0F, 0x06, 0x07,
  0x00, 0x00, 0x00, 0x07, 0x00, 0x0F, 0x00, 0x0C, 0x01, 0x08, 0x00, 0x04, 0x00, 0x06, 0x00, 0x03,
  0xF0, 0xD0, 0xE0, 0xE0, 0xE0, 0xE0, 0x70, 0xF0, 0x30, 0xF0, 0x30, 0xF0, 0x18, 0xF8, 0x18, 0xF8,
  0x00, 0x00, 0x00, 0x80, 0x00, 0xC0, 0x00, 0xC0, 0x00, 0x60, 0x00, 0x60, 0x00, 0xF0, 0x00, 0xB0,
  0x00, 0x00, 0x00, 0x00, 0x00, 0x00, 0x00, 0x00, 0x00, 0x00, 0x00, 0x00, 0x00, 0x00, 0x00, 0x00,
  0x00, 0x00, 0x00, 0x00, 0x00, 0x00, 0x00, 0x00, 0x00, 0x00, 0x00, 0x00, 0x00, 0x00, 0x00, 0x00,
  0x00, 0x00, 0x00, 0x00, 0x00, 0x00, 0x00, 0x00, 0x00, 0x00, 0x00, 0x00, 0x00, 0x00, 0x00, 0x00,
  0x00, 0x00, 0x00, 0x00, 0x00, 0x00, 0x00, 0x00, 0x00, 0x00, 0x00, 0x00, 0x00, 0x00, 0x00, 0x00,
  0x00, 0x00, 0x00, 0x00, 0x00, 0x00, 0x00, 0x00, 0x00, 0x00, 0x00, 0x00, 0x00, 0x00, 0x00, 0x00,
  0x00, 0x00, 0x00, 0x00, 0x00, 0x00, 0x00, 0x00, 0x00, 0x00, 0x00, 0x00, 0x00, 0x00, 0x00, 0x00,
  0x00, 0x00, 0x00, 0x00, 0x00, 0x00, 0x00, 0x00, 0x00, 0x00, 0x00, 0x00, 0x00, 0x00, 0x00, 0x00,
  0x00, 0x00, 0x00, 0x00, 0x00, 0x00, 0x00, 0x00, 0x00, 0x00, 0x00, 0x00, 0x00, 0x00, 0x00, 0x00,
  0x77, 0xFF, 0x7E, 0xFE, 0xFF, 0xFC, 0xFF, 0x79, 0x7F, 0x3F, 0xFF, 0xFF, 0x7F, 0x71, 0x3B, 0x30,
  0x80, 0x9E, 0xC0, 0xDD, 0x43, 0x48, 0xE6, 0x66, 0x70, 0xB1, 0x10, 0x10, 0x00, 0x00, 0x04, 0x04,
  0xB0, 0x90, 0x78, 0x78, 0xCC, 0xFC, 0x86, 0xFE, 0x03, 0xFF, 0x87, 0xFF, 0xC7, 0xFF, 0xFD, 0xFF,
  0xA0, 0x40, 0x00, 0xB8, 0x00, 0x7C, 0x00, 0xCC, 0x10, 0x86, 0x00, 0xC6, 0x00, 0x64, 0x00, 0x3B,
  0x00, 0x00, 0x00, 0x00, 0x00, 0x00, 0x00, 0x00, 0x00, 0x00, 0x00, 0x00, 0x00, 0x00, 0x00, 0x00,
  0x00, 0x00, 0x00, 0x00, 0x00, 0x00, 0x00, 0x00, 0x00, 0x00, 0x00, 0x00, 0x00, 0x00, 0x00, 0x00,
  0x00, 0x00, 0x00, 0x00, 0x00, 0x00, 0x00, 0x00, 0x00, 0x00, 0x00, 0x00, 0x00, 0x00, 0x00, 0x00,
  0x00, 0x00, 0x00, 0x00, 0x00, 0x00, 0x00, 0x00, 0x00, 0x00, 0x00, 0x00, 0x00, 0x00, 0x00, 0x00,
  0x00, 0x00, 0x00, 0x00, 0x00, 0x00, 0x00, 0x00, 0x00, 0x00, 0x00, 0x00, 0x00, 0x00, 0x00, 0x00,
  0x00, 0x00, 0x00, 0x00, 0x00, 0x00, 0x00, 0x00, 0x00, 0x00, 0x00, 0x00, 0x00, 0x00, 0x00, 0x00,
  0x00, 0x00, 0x00, 0x00, 0x00, 0x00, 0x00, 0x00, 0x00, 0x00, 0x00, 0x00, 0x00, 0x00, 0x00, 0x00,
  0x00, 0x00, 0x00, 0x00, 0x00, 0x00, 0x00, 0x00, 0x00, 0x00, 0x00, 0x00, 0x00, 0x00, 0x00, 0x00,
  0x00, 0x00, 0x00, 0x00, 0x00, 0x00, 0x00, 0x00, 0x00, 0x00, 0x00, 0x00, 0x00, 0x00, 0x00, 0x00,
  0x00, 0x00, 0x00, 0x00, 0x00, 0x00, 0x00, 0x00, 0x00, 0x00, 0x00, 0x00, 0x00, 0x00, 0x00, 0x00,
  0x00, 0x00, 0x00, 0x00, 0x00, 0x00, 0x00, 0x00, 0x00, 0x00, 0x00, 0x00, 0x00, 0x00, 0x00, 0x00,
  0x00, 0x00, 0x00, 0x00, 0x00, 0x00, 0x00, 0x00, 0x00, 0x00, 0x00, 0x00, 0x00, 0x00, 0x00, 0x00,
  0x0C, 0x0F, 0x06, 0x07, 0x03, 0x03, 0x00, 0x00, 0x00, 0x00, 0x00, 0x00, 0x00, 0x00, 0x00, 0x00,
  0x00, 0x07, 0x00, 0x03, 0x00, 0x00, 0x00, 0x00, 0x00, 0x00, 0x00, 0x00, 0x00, 0x00, 0x00, 0x00,
  0x80, 0x80, 0x20, 0xE0, 0xE0, 0xE0, 0x00, 0x00, 0x00, 0x00, 0x00, 0x00, 0x00, 0x00, 0x00, 0x00,
  0x00, 0x80, 0x00, 0x60, 0x00, 0x00, 0x00, 0x00, 0x00, 0x00, 0x00, 0x00, 0x00, 0x00, 0x00, 0x00,
  0x73, 0x73, 0x7F, 0x7F, 0x7F, 0x7F, 0x7F, 0x7F, 0xEF, 0xFF, 0xD9, 0xFD, 0xF1, 0xF1, 0xE0, 0xE1,
  0x00, 0x31, 0x00, 0x31, 0x00, 0x2E, 0x00, 0x26, 0x00, 0x71, 0x00, 0x7C, 0x00, 0x41, 0x00, 0x61,
  0x08, 0xF8, 0x08, 0xF8, 0x9E, 0xFE, 0xFC, 0xFE, 0xFC, 0xFE, 0x9E, 0xFE, 0x06, 0xFE, 0x08, 0xF8,
  0x00, 0x18, 0x00, 0x98, 0x00, 0xF8, 0x00, 0x72, 0x00, 0x46, 0x00, 0xFE, 0x00, 0x3C, 0x80, 0x18,
  0x00, 0x00, 0x00, 0x00, 0x00, 0x00, 0x00, 0x00, 0x00, 0x00, 0x00, 0x00, 0x00, 0x00, 0x00, 0x00,
  0x00, 0x00, 0x00, 0x00, 0x00, 0x00, 0x00, 0x00, 0x00, 0x00, 0x00, 0x00, 0x00, 0x00, 0x00, 0x00,
  0x00, 0x00, 0x00, 0x00, 0x00, 0x00, 0x00, 0x00, 0x00, 0x00, 0x00, 0x00, 0x00, 0x00, 0x00, 0x00,
  0x00, 0x00, 0x00, 0x00, 0x00, 0x00, 0x00, 0x00, 0x00, 0x00, 0x00, 0x00, 0x00, 0x00, 0x00, 0x00,
  0x00, 0x00, 0x00, 0x00, 0x00, 0x00, 0x00, 0x00, 0x00, 0x00, 0x00, 0x00, 0x00, 0x00, 0x00, 0x00,
  0x00, 0x00, 0x00, 0x00, 0x00, 0x00, 0x00, 0x00, 0x00, 0x00, 0x00, 0x00, 0x00, 0x00, 0x00, 0x00,
  0x00, 0x00, 0x00, 0x00, 0x00, 0x00, 0x00, 0x00, 0x00, 0x00, 0x00, 0x00, 0x00, 0x00, 0x00, 0x00,
  0x00, 0x00, 0x00, 0x00, 0x00, 0x00, 0x00, 0x00, 0x00, 0x00, 0x00, 0x00, 0x00, 0x00, 0x00, 0x00,
  0x07, 0x07, 0x1D, 0x1F, 0x2F, 0x3F, 0x10, 0x3F, 0x61, 0x7F, 0x64, 0x7F, 0x62, 0x7F, 0xE9, 0xFF,
  0x07, 0x07, 0x1F, 0x1F, 0x30, 0x3F, 0x20, 0x3E, 0x44, 0x79, 0x40, 0x74, 0x40, 0x72, 0x80, 0xBB,
  0x00, 0xC0, 0x40, 0xA0, 0xD0, 0xF0, 0x50, 0xD0, 0x00, 0xC0, 0xA0, 0xE0, 0x70, 0xF0, 0xB0, 0x90,
  0xC0, 0xC0, 0xA0, 0x60, 0x70, 0xF0, 0x30, 0x90, 0x30, 0x40, 0x10, 0xC0, 0x00, 0xE0, 0x20, 0xE0,
  0x00, 0x00, 0xE0, 0x60, 0xF0, 0x50, 0xD0, 0xD0, 0xF0, 0x50, 0xF0, 0x50, 0xE0, 0xE0, 0x00, 0x00,
  0x00, 0x00, 0x80, 0x80, 0xA0, 0x20, 0x80, 0x20, 0xA0, 0x00, 0xA0, 0xA0, 0x00, 0x00, 0x00, 0x00,
  0x00, 0x00, 0xFF, 0x81, 0xFF, 0x81, 0x83, 0x83, 0xFF, 0x81, 0xFF, 0x81, 0xFF, 0xFF, 0x00, 0x00,
  0x00, 0x00, 0x7E, 0x7E, 0x7E, 0x00, 0x02, 0x7C, 0x7E, 0x00, 0x7E, 0x7E, 0x00, 0x00, 0x00, 0x00,
  0x00, 0x00, 0x00, 0x00, 0x00, 0x00, 0x00, 0x00, 0x00, 0x00, 0x00, 0x00, 0x00, 0x00, 0x00, 0x00,
  0x00, 0x00, 0x00, 0x00, 0x00, 0x00, 0x00, 0x00, 0x00, 0x00, 0x00, 0x00, 0x00, 0x00, 0x00, 0x00,
  0x00, 0x00, 0x00, 0x00, 0x00, 0x00, 0x00, 0x00, 0x00, 0x00, 0x00, 0x00, 0x00, 0x00, 0x00, 0x00,
  0x00, 0x00, 0x00, 0x00, 0x00, 0x00, 0x00, 0x00, 0x00, 0x00, 0x00, 0x00, 0x00, 0x00, 0x00, 0x00,
  0x00, 0x00, 0x00, 0x00, 0x00, 0x00, 0x00, 0x00, 0x00, 0x00, 0x00, 0x00, 0x00, 0x00, 0x00, 0x00,
  0x00, 0x00, 0x00, 0x00, 0x00, 0x00, 0x00, 0x00, 0x00, 0x00, 0x00, 0x00, 0x00, 0x00, 0x00, 0x00,
  0x00, 0x00, 0x00, 0x00, 0x00, 0x00, 0x00, 0x00, 0x00, 0x00, 0x00, 0x00, 0x00, 0x00, 0x00, 0x00,
  0x00, 0x00, 0x00, 0x00, 0x00, 0x00, 0x00, 0x00, 0x00, 0x00, 0x00, 0x00, 0x00, 0x00, 0x00, 0x00,
  0x39, 0x20, 0x7D, 0x78, 0xCF, 0xFC, 0x87, 0xFE, 0x83, 0xFE, 0x83, 0xFE, 0xC7, 0xFE, 0xFB, 0xFF,
  0x06, 0x06, 0x02, 0x02, 0x00, 0x78, 0x00, 0x4C, 0x10, 0x44, 0x00, 0x44, 0x00, 0x44, 0x00, 0x7C,
  0x80, 0x80, 0xC0, 0xC0, 0xE0, 0xE0, 0xB0, 0xF0, 0x88, 0xF8, 0xE4, 0x7C, 0x76, 0x3E, 0xBF, 0x0F,
  0x00, 0x00, 0x00, 0x80, 0x00, 0xC0, 0x00, 0xF0, 0x00, 0xF8, 0x00, 0x7C, 0x80, 0xB8, 0x40, 0x4A,
  0x06, 0x07, 0x0F, 0x0F, 0x0F, 0x0F, 0x3F, 0x3F, 0x4E, 0x7F, 0x59, 0x7F, 0x72, 0x7E, 0x3E, 0x3E,
  0x00, 0x03, 0x00, 0x03, 0x00, 0x06, 0x00, 0x10, 0x00, 0x33, 0x00, 0x3D, 0x00, 0x3E, 0x00, 0x1E,
  0x4F, 0xCF, 0x87, 0x87, 0x03, 0x03, 0x01, 0x01, 0x80, 0x80, 0x00, 0x00, 0x00, 0x00, 0x00, 0x00,
  0x00, 0xC7, 0x00, 0x83, 0x00, 0x01, 0x00, 0x00, 0x00, 0x80, 0x00, 0x00, 0x00, 0x00, 0x00, 0x00,
  0x00, 0x00, 0x00, 0x00, 0x00, 0x00, 0x00, 0x00, 0x01, 0x01, 0x03, 0x03, 0x02, 0x03, 0x06, 0x07,
  0x00, 0x00, 0x00, 0x00, 0x00, 0x00, 0x00, 0x00, 0x00, 0x00, 0x00, 0x01, 0x00, 0x01, 0x00, 0x03,
  0x00, 0x00, 0x00, 0x80, 0x80, 0x80, 0xC0, 0xC0, 0xC0, 0xC0, 0x00, 0x00, 0x00, 0x00, 0x00, 0x00,
  0x00, 0x00, 0x00, 0x80, 0x00, 0x80, 0x00, 0xC0, 0x00, 0x00, 0x00, 0x00, 0x00, 0x00, 0x00, 0x00,
  0x00, 0x00, 0x00, 0x00, 0x00, 0x00, 0x00, 0x00, 0x00, 0x00, 0x00, 0x00, 0x00, 0x00, 0x00, 0x00,
  0x00, 0x00, 0x00, 0x00, 0x00, 0x00, 0x00, 0x00, 0x00, 0x00, 0x00, 0x00, 0x00, 0x00, 0x00, 0x00,
  0x00, 0x00, 0x00, 0x00, 0x00, 0x00, 0x00, 0x00, 0x00, 0x00, 0x00, 0x00, 0x00, 0x00, 0x00, 0x00,
  0x00, 0x00, 0x00, 0x00, 0x00, 0x00, 0x00, 0x00, 0x00, 0x00, 0x00, 0x00, 0x00, 0x00, 0x00, 0x00,
  0x77, 0xFF, 0x7E, 0xFE, 0xFF, 0xFC, 0xFF, 0x79, 0x7F, 0x3F, 0xFF, 0xFF, 0x7F, 0x71, 0x3B, 0x30,
  0x80, 0x9E, 0xC0, 0xDD, 0x43, 0x48, 0xE6, 0x66, 0x70, 0xB1, 0x10, 0x10, 0x00, 0x00, 0x04, 0x04,
  0xB0, 0x90, 0x78, 0x78, 0xCC, 0xFC, 0x86, 0xFE, 0x03, 0xFF, 0x87, 0xFF, 0xC7, 0xFF, 0xFD, 0xFF,
  0xA0, 0x40, 0x00, 0xB8, 0x00, 0x7C, 0x00, 0xCC, 0x10, 0x86, 0x00, 0xC6, 0x00, 0x64, 0x00, 0x3B,
  0x00, 0x00, 0x00, 0x00, 0x00, 0x00, 0x00, 0x00, 0x00, 0x00, 0x00, 0x00, 0x00, 0x00, 0x00, 0x00,
  0x00, 0x00, 0x00, 0x00, 0x00, 0x00, 0x00, 0x00, 0x00, 0x00, 0x00, 0x00, 0x00, 0x00, 0x00, 0x00,
  0x00, 0x00, 0x00, 0x00, 0x00, 0x00, 0x00, 0x00, 0x00, 0x00, 0x00, 0x00, 0x00, 0x00, 0x00, 0x00,
  0x00, 0x00, 0x00, 0x00, 0x00, 0x00, 0x00, 0x00, 0x00, 0x00, 0x00, 0x00, 0x00, 0x00, 0x00, 0x00,
  0x00, 0x00, 0x00, 0x00, 0x00, 0x00, 0x00, 0x00, 0x00, 0x00, 0x00, 0x00, 0x00, 0x00, 0x00, 0x00,
  0x00, 0x00, 0x00, 0x00, 0x00, 0x00, 0x00, 0x00, 0x00, 0x00, 0x00, 0x00, 0x00, 0x00, 0x00, 0x00,
  0x00, 0x00, 0x00, 0x00, 0x00, 0x00, 0x00, 0x00, 0x00, 0x00, 0x00, 0x00, 0x00, 0x00, 0x00, 0x00,
  0x00, 0x00, 0x00, 0x00, 0x00, 0x00, 0x00, 0x00, 0x00, 0x00, 0x00, 0x00, 0x00, 0x00, 0x00, 0x00,
  0x00, 0x00, 0x00, 0x00, 0x00, 0x00, 0x00, 0x00, 0x00, 0x00, 0x00, 0x00, 0x00, 0x00, 0x00, 0x00,
  0x00, 0x00, 0x00, 0x00, 0x00, 0x00, 0x00, 0x00, 0x00, 0x00, 0x00, 0x00, 0x00, 0x00, 0x00, 0x00,
  0x00, 0x00, 0x00, 0x00, 0x00, 0x00, 0x00, 0x00, 0x00, 0x00, 0x00, 0x00, 0x00, 0x00, 0x00, 0x00,
  0x00, 0x00, 0x00, 0x00, 0x00, 0x00, 0x00, 0x00, 0x00, 0x00, 0x00, 0x00, 0x00, 0x00, 0x00, 0x00,
  0x43, 0x7F, 0x43, 0x7F, 0x67, 0x7F, 0xFF, 0xFF, 0xFB, 0xFF, 0x0B, 0xFF, 0x0F, 0xFF, 0x3F, 0xFF,
  0x00, 0x64, 0x00, 0x24, 0x00, 0x3C, 0x00, 0x09, 0x00, 0xE5, 0x00, 0x9C, 0x80, 0x38, 0x00, 0x63,
  0xFD, 0xFF, 0xFE, 0xFE, 0xCC, 0xFC, 0x90, 0xF0, 0xC0, 0xC0, 0x80, 0x80, 0xC0, 0xC0, 0x40, 0xC0,
  0x00, 0x06, 0x00, 0x7E, 0x00, 0xF8, 0x00, 0xE0, 0x00, 0x80, 0x00, 0x00, 0x00, 0x00, 0x00, 0xC0,
  0x19, 0x1F, 0x0C, 0x0F, 0x07, 0x07, 0x00, 0x00, 0x00, 0x00, 0x00, 0x00, 0x00, 0x00, 0x00, 0x00,
  0x00, 0x0D, 0x00, 0x07, 0x00, 0x00, 0x00, 0x00, 0x00, 0x00, 0x00, 0x00, 0x00, 0x00, 0x00, 0x00,
  0x00, 0x00, 0xC0, 0xC0, 0xC0, 0xC0, 0x00, 0x00, 0x00, 0x00, 0x00, 0x00, 0x00, 0x00, 0x00, 0x00,
  0x00, 0x00, 0x00, 0x80, 0x00, 0x00, 0x00, 0x00, 0x00, 0x00, 0x00, 0x00, 0x00, 0x00, 0x00, 0x00,
  0x00, 0x00, 0x00, 0x00, 0x00, 0x00, 0x00, 0x00, 0x00, 0x00, 0x00, 0x00, 0x00, 0x00, 0x00, 0x00,
  0x00, 0x00, 0x00, 0x00, 0x00, 0x00, 0x00, 0x00, 0x00, 0x00, 0x00, 0x00, 0x00, 0x00, 0x00, 0x00,
  0x00, 0x00, 0x00, 0x00, 0x00, 0x00, 0x00, 0x00, 0x00, 0x00, 0x00, 0x00, 0x00, 0x00, 0x00, 0x00,
  0x00, 0x00, 0x00, 0x00, 0x00, 0x00, 0x00, 0x00, 0x00, 0x00, 0x00, 0x00, 0x00, 0x00, 0x00, 0x00,
  0x00, 0x00, 0x00, 0x00, 0x00, 0x00, 0x00, 0x00, 0x00, 0x00, 0x00, 0x00, 0x00, 0x00, 0x00, 0x00,
  0x00, 0x00, 0x00, 0x00, 0x00, 0x00, 0x00, 0x00, 0x00, 0x00, 0x00, 0x00, 0x00, 0x00, 0x00, 0x00,
  0x00, 0x00, 0x00, 0x00, 0x00, 0x00, 0x00, 0x00, 0x00, 0x00, 0x00, 0x00, 0x00, 0x00, 0x00, 0x00,
  0x00, 0x00, 0x00, 0x00, 0x00, 0x00, 0x00, 0x00, 0x00, 0x00, 0x00, 0x00, 0x00, 0x00, 0x00, 0x00,
  0x00, 0x00, 0x03, 0x03, 0x06, 0x0F, 0x1F, 0x1F, 0x3E, 0x3F, 0x7C, 0x7F, 0xFC, 0xFF, 0xFC, 0xFF,
  0x00, 0x00, 0x03, 0x03, 0x07, 0x0F, 0x06, 0x17, 0x0C, 0x2F, 0x08, 0x4F, 0x10, 0xD6, 0x10, 0xD6,
  0xE0, 0xF8, 0x28, 0xF4, 0x6A, 0xFE, 0xFA, 0xFA, 0x08, 0xF8, 0x24, 0xFC, 0x16, 0xFE, 0x4E, 0xFA,
  0xF8, 0xF8, 0xF4, 0xEC, 0xFE, 0xFE, 0x0E, 0xFA, 0x86, 0x50, 0x02, 0x28, 0x00, 0x9C, 0x04, 0x5C,
  0x00, 0x00, 0xE0, 0x60, 0xF0, 0x50, 0xD0, 0xD0, 0xF0, 0x50, 0xF0, 0x50, 0xE0, 0xE0, 0x00, 0x00,
  0x00, 0x00, 0x80, 0x80, 0xA0, 0x20, 0x80, 0x20, 0xA0, 0x00, 0xA0, 0xA0, 0x00, 0x00, 0x00, 0x00,
  0x00, 0x00, 0xFF, 0x81, 0xFF, 0x81, 0x83, 0x83, 0xFF, 0x81, 0xFF, 0x81, 0xFF, 0xFF, 0x00, 0x00,
  0x00, 0x00, 0x7E, 0x7E, 0x7E, 0x00, 0x02, 0x7C, 0x7E, 0x00, 0x7E, 0x7E, 0x00, 0x00, 0x00, 0x00,
  0x00, 0x00, 0x00, 0x00, 0x80, 0x80, 0xC0, 0xC0, 0x60, 0xE0, 0x60, 0xE0, 0xE0, 0xE0, 0xA0, 0xE0,
  0x00, 0x00, 0x00, 0x00, 0x00, 0x80, 0x00, 0x80, 0x00, 0xC0, 0x00, 0xC0, 0x00, 0x80, 0x00, 0x60,
  0x00, 0x00, 0x00, 0x00, 0x00, 0x00, 0x00, 0x00, 0x00, 0x00, 0x00, 0x00, 0x00, 0x00, 0x00, 0x00,
  0x00, 0x00, 0x00, 0x00, 0x00, 0x00, 0x00, 0x00, 0x00, 0x00, 0x00, 0x00, 0x00, 0x00, 0x00, 0x00,
  0x00, 0x00, 0x00, 0x00, 0x00, 0x00, 0x00, 0x00, 0x00, 0x00, 0x00, 0x00, 0x00, 0x00, 0x00, 0x00,
  0x00, 0x00, 0x00, 0x00, 0x00, 0x00, 0x00, 0x00, 0x00, 0x00, 0x00, 0x00, 0x00, 0x00, 0x00, 0x00,
  0x00, 0x00, 0x00, 0x00, 0x00, 0x00, 0x00, 0x00, 0x00, 0x00, 0x00, 0x00, 0x00, 0x00, 0x00, 0x00,
  0x00, 0x00, 0x00, 0x00, 0x00, 0x00, 0x00, 0x00, 0x00, 0x00, 0x00, 0x00, 0x00, 0x00, 0x00, 0x00,
  0x01, 0x01, 0x01, 0x01, 0x03, 0x03, 0x07, 0x07, 0x0C, 0x0F, 0x08, 0x0F, 0x18, 0x1F, 0x11, 0x1F,
  0x00, 0x01, 0x00, 0x01, 0x00, 0x00, 0x00, 0x03, 0x00, 0x07, 0x02, 0x0C, 0x00, 0x09, 0x00, 0x1F,
  0x0C, 0xFC, 0x18, 0xF8, 0xB0, 0xF0, 0xE0, 0xE0, 0xE0, 0xF0, 0x50, 0xF0, 0xC1, 0xC1, 0x03, 0x03,
  0x00, 0x98, 0x00, 0xF0, 0x00, 0x60, 0x00, 0x00, 0x00, 0xB0, 0x00, 0xF0, 0x00, 0xC0, 0x00, 0x01,
  0x3E, 0x3C, 0x7F, 0x7E, 0x67, 0x7E, 0xC3, 0xFE, 0xC3, 0xFF, 0xC3, 0xFF, 0xA7, 0xFF, 0x9F, 0xFF,
  0x01, 0x01, 0x00, 0x18, 0x00, 0x3C, 0x00, 0x66, 0x10, 0x42, 0x00, 0xE6, 0x00, 0xFE, 0x00, 0xBC,
  0xC0, 0x40, 0xE0, 0x60, 0xF0, 0xF0, 0x98, 0xF8, 0xCC, 0xFC, 0xF6, 0x7E, 0xBF, 0x3F, 0xDE, 0x8F,
  0x00, 0x00, 0x00, 0x00, 0x00, 0x60, 0x00, 0x70, 0x00, 0x78, 0x00, 0x7C, 0x40, 0x7E, 0x20, 0x2D,
  0x00, 0x00, 0x00, 0x00, 0x00, 0x00, 0x01, 0x01, 0x03, 0x03, 0x03, 0x03, 0x01, 0x01, 0x00, 0x00,
  0x00, 0x00, 0x00, 0x00, 0x00, 0x00, 0x00, 0x01, 0x00, 0x01, 0x00, 0x00, 0x00, 0x00, 0x00, 0x00,
  0xC0, 0xF0, 0x66, 0x7E, 0x7E, 0x7E, 0x00, 0x00, 0x00, 0x00, 0x00, 0x00, 0x00, 0x00, 0x00, 0x00,
  0x00, 0x60, 0x00, 0x3C, 0x00, 0x00, 0x00, 0x00, 0x00, 0x00, 0x00, 0x00, 0x00, 0x00, 0x00, 0x00,
  0xF0, 0xF0, 0xE8, 0xF8, 0xE8, 0xF8, 0x78, 0x78, 0x3A, 0x3E, 0x1E, 0x1E, 0x00, 0x00, 0x00, 0x00,
  0x00, 0xC0, 0x00, 0xF0, 0x00, 0x70, 0x00, 0x38, 0x00, 0x1C, 0x00, 0x00, 0x00, 0x00, 0x00, 0x00,
  0x00, 0x00, 0x00, 0x00, 0x00, 0x00, 0x00, 0x00, 0x00, 0x00, 0x00, 0x00, 0x00, 0x00, 0x00, 0x00,
  0x00, 0x00, 0x00, 0x00, 0x00, 0x00, 0x00, 0x00, 0x00, 0x00, 0x00, 0x00, 0x00, 0x00, 0x00, 0x00,
  0xEC, 0xFF, 0xEE, 0xFF, 0xFF, 0xFF, 0xFF, 0xEF, 0x6F, 0x67, 0x3F, 0x3F, 0x1F, 0x18, 0x0F, 0x0C,
  0x10, 0x97, 0x10, 0x93, 0x00, 0x03, 0x10, 0x51, 0x0C, 0x1C, 0x06, 0x06, 0x00, 0x00, 0x00, 0x00,
  0x36, 0xF2, 0xF7, 0xF7, 0xC9, 0xCF, 0xF0, 0x9F, 0xE0, 0x3F, 0xF0, 0xFF, 0xF8, 0x7F, 0x7F, 0x3F,
  0x06, 0x7A, 0x10, 0xCB, 0x00, 0xBF, 0x60, 0x19, 0xC2, 0xD0, 0x00, 0x38, 0x00, 0x1F, 0x80, 0x87,
  0x00, 0x00, 0x00, 0x00, 0x00, 0x00, 0x00, 0x00, 0x00, 0x00, 0x00, 0x00, 0x00, 0x00, 0x00, 0x00,
  0x00, 0x00, 0x00, 0x00, 0x00, 0x00, 0x00, 0x00, 0x00, 0x00, 0x00, 0x00, 0x00, 0x00, 0x00, 0x00,
  0x00, 0x00, 0x00, 0x00, 0x00, 0x00, 0x00, 0x00, 0x00, 0x00, 0x00, 0x00, 0x00, 0x00, 0x00, 0x00,
  0x00, 0x00, 0x00, 0x00, 0x00, 0x00, 0x00, 0x00, 0x00, 0x00, 0x00, 0x00, 0x00, 0x00, 0x00, 0x00,
  0x00, 0x00, 0x00, 0x00, 0x00, 0x00, 0x00, 0x00, 0x00, 0x00, 0x00, 0x00, 0x00, 0x00, 0x00, 0x00,
  0x00, 0x00, 0x00, 0x00, 0x00, 0x00, 0x00, 0x00, 0x00, 0x00, 0x00, 0x00, 0x00, 0x00, 0x00, 0x00,
  0x00, 0x00, 0x00, 0x00, 0x00, 0x00, 0x00, 0x00, 0x00, 0x00, 0x00, 0x00, 0x00, 0x00, 0x00, 0x00,
  0x00, 0x00, 0x00, 0x00, 0x00, 0x00, 0x00, 0x00, 0x00, 0x00, 0x00, 0x00, 0x00, 0x00, 0x00, 0x00,
  0x00, 0x00, 0x00, 0x00, 0x00, 0x00, 0x00, 0x00, 0x00, 0x00, 0x00, 0x00, 0x00, 0x00, 0x00, 0x00,
  0x00, 0x00, 0x00, 0x00, 0x00, 0x00, 0x00, 0x00, 0x00, 0x00, 0x00, 0x00, 0x00, 0x00, 0x00, 0x00,
  0x00, 0x00, 0x00, 0x00, 0x00, 0x00, 0x00, 0x00, 0x00, 0x00, 0x00, 0x00, 0x00, 0x00, 0x00, 0x00,
  0x00, 0x00, 0x00, 0x00, 0x00, 0x00, 0x00, 0x00, 0x00, 0x00, 0x00, 0x00, 0x00, 0x00, 0x00, 0x00,
  0x36, 0x3E, 0x3C, 0x3C, 0x78, 0x78, 0xF0, 0xF0, 0xE0, 0xF8, 0x00, 0xF0, 0x90, 0xF0, 0xF0, 0xF0,
  0x00, 0x1C, 0x00, 0x38, 0x00, 0x10, 0x00, 0x80, 0x00, 0xF8, 0x00, 0xF0, 0x00, 0xC0, 0x00, 0x70,
  0x03, 0x03, 0x01, 0x01, 0x00, 0x00, 0x00, 0x00, 0x00, 0x00, 0x00, 0x00, 0x00, 0x00, 0x00, 0x00,
  0x00, 0x01, 0x00, 0x00, 0x00, 0x00, 0x00, 0x00, 0x00, 0x00, 0x00, 0x00, 0x00, 0x00, 0x00, 0x00,
  0x0C, 0xFC, 0x18, 0xF8, 0xB0, 0xF0, 0xE0, 0xE0, 0xE0, 0xF0, 0x50, 0xF0, 0xC1, 0xC1, 0x03, 0x03,
  0x00, 0x98, 0x00, 0xF0, 0x00, 0x60, 0x00, 0x00, 0x00, 0xB0, 0x00, 0xF0, 0x00, 0xC0, 0x00, 0x01,
  0xFE, 0xDF, 0x7F, 0x7F, 0x6E, 0x7E, 0xDC, 0xFC, 0xF8, 0xF8, 0xF8, 0xF8, 0xF0, 0xF8, 0xE0, 0xF0,
  0x00, 0x03, 0x00, 0x3B, 0x00, 0x7C, 0x00, 0x78, 0x00, 0x70, 0x00, 0xC0, 0x00, 0x18, 0x00, 0xB0,
  0x00, 0x00, 0x00, 0x00, 0x00, 0x00, 0x00, 0x00, 0x00, 0x00, 0x00, 0x00, 0x00, 0x00, 0x00, 0x00,
  0x00, 0x00, 0x00, 0x00, 0x00, 0x00, 0x00, 0x00, 0x00, 0x00, 0x00, 0x00, 0x00, 0x00, 0x00, 0x00,
  0x00, 0x00, 0x00, 0x00, 0x00, 0x00, 0x00, 0x00, 0x00, 0x00, 0x00, 0x00, 0x00, 0x00, 0x00, 0x00,
  0x00, 0x00, 0x00, 0x00, 0x00, 0x00, 0x00, 0x00, 0x00, 0x00, 0x00, 0x00, 0x00, 0x00, 0x00, 0x00,
  0x00, 0x00, 0x00, 0x00, 0x00, 0x00, 0x00, 0x00, 0x00, 0x00, 0x00, 0x00, 0x00, 0x00, 0x00, 0x00,
  0x00, 0x00, 0x00, 0x00, 0x00, 0x00, 0x00, 0x00, 0x00, 0x00, 0x00, 0x00, 0x00, 0x00, 0x00, 0x00,
  0x00, 0x00, 0x00, 0x00, 0x00, 0x00, 0x00, 0x00, 0x00, 0x00, 0x00, 0x00, 0x00, 0x00, 0x00, 0x00,
  0x00, 0x00, 0x00, 0x00, 0x00, 0x00, 0x00, 0x00, 0x00, 0x00, 0x00, 0x00, 0x00, 0x00, 0x00, 0x00,
  0x00, 0x00, 0x01, 0x01, 0x03, 0x07, 0x0F, 0x0F, 0x1F, 0x1F, 0x1F, 0x1F, 0x1F, 0x1F, 0x3B, 0x3F,
  0x00, 0x00, 0x01, 0x01, 0x03, 0x07, 0x03, 0x0B, 0x06, 0x16, 0x06, 0x07, 0x04, 0x15, 0x04, 0x15,
  0x38, 0x3E, 0xEA, 0xFD, 0x9A, 0xFF, 0x7E, 0xFE, 0x82, 0xFE, 0x09, 0xFF, 0x25, 0xFF, 0x13, 0xFE,
  0x3E, 0x3E, 0xFD, 0xFB, 0xFF, 0xFF, 0x81, 0xFC, 0x21, 0xD4, 0x00, 0xCA, 0x00, 0xA7, 0x01, 0x97,
  0x00, 0x00, 0xE0, 0x60, 0xF0, 0x50, 0xD0, 0xD0, 0xF0, 0x50, 0xF0, 0x50, 0xE0, 0xE0, 0x00, 0x00,
  0x00, 0x00, 0x80, 0x80, 0xA0, 0x20, 0x80, 0x20, 0xA0, 0x00, 0xA0, 0xA0, 0x00, 0x00, 0x00, 0x00,
  0x00, 0x00, 0xFF, 0x81, 0xFF, 0x81, 0x83, 0x83, 0xFF, 0x81, 0xFF, 0x81, 0xFF, 0xFF, 0x00, 0x00,
  0x00, 0x00, 0x7E, 0x7E, 0x7E, 0x00, 0x02, 0x7C, 0x7E, 0x00, 0x7E, 0x7E, 0x00, 0x00, 0x00, 0x00,
  0x00, 0x00, 0x00, 0x00, 0x80, 0x80, 0x80, 0x80, 0x00, 0x00, 0x00, 0x00, 0x80, 0x80, 0x80, 0x80,
  0x00, 0x00, 0x00, 0x00, 0x80, 0x80, 0x80, 0x80, 0x80, 0x00, 0x80, 0x00, 0x00, 0x00, 0x00, 0x00,
  0x80, 0x80, 0xC0, 0xC0, 0x60, 0xE0, 0x30, 0xF0, 0x18, 0xF8, 0x18, 0xF8, 0x38, 0xF8, 0xE8, 0xF8,
  0x00, 0x00, 0x00, 0xC0, 0x00, 0xE0, 0x00, 0x60, 0x80, 0x30, 0x00, 0x30, 0x00, 0x20, 0x00, 0xD8,
  0x00, 0x00, 0x00, 0x00, 0x00, 0x00, 0x00, 0x00, 0x00, 0x00, 0x00, 0x00, 0x00, 0x00, 0x00, 0x00,
  0x00, 0x00, 0x00, 0x00, 0x00, 0x00, 0x00, 0x00, 0x00, 0x00, 0x00, 0x00, 0x00, 0x00, 0x00, 0x00,
  0x00, 0x00, 0x00, 0x00, 0x00, 0x00, 0x00, 0x00, 0x00, 0x00, 0x00, 0x00, 0x00, 0x00, 0x00, 0x00,
  0x00, 0x00, 0x00, 0x00, 0x00, 0x00, 0x00, 0x00, 0x00, 0x00, 0x00, 0x00, 0x00, 0x00, 0x00, 0x00,
  0xFA, 0xE3, 0x9E, 0x93, 0x0F, 0x09, 0x0F, 0x0D, 0x07, 0x07, 0x07, 0x07, 0x02, 0x03, 0x02, 0x03,
  0x04, 0x87, 0x00, 0x03, 0x00, 0x01, 0x00, 0x00, 0x00, 0x01, 0x00, 0x03, 0x00, 0x03, 0x00, 0x03,
  0x80, 0x80, 0xE0, 0xE0, 0xC0, 0xE0, 0xC0, 0xE0, 0xE0, 0xE0, 0x60, 0xE0, 0x60, 0xE0, 0x60, 0xE0,
  0x00, 0x80, 0x00, 0xA0, 0x00, 0x20, 0x00, 0x60, 0x00, 0xE0, 0x00, 0xC0, 0x00, 0xC0, 0x00, 0xE0,
  0x03, 0x03, 0x03, 0x03, 0x06, 0x07, 0x04, 0x07, 0x0C, 0x0F, 0x0C, 0x0F, 0x19, 0x1F, 0x10, 0x1F,
  0x00, 0x00, 0x00, 0x01, 0x00, 0x03, 0x00, 0x06, 0x00, 0x04, 0x00, 0x0E, 0x00, 0x0B, 0x00, 0x19,
  0xE8, 0xC8, 0xFC, 0xEC, 0x3E, 0xEE, 0x1A, 0xFE, 0x19, 0xFF, 0x39, 0xFF, 0x3C, 0xF7, 0xF4, 0xE7,
  0x10, 0x10, 0x00, 0xE0, 0x00, 0xE4, 0x00, 0x36, 0x80, 0x36, 0x00, 0x27, 0x00, 0x67, 0x08, 0xCF,
  0x00, 0x00, 0x00, 0x00, 0x00, 0x00, 0x00, 0x00, 0x00, 0x00, 0x00, 0x00, 0x60, 0xE0, 0xE0, 0xE0,
  0x00, 0x00, 0x00, 0x00, 0x00, 0x00, 0x00, 0x00, 0x00, 0x00, 0x00, 0x00, 0x00, 0xC0, 0x00, 0x00,
  0xC0, 0xFE, 0xD0, 0xF8, 0xC0, 0xE0, 0x80, 0xE0, 0x80, 0xC0, 0x80, 0xC0, 0xC0, 0xC0, 0x00, 0x00,
  0x00, 0x72, 0x00, 0x78, 0x00, 0x40, 0x00, 0x60, 0x00, 0x00, 0x00, 0x40, 0x00, 0x00, 0x00, 0x00,
  0x00, 0x00, 0x00, 0x00, 0x00, 0x00, 0x03, 0x03, 0xFC, 0xFF, 0x98, 0xFF, 0x9F, 0xFF, 0xFF, 0xFF,
  0x00, 0x00, 0x00, 0x00, 0x00, 0x00, 0x00, 0x01, 0x00, 0x06, 0x00, 0x6F, 0x00, 0x67, 0x00, 0x60,
  0x5F, 0x7F, 0x7F, 0x7F, 0x78, 0x78, 0x00, 0x00, 0x00, 0x00, 0x00, 0x00, 0x00, 0x00, 0x00, 0x00,
  0x00, 0x3F, 0x00, 0x30, 0x00, 0x00, 0x00, 0x00, 0x00, 0x00, 0x00, 0x00, 0x00, 0x00, 0x00, 0x00,
  0x3B, 0x3F, 0x7B, 0x7F, 0x7F, 0x7F, 0x7F, 0x7B, 0x3B, 0x39, 0x1F, 0x1B, 0x0F, 0x0F, 0x07, 0x07,
  0x04, 0x15, 0x06, 0x46, 0x02, 0x52, 0x06, 0x12, 0x03, 0x15, 0x05, 0x05, 0x00, 0x00, 0x00, 0x00,
  0x4D, 0xFC, 0xBD, 0xFD, 0xF2, 0xF3, 0xFC, 0xE7, 0xFC, 0xCF, 0xFE, 0xFF, 0xFF, 0x0F, 0xDF, 0x87,
  0x01, 0xDE, 0x04, 0xF2, 0x00, 0xED, 0x18, 0x42, 0x30, 0x36, 0x80, 0x87, 0x00, 0x03, 0x20, 0x21,
  0x00, 0x00, 0x00, 0x00, 0x00, 0x00, 0x00, 0x00, 0x00, 0x00, 0x00, 0x00, 0x00, 0x00, 0x00, 0x00,
  0x00, 0x00, 0x00, 0x00, 0x00, 0x00, 0x00, 0x00, 0x00, 0x00, 0x00, 0x00, 0x00, 0x00, 0x00, 0x00,
  0x00, 0x00, 0x00, 0x00, 0x00, 0x00, 0x00, 0x00, 0x00, 0x00, 0x00, 0x00, 0x00, 0x00, 0x00, 0x00,
  0x00, 0x00, 0x00, 0x00, 0x00, 0x00, 0x00, 0x00, 0x00, 0x00, 0x00, 0x00, 0x00, 0x00, 0x00, 0x00,
  0x00, 0x00, 0x00, 0x00, 0x00, 0x00, 0x00, 0x00, 0x00, 0x00, 0x00, 0x00, 0x00, 0x00, 0x00, 0x00,
  0x00, 0x00, 0x00, 0x00, 0x00, 0x00, 0x00, 0x00, 0x00, 0x00, 0x00, 0x00, 0x00, 0x00, 0x00, 0x00,
  0x00, 0x00, 0x00, 0x00, 0x00, 0x00, 0x00, 0x00, 0x00, 0x00, 0x00, 0x00, 0x00, 0x00, 0x00, 0x00,
  0x00, 0x00, 0x00, 0x00, 0x00, 0x00, 0x00, 0x00, 0x00, 0x00, 0x00, 0x00, 0x00, 0x00, 0x00, 0x00,
  0x00, 0x00, 0x00, 0x00, 0x00, 0x00, 0x00, 0x00, 0x00, 0x00, 0x00, 0x00, 0x00, 0x00, 0x00, 0x00,
  0x00, 0x00, 0x00, 0x00, 0x00, 0x00, 0x00, 0x00, 0x00, 0x00, 0x00, 0x00, 0x00, 0x00, 0x00, 0x00,
  0x00, 0x00, 0x00, 0x00, 0x00, 0x00, 0x00, 0x00, 0x00, 0x00, 0x00, 0x00, 0x00, 0x00, 0x00, 0x00,
  0x00, 0x00, 0x00, 0x00, 0x00, 0x00, 0x00, 0x00, 0x00, 0x00, 0x00, 0x00, 0x00, 0x00, 0x00, 0x00,
  0x03, 0x03, 0x03, 0x03, 0x01, 0x01, 0x00, 0x00, 0x00, 0x00, 0x00, 0x00, 0x00, 0x00, 0x00, 0x00,
  0x00, 0x03, 0x00, 0x01, 0x00, 0x00, 0x00, 0x00, 0x00, 0x00, 0x00, 0x00, 0x00, 0x00, 0x00, 0x00,
  0x20, 0xE0, 0xB0, 0xF0, 0xF0, 0xF0, 0xD4, 0xF4, 0x78, 0x7C, 0x7A, 0x7E, 0x7A, 0x7E, 0x7C, 0x7F,
  0x00, 0xE0, 0x00, 0xE0, 0x00, 0xE0, 0x00, 0x70, 0x00, 0x74, 0x00, 0x34, 0x00, 0x06, 0x00, 0x37,
  0x10, 0x1F, 0x39, 0x3F, 0xFF, 0xFF, 0x3E, 0xFE, 0x1C, 0xFC, 0x14, 0xFC, 0xF8, 0xF8, 0xF0, 0xF0,
  0x00, 0x19, 0x00, 0x0F, 0x00, 0x06, 0x00, 0xF0, 0x80, 0x34, 0x00, 0xFC, 0x00, 0xF8, 0x00, 0x30,
  0xFA, 0xE3, 0x9E, 0x93, 0x0F, 0x09, 0x0F, 0x0D, 0x07, 0x07, 0x07, 0x07, 0x02, 0x03, 0x02, 0x03,
  0x04, 0x87, 0x00, 0x03, 0x00, 0x01, 0x00, 0x00, 0x00, 0x01, 0x00, 0x03, 0x00, 0x03, 0x00, 0x03,
  0x00, 0x00, 0x00, 0x00, 0x00, 0x00, 0x00, 0x00, 0x00, 0x00, 0x00, 0x00, 0x00, 0x00, 0x00, 0x00,
  0x00, 0x00, 0x00, 0x00, 0x00, 0x00, 0x00, 0x00, 0x00, 0x00, 0x00, 0x00, 0x00, 0x00, 0x00, 0x00,
  0x00, 0x00, 0x00, 0x00, 0x00, 0x00, 0x00, 0x00, 0x00, 0x00, 0x00, 0x00, 0x00, 0x00, 0x00, 0x00,
  0x00, 0x00, 0x00, 0x00, 0x00, 0x00, 0x00, 0x00, 0x00, 0x00, 0x00, 0x00, 0x00, 0x00, 0x00, 0x00,
  0x00, 0x00, 0x00, 0x00, 0x00, 0x00, 0x00, 0x00, 0x00, 0x00, 0x00, 0x00, 0x00, 0x00, 0x00, 0x00,
  0x00, 0x00, 0x00, 0x00, 0x00, 0x00, 0x00, 0x00, 0x00, 0x00, 0x00, 0x00, 0x00, 0x00, 0x00, 0x00,
  0x00, 0x00, 0x00, 0x00, 0x00, 0x00, 0x00, 0x00, 0x00, 0x00, 0x00, 0x00, 0x00, 0x00, 0x00, 0x00,
  0x00, 0x00, 0x00, 0x00, 0x00, 0x00, 0x00, 0x00, 0x00, 0x00, 0x00, 0x00, 0x00, 0x00, 0x00, 0x00,
  0x07, 0x07, 0x1D, 0x1F, 0x33, 0x3F, 0x2F, 0x3F, 0x50, 0x7F, 0x61, 0x7F, 0x64, 0x7F, 0xE2, 0xFF,
  0x07, 0x07, 0x1F, 0x1F, 0x3F, 0x3F, 0x30, 0x3F, 0x64, 0x7A, 0x40, 0x79, 0x40, 0x74, 0x80, 0xB3,
  0x00, 0xC0, 0x40, 0xA0, 0x50, 0xF0, 0xD0, 0xD0, 0x40, 0xC0, 0x20, 0xE0, 0xB0, 0xF0, 0x70, 0xD0,
  0xC0, 0xC0, 0xA0, 0x60, 0xF0, 0xF0, 0x30, 0x90, 0x30, 0x80, 0x10, 0x40, 0x00, 0xE0, 0x20, 0xE0,
  0x00, 0x00, 0xE0, 0x60, 0xF0, 0x50, 0xD0, 0xD0, 0xF0, 0x50, 0xF0, 0x50, 0xE0, 0xE0, 0x00, 0x00,
  0x00, 0x00, 0x80, 0x80, 0xA0, 0x20, 0x80, 0x20, 0xA0, 0x00, 0xA0, 0xA0, 0x00, 0x00, 0x00, 0x00,
  0x00, 0x00, 0xFF, 0x81, 0xFF, 0x81, 0x83, 0x83, 0xFF, 0x81, 0xFF, 0x81, 0xFF, 0xFF, 0x00, 0x00,
  0x00, 0x00, 0x7E, 0x7E, 0x7E, 0x00, 0x02, 0x7C, 0x7E, 0x00, 0x7E, 0x7E, 0x00, 0x00, 0x00, 0x00,
  0x00, 0x00, 0x00, 0x00, 0x00, 0x00, 0x00, 0x00, 0x00, 0x00, 0x00, 0x00, 0x00, 0x00, 0x00, 0x00,
  0x00, 0x00, 0x00, 0x00, 0x00, 0x00, 0x00, 0x00, 0x00, 0x00, 0x00, 0x00, 0x00, 0x00, 0x00, 0x00,
  0x00, 0x00, 0x00, 0x00, 0x00, 0x00, 0x00, 0x00, 0x00, 0x00, 0x00, 0x00, 0x00, 0x00, 0x00, 0x00,
  0x00, 0x00, 0x00, 0x00, 0x00, 0x00, 0x00, 0x00, 0x00, 0x00, 0x00, 0x00, 0x00, 0x00, 0x00, 0x00,
  0x00, 0x00, 0x00, 0x00, 0x00, 0x00, 0x00, 0x00, 0x00, 0x00, 0x00, 0x00, 0x00, 0x00, 0x00, 0x00,
  0x00, 0x00, 0x00, 0x00, 0x00, 0x00, 0x00, 0x00, 0x00, 0x00, 0x00, 0x00, 0x00, 0x00, 0x00, 0x00,
  0x00, 0x00, 0x00, 0x00, 0x00, 0x00, 0x00, 0x00, 0x00, 0x00, 0x00, 0x00, 0x00, 0x00, 0x00, 0x00,
  0x00, 0x00, 0x00, 0x00, 0x00, 0x00, 0x00, 0x00, 0x00, 0x00, 0x00, 0x00, 0x00, 0x00, 0x00, 0x00,
  0x00, 0x00, 0x00, 0x00, 0x04, 0x04, 0x0E, 0x0E, 0x1B, 0x1F, 0x39, 0x3F, 0x6F, 0x7F, 0xE7, 0xFF,
  0x00, 0x00, 0x00, 0x00, 0x00, 0x00, 0x00, 0x04, 0x00, 0x0E, 0x00, 0x1E, 0x00, 0x39, 0x00, 0x2B,
  0x07, 0x07, 0x06, 0x07, 0x0C, 0x0F, 0x0C, 0x0F, 0x08, 0x0F, 0x9C, 0x9F, 0xD6, 0xDF, 0x71, 0xFF,
  0x00, 0x01, 0x00, 0x03, 0x00, 0x06, 0x00, 0x04, 0x01, 0x0C, 0x00, 0x0C, 0x00, 0x0F, 0x00, 0xDB,
  0x06, 0x07, 0x06, 0x07, 0x03, 0x03, 0x03, 0x03, 0x01, 0x01, 0x01, 0x01, 0x01, 0x01, 0x01, 0x01,
  0x00, 0x07, 0x00, 0x03, 0x00, 0x01, 0x00, 0x01, 0x00, 0x00, 0x00, 0x00, 0x00, 0x00, 0x00, 0x00,
  0xC0, 0xC0, 0x40, 0xC0, 0x40, 0xC0, 0xE0, 0xE0, 0xF0, 0xF0, 0xE0, 0xF0, 0xEC, 0xFC, 0xF1, 0xFF,
  0x00, 0x80, 0x00, 0xC0, 0x00, 0xC0, 0x00, 0xC0, 0x00, 0xD0, 0x00, 0xD0, 0x00, 0x18, 0x00, 0xFF,
  0x07, 0x07, 0x06, 0x07, 0x0C, 0x0F, 0x0C, 0x0F, 0x08, 0x0F, 0x9C, 0x9F, 0xD6, 0xDF, 0x71, 0xFF,
  0x00, 0x01, 0x00, 0x03, 0x00, 0x06, 0x00, 0x04, 0x01, 0x0C, 0x00, 0x0C, 0x00, 0x0F, 0x00, 0xDB,
  0xD0, 0xD0, 0x70, 0xD0, 0x38, 0xF8, 0x30, 0xF8, 0x30, 0xFC, 0x70, 0xFC, 0xFA, 0xFE, 0xF8, 0xEE,
  0x20, 0xA0, 0x00, 0xC0, 0x00, 0xC8, 0x00, 0x68, 0x00, 0x6C, 0x00, 0x48, 0x00, 0xCE, 0x00, 0x8E,
  0x00, 0x00, 0x80, 0x80, 0x40, 0xC0, 0x40, 0xC0, 0x80, 0x80, 0xC0, 0xC0, 0xC0, 0xC0, 0xC0, 0xC0,
  0x00, 0x00, 0x00, 0x00, 0x00, 0x80, 0x00, 0x80, 0x00, 0x80, 0x00, 0x80, 0x00, 0x80, 0x00, 0x80,
  0x00, 0x00, 0x00, 0x00, 0x00, 0x00, 0x00, 0x00, 0x00, 0x00, 0x00, 0x00, 0x00, 0x00, 0x00, 0x00,
  0x00, 0x00, 0x00, 0x00, 0x00, 0x00, 0x00, 0x00, 0x00, 0x00, 0x00, 0x00, 0x00, 0x00, 0x00, 0x00,
  0x69, 0xFF, 0x77, 0xFF, 0xFE, 0xFE, 0xFF, 0x7C, 0x7F, 0x39, 0xFF, 0xFF, 0x7F, 0x71, 0x3B, 0x30,
  0x80, 0xBF, 0xC0, 0xDE, 0x40, 0x5D, 0xC3, 0x40, 0x66, 0xA6, 0x10, 0x10, 0x00, 0x00, 0x04, 0x04,
  0xB0, 0x90, 0xB8, 0xB8, 0x4C, 0x7C, 0x86, 0xFE, 0x03, 0xFF, 0x83, 0xFF, 0xC7, 0xFF, 0xFD, 0xFF,
  0x20, 0xC0, 0x80, 0x50, 0x00, 0xB8, 0x00, 0x4C, 0x10, 0xC6, 0x00, 0xE6, 0x00, 0x64, 0x00, 0x3B,
  0x00, 0x00, 0x00, 0x00, 0x00, 0x00, 0x00, 0x00, 0x00, 0x00, 0x00, 0x00, 0x00, 0x00, 0x00, 0x00,
  0x00, 0x00, 0x00, 0x00, 0x00, 0x00, 0x00, 0x00, 0x00, 0x00, 0x00, 0x00, 0x00, 0x00, 0x00, 0x00,
  0x00, 0x00, 0x00, 0x00, 0x00, 0x00, 0x00, 0x00, 0x00, 0x00, 0x00, 0x00, 0x00, 0x00, 0x00, 0x00,
  0x00, 0x00, 0x00, 0x00, 0x00, 0x00, 0x00, 0x00, 0x00, 0x00, 0x00, 0x00, 0x00, 0x00, 0x00, 0x00,
  0x00, 0x00, 0x00, 0x00, 0x00, 0x00, 0x00, 0x00, 0x00, 0x00, 0x00, 0x00, 0x00, 0x00, 0x00, 0x00,
  0x00, 0x00, 0x00, 0x00, 0x00, 0x00, 0x00, 0x00, 0x00, 0x00, 0x00, 0x00, 0x00, 0x00, 0x00, 0x00,
  0x00, 0x00, 0x00, 0x00, 0x00, 0x00, 0x00, 0x00, 0x00, 0x00, 0x00, 0x00, 0x00, 0x00, 0x00, 0x00,
  0x00, 0x00, 0x00, 0x00, 0x00, 0x00, 0x00, 0x00, 0x00, 0x00, 0x00, 0x00, 0x00, 0x00, 0x00, 0x00,
  0x00, 0x00, 0x00, 0x00, 0x00, 0x00, 0x00, 0x00, 0x00, 0x00, 0x00, 0x00, 0x00, 0x00, 0x00, 0x00,
  0x00, 0x00, 0x00, 0x00, 0x00, 0x00, 0x00, 0x00, 0x00, 0x00, 0x00, 0x00, 0x00, 0x00, 0x00, 0x00,
  0x00, 0x00, 0x00, 0x00, 0x00, 0x00, 0x00, 0x00, 0x00, 0x00, 0x00, 0x00, 0x00, 0x00, 0x00, 0x00,
  0x00, 0x00, 0x00, 0x00, 0x00, 0x00, 0x00, 0x00, 0x00, 0x00, 0x00, 0x00, 0x00, 0x00, 0x00, 0x00,
  0xD6, 0xFF, 0x8F, 0xCF, 0xC9, 0xC9, 0xC0, 0xC0, 0x00, 0x00, 0x00, 0x00, 0x00, 0x00, 0x00, 0x00,
  0x00, 0x49, 0x00, 0x49, 0x00, 0x40, 0x00, 0x00, 0x00, 0x00, 0x00, 0x00, 0x00, 0x00, 0x00, 0x00,
  0x20, 0xFF, 0x31, 0xFF, 0x33, 0xFF, 0x9E, 0xFE, 0xFC, 0xFC, 0x74, 0x7C, 0x38, 0x3C, 0x00, 0x00,
  0x00, 0xD1, 0x00, 0x9B, 0x40, 0xBE, 0x00, 0xCC, 0x00, 0x60, 0x00, 0x78, 0x00, 0x1C, 0x00, 0x00,
  0x01, 0x01, 0x01, 0x01, 0x01, 0x01, 0x00, 0x00, 0x00, 0x00, 0x00, 0x00, 0x00, 0x00, 0x00, 0x00,
  0x00, 0x00, 0x00, 0x00, 0x00, 0x00, 0x00, 0x00, 0x00, 0x00, 0x00, 0x00, 0x00, 0x00, 0x00, 0x00,
  0xBF, 0xFF, 0xFC, 0xFC, 0xE0, 0xE0, 0x00, 0x00, 0x00, 0x00, 0x00, 0x00, 0x00, 0x00, 0x00, 0x00,
  0x00, 0xF8, 0x00, 0xC0, 0x00, 0x00, 0x00, 0x00, 0x00, 0x00, 0x00, 0x00, 0x00, 0x00, 0x00, 0x00,
  0x20, 0xFF, 0x31, 0xFF, 0x33, 0xFF, 0x9E, 0xFE, 0xFC, 0xFC, 0x74, 0x7C, 0x38, 0x3C, 0x00, 0x00,
  0x00, 0xD1, 0x00, 0x9B, 0x40, 0xBE, 0x00, 0xCC, 0x00, 0x60, 0x00, 0x78, 0x00, 0x1C, 0x00, 0x00,
  0xF5, 0xC7, 0xF5, 0xC7, 0x3B, 0x23, 0x1F, 0x17, 0x0F, 0x0F, 0x0C, 0x0F, 0x08, 0x0F, 0x0C, 0x0F,
  0x08, 0x0E, 0x08, 0x0F, 0x04, 0x06, 0x00, 0x01, 0x00, 0x03, 0x00, 0x07, 0x00, 0x07, 0x00, 0x07,
  0x00, 0x00, 0x00, 0x00, 0x00, 0x00, 0x00, 0x00, 0x00, 0x00, 0x00, 0x00, 0x00, 0x00, 0x00, 0x00,
  0x00, 0x00, 0x00, 0x00, 0x00, 0x00, 0x00, 0x00, 0x00, 0x00, 0x00, 0x00, 0x00, 0x00, 0x00, 0x00,
  0x00, 0x00, 0x00, 0x00, 0x00, 0x00, 0x00, 0x00, 0x00, 0x00, 0x00, 0x00, 0x00, 0x00, 0x00, 0x00,
  0x00, 0x00, 0x00, 0x00, 0x00, 0x00, 0x00, 0x00, 0x00, 0x00, 0x00, 0x00, 0x00, 0x00, 0x00, 0x00,
  0x07, 0x07, 0x1D, 0x1F, 0x2F, 0x3F, 0x10, 0x3F, 0x61, 0x7F, 0x64, 0x7F, 0x62, 0x7F, 0xE9, 0xFF,
  0x07, 0x07, 0x1F, 0x1F, 0x30, 0x3F, 0x20, 0x3E, 0x44, 0x79, 0x40, 0x74, 0x40, 0x72, 0x80, 0xBB,
  0x00, 0xC0, 0x40, 0xA0, 0xD0, 0xF0, 0x50, 0xD0, 0x00, 0xC0, 0xA0, 0xE0, 0x70, 0xF0, 0xB0, 0x90,
  0xC0, 0xC0, 0xA0, 0x60, 0x70, 0xF0, 0x30, 0x90, 0x30, 0x40, 0x10, 0xC0, 0x00, 0xE0, 0x20, 0xE0,
  0x00, 0x00, 0xE0, 0x60, 0xF0, 0x50, 0xD0, 0xD0, 0xF0, 0x50, 0xF0, 0x50, 0xE0, 0xE0, 0x00, 0x00,
  0x00, 0x00, 0x80, 0x80, 0xA0, 0x20, 0x80, 0x20, 0xA0, 0x00, 0xA0, 0xA0, 0x00, 0x00, 0x00, 0x00,
  0x00, 0x00, 0xFF, 0x81, 0xFF, 0x81, 0x83, 0x83, 0xFF, 0x81, 0xFF, 0x81, 0xFF, 0xFF, 0x00, 0x00,
  0x00, 0x00, 0x7E, 0x7E, 0x7E, 0x00, 0x02, 0x7C, 0x7E, 0x00, 0x7E, 0x7E, 0x00, 0x00, 0x00, 0x00,
  0x00, 0x00, 0x00, 0x00, 0x00, 0x00, 0x00, 0x00, 0x00, 0x00, 0x00, 0x00, 0x00, 0x00, 0x00, 0x00,
  0x00, 0x00, 0x00, 0x00, 0x00, 0x00, 0x00, 0x00, 0x00, 0x00, 0x00, 0x00, 0x00, 0x00, 0x00, 0x00,
  0x00, 0x00, 0x00, 0x00, 0x00, 0x00, 0x00, 0x00, 0x00, 0x00, 0x00, 0x00, 0x00, 0x00, 0x00, 0x00,
  0x00, 0x00, 0x00, 0x00, 0x00, 0x00, 0x00, 0x00, 0x00, 0x00, 0x00, 0x00, 0x00, 0x00, 0x00, 0x00,
  0x00, 0x00, 0x00, 0x00, 0x00, 0x00, 0x00, 0x00, 0x00, 0x00, 0x00, 0x00, 0x00, 0x00, 0x00, 0x00,
  0x00, 0x00, 0x00, 0x00, 0x00, 0x00, 0x00, 0x00, 0x00, 0x00, 0x00, 0x00, 0x00, 0x00, 0x00, 0x00,
  0x00, 0x00, 0x00, 0x00, 0x00, 0x00, 0x00, 0x00, 0x00, 0x00, 0x00, 0x00, 0x00, 0x00, 0x00, 0x00,
  0x00, 0x00, 0x00, 0x00, 0x00, 0x00, 0x00, 0x00, 0x00, 0x00, 0x00, 0x00, 0x00, 0x00, 0x00, 0x00,
  0xC3, 0xC3, 0x03, 0x03, 0x03, 0x03, 0x07, 0x07, 0x07, 0x07, 0x0F, 0x0F, 0x1E, 0x1F, 0x1F, 0x1F,
  0x00, 0x41, 0x00, 0x01, 0x00, 0x03, 0x00, 0x03, 0x00, 0x03, 0x00, 0x08, 0x00, 0x0D, 0x00, 0x0F,
  0xF0, 0xF0, 0xE0, 0xE0, 0xC0, 0xC0, 0x80, 0x80, 0x80, 0x80, 0xA0, 0xE0, 0x40, 0xC0, 0x80, 0x80,
  0x00, 0x80, 0x00, 0xC0, 0x00, 0x80, 0x00, 0x80, 0x00, 0x00, 0x00, 0x60, 0x00, 0xC0, 0x00, 0x80,
  0x07, 0x07, 0x07, 0x07, 0x06, 0x07, 0x04, 0x07, 0x04, 0x07, 0x04, 0x07, 0x06, 0x07, 0x03, 0x03,
  0x00, 0x00, 0x00, 0x03, 0x00, 0x03, 0x00, 0x06, 0x00, 0x06, 0x00, 0x06, 0x00, 0x03, 0x00, 0x01,
  0xD8, 0x08, 0xF0, 0xD0, 0x78, 0xF8, 0x3C, 0xFC, 0x1C, 0xFC, 0x2C, 0xFC, 0x0E, 0xFE, 0xC2, 0xFE,
  0x20, 0x20, 0x00, 0xC0, 0x00, 0xE0, 0x00, 0x70, 0x80, 0x30, 0x00, 0x38, 0x00, 0x6C, 0x00, 0xC6,
  0x00, 0x00, 0x00, 0x00, 0x00, 0x00, 0x00, 0x00, 0x00, 0x00, 0x00, 0x00, 0x00, 0x00, 0x00, 0x00,
  0x00, 0x00, 0x00, 0x00, 0x00, 0x00, 0x00, 0x00, 0x00, 0x00, 0x00, 0x00, 0x00, 0x00, 0x00, 0x00,
  0x00, 0x00, 0x00, 0x00, 0x00, 0x00, 0x00, 0x00, 0x00, 0x00, 0x00, 0x00, 0x00, 0x00, 0x00, 0x00,
  0x00, 0x00, 0x00, 0x00, 0x00, 0x00, 0x00, 0x00, 0x00, 0x00, 0x00, 0x00, 0x00, 0x00, 0x00, 0x00,
  0x00, 0x00, 0x00, 0x00, 0x00, 0x00, 0x00, 0x00, 0x00, 0x00, 0x00, 0x00, 0x00, 0x00, 0x00, 0x00,
  0x00, 0x00, 0x00, 0x00, 0x00, 0x00, 0x00, 0x00, 0x00, 0x00, 0x00, 0x00, 0x00, 0x00, 0x00, 0x00,
  0x00, 0x00, 0x00, 0x00, 0x00, 0x00, 0x00, 0x00, 0x00, 0x00, 0x00, 0x00, 0x00, 0x00, 0x00, 0x00,
  0x00, 0x00, 0x00, 0x00, 0x00, 0x00, 0x00, 0x00, 0x00, 0x00, 0x00, 0x00, 0x00, 0x00, 0x00, 0x00,
  0x77, 0xFF, 0x7E, 0xFE, 0xFF, 0xFC, 0xFF, 0x79, 0x7F, 0x3F, 0xFF, 0xFF, 0x7F, 0x71, 0x3B, 0x30,
  0x80, 0x9E, 0xC0, 0xDD, 0x43, 0x48, 0xE6, 0x66, 0x70, 0xB1, 0x10, 0x10, 0x00, 0x00, 0x04, 0x04,
  0xB0, 0x90, 0x78, 0x78, 0xCC, 0xFC, 0x86, 0xFE, 0x03, 0xFF, 0x87, 0xFF, 0xC7, 0xFF, 0xFD, 0xFF,
  0xA0, 0x40, 0x00, 0xB8, 0x00, 0x7C, 0x00, 0xCC, 0x10, 0x86, 0x00, 0xC6, 0x00, 0x64, 0x00, 0x3B,
  0x00, 0x00, 0x00, 0x00, 0x00, 0x00, 0x00, 0x00, 0x00, 0x00, 0x00, 0x00, 0x00, 0x00, 0x00, 0x00,
  0x00, 0x00, 0x00, 0x00, 0x00, 0x00, 0x00, 0x00, 0x00, 0x00, 0x00, 0x00, 0x00, 0x00, 0x00, 0x00,
  0x00, 0x00, 0x00, 0x00, 0x00, 0x00, 0x00, 0x00, 0x00, 0x00, 0x00, 0x00, 0x00, 0x00, 0x00, 0x00,
  0x00, 0x00, 0x00, 0x00, 0x00, 0x00, 0x00, 0x00, 0x00, 0x00, 0x00, 0x00, 0x00, 0x00, 0x00, 0x00,
  0x00, 0x00, 0x00, 0x00, 0x00, 0x00, 0x00, 0x00, 0x00, 0x00, 0x00, 0x00, 0x00, 0x00, 0x00, 0x00,
  0x00, 0x00, 0x00, 0x00, 0x00, 0x00, 0x00, 0x00, 0x00, 0x00, 0x00, 0x00, 0x00, 0x00, 0x00, 0x00,
  0x00, 0x00, 0x00, 0x00, 0x00, 0x00, 0x00, 0x00, 0x00, 0x00, 0x00, 0x00, 0x00, 0x00, 0x00, 0x00,
  0x00, 0x00, 0x00, 0x00, 0x00, 0x00, 0x00, 0x00, 0x00, 0x00, 0x00, 0x00, 0x00, 0x00, 0x00, 0x00,
  0x00, 0x00, 0x00, 0x00, 0x00, 0x00, 0x00, 0x00, 0x00, 0x00, 0x00, 0x00, 0x00, 0x00, 0x00, 0x00,
  0x00, 0x00, 0x00, 0x00, 0x00, 0x00, 0x00, 0x00, 0x00, 0x00, 0x00, 0x00, 0x00, 0x00, 0x00, 0x00,
  0x00, 0x00, 0x00, 0x00, 0x00, 0x00, 0x00, 0x00, 0x00, 0x00, 0x00, 0x00, 0x00, 0x00, 0x00, 0x00,
  0x00, 0x00, 0x00, 0x00, 0x00, 0x00, 0x00, 0x00, 0x00, 0x00, 0x00, 0x00, 0x00, 0x00, 0x00, 0x00,
  0x0C, 0x0F, 0x07, 0x07, 0x03, 0x03, 0x00, 0x00, 0x00, 0x00, 0x00, 0x00, 0x00, 0x00, 0x00, 0x00,
  0x00, 0x07, 0x00, 0x03, 0x00, 0x00, 0x00, 0x00, 0x00, 0x00, 0x00, 0x00, 0x00, 0x00, 0x00, 0x00,
  0x80, 0x80, 0x30, 0xF0, 0xF0, 0xF0, 0x00, 0x00, 0x00, 0x00, 0x00, 0x00, 0x00, 0x00, 0x00, 0x00,
  0x00, 0x80, 0x00, 0xE0, 0x00, 0x00, 0x00, 0x00, 0x00, 0x00, 0x00, 0x00, 0x00, 0x00, 0x00, 0x00,
  0x7B, 0x7B, 0x4F, 0x7F, 0x6F, 0x7F, 0x5C, 0x7F, 0xCF, 0xFF, 0x97, 0xFF, 0xA9, 0xED, 0xC1, 0xC1,
  0x00, 0x30, 0x00, 0x30, 0x00, 0x37, 0x00, 0x27, 0x00, 0x5B, 0x00, 0x54, 0x00, 0x6C, 0x00, 0x40,
  0xC1, 0xFF, 0xE3, 0xFF, 0xF7, 0xFF, 0x3F, 0xFF, 0x0F, 0xFF, 0x87, 0xFF, 0xE4, 0xFF, 0xFE, 0xFE,
  0x00, 0x62, 0x00, 0x37, 0x00, 0x9E, 0x00, 0xFC, 0x20, 0x88, 0x00, 0xCB, 0x00, 0x7F, 0x00, 0x18,
  0x00, 0x00, 0x00, 0x00, 0x00, 0x00, 0x00, 0x00, 0x00, 0x00, 0x00, 0x00, 0x00, 0x00, 0x00, 0x00,
  0x00, 0x00, 0x00, 0x00, 0x00, 0x00, 0x00, 0x00, 0x00, 0x00, 0x00, 0x00, 0x00, 0x00, 0x00, 0x00,
  0x00, 0x00, 0x00, 0x00, 0x00, 0x00, 0x00, 0x00, 0x00, 0x00, 0x00, 0x00, 0x00, 0x00, 0x00, 0x00,
  0x00, 0x00, 0x00, 0x00, 0x00, 0x00, 0x00, 0x00, 0x00, 0x00, 0x00, 0x00, 0x00, 0x00, 0x00, 0x00,
  0x00, 0x00, 0x00, 0x00, 0x00, 0x00, 0x00, 0x00, 0x00, 0x00, 0x00, 0x00, 0x00, 0x00, 0x00, 0x00,
  0x00, 0x00, 0x00, 0x00, 0x00, 0x00, 0x00, 0x00, 0x00, 0x00, 0x00, 0x00, 0x00, 0x00, 0x00, 0x00,
  0x00, 0x00, 0x00, 0x00, 0x00, 0x00, 0x00, 0x00, 0x00, 0x00, 0x00, 0x00, 0x00, 0x00, 0x00, 0x00,
  0x00, 0x00, 0x00, 0x00, 0x00, 0x00, 0x00, 0x00, 0x00, 0x00, 0x00, 0x00, 0x00, 0x00, 0x00, 0x00,
  0x07, 0x07, 0x1D, 0x1F, 0x2F, 0x3F, 0x10, 0x3F, 0x61, 0x7F, 0x64, 0x7F, 0x62, 0x7F, 0xE9, 0xFF,
  0x07, 0x07, 0x1F, 0x1F, 0x30, 0x3F, 0x20, 0x3E, 0x44, 0x79, 0x40, 0x74, 0x40, 0x72, 0x80, 0xBB,
  0x00, 0xC0, 0x40, 0xA0, 0xD0, 0xF0, 0x50, 0xD0, 0x00, 0xC0, 0xA0, 0xE0, 0x70, 0xF0, 0xB0, 0x90,
  0xC0, 0xC0, 0xA0, 0x60, 0x70, 0xF0, 0x30, 0x90, 0x30, 0x40, 0x10, 0xC0, 0x00, 0xE0, 0x20, 0xE0,
  0x00, 0x00, 0xE0, 0x60, 0xF0, 0x50, 0xD0, 0xD0, 0xF0, 0x50, 0xF0, 0x50, 0xE0, 0xE0, 0x00, 0x00,
  0x00, 0x00, 0x80, 0x80, 0xA0, 0x20, 0x80, 0x20, 0xA0, 0x00, 0xA0, 0xA0, 0x00, 0x00, 0x00, 0x00,
  0x00, 0x00, 0xFF, 0x81, 0xFF, 0x81, 0x83, 0x83, 0xFF, 0x81, 0xFF, 0x81, 0xFF, 0xFF, 0x00, 0x00,
  0x00, 0x00, 0x7E, 0x7E, 0x7E, 0x00, 0x02, 0x7C, 0x7E, 0x00, 0x7E, 0x7E, 0x00, 0x00, 0x00, 0x00,
  0x00, 0x00, 0x00, 0x00, 0x00, 0x00, 0x00, 0x00, 0x00, 0x00, 0x00, 0x00, 0x00, 0x00, 0x00, 0x00,
  0x00, 0x00, 0x00, 0x00, 0x00, 0x00, 0x00, 0x00, 0x00, 0x00, 0x00, 0x00, 0x00, 0x00, 0x00, 0x00,
  0x00, 0x00, 0x00, 0x00, 0x00, 0x00, 0x00, 0x00, 0x00, 0x00, 0x00, 0x00, 0x00, 0x00, 0x00, 0x00,
  0x00, 0x00, 0x00, 0x00, 0x00, 0x00, 0x00, 0x00, 0x00, 0x00, 0x00, 0x00, 0x00, 0x00, 0x00, 0x00,
  0x00, 0x00, 0x00, 0x00, 0x00, 0x00, 0x00, 0x00, 0x00, 0x00, 0x00, 0x00, 0x00, 0x00, 0x00, 0x00,
  0x00, 0x00, 0x00, 0x00, 0x00, 0x00, 0x00, 0x00, 0x00, 0x00, 0x00, 0x00, 0x00, 0x00, 0x00, 0x00,
  0x00, 0x00, 0x00, 0x00, 0x00, 0x00, 0x00, 0x00, 0x00, 0x00, 0x00, 0x00, 0x00, 0x00, 0x00, 0x00,
  0x00, 0x00, 0x00, 0x00, 0x00, 0x00, 0x00, 0x00, 0x00, 0x00, 0x00, 0x00, 0x00, 0x00, 0x00, 0x00,
  0x31, 0x20, 0x7F, 0x7F, 0x63, 0x7F, 0xC1, 0xFF, 0xC1, 0xFF, 0xE1, 0xFF, 0xF2, 0xFF, 0xFF, 0xFF,
  0x0E, 0x0E, 0x00, 0x0E, 0x00, 0x3F, 0x00, 0x63, 0x08, 0x61, 0x00, 0x73, 0x00, 0x3F, 0x00, 0x4F,
  0x80, 0x80, 0x00, 0x00, 0x80, 0x80, 0xC0, 0xC0, 0x60, 0xE0, 0x10, 0xF0, 0x08, 0xF8, 0x1C, 0xFC,
  0x00, 0x00, 0x00, 0x00, 0x00, 0x00, 0x00, 0x80, 0x00, 0xE0, 0x00, 0x70, 0x00, 0x38, 0x00, 0xF0,
  0x00, 0x00, 0x01, 0x01, 0x03, 0x03, 0x03, 0x03, 0x06, 0x07, 0x06, 0x07, 0x05, 0x07, 0x05, 0x07,
  0x00, 0x00, 0x00, 0x00, 0x00, 0x00, 0x00, 0x01, 0x00, 0x03, 0x00, 0x03, 0x00, 0x03, 0x00, 0x03,
  0xFF, 0xDF, 0xFD, 0x85, 0xFB, 0x8B, 0xFE, 0xFF, 0xFF, 0xFF, 0xCF, 0xFF, 0xDC, 0xFF, 0xFE, 0xFE,
  0x00, 0xC1, 0x00, 0x80, 0x00, 0x01, 0x00, 0x03, 0x00, 0x97, 0x00, 0xB2, 0x00, 0xA6, 0x00, 0x8C,
  0x00, 0x00, 0xC0, 0xC0, 0xC0, 0xC0, 0x00, 0x00, 0x00, 0x00, 0x00, 0x00, 0x00, 0x00, 0x00, 0x00,
  0x00, 0x00, 0x00, 0x80, 0x00, 0x00, 0x00, 0x00, 0x00, 0x00, 0x00, 0x00, 0x00, 0x00, 0x00, 0x00,
  0x06, 0x07, 0x07, 0x07, 0x03, 0x03, 0x00, 0x00, 0x00, 0x00, 0x00, 0x00, 0x00, 0x00, 0x00, 0x00,
  0x00, 0x03, 0x00, 0x03, 0x00, 0x00, 0x00, 0x00, 0x00, 0x00, 0x00, 0x00, 0x00, 0x00, 0x00, 0x00,
  0x00, 0x00, 0x00, 0x00, 0x00, 0x00, 0x00, 0x00, 0x00, 0x00, 0x00, 0x00, 0x00, 0x00, 0x00, 0x00,
  0x00, 0x00, 0x00, 0x00, 0x00, 0x00, 0x00, 0x00, 0x00, 0x00, 0x00, 0x00, 0x00, 0x00, 0x00, 0x00,
  0x00, 0x00, 0x00, 0x00, 0x00, 0x00, 0x00, 0x00, 0x00, 0x00, 0x00, 0x00, 0x00, 0x00, 0x00, 0x00,
  0x00, 0x00, 0x00, 0x00, 0x00, 0x00, 0x00, 0x00, 0x00, 0x00, 0x00, 0x00, 0x00, 0x00, 0x00, 0x00,
  0x77, 0xFF, 0x7E, 0xFE, 0xFF, 0xFC, 0xFF, 0x79, 0x7F, 0x3F, 0xFF, 0xFF, 0x7F, 0x71, 0x3B, 0x30,
  0x80, 0x9E, 0xC0, 0xDD, 0x43, 0x48, 0xE6, 0x66, 0x70, 0xB1, 0x10, 0x10, 0x00, 0x00, 0x04, 0x04,
  0xB0, 0x90, 0x78, 0x78, 0xCC, 0xFC, 0x86, 0xFE, 0x03, 0xFF, 0x87, 0xFF, 0xC7, 0xFF, 0xFD, 0xFF,
  0xA0, 0x40, 0x00, 0xB8, 0x00, 0x7C, 0x00, 0xCC, 0x10, 0x86, 0x00, 0xC6, 0x00, 0x64, 0x00, 0x3B,
  0x00, 0x00, 0x00, 0x00, 0x00, 0x00, 0x00, 0x00, 0x00, 0x00, 0x00, 0x00, 0x00, 0x00, 0x00, 0x00,
  0x00, 0x00, 0x00, 0x00, 0x00, 0x00, 0x00, 0x00, 0x00, 0x00, 0x00, 0x00, 0x00, 0x00, 0x00, 0x00,
  0x00, 0x00, 0x00, 0x00, 0x00, 0x00, 0x00, 0x00, 0x00, 0x00, 0x00, 0x00, 0x00, 0x00, 0x00, 0x00,
  0x00, 0x00, 0x00, 0x00, 0x00, 0x00, 0x00, 0x00, 0x00, 0x00, 0x00, 0x00, 0x00, 0x00, 0x00, 0x00,
  0x00, 0x00, 0x00, 0x00, 0x00, 0x00, 0x00, 0x00, 0x00, 0x00, 0x00, 0x00, 0x00, 0x00, 0x00, 0x00,
  0x00, 0x00, 0x00, 0x00, 0x00, 0x00, 0x00, 0x00, 0x00, 0x00, 0x00, 0x00, 0x00, 0x00, 0x00, 0x00,
  0x00, 0x00, 0x00, 0x00, 0x00, 0x00, 0x00, 0x00, 0x00, 0x00, 0x00, 0x00, 0x00, 0x00, 0x00, 0x00,
  0x00, 0x00, 0x00, 0x00, 0x00, 0x00, 0x00, 0x00, 0x00, 0x00, 0x00, 0x00, 0x00, 0x00, 0x00, 0x00,
  0x00, 0x00, 0x00, 0x00, 0x00, 0x00, 0x00, 0x00, 0x00, 0x00, 0x00, 0x00, 0x00, 0x00, 0x00, 0x00,
  0x00, 0x00, 0x00, 0x00, 0x00, 0x00, 0x00, 0x00, 0x00, 0x00, 0x00, 0x00, 0x00, 0x00, 0x00, 0x00,
  0x00, 0x00, 0x00, 0x00, 0x00, 0x00, 0x00, 0x00, 0x00, 0x00, 0x00, 0x00, 0x00, 0x00, 0x00, 0x00,
  0x00, 0x00, 0x00, 0x00, 0x00, 0x00, 0x00, 0x00, 0x00, 0x00, 0x00, 0x00, 0x00, 0x00, 0x00, 0x00,
  0xFF, 0xDF, 0xFD, 0x85, 0xFB, 0x8B, 0xFE, 0xFF, 0xFF, 0xFF, 0xCF, 0xFF, 0xDC, 0xFF, 0xFE, 0xFE,
  0x00, 0xC1, 0x00, 0x80, 0x00, 0x01, 0x00, 0x03, 0x00, 0x97, 0x00, 0xB2, 0x00, 0xA6, 0x00, 0x8C,
  0xFD, 0xFF, 0xCD, 0xFF, 0x86, 0xFE, 0x0C, 0xFC, 0xF0, 0xF0, 0x80, 0x80, 0x40, 0xC0, 0x00, 0x00,
  0x00, 0xE6, 0x00, 0xFE, 0x20, 0x8C, 0x00, 0xF0, 0x00, 0x80, 0x00, 0x00, 0x00, 0x80, 0x00, 0x00,
  0x07, 0x07, 0x0F, 0x0F, 0x0F, 0x0F, 0x1F, 0x1F, 0x37, 0x3F, 0x3F, 0x3F, 0x1F, 0x1F, 0x0E, 0x0F,
  0x00, 0x03, 0x00, 0x07, 0x00, 0x02, 0x00, 0x08, 0x00, 0x1D, 0x00, 0x1F, 0x00, 0x0F, 0x00, 0x07,
  0xB8, 0xBC, 0x98, 0x9C, 0x98, 0x9C, 0x8C, 0x8E, 0x86, 0xC6, 0x00, 0x80, 0x00, 0x00, 0x00, 0x00,
  0x00, 0x1C, 0x00, 0x0C, 0x00, 0x0C, 0x00, 0x06, 0x00, 0xC0, 0x00, 0x80, 0x00, 0x00, 0x00, 0x00,
  0x00, 0x00, 0x00, 0x00, 0x00, 0x00, 0x00, 0x00, 0x00, 0x00, 0x00, 0x00, 0x00, 0x00, 0x00, 0x00,
  0x00, 0x00, 0x00, 0x00, 0x00, 0x00, 0x00, 0x00, 0x00, 0x00, 0x00, 0x00, 0x00, 0x00, 0x00, 0x00,
  0x00, 0x00, 0x00, 0x00, 0x00, 0x00, 0x00, 0x00, 0x00, 0x00, 0x00, 0x00, 0x00, 0x00, 0x00, 0x00,
  0x00, 0x00, 0x00, 0x00, 0x00, 0x00, 0x00, 0x00, 0x00, 0x00, 0x00, 0x00, 0x00, 0x00, 0x00, 0x00,
  0x00, 0x00, 0x00, 0x00, 0x00, 0x00, 0x00, 0x00, 0x00, 0x00, 0x00, 0x00, 0x00, 0x00, 0x00, 0x00,
  0x00, 0x00, 0x00, 0x00, 0x00, 0x00, 0x00, 0x00, 0x00, 0x00, 0x00, 0x00, 0x00, 0x00, 0x00, 0x00,
  0x00, 0x00, 0x00, 0x00, 0x00, 0x00, 0x00, 0x00, 0x00, 0x00, 0x00, 0x00, 0x00, 0x00, 0x00, 0x00,
  0x00, 0x00, 0x00, 0x00, 0x00, 0x00, 0x00, 0x00, 0x00, 0x00, 0x00, 0x00, 0x00, 0x00, 0x00, 0x00,
  0x07, 0x07, 0x1D, 0x1F, 0x33, 0x3F, 0x2F, 0x3F, 0x50, 0x7F, 0x61, 0x7F, 0x64, 0x7F, 0xE2, 0xFF,
  0x07, 0x07, 0x1F, 0x1F, 0x3F, 0x3F, 0x30, 0x3F, 0x60, 0x7A, 0x44, 0x79, 0x40, 0x74, 0x80, 0xB2,
  0x00, 0xC0, 0x40, 0xA0, 0x50, 0xF0, 0xD0, 0xD0, 0x40, 0xC0, 0x28, 0xE8, 0xB8, 0xF8, 0x78, 0xD8,
  0xC0, 0xC0, 0xA0, 0x60, 0xF0, 0xF0, 0x30, 0x90, 0x30, 0x80, 0x10, 0x48, 0x00, 0xE8, 0x20, 0xE8,
  0x00, 0x00, 0xE0, 0x60, 0xF0, 0x50, 0xD0, 0xD0, 0xF0, 0x50, 0xF0, 0x50, 0xE0, 0xE0, 0x00, 0x00,
  0x00, 0x00, 0x80, 0x80, 0xA0, 0x20, 0x80, 0x20, 0xA0, 0x00, 0xA0, 0xA0, 0x00, 0x00, 0x00, 0x00,
  0x00, 0x00, 0xFF, 0x81, 0xFF, 0x81, 0x83, 0x83, 0xFF, 0x81, 0xFF, 0x81, 0xFF, 0xFF, 0x00, 0x00,
  0x00, 0x00, 0x7E, 0x7E, 0x7E, 0x00, 0x02, 0x7C, 0x7E, 0x00, 0x7E, 0x7E, 0x00, 0x00, 0x00, 0x00,
  0xA0, 0xE0, 0xA0, 0xE0, 0xA0, 0xE0, 0xE0, 0xE0, 0xC0, 0xC0, 0x00, 0x00, 0x00, 0x00, 0x00, 0x00,
  0x00, 0xA0, 0x00, 0xA0, 0x00, 0xE0, 0x00, 0xE0, 0x00, 0x00, 0x00, 0x00, 0x00, 0x00, 0x00, 0x00,
  0x00, 0x00, 0x00, 0x00, 0x00, 0x00, 0x00, 0x00, 0x00, 0x00, 0x00, 0x00, 0x00, 0x00, 0x00, 0x00,
  0x00, 0x00, 0x00, 0x00, 0x00, 0x00, 0x00, 0x00, 0x00, 0x00, 0x00, 0x00, 0x00, 0x00, 0x00, 0x00,
  0x00, 0x00, 0x00, 0x00, 0x00, 0x00, 0x00, 0x00, 0x00, 0x00, 0x00, 0x00, 0x00, 0x00, 0x00, 0x00,
  0x00, 0x00, 0x00, 0x00, 0x00, 0x00, 0x00, 0x00, 0x00, 0x00, 0x00, 0x00, 0x00, 0x00, 0x00, 0x00,
  0x00, 0x00, 0x00, 0x00, 0x00, 0x00, 0x00, 0x00, 0x00, 0x00, 0x00, 0x00, 0x00, 0x00, 0x00, 0x00,
  0x00, 0x00, 0x00, 0x00, 0x00, 0x00, 0x00, 0x00, 0x00, 0x00, 0x00, 0x00, 0x00, 0x00, 0x00, 0x00,
  0x03, 0x03, 0x03, 0x02, 0x07, 0x07, 0x0F, 0x0F, 0x0B, 0x0F, 0x13, 0x1F, 0x1F, 0x1F, 0x3E, 0x3E,
  0x00, 0x01, 0x00, 0x02, 0x00, 0x00, 0x00, 0x0E, 0x00, 0x0F, 0x00, 0x1F, 0x00, 0x1E, 0x00, 0x1C,
  0xFF, 0x0F, 0xD8, 0x08, 0xA0, 0x00, 0xE0, 0xE0, 0xE0, 0xE0, 0xC1, 0xC1, 0x01, 0x01, 0x03, 0x03,
  0x00, 0x01, 0x20, 0x20, 0x40, 0x40, 0x00, 0x00, 0x00, 0x60, 0x00, 0x40, 0x00, 0x00, 0x00, 0x01,
  0x3E, 0x3C, 0x7F, 0x7F, 0xE3, 0xFF, 0xC1, 0xFF, 0xC1, 0xFF, 0xC0, 0xFF, 0xF2, 0xFF, 0xFF, 0x3F,
  0x01, 0x01, 0x00, 0x1E, 0x00, 0x3F, 0x00, 0x63, 0x08, 0x61, 0x00, 0x71, 0x00, 0xBF, 0x00, 0x0F,
  0x80, 0x80, 0x00, 0x00, 0x80, 0x80, 0x40, 0xC0, 0x10, 0xF0, 0x08, 0xF8, 0x0E, 0xFE, 0x1E, 0xFF,
  0x00, 0x00, 0x00, 0x00, 0x00, 0x80, 0x00, 0xC0, 0x00, 0xF0, 0x00, 0x38, 0x00, 0x1C, 0x00, 0xF9,
  0x00, 0x00, 0x00, 0x00, 0x00, 0x00, 0x00, 0x00, 0x00, 0x00, 0x01, 0x01, 0x01, 0x01, 0x03, 0x03,
  0x00, 0x00, 0x00, 0x00, 0x00, 0x00, 0x00, 0x00, 0x00, 0x00, 0x00, 0x00, 0x00, 0x00, 0x00, 0x01,
  0x00, 0x00, 0x00, 0x00, 0x00, 0x00, 0x01, 0x01, 0x03, 0x03, 0x03, 0x03, 0x01, 0x01, 0x00, 0x00,
  0x00, 0x00, 0x00, 0x00, 0x00, 0x00, 0x00, 0x01, 0x00, 0x01, 0x00, 0x00, 0x00, 0x00, 0x00, 0x00,
  0x60, 0x78, 0x7A, 0x7E, 0x3E, 0x3E, 0x00, 0x00, 0x00, 0x00, 0x00, 0x00, 0x00, 0x00, 0x00, 0x00,
  0x00, 0x38, 0x00, 0x3E, 0x00, 0x00, 0x00, 0x00, 0x00, 0x00, 0x00, 0x00, 0x00, 0x00, 0x00, 0x00,
  0x60, 0xE0, 0xC0, 0xE0, 0x90, 0xF0, 0xC8, 0xF8, 0x64, 0x7C, 0x3C, 0x3C, 0x00, 0x00, 0x00, 0x00,
  0x00, 0xC0, 0x00, 0xE0, 0x00, 0xC0, 0x00, 0x68, 0x00, 0x3C, 0x00, 0x00, 0x00, 0x00, 0x00, 0x00,
  0x69, 0xFF, 0x77, 0xFF, 0xFE, 0xFE, 0xFF, 0x7C, 0x7F, 0x39, 0xFF, 0xFF, 0x7F, 0x71, 0x3B, 0x30,
  0x80, 0xBB, 0xC0, 0xDE, 0x40, 0x5D, 0xC3, 0x48, 0x66, 0xA6, 0x10, 0x10, 0x00, 0x00, 0x04, 0x04,
  0xB1, 0x91, 0xBA, 0xBB, 0x4E, 0x7F, 0x87, 0xFF, 0x03, 0xFF, 0x83, 0xFF, 0xC7, 0xFF, 0xFD, 0xFF,
  0x20, 0xC1, 0x80, 0x59, 0x00, 0xBD, 0x00, 0x4C, 0x10, 0x86, 0x00, 0xC6, 0x00, 0x64, 0x00, 0x3B,
  0x00, 0x00, 0x00, 0x00, 0x00, 0x00, 0x00, 0x00, 0x00, 0x00, 0x00, 0x00, 0x00, 0x00, 0x00, 0x00,
  0x00, 0x00, 0x00, 0x00, 0x00, 0x00, 0x00, 0x00, 0x00, 0x00, 0x00, 0x00, 0x00, 0x00, 0x00, 0x00,
  0x00, 0x00, 0x00, 0x00, 0x00, 0x00, 0x00, 0x00, 0x00, 0x00, 0x00, 0x00, 0x00, 0x00, 0x00, 0x00,
  0x00, 0x00, 0x00, 0x00, 0x00, 0x00, 0x00, 0x00, 0x00, 0x00, 0x00, 0x00, 0x00, 0x00, 0x00, 0x00,
  0x00, 0x00, 0x00, 0x00, 0x00, 0x00, 0x00, 0x00, 0x00, 0x00, 0x00, 0x00, 0x00, 0x00, 0x00, 0x00,
  0x00, 0x00, 0x00, 0x00, 0x00, 0x00, 0x00, 0x00, 0x00, 0x00, 0x00, 0x00, 0x00, 0x00, 0x00, 0x00,
  0x00, 0x00, 0x00, 0x00, 0x00, 0x00, 0x00, 0x00, 0x00, 0x00, 0x00, 0x00, 0x00, 0x00, 0x00, 0x00,
  0x00, 0x00, 0x00, 0x00, 0x00, 0x00, 0x00, 0x00, 0x00, 0x00, 0x00, 0x00, 0x00, 0x00, 0x00, 0x00,
  0x00, 0x00, 0x00, 0x00, 0x00, 0x00, 0x00, 0x00, 0x00, 0x00, 0x00, 0x00, 0x00, 0x00, 0x00, 0x00,
  0x00, 0x00, 0x00, 0x00, 0x00, 0x00, 0x00, 0x00, 0x00, 0x00, 0x00, 0x00, 0x00, 0x00, 0x00, 0x00,
  0x00, 0x00, 0x00, 0x00, 0x00, 0x00, 0x00, 0x00, 0x00, 0x00, 0x00, 0x00, 0x00, 0x00, 0x00, 0x00,
  0x00, 0x00, 0x00, 0x00, 0x00, 0x00, 0x00, 0x00, 0x00, 0x00, 0x00, 0x00, 0x00, 0x00, 0x00, 0x00,
  0x7C, 0x7C, 0xF8, 0xF8, 0xF8, 0xF8, 0x60, 0xFC, 0xF0, 0xF8, 0x90, 0xF0, 0xC0, 0xF0, 0xF0, 0xF0,
  0x00, 0x38, 0x00, 0x20, 0x00, 0x80, 0x00, 0x9C, 0x00, 0xB8, 0x00, 0xF0, 0x00, 0x70, 0x00, 0x70,
  0x06, 0x07, 0x02, 0x03, 0x01, 0x01, 0x00, 0x00, 0x00, 0x00, 0x00, 0x00, 0x00, 0x00, 0x00, 0x00,
  0x00, 0x03, 0x00, 0x01, 0x00, 0x00, 0x00, 0x00, 0x00, 0x00, 0x00, 0x00, 0x00, 0x00, 0x00, 0x00,
  0xFF, 0x0F, 0xD8, 0x08, 0xA0, 0x00, 0xE0, 0xE0, 0xE0, 0xE0, 0xC1, 0xC1, 0x01, 0x01, 0x03, 0x03,
  0x00, 0x01, 0x20, 0x20, 0x40, 0x40, 0x00, 0x00, 0x00, 0x60, 0x00, 0x40, 0x00, 0x00, 0x00, 0x01,
  0xFE, 0xFF, 0xE3, 0xFF, 0x46, 0x7E, 0x8C, 0xFC, 0x98, 0xF8, 0xF0, 0xF0, 0xF8, 0xF8, 0x88, 0xF8,
  0x00, 0xE3, 0x00, 0x1E, 0x20, 0x4C, 0x00, 0x58, 0x00, 0xF0, 0x00, 0xC0, 0x00, 0x10, 0x00, 0xD0,
  0x00, 0x00, 0x00, 0x00, 0x00, 0x00, 0x00, 0x00, 0x00, 0x00, 0x00, 0x00, 0x00, 0x00, 0x00, 0x00,
  0x00, 0x00, 0x00, 0x00, 0x00, 0x00, 0x00, 0x00, 0x00, 0x00, 0x00, 0x00, 0x00, 0x00, 0x00, 0x00,
  0x00, 0x00, 0x00, 0x00, 0x00, 0x00, 0x00, 0x00, 0x00, 0x00, 0x00, 0x00, 0x00, 0x00, 0x00, 0x00,
  0x00, 0x00, 0x00, 0x00, 0x00, 0x00, 0x00, 0x00, 0x00, 0x00, 0x00, 0x00, 0x00, 0x00, 0x00, 0x00,
  0x00, 0x00, 0x00, 0x00, 0x00, 0x00, 0x00, 0x00, 0x00, 0x00, 0x00, 0x00, 0x00, 0x00, 0x00, 0x00,
  0x00, 0x00, 0x00, 0x00, 0x00, 0x00, 0x00, 0x00, 0x00, 0x00, 0x00, 0x00, 0x00, 0x00, 0x00, 0x00,
  0x00, 0x00, 0x00, 0x00, 0x00, 0x00, 0x00, 0x00, 0x00, 0x00, 0x00, 0x00, 0x00, 0x00, 0x00, 0x00,
  0x00, 0x00, 0x00, 0x00, 0x00, 0x00, 0x00, 0x00, 0x00, 0x00, 0x00, 0x00, 0x00, 0x00, 0x00, 0x00,
  0x07, 0x07, 0x1D, 0x1F, 0x33, 0x3F, 0x2F, 0x3F, 0x50, 0x7F, 0x61, 0x7F, 0x64, 0x7F, 0xE2, 0xFF,
  0x07, 0x07, 0x1F, 0x1F, 0x3F, 0x3F, 0x30, 0x3F, 0x60, 0x7A, 0x44, 0x79, 0x40, 0x74, 0x80, 0xB2,
  0x00, 0xC0, 0x40, 0xA0, 0x50, 0xF0, 0xD0, 0xD0, 0x40, 0xC0, 0x20, 0xE0, 0xB1, 0xF1, 0x72, 0xD3,
  0xC0, 0xC0, 0xA0, 0x60, 0xF0, 0xF0, 0x30, 0x90, 0x30, 0x80, 0x10, 0x40, 0x00, 0xE1, 0x20, 0xE1,
  0x00, 0x00, 0xE0, 0x60, 0xF0, 0x50, 0xD0, 0xD0, 0xF0, 0x50, 0xF0, 0x50, 0xE0, 0xE0, 0x00, 0x00,
  0x00, 0x00, 0x80, 0x80, 0xA0, 0x20, 0x80, 0x20, 0xA0, 0x00, 0xA0, 0xA0, 0x00, 0x00, 0x00, 0x00,
  0x00, 0x00, 0xFF, 0x81, 0xFF, 0x81, 0x83, 0x83, 0xFF, 0x81, 0xFF, 0x81, 0xFF, 0xFF, 0x00, 0x00,
  0x00, 0x00, 0x7E, 0x7E, 0x7E, 0x00, 0x02, 0x7C, 0x7E, 0x00, 0x7E, 0x7E, 0x00, 0x00, 0x00, 0x00,
  0xA0, 0xE0, 0xE0, 0xE0, 0xC0, 0xC0, 0x80, 0x80, 0x00, 0x00, 0x00, 0x00, 0x00, 0x00, 0x00, 0x00,
  0x00, 0xE0, 0x00, 0xE0, 0x00, 0x00, 0x00, 0x00, 0x00, 0x00, 0x00, 0x00, 0x00, 0x00, 0x00, 0x00,
  0x00, 0x00, 0x00, 0x00, 0x00, 0x00, 0x00, 0x00, 0x00, 0x00, 0x00, 0x00, 0xA0, 0xE0, 0xA0, 0xE0,
  0x00, 0x00, 0x00, 0x00, 0x00, 0x00, 0x00, 0x00, 0x00, 0x00, 0x00, 0x00, 0x00, 0xE0, 0x00, 0xA0,
  0x00, 0x00, 0x00, 0x00, 0x00, 0x00, 0x00, 0x00, 0x00, 0x00, 0x00, 0x00, 0x00, 0x00, 0x00, 0x00,
  0x00, 0x00, 0x00, 0x00, 0x00, 0x00, 0x00, 0x00, 0x00, 0x00, 0x00, 0x00, 0x00, 0x00, 0x00, 0x00,
  0x00, 0x00, 0x00, 0x00, 0x00, 0x00, 0x00, 0x00, 0x00, 0x00, 0x00, 0x00, 0x00, 0x00, 0x00, 0x00,
  0x00, 0x00, 0x00, 0x00, 0x00, 0x00, 0x00, 0x00, 0x00, 0x00, 0x00, 0x00, 0x00, 0x00, 0x00, 0x00,
  0xC1, 0xFF, 0xF1, 0xFF, 0xDF, 0x5F, 0x87, 0x87, 0x03, 0x03, 0x02, 0x03, 0x02, 0x03, 0x02, 0x03,
  0x00, 0x71, 0x00, 0x1B, 0x00, 0x06, 0x00, 0x00, 0x00, 0x01, 0x00, 0x03, 0x00, 0x02, 0x00, 0x02,
  0xC0, 0xC0, 0xE0, 0xE0, 0xC0, 0xE0, 0xE0, 0xE0, 0x60, 0xE0, 0x20, 0xE0, 0x20, 0xE0, 0x20, 0xE0,
  0x00, 0x40, 0x00, 0x60, 0x00, 0x60, 0x00, 0xE0, 0x00, 0xC0, 0x00, 0x60, 0x80, 0x20, 0x00, 0x20,
  0x01, 0x01, 0x03, 0x03, 0x03, 0x03, 0x06, 0x07, 0x04, 0x07, 0x04, 0x07, 0x0E, 0x0F, 0x0F, 0x0F,
  0x00, 0x00, 0x00, 0x00, 0x00, 0x01, 0x00, 0x03, 0x00, 0x02, 0x00, 0x02, 0x00, 0x03, 0x00, 0x05,
  0xCC, 0x04, 0xF8, 0xE8, 0xF8, 0xF8, 0x18, 0xF8, 0x0C, 0xFC, 0x0E, 0xFE, 0x03, 0xFF, 0x21, 0xFF,
  0x30, 0x30, 0x00, 0x00, 0x00, 0xC0, 0x00, 0x30, 0x80, 0x18, 0x00, 0x1C, 0x00, 0x36, 0x00, 0xE3,
  0x00, 0x00, 0x00, 0x00, 0x00, 0x00, 0x00, 0x00, 0x00, 0x00, 0x00, 0x00, 0x20, 0xE0, 0xE0, 0xE0,
  0x00, 0x00, 0x00, 0x00, 0x00, 0x00, 0x00, 0x00, 0x00, 0x00, 0x00, 0x00, 0x00, 0xC0, 0x00, 0x00,
  0x27, 0x7F, 0x3F, 0x7F, 0x78, 0x78, 0x00, 0x00, 0x00, 0x00, 0x00, 0x00, 0x00, 0x00, 0x00, 0x00,
  0x00, 0x77, 0x00, 0x78, 0x00, 0x00, 0x00, 0x00, 0x00, 0x00, 0x00, 0x00, 0x00, 0x00, 0x00, 0x00,
  0xE2, 0xFE, 0xF0, 0xF8, 0xC0, 0xE0, 0x80, 0xE0, 0x80, 0xC0, 0xC0, 0xC0, 0xC0, 0xC0, 0x00, 0x00,
  0x00, 0x7E, 0x00, 0x78, 0x00, 0x60, 0x00, 0x60, 0x00, 0x40, 0x00, 0x40, 0x00, 0x00, 0x00, 0x00,
  0x00, 0x00, 0x00, 0x00, 0x00, 0x00, 0x03, 0x03, 0xFF, 0xFF, 0xFC, 0xFF, 0xFF, 0xFF, 0xFF, 0xFF,
  0x00, 0x00, 0x00, 0x00, 0x00, 0x00, 0x00, 0x01, 0x00, 0x03, 0x00, 0x6F, 0x00, 0x6F, 0x00, 0x40,
  0x69, 0xFF, 0x77, 0xFF, 0xFE, 0xFE, 0xFF, 0x7C, 0x7F, 0x39, 0xFF, 0xFF, 0x7F, 0x71, 0x3B, 0x30,
  0x80, 0xBB, 0xC0, 0xDE, 0x40, 0x5D, 0xC3, 0x48, 0x66, 0xA6, 0x10, 0x10, 0x00, 0x00, 0x04, 0x04,
  0xB2, 0x93, 0xBF, 0xBF, 0x4F, 0x7F, 0x87, 0xFF, 0x03, 0xFF, 0x83, 0xFF, 0xC7, 0xFF, 0xFD, 0xFF,
  0x20, 0xC1, 0x80, 0x5A, 0x00, 0xBF, 0x00, 0x4D, 0x10, 0x86, 0x00, 0xC6, 0x00, 0x64, 0x00, 0x3B,
  0x00, 0x00, 0x00, 0x00, 0x00, 0x00, 0x00, 0x00, 0x00, 0x00, 0x00, 0x00, 0x00, 0x00, 0x00, 0x00,
  0x00, 0x00, 0x00, 0x00, 0x00, 0x00, 0x00, 0x00, 0x00, 0x00, 0x00, 0x00, 0x00, 0x00, 0x00, 0x00,
  0x00, 0x00, 0x00, 0x00, 0x00, 0x00, 0x00, 0x00, 0x00, 0x00, 0x00, 0x00, 0x00, 0x00, 0x00, 0x00,
  0x00, 0x00, 0x00, 0x00, 0x00, 0x00, 0x00, 0x00, 0x00, 0x00, 0x00, 0x00, 0x00, 0x00, 0x00, 0x00,
  0x00, 0x00, 0x00, 0x00, 0x00, 0x00, 0x00, 0x00, 0x00, 0x00, 0x00, 0x00, 0x00, 0x00, 0x00, 0x00,
  0x00, 0x00, 0x00, 0x00, 0x00, 0x00, 0x00, 0x00, 0x00, 0x00, 0x00, 0x00, 0x00, 0x00, 0x00, 0x00,
  0x00, 0x00, 0x00, 0x00, 0x00, 0x00, 0x00, 0x00, 0x00, 0x00, 0x00, 0x00, 0x00, 0x00, 0x00, 0x00,
  0x00, 0x00, 0x00, 0x00, 0x00, 0x00, 0x00, 0x00, 0x00, 0x00, 0x00, 0x00, 0x00, 0x00, 0x00, 0x00,
  0x00, 0x00, 0x00, 0x00, 0x00, 0x00, 0x00, 0x00, 0x00, 0x00, 0x00, 0x00, 0x00, 0x00, 0x00, 0x00,
  0x00, 0x00, 0x00, 0x00, 0x00, 0x00, 0x00, 0x00, 0x00, 0x00, 0x00, 0x00, 0x00, 0x00, 0x00, 0x00,
  0x00, 0x00, 0x00, 0x00, 0x00, 0x00, 0x00, 0x00, 0x00, 0x00, 0x00, 0x00, 0x00, 0x00, 0x00, 0x00,
  0x00, 0x00, 0x00, 0x00, 0x00, 0x00, 0x00, 0x00, 0x00, 0x00, 0x00, 0x00, 0x00, 0x00, 0x00, 0x00,
  0x02, 0x03, 0x01, 0x01, 0x01, 0x01, 0x00, 0x00, 0x00, 0x00, 0x00, 0x00, 0x00, 0x00, 0x00, 0x00,
  0x00, 0x01, 0x00, 0x01, 0x00, 0x00, 0x00, 0x00, 0x00, 0x00, 0x00, 0x00, 0x00, 0x00, 0x00, 0x00,
  0x20, 0xE0, 0x10, 0xF0, 0x10, 0xF0, 0x90, 0xF0, 0xD8, 0xFC, 0x78, 0x7C, 0x72, 0x7E, 0x74, 0x7F,
  0x00, 0x20, 0x00, 0xA0, 0x00, 0xF0, 0x00, 0xF0, 0x00, 0x74, 0x00, 0x70, 0x00, 0x2E, 0x00, 0x0E,
  0x1B, 0x1D, 0x3F, 0x38, 0xFE, 0xF0, 0xFD, 0xF8, 0x3F, 0xFD, 0xFE, 0xFE, 0xFC, 0xFC, 0xF6, 0xFE,
  0x00, 0x0C, 0x00, 0x18, 0x01, 0x01, 0x02, 0xE2, 0x00, 0xF0, 0x00, 0xF0, 0x00, 0xF8, 0x00, 0x1C,
  0xC1, 0xFF, 0xF1, 0xFF, 0xDF, 0x5F, 0x87, 0x87, 0x03, 0x03, 0x02, 0x03, 0x02, 0x03, 0x02, 0x03,
  0x00, 0x71, 0x00, 0x1B, 0x00, 0x06, 0x00, 0x00, 0x00, 0x01, 0x00, 0x03, 0x00, 0x02, 0x00, 0x02,
  0x00, 0x00, 0x00, 0x00, 0x00, 0x00, 0x00, 0x00, 0x00, 0x00, 0x00, 0x00, 0x00, 0x00, 0x00, 0x00,
  0x00, 0x00, 0x00, 0x00, 0x00, 0x00, 0x00, 0x00, 0x00, 0x00, 0x00, 0x00, 0x00, 0x00, 0x00, 0x00,
  0x00, 0x00, 0x00, 0x00, 0x00, 0x00, 0x00, 0x00, 0x00, 0x00, 0x00, 0x00, 0x00, 0x00, 0x00, 0x00,
  0x00, 0x00, 0x00, 0x00, 0x00, 0x00, 0x00, 0x00, 0x00, 0x00, 0x00, 0x00, 0x00, 0x00, 0x00, 0x00,
  0x00, 0x00, 0x00, 0x00, 0x00, 0x00, 0x00, 0x00, 0x00, 0x00, 0x00, 0x00, 0x00, 0x00, 0x00, 0x00,
  0x00, 0x00, 0x00, 0x00, 0x00, 0x00, 0x00, 0x00, 0x00, 0x00, 0x00, 0x00, 0x00, 0x00, 0x00, 0x00,
  0x00, 0x00, 0x00, 0x00, 0x00, 0x00, 0x00, 0x00, 0x00, 0x00, 0x00, 0x00, 0x00, 0x00, 0x00, 0x00,
  0x00, 0x00, 0x00, 0x00, 0x00, 0x00, 0x00, 0x00, 0x00, 0x00, 0x00, 0x00, 0x00, 0x00, 0x00, 0x00,
  0x07, 0x07, 0x1D, 0x1F, 0x2F, 0x3F, 0x10, 0x3F, 0x61, 0x7F, 0x64, 0x7F, 0x62, 0x7F, 0xE9, 0xFF,
  0x07, 0x07, 0x1F, 0x1F, 0x30, 0x3F, 0x20, 0x3E, 0x44, 0x79, 0x40, 0x74, 0x40, 0x72, 0x80, 0xBB,
  0x00, 0xC0, 0x40, 0xA0, 0xD0, 0xF0, 0x50, 0xD0, 0x00, 0xC0, 0xA0, 0xE0, 0x70, 0xF0, 0xB0, 0x90,
  0xC0, 0xC0, 0xA0, 0x60, 0x70, 0xF0, 0x30, 0x90, 0x30, 0x40, 0x10, 0xC0, 0x00, 0xE0, 0x20, 0xE0,
  0x00, 0x00, 0xE0, 0x60, 0xF0, 0x50, 0xD0, 0xD0, 0xF0, 0x50, 0xF0, 0x50, 0xE0, 0xE0, 0x00, 0x00,
  0x00, 0x00, 0x80, 0x80, 0xA0, 0x20, 0x80, 0x20, 0xA0, 0x00, 0xA0, 0xA0, 0x00, 0x00, 0x00, 0x00,
  0x00, 0x00, 0xFF, 0x81, 0xFF, 0x81, 0x83, 0x83, 0xFF, 0x81, 0xFF, 0x81, 0xFF, 0xFF, 0x00, 0x00,
  0x00, 0x00, 0x7E, 0x7E, 0x7E, 0x00, 0x02, 0x7C, 0x7E, 0x00, 0x7E, 0x7E, 0x00, 0x00, 0x00, 0x00,
  0x00, 0x00, 0x00, 0x00, 0x00, 0x00, 0x00, 0x00, 0x00, 0x00, 0x00, 0x00, 0x00, 0x00, 0x00, 0x00,
  0x00, 0x00, 0x00, 0x00, 0x00, 0x00, 0x00, 0x00, 0x00, 0x00, 0x00, 0x00, 0x00, 0x00, 0x00, 0x00,
  0x00, 0x00, 0x00, 0x00, 0x00, 0x00, 0x00, 0x00, 0x00, 0x00, 0x00, 0x00, 0x00, 0x00, 0x00, 0x00,
  0x00, 0x00, 0x00, 0x00, 0x00, 0x00, 0x00, 0x00, 0x00, 0x00, 0x00, 0x00, 0x00, 0x00, 0x00, 0x00,
  0x00, 0x00, 0x00, 0x00, 0x00, 0x00, 0x00, 0x00, 0x00, 0x00, 0x00, 0x00, 0x00, 0x00, 0x00, 0x00,
  0x00, 0x00, 0x00, 0x00, 0x00, 0x00, 0x00, 0x00, 0x00, 0x00, 0x00, 0x00, 0x00, 0x00, 0x00, 0x00,
  0x00, 0x00, 0x00, 0x00, 0x00, 0x00, 0x00, 0x00, 0x00, 0x00, 0x00, 0x00, 0x00, 0x00, 0x00, 0x00,
  0x00, 0x00, 0x00, 0x00, 0x00, 0x00, 0x00, 0x00, 0x00, 0x00, 0x00, 0x00, 0x00, 0x00, 0x00, 0x00,
  0x00, 0x00, 0x00, 0x00, 0x00, 0x00, 0x04, 0x04, 0x0E, 0x0E, 0x1A, 0x1E, 0x3E, 0x3E, 0x7F, 0x7F,
  0x00, 0x00, 0x00, 0x00, 0x00, 0x00, 0x00, 0x00, 0x00, 0x04, 0x00, 0x0E, 0x00, 0x0C, 0x00, 0x19,
  0x03, 0x03, 0x07, 0x07, 0x0C, 0x0F, 0x08, 0x0F, 0x08, 0x0F, 0x08, 0x0F, 0x1C, 0x1F, 0x1E, 0x1F,
  0x00, 0x00, 0x00, 0x01, 0x00, 0x07, 0x00, 0x0C, 0x01, 0x0C, 0x00, 0x04, 0x00, 0x06, 0x00, 0x03,
  0x11, 0x1F, 0x08, 0x0F, 0x0C, 0x0F, 0x06, 0x07, 0x07, 0x07, 0x03, 0x03, 0x03, 0x03, 0x02, 0x03,
  0x00, 0x09, 0x00, 0x0D, 0x00, 0x07, 0x00, 0x07, 0x00, 0x03, 0x00, 0x03, 0x00, 0x00, 0x00, 0x01,
  0x00, 0x00, 0x00, 0x00, 0x80, 0x80, 0xA0, 0xA0, 0xC0, 0xE0, 0xC0, 0xE0, 0xD0, 0xF0, 0x81, 0xFF,
  0x00, 0x00, 0x00, 0x00, 0x00, 0x00, 0x00, 0x00, 0x00, 0xA0, 0x00, 0x80, 0x00, 0x30, 0x00, 0xE7,
  0x03, 0x03, 0x07, 0x07, 0x0C, 0x0F, 0x08, 0x0F, 0x08, 0x0F, 0x08, 0x0F, 0x1C, 0x1F, 0x1E, 0x1F,
  0x00, 0x00, 0x00, 0x01, 0x00, 0x07, 0x00, 0x0C, 0x01, 0x0C, 0x00, 0x04, 0x00, 0x06, 0x00, 0x03,
  0xD8, 0x08, 0xF0, 0xD0, 0x70, 0xF0, 0x30, 0xF0, 0x30, 0xF0, 0x10, 0xF0, 0x28, 0xF8, 0x44, 0xFC,
  0x20, 0x20, 0x00, 0x00, 0x00, 0xC0, 0x00, 0x60, 0x00, 0x30, 0x00, 0x30, 0x00, 0x78, 0x00, 0xCC,
  0x38, 0x38, 0x00, 0x00, 0x00, 0x00, 0x00, 0x00, 0x00, 0x00, 0x00, 0x00, 0x00, 0x00, 0x00, 0x00,
  0x00, 0x18, 0x00, 0x00, 0x00, 0x00, 0x00, 0x00, 0x00, 0x00, 0x00, 0x00, 0x00, 0x00, 0x00, 0x00,
  0x00, 0x00, 0x00, 0x00, 0x00, 0x00, 0x00, 0x00, 0x00, 0x00, 0x00, 0x00, 0x00, 0x00, 0x00, 0x00,
  0x00, 0x00, 0x00, 0x00, 0x00, 0x00, 0x00, 0x00, 0x00, 0x00, 0x00, 0x00, 0x00, 0x00, 0x00, 0x00,
  0x77, 0xFF, 0x7E, 0xFE, 0xFF, 0xFC, 0xFF, 0x79, 0x7F, 0x3F, 0xFF, 0xFF, 0x7F, 0x71, 0x3B, 0x30,
  0x80, 0x9E, 0xC0, 0xDD, 0x43, 0x48, 0xE6, 0x66, 0x70, 0xB1, 0x10, 0x10, 0x00, 0x00, 0x04, 0x04,
  0xB0, 0x90, 0x78, 0x78, 0xCC, 0xFC, 0x86, 0xFE, 0x03, 0xFF, 0x87, 0xFF, 0xC7, 0xFF, 0xFD, 0xFF,
  0xA0, 0x40, 0x00, 0xB8, 0x00, 0x7C, 0x00, 0xCC, 0x10, 0x86, 0x00, 0xC6, 0x00, 0x64, 0x00, 0x3B,
  0x00, 0x00, 0x00, 0x00, 0x00, 0x00, 0x00, 0x00, 0x00, 0x00, 0x00, 0x00, 0x00, 0x00, 0x00, 0x00,
  0x00, 0x00, 0x00, 0x00, 0x00, 0x00, 0x00, 0x00, 0x00, 0x00, 0x00, 0x00, 0x00, 0x00, 0x00, 0x00,
  0x00, 0x00, 0x00, 0x00, 0x00, 0x00, 0x00, 0x00, 0x00, 0x00, 0x00, 0x00, 0x00, 0x00, 0x00, 0x00,
  0x00, 0x00, 0x00, 0x00, 0x00, 0x00, 0x00, 0x00, 0x00, 0x00, 0x00, 0x00, 0x00, 0x00, 0x00, 0x00,
  0x00, 0x00, 0x00, 0x00, 0x00, 0x00, 0x00, 0x00, 0x00, 0x00, 0x00, 0x00, 0x00, 0x00, 0x00, 0x00,
  0x00, 0x00, 0x00, 0x00, 0x00, 0x00, 0x00, 0x00, 0x00, 0x00, 0x00, 0x00, 0x00, 0x00, 0x00, 0x00,
  0x00, 0x00, 0x00, 0x00, 0x00, 0x00, 0x00, 0x00, 0x00, 0x00, 0x00, 0x00, 0x00, 0x00, 0x00, 0x00,
  0x00, 0x00, 0x00, 0x00, 0x00, 0x00, 0x00, 0x00, 0x00, 0x00, 0x00, 0x00, 0x00, 0x00, 0x00, 0x00,
  0x00, 0x00, 0x00, 0x00, 0x00, 0x00, 0x00, 0x00, 0x00, 0x00, 0x00, 0x00, 0x00, 0x00, 0x00, 0x00,
  0x00, 0x00, 0x00, 0x00, 0x00, 0x00, 0x00, 0x00, 0x00, 0x00, 0x00, 0x00, 0x00, 0x00, 0x00, 0x00,
  0x00, 0x00, 0x00, 0x00, 0x00, 0x00, 0x00, 0x00, 0x00, 0x00, 0x00, 0x00, 0x00, 0x00, 0x00, 0x00,
  0x00, 0x00, 0x00, 0x00, 0x00, 0x00, 0x00, 0x00, 0x00, 0x00, 0x00, 0x00, 0x00, 0x00, 0x00, 0x00,
  0xF7, 0xFF, 0xD7, 0xFF, 0x8F, 0xCF, 0xC7, 0xC7, 0xC1, 0xC1, 0x00, 0x00, 0x00, 0x00, 0x00, 0x00,
  0x00, 0x3B, 0x00, 0x7B, 0x00, 0x4D, 0x00, 0x45, 0x00, 0x00, 0x00, 0x00, 0x00, 0x00, 0x00, 0x00,
  0xBF, 0xB7, 0xFF, 0xE3, 0xBD, 0xF0, 0xFA, 0xF0, 0xDC, 0xF8, 0xFC, 0xFC, 0x78, 0x78, 0x78, 0x78,
  0x00, 0x91, 0x00, 0xC0, 0x02, 0xE2, 0x04, 0xE4, 0x00, 0xE0, 0x00, 0xF0, 0x00, 0x70, 0x00, 0x60,
  0x02, 0x03, 0x03, 0x03, 0x03, 0x03, 0x00, 0x00, 0x00, 0x00, 0x00, 0x00, 0x00, 0x00, 0x00, 0x00,
  0x00, 0x01, 0x00, 0x01, 0x00, 0x00, 0x00, 0x00, 0x00, 0x00, 0x00, 0x00, 0x00, 0x00, 0x00, 0x00,
  0x7F, 0xFF, 0xF8, 0xF8, 0xC0, 0xC0, 0x00, 0x00, 0x00, 0x00, 0x00, 0x00, 0x00, 0x00, 0x00, 0x00,
  0x00, 0xF8, 0x00, 0x80, 0x00, 0x00, 0x00, 0x00, 0x00, 0x00, 0x00, 0x00, 0x00, 0x00, 0x00, 0x00,
  0xBF, 0xB7, 0xFF, 0xE3, 0xBD, 0xF0, 0xFA, 0xF0, 0xDC, 0xF8, 0xFC, 0xFC, 0x78, 0x78, 0x78, 0x78,
  0x00, 0x91, 0x00, 0xC0, 0x02, 0xE2, 0x04, 0xE4, 0x00, 0xE0, 0x00, 0xF0, 0x00, 0x70, 0x00, 0x60,
  0x83, 0xFF, 0xC2, 0xFF, 0x66, 0x7F, 0x3F, 0x3F, 0x1F, 0x1F, 0x19, 0x1F, 0x11, 0x1F, 0x11, 0x1F,
  0x00, 0xC6, 0x00, 0x6F, 0x00, 0x3D, 0x00, 0x09, 0x00, 0x06, 0x00, 0x0F, 0x00, 0x1B, 0x04, 0x19,
  0x00, 0x00, 0x00, 0x00, 0x00, 0x00, 0x00, 0x00, 0x00, 0x00, 0x00, 0x00, 0x00, 0x00, 0x00, 0x00,
  0x00, 0x00, 0x00, 0x00, 0x00, 0x00, 0x00, 0x00, 0x00, 0x00, 0x00, 0x00, 0x00, 0x00, 0x00, 0x00,
  0x00, 0x00, 0x00, 0x00, 0x00, 0x00, 0x00, 0x00, 0x00, 0x00, 0x00, 0x00, 0x00, 0x00, 0x00, 0x00,
  0x00, 0x00, 0x00, 0x00, 0x00, 0x00, 0x00, 0x00, 0x00, 0x00, 0x00, 0x00, 0x00, 0x00, 0x00, 0x00,
  0x00, 0x03, 0x01, 0x06, 0x06, 0x0F, 0x0B, 0x0B, 0x03, 0x03, 0x05, 0x05, 0x0F, 0x0B, 0x0F, 0x0F,
  0x03, 0x03, 0x06, 0x07, 0x0F, 0x0F, 0x0D, 0x09, 0x0D, 0x01, 0x08, 0x02, 0x04, 0x00, 0x08, 0x09,
  0xE0, 0xE0, 0x58, 0xF8, 0x7C, 0xFC, 0xFC, 0xFC, 0xFF, 0xFF, 0x87, 0xFF, 0x13, 0xFF, 0x53, 0xFF,
  0xE0, 0xE0, 0xF8, 0x78, 0xFC, 0xFC, 0x84, 0x84, 0x02, 0x7A, 0x20, 0xD4, 0x00, 0xD6, 0x00, 0x56,
  0x00, 0x00, 0xFF, 0x81, 0xFF, 0x81, 0x83, 0x83, 0xFF, 0x81, 0xFF, 0x81, 0xFF, 0xFF, 0x00, 0x00,
  0x00, 0x00, 0x7E, 0x7E, 0x7E, 0x00, 0x02, 0x7C, 0x7E, 0x00, 0x7E, 0x7E, 0x00, 0x00, 0x00, 0x00,
  0x00, 0x00, 0xE0, 0x60, 0xF0, 0x50, 0xD0, 0xD0, 0xF0, 0x50, 0xF0, 0x50, 0xE0, 0xE0, 0x00, 0x00,
  0x00, 0x00, 0x80, 0x80, 0xA0, 0x20, 0x80, 0x20, 0xA0, 0x00, 0xA0, 0xA0, 0x00, 0x00, 0x00, 0x00,
  0xFE, 0xFE, 0x7E, 0xFE, 0x3A, 0xFE, 0xFC, 0xFC, 0x00, 0x00, 0x00, 0x00, 0x00, 0x00, 0x00, 0x00,
  0x00, 0xBC, 0x00, 0xD0, 0x00, 0xCC, 0x00, 0xEC, 0x00, 0x00, 0x00, 0x00, 0x00, 0x00, 0x00, 0x00,
  0x4B, 0x7F, 0x48, 0x7F, 0x3C, 0x3F, 0x1F, 0x1F, 0x00, 0x00, 0x00, 0x00, 0x00, 0x00, 0x00, 0x00,
  0x00, 0x57, 0x01, 0x70, 0x00, 0x37, 0x00, 0x03, 0x00, 0x00, 0x00, 0x00, 0x00, 0x00, 0x00, 0x00,
  0x00, 0x00, 0x00, 0x00, 0x00, 0x00, 0x00, 0x00, 0x00, 0x00, 0x00, 0x00, 0x00, 0x00, 0x00, 0x00,
  0x00, 0x00, 0x00, 0x00, 0x00, 0x00, 0x00, 0x00, 0x00, 0x00, 0x00, 0x00, 0x00, 0x00, 0x00, 0x00,
  0x00, 0x00, 0x00, 0x00, 0x00, 0x00, 0x00, 0x00, 0x00, 0x00, 0x00, 0x00, 0x00, 0x00, 0x00, 0x00,
  0x00, 0x00, 0x00, 0x00, 0x00, 0x00, 0x00, 0x00, 0x00, 0x00, 0x00, 0x00, 0x00, 0x00, 0x00, 0x00,
  0x82, 0xC3, 0xC2, 0xC3, 0x07, 0x07, 0x0F, 0x0F, 0x1F, 0x1F, 0x37, 0x3F, 0x36, 0x3F, 0x1F, 0x1F,
  0x00, 0x40, 0x00, 0x03, 0x00, 0x03, 0x00, 0x03, 0x00, 0x08, 0x00, 0x1C, 0x00, 0x1E, 0x00, 0x0F,
  0x20, 0xE0, 0x40, 0xC0, 0x80, 0x80, 0x80, 0x80, 0xC0, 0xC0, 0x40, 0xC0, 0x80, 0x80, 0x80, 0x80,
  0x00, 0x60, 0x00, 0xC0, 0x00, 0x00, 0x00, 0x00, 0x00, 0x00, 0x00, 0x80, 0x00, 0x80, 0x00, 0x00,
  0x07, 0x07, 0x0F, 0x0F, 0x1C, 0x1F, 0x18, 0x1F, 0x18, 0x1F, 0x08, 0x0F, 0x0C, 0x0F, 0x06, 0x07,
  0x00, 0x00, 0x00, 0x07, 0x00, 0x0F, 0x00, 0x0C, 0x01, 0x08, 0x00, 0x04, 0x00, 0x06, 0x00, 0x03,
  0xF0, 0xD0, 0xE0, 0xE0, 0xE0, 0xE0, 0x70, 0xF0, 0x30, 0xF0, 0x30, 0xF0, 0x18, 0xF8, 0x18, 0xF8,
  0x00, 0x00, 0x00, 0x80, 0x00, 0xC0, 0x00, 0xC0, 0x00, 0x60, 0x00, 0x60, 0x00, 0xF0, 0x00, 0xB0,
  0x00, 0x00, 0x00, 0x00, 0x00, 0x00, 0x00, 0x00, 0x00, 0x00, 0x00, 0x00, 0x00, 0x00, 0x00, 0x00,
  0x00, 0x00, 0x00, 0x00, 0x00, 0x00, 0x00, 0x00, 0x00, 0x00, 0x00, 0x00, 0x00, 0x00, 0x00, 0x00,
  0x00, 0x00, 0x00, 0x00, 0x00, 0x00, 0x00, 0x00, 0x00, 0x00, 0x00, 0x00, 0x00, 0x00, 0x00, 0x00,
  0x00, 0x00, 0x00, 0x00, 0x00, 0x00, 0x00, 0x00, 0x00, 0x00, 0x00, 0x00, 0x00, 0x00, 0x00, 0x00,
  0x00, 0x00, 0x00, 0x00, 0x00, 0x00, 0x00, 0x00, 0x00, 0x00, 0x00, 0x00, 0x00, 0x00, 0x00, 0x00,
  0x00, 0x00, 0x00, 0x00, 0x00, 0x00, 0x00, 0x00, 0x00, 0x00, 0x00, 0x00, 0x00, 0x00, 0x00, 0x00,
  0x00, 0x00, 0x00, 0x00, 0x00, 0x00, 0x00, 0x00, 0x00, 0x00, 0x00, 0x00, 0x00, 0x00, 0x00, 0x00,
  0x00, 0x00, 0x00, 0x00, 0x00, 0x00, 0x00, 0x00, 0x00, 0x00, 0x00, 0x00, 0x00, 0x00, 0x00, 0x00,
  0x0B, 0x0F, 0x03, 0x0F, 0x17, 0x1F, 0xFF, 0xFF, 0xBF, 0xFF, 0x9E, 0xFC, 0x9F, 0xFF, 0xFF, 0xFF,
  0x04, 0x05, 0x0C, 0x0D, 0x0E, 0x0E, 0x0C, 0x0C, 0x00, 0x60, 0x01, 0x31, 0x00, 0x30, 0x00, 0x40,
  0x57, 0xFF, 0xFF, 0xFF, 0xDB, 0x19, 0xFF, 0xFF, 0xC7, 0xFF, 0xC3, 0xFF, 0xC2, 0xFE, 0xE2, 0xFE,
  0x00, 0xFE, 0x00, 0xE0, 0xDA, 0xA4, 0x00, 0x00, 0x00, 0x6E, 0x08, 0x06, 0x00, 0x26, 0x00, 0xBE,
  0x00, 0x00, 0x00, 0x00, 0x00, 0x00, 0x00, 0x00, 0x00, 0x00, 0x00, 0x00, 0x00, 0x00, 0x00, 0x00,
  0x00, 0x00, 0x00, 0x00, 0x00, 0x00, 0x00, 0x00, 0x00, 0x00, 0x00, 0x00, 0x00, 0x00, 0x00, 0x00,
  0x00, 0x00, 0x00, 0x00, 0x00, 0x00, 0x00, 0x00, 0x00, 0x00, 0x00, 0x00, 0x00, 0x00, 0x00, 0x00,
  0x00, 0x00, 0x00, 0x00, 0x00, 0x00, 0x00, 0x00, 0x00, 0x00, 0x00, 0x00, 0x00, 0x00, 0x00, 0x00,
  0x00, 0x00, 0x00, 0x00, 0x00, 0x00, 0x00, 0x00, 0x00, 0x00, 0x00, 0x00, 0x00, 0x00, 0x00, 0x00,
  0x00, 0x00, 0x00, 0x00, 0x00, 0x00, 0x00, 0x00, 0x00, 0x00, 0x00, 0x00, 0x00, 0x00, 0x00, 0x00,
  0x00, 0x00, 0x00, 0x00, 0x00, 0x00, 0x00, 0x00, 0x00, 0x00, 0x00, 0x00, 0x00, 0x00, 0x00, 0x00,
  0x00, 0x00, 0x00, 0x00, 0x00, 0x00, 0x00, 0x00, 0x00, 0x00, 0x00, 0x00, 0x00, 0x00, 0x00, 0x00,
  0x00, 0x00, 0x00, 0x00, 0x00, 0x00, 0x00, 0x00, 0x00, 0x00, 0x00, 0x00, 0x00, 0x00, 0x00, 0x00,
  0x00, 0x00, 0x00, 0x00, 0x00, 0x00, 0x00, 0x00, 0x00, 0x00, 0x00, 0x00, 0x00, 0x00, 0x00, 0x00,
  0x00, 0x00, 0x00, 0x00, 0x00, 0x00, 0x00, 0x00, 0x00, 0x00, 0x00, 0x00, 0x00, 0x00, 0x00, 0x00,
  0x00, 0x00, 0x00, 0x00, 0x00, 0x00, 0x00, 0x00, 0x00, 0x00, 0x00, 0x00, 0x00, 0x00, 0x00, 0x00,
  0x0C, 0x0F, 0x06, 0x07, 0x03, 0x03, 0x00, 0x00, 0x00, 0x00, 0x00, 0x00, 0x00, 0x00, 0x00, 0x00,
  0x00, 0x07, 0x00, 0x03, 0x00, 0x00, 0x00, 0x00, 0x00, 0x00, 0x00, 0x00, 0x00, 0x00, 0x00, 0x00,
  0x80, 0x80, 0x20, 0xE0, 0xE0, 0xE0, 0x00, 0x00, 0x00, 0x00, 0x00, 0x00, 0x00, 0x00, 0x00, 0x00,
  0x00, 0x80, 0x00, 0x60, 0x00, 0x00, 0x00, 0x00, 0x00, 0x00, 0x00, 0x00, 0x00, 0x00, 0x00, 0x00,
  0x73, 0x73, 0x7F, 0x7F, 0x7F, 0x7F, 0x7F, 0x7F, 0xEF, 0xFF, 0xD9, 0xFD, 0xF1, 0xF1, 0xE0, 0xE1,
  0x00, 0x31, 0x00, 0x31, 0x00, 0x2E, 0x00, 0x26, 0x00, 0x71, 0x00, 0x7C, 0x00, 0x41, 0x00, 0x61,
  0x08, 0xF8, 0x08, 0xF8, 0x9E, 0xFE, 0xFC, 0xFE, 0xFC, 0xFE, 0x9E, 0xFE, 0x06, 0xFE, 0x08, 0xF8,
  0x00, 0x18, 0x00, 0x98, 0x00, 0xF8, 0x00, 0x72, 0x00, 0x46, 0x00, 0xFE, 0x00, 0x3C, 0x80, 0x18,
  0x00, 0x00, 0x00, 0x00, 0x00, 0x00, 0x00, 0x00, 0x00, 0x00, 0x00, 0x00, 0x00, 0x00, 0x00, 0x00,
  0x00, 0x00, 0x00, 0x00, 0x00, 0x00, 0x00, 0x00, 0x00, 0x00, 0x00, 0x00, 0x00, 0x00, 0x00, 0x00,
  0x00, 0x00, 0x00, 0x00, 0x00, 0x00, 0x00, 0x00, 0x00, 0x00, 0x00, 0x00, 0x00, 0x00, 0x00, 0x00,
  0x00, 0x00, 0x00, 0x00, 0x00, 0x00, 0x00, 0x00, 0x00, 0x00, 0x00, 0x00, 0x00, 0x00, 0x00, 0x00,
  0x00, 0x00, 0x00, 0x00, 0x00, 0x00, 0x00, 0x00, 0x00, 0x00, 0x00, 0x00, 0x00, 0x00, 0x00, 0x00,
  0x00, 0x00, 0x00, 0x00, 0x00, 0x00, 0x00, 0x00, 0x00, 0x00, 0x00, 0x00, 0x00, 0x00, 0x00, 0x00,
  0x00, 0x00, 0x00, 0x00, 0x00, 0x00, 0x00, 0x00, 0x00, 0x00, 0x00, 0x00, 0x00, 0x00, 0x00, 0x00,
  0x00, 0x00, 0x00, 0x00, 0x00, 0x00, 0x00, 0x00, 0x00, 0x00, 0x00, 0x00, 0x00, 0x00, 0x00, 0x00,
  0x00, 0x03, 0x01, 0x06, 0x06, 0x0F, 0x0B, 0x0B, 0x03, 0x03, 0x05, 0x05, 0x0F, 0x0B, 0x0F, 0x0F,
  0x03, 0x03, 0x06, 0x07, 0x0F, 0x0F, 0x0D, 0x09, 0x0D, 0x01, 0x08, 0x02, 0x04, 0x00, 0x08, 0x08,
  0xE0, 0xE0, 0x58, 0xF8, 0x7C, 0xFC, 0xFC, 0xFC, 0xFE, 0xFE, 0x83, 0xFF, 0x89, 0xFF, 0x29, 0xFF,
  0xE0, 0xE0, 0xF8, 0x78, 0xFC, 0xFC, 0x8C, 0x8C, 0x02, 0x72, 0x10, 0x6E, 0x00, 0xAA, 0x00, 0xAB,
  0x00, 0x00, 0xFF, 0x81, 0xFF, 0x81, 0x83, 0x83, 0xFF, 0x81, 0xFF, 0x81, 0xFF, 0xFF, 0x00, 0x00,
  0x00, 0x00, 0x7E, 0x7E, 0x7E, 0x00, 0x02, 0x7C, 0x7E, 0x00, 0x7E, 0x7E, 0x00, 0x00, 0x00, 0x00,
  0x00, 0x00, 0xE0, 0x60, 0xF0, 0x50, 0xD0, 0xD0, 0xF0, 0x50, 0xF0, 0x50, 0xE0, 0xE0, 0x00, 0x00,
  0x00, 0x00, 0x80, 0x80, 0xA0, 0x20, 0x80, 0x20, 0xA0, 0x00, 0xA0, 0xA0, 0x00, 0x00, 0x00, 0x00,
  0xB0, 0xF0, 0xE0, 0xE0, 0x80, 0x80, 0x00, 0x00, 0x00, 0x00, 0x00, 0x00, 0x00, 0x00, 0x00, 0x00,
  0x00, 0xE0, 0x00, 0x40, 0x00, 0x00, 0x00, 0x00, 0x00, 0x00, 0x00, 0x00, 0x00, 0x00, 0x00, 0x00,
  0x23, 0x3F, 0x16, 0x1F, 0x0F, 0x0F, 0x00, 0x00, 0x00, 0x00, 0x00, 0x00, 0x00, 0x00, 0x00, 0x00,
  0x00, 0x3C, 0x00, 0x1D, 0x00, 0x0B, 0x00, 0x00, 0x00, 0x00, 0x00, 0x00, 0x00, 0x00, 0x00, 0x00,
  0x00, 0x00, 0x00, 0x00, 0x00, 0x00, 0x00, 0x00, 0x00, 0x00, 0x00, 0x00, 0x00, 0x00, 0x00, 0x00,
  0x00, 0x00, 0x00, 0x00, 0x00, 0x00, 0x00, 0x00, 0x00, 0x00, 0x00, 0x00, 0x00, 0x00, 0x00, 0x00,
  0x00, 0x00, 0x00, 0x00, 0x00, 0x00, 0x00, 0x00, 0x00, 0x00, 0x00, 0x00, 0x00, 0x00, 0x00, 0x00,
  0x00, 0x00, 0x00, 0x00, 0x00, 0x00, 0x00, 0x00, 0x00, 0x00, 0x00, 0x00, 0x00, 0x00, 0x00, 0x00,
  0x39, 0x20, 0x7D, 0x78, 0xCF, 0xFC, 0x87, 0xFE, 0x83, 0xFE, 0x83, 0xFE, 0xC7, 0xFE, 0xFB, 0xFF,
  0x06, 0x06, 0x02, 0x02, 0x00, 0x78, 0x00, 0x4C, 0x10, 0x44, 0x00, 0x44, 0x00, 0x44, 0x00, 0x7C,
  0x80, 0x80, 0xC0, 0xC0, 0xE0, 0xE0, 0xB0, 0xF0, 0x88, 0xF8, 0xE4, 0x7C, 0x76, 0x3E, 0xBF, 0x0F,
  0x00, 0x00, 0x00, 0x80, 0x00, 0xC0, 0x00, 0xF0, 0x00, 0xF8, 0x00, 0x7C, 0x80, 0xB8, 0x40, 0x4A,
  0x06, 0x07, 0x0F, 0x0F, 0x0F, 0x0F, 0x3F, 0x3F, 0x4E, 0x7F, 0x59, 0x7F, 0x72, 0x7E, 0x3E, 0x3E,
  0x00, 0x03, 0x00, 0x03, 0x00, 0x06, 0x00, 0x10, 0x00, 0x33, 0x00, 0x3D, 0x00, 0x3E, 0x00, 0x1E,
  0x4F, 0xCF, 0x87, 0x87, 0x03, 0x03, 0x01, 0x01, 0x80, 0x80, 0x00, 0x00, 0x00, 0x00, 0x00, 0x00,
  0x00, 0xC7, 0x00, 0x83, 0x00, 0x01, 0x00, 0x00, 0x00, 0x80, 0x00, 0x00, 0x00, 0x00, 0x00, 0x00,
  0x00, 0x00, 0x00, 0x00, 0x00, 0x00, 0x00, 0x00, 0x01, 0x01, 0x03, 0x03, 0x02, 0x03, 0x06, 0x07,
  0x00, 0x00, 0x00, 0x00, 0x00, 0x00, 0x00, 0x00, 0x00, 0x00, 0x00, 0x01, 0x00, 0x01, 0x00, 0x03,
  0x00, 0x00, 0x00, 0x80, 0x80, 0x80, 0xC0, 0xC0, 0xC0, 0xC0, 0x00, 0x00, 0x00, 0x00, 0x00, 0x00,
  0x00, 0x00, 0x00, 0x80, 0x00, 0x80, 0x00, 0xC0, 0x00, 0x00, 0x00, 0x00, 0x00, 0x00, 0x00, 0x00,
  0x00, 0x00, 0x00, 0x00, 0x00, 0x00, 0x00, 0x00, 0x00, 0x00, 0x00, 0x00, 0x00, 0x00, 0x00, 0x00,
  0x00, 0x00, 0x00, 0x00, 0x00, 0x00, 0x00, 0x00, 0x00, 0x00, 0x00, 0x00, 0x00, 0x00, 0x00, 0x00,
  0x00, 0x00, 0x00, 0x00, 0x00, 0x00, 0x00, 0x00, 0x00, 0x00, 0x00, 0x00, 0x00, 0x00, 0x00, 0x00,
  0x00, 0x00, 0x00, 0x00, 0x00, 0x00, 0x00, 0x00, 0x00, 0x00, 0x00, 0x00, 0x00, 0x00, 0x00, 0x00,
  0x0B, 0x0F, 0x03, 0x0F, 0x17, 0x1F, 0x7F, 0x7F, 0x1F, 0xFF, 0xBF, 0xFF, 0xE6, 0xFF, 0xE3, 0xFF,
  0x04, 0x04, 0x0E, 0x0E, 0x0E, 0x0E, 0x04, 0x64, 0x00, 0xA0, 0x00, 0xD9, 0x00, 0x2D, 0x08, 0xA5,
  0x2B, 0xFF, 0xFF, 0xFF, 0xD7, 0x11, 0xFF, 0xFB, 0x9E, 0xFE, 0x0F, 0xFF, 0x0C, 0xFC, 0x18, 0xF8,
  0x00, 0xEF, 0x00, 0xF1, 0xD6, 0xAA, 0x04, 0x04, 0x00, 0xD1, 0x20, 0x88, 0x00, 0x18, 0x00, 0xB0,
  0x00, 0x00, 0x00, 0x00, 0x00, 0x00, 0x00, 0x00, 0x00, 0x00, 0x00, 0x00, 0x00, 0x00, 0x00, 0x00,
  0x00, 0x00, 0x00, 0x00, 0x00, 0x00, 0x00, 0x00, 0x00, 0x00, 0x00, 0x00, 0x00, 0x00, 0x00, 0x00,
  0x00, 0x00, 0x00, 0x00, 0x00, 0x00, 0x00, 0x00, 0x00, 0x00, 0x00, 0x00, 0x00, 0x00, 0x00, 0x00,
  0x00, 0x00, 0x00, 0x00, 0x00, 0x00, 0x00, 0x00, 0x00, 0x00, 0x00, 0x00, 0x00, 0x00, 0x00, 0x00,
  0x00, 0x00, 0x00, 0x00, 0x00, 0x00, 0x00, 0x00, 0x00, 0x00, 0x00, 0x00, 0x00, 0x00, 0x00, 0x00,
  0x00, 0x00, 0x00, 0x00, 0x00, 0x00, 0x00, 0x00, 0x00, 0x00, 0x00, 0x00, 0x00, 0x00, 0x00, 0x00,
  0x00, 0x00, 0x00, 0x00, 0x00, 0x00, 0x00, 0x00, 0x00, 0x00, 0x00, 0x00, 0x00, 0x00, 0x00, 0x00,
  0x00, 0x00, 0x00, 0x00, 0x00, 0x00, 0x00, 0x00, 0x00, 0x00, 0x00, 0x00, 0x00, 0x00, 0x00, 0x00,
  0x00, 0x00, 0x00, 0x00, 0x00, 0x00, 0x00, 0x00, 0x00, 0x00, 0x00, 0x00, 0x00, 0x00, 0x00, 0x00,
  0x00, 0x00, 0x00, 0x00, 0x00, 0x00, 0x00, 0x00, 0x00, 0x00, 0x00, 0x00, 0x00, 0x00, 0x00, 0x00,
  0x00, 0x00, 0x00, 0x00, 0x00, 0x00, 0x00, 0x00, 0x00, 0x00, 0x00, 0x00, 0x00, 0x00, 0x00, 0x00,
  0x00, 0x00, 0x00, 0x00, 0x00, 0x00, 0x00, 0x00, 0x00, 0x00, 0x00, 0x00, 0x00, 0x00, 0x00, 0x00,
  0x43, 0x7F, 0x43, 0x7F, 0x67, 0x7F, 0xFF, 0xFF, 0xFB, 0xFF, 0x0B, 0xFF, 0x0F, 0xFF, 0x3F, 0xFF,
  0x00, 0x64, 0x00, 0x24, 0x00, 0x3C, 0x00, 0x09, 0x00, 0xE5, 0x00, 0x9C, 0x80, 0x38, 0x00, 0x63,
  0xFD, 0xFF, 0xFE, 0xFE, 0xCC, 0xFC, 0x90, 0xF0, 0xC0, 0xC0, 0x80, 0x80, 0xC0, 0xC0, 0x40, 0xC0,
  0x00, 0x06, 0x00, 0x7E, 0x00, 0xF8, 0x00, 0xE0, 0x00, 0x80, 0x00, 0x00, 0x00, 0x00, 0x00, 0xC0,
  0x19, 0x1F, 0x0C, 0x0F, 0x07, 0x07, 0x00, 0x00, 0x00, 0x00, 0x00, 0x00, 0x00, 0x00, 0x00, 0x00,
  0x00, 0x0D, 0x00, 0x07, 0x00, 0x00, 0x00, 0x00, 0x00, 0x00, 0x00, 0x00, 0x00, 0x00, 0x00, 0x00,
  0x00, 0x00, 0xC0, 0xC0, 0xC0, 0xC0, 0x00, 0x00, 0x00, 0x00, 0x00, 0x00, 0x00, 0x00, 0x00, 0x00,
  0x00, 0x00, 0x00, 0x80, 0x00, 0x00, 0x00, 0x00, 0x00, 0x00, 0x00, 0x00, 0x00, 0x00, 0x00, 0x00,
  0x00, 0x00, 0x00, 0x00, 0x00, 0x00, 0x00, 0x00, 0x00, 0x00, 0x00, 0x00, 0x00, 0x00, 0x00, 0x00,
  0x00, 0x00, 0x00, 0x00, 0x00, 0x00, 0x00, 0x00, 0x00, 0x00, 0x00, 0x00, 0x00, 0x00, 0x00, 0x00,
  0x00, 0x00, 0x00, 0x00, 0x00, 0x00, 0x00, 0x00, 0x00, 0x00, 0x00, 0x00, 0x00, 0x00, 0x00, 0x00,
  0x00, 0x00, 0x00, 0x00, 0x00, 0x00, 0x00, 0x00, 0x00, 0x00, 0x00, 0x00, 0x00, 0x00, 0x00, 0x00,
  0x00, 0x00, 0x00, 0x00, 0x00, 0x00, 0x00, 0x00, 0x00, 0x00, 0x00, 0x00, 0x00, 0x00, 0x00, 0x00,
  0x00, 0x00, 0x00, 0x00, 0x00, 0x00, 0x00, 0x00, 0x00, 0x00, 0x00, 0x00, 0x00, 0x00, 0x00, 0x00,
  0x00, 0x00, 0x00, 0x00, 0x00, 0x00, 0x00, 0x00, 0x00, 0x00, 0x00, 0x00, 0x00, 0x00, 0x00, 0x00,
  0x00, 0x00, 0x00, 0x00, 0x00, 0x00, 0x00, 0x00, 0x00, 0x00, 0x00, 0x00, 0x00, 0x00, 0x00, 0x00,
  0x00, 0x03, 0x01, 0x06, 0x06, 0x0F, 0x0A, 0x0B, 0x03, 0x03, 0x05, 0x05, 0x0F, 0x0B, 0x0E, 0x0F,
  0x03, 0x03, 0x06, 0x07, 0x0F, 0x0F, 0x0F, 0x0B, 0x0D, 0x01, 0x08, 0x02, 0x04, 0x00, 0x08, 0x09,
  0xE0, 0xE0, 0x58, 0xF8, 0x4C, 0xFC, 0xFC, 0xFC, 0xCE, 0xFE, 0x07, 0xFF, 0x03, 0xFF, 0x23, 0xFF,
  0xE0, 0xE0, 0xF8, 0x78, 0xFC, 0xFC, 0x84, 0x84, 0x00, 0x30, 0x10, 0x8C, 0x08, 0x36, 0x08, 0x66,
  0x0B, 0x0F, 0x13, 0x1F, 0x16, 0x1F, 0x0C, 0x0F, 0x06, 0x07, 0x03, 0x03, 0x01, 0x01, 0x00, 0x00,
  0x00, 0x02, 0x00, 0x0C, 0x00, 0x0B, 0x00, 0x0A, 0x00, 0x07, 0x00, 0x01, 0x00, 0x01, 0x00, 0x00,
  0x00, 0x00, 0xFF, 0x81, 0xFF, 0x81, 0x83, 0x83, 0xFF, 0x81, 0xFF, 0x81, 0xFF, 0xFF, 0x00, 0x00,
  0x00, 0x00, 0x7E, 0x7E, 0x7E, 0x00, 0x02, 0x7C, 0x7E, 0x00, 0x7E, 0x7E, 0x00, 0x00, 0x00, 0x00,
  0x00, 0x00, 0xE0, 0x60, 0xF0, 0x50, 0xD0, 0xD0, 0xF0, 0x50, 0xF0, 0x50, 0xE0, 0xE0, 0x00, 0x00,
  0x00, 0x00, 0x80, 0x80, 0xA0, 0x20, 0x80, 0x20, 0xA0, 0x00, 0xA0, 0xA0, 0x00, 0x00, 0x00, 0x00,
  0xC0, 0xC0, 0x80, 0x80, 0x00, 0x00, 0x00, 0x00, 0x00, 0x00, 0x00, 0x00, 0x00, 0x00, 0x00, 0x00,
  0x00, 0x80, 0x00, 0x00, 0x00, 0x00, 0x00, 0x00, 0x00, 0x00, 0x00, 0x00, 0x00, 0x00, 0x00, 0x00,
  0xF1, 0xFF, 0x7F, 0x7F, 0x2F, 0x3F, 0x00, 0x00, 0x00, 0x00, 0x00, 0x00, 0x00, 0x00, 0x00, 0x00,
  0x00, 0x1F, 0x00, 0x23, 0x00, 0x18, 0x00, 0x00, 0x00, 0x00, 0x00, 0x00, 0x00, 0x00, 0x00, 0x00,
  0x00, 0x00, 0x00, 0x00, 0x00, 0x00, 0x00, 0x00, 0x00, 0x00, 0x00, 0x00, 0x00, 0x00, 0x00, 0x00,
  0x00, 0x00, 0x00, 0x00, 0x00, 0x00, 0x00, 0x00, 0x00, 0x00, 0x00, 0x00, 0x00, 0x00, 0x00, 0x00,
  0x01, 0x01, 0x01, 0x01, 0x03, 0x03, 0x07, 0x07, 0x0C, 0x0F, 0x08, 0x0F, 0x18, 0x1F, 0x11, 0x1F,
  0x00, 0x01, 0x00, 0x01, 0x00, 0x00, 0x00, 0x03, 0x00, 0x07, 0x02, 0x0C, 0x00, 0x09, 0x00, 0x1F,
  0x0C, 0xFC, 0x18, 0xF8, 0xB0, 0xF0, 0xE0, 0xE0, 0xE0, 0xF0, 0x50, 0xF0, 0xC1, 0xC1, 0x03, 0x03,
  0x00, 0x98, 0x00, 0xF0, 0x00, 0x60, 0x00, 0x00, 0x00, 0xB0, 0x00, 0xF0, 0x00, 0xC0, 0x00, 0x01,
  0x3E, 0x3C, 0x7F, 0x7E, 0x67, 0x7E, 0xC3, 0xFE, 0xC3, 0xFF, 0xC3, 0xFF, 0xA7, 0xFF, 0x9F, 0xFF,
  0x01, 0x01, 0x00, 0x18, 0x00, 0x3C, 0x00, 0x66, 0x10, 0x42, 0x00, 0xE6, 0x00, 0xFE, 0x00, 0xBC,
  0xC0, 0x40, 0xE0, 0x60, 0xF0, 0xF0, 0x98, 0xF8, 0xCC, 0xFC, 0xF6, 0x7E, 0xBF, 0x3F, 0xDE, 0x8F,
  0x00, 0x00, 0x00, 0x00, 0x00, 0x60, 0x00, 0x70, 0x00, 0x78, 0x00, 0x7C, 0x40, 0x7E, 0x20, 0x2D,
  0x00, 0x00, 0x00, 0x00, 0x00, 0x00, 0x01, 0x01, 0x03, 0x03, 0x03, 0x03, 0x01, 0x01, 0x00, 0x00,
  0x00, 0x00, 0x00, 0x00, 0x00, 0x00, 0x00, 0x01, 0x00, 0x01, 0x00, 0x00, 0x00, 0x00, 0x00, 0x00,
  0xC0, 0xF0, 0x66, 0x7E, 0x7E, 0x7E, 0x00, 0x00, 0x00, 0x00, 0x00, 0x00, 0x00, 0x00, 0x00, 0x00,
  0x00, 0x60, 0x00, 0x3C, 0x00, 0x00, 0x00, 0x00, 0x00, 0x00, 0x00, 0x00, 0x00, 0x00, 0x00, 0x00,
  0xF0, 0xF0, 0xE8, 0xF8, 0xE8, 0xF8, 0x78, 0x78, 0x3A, 0x3E, 0x1E, 0x1E, 0x00, 0x00, 0x00, 0x00,
  0x00, 0xC0, 0x00, 0xF0, 0x00, 0x70, 0x00, 0x38, 0x00, 0x1C, 0x00, 0x00, 0x00, 0x00, 0x00, 0x00,
  0x00, 0x00, 0x00, 0x00, 0x00, 0x00, 0x00, 0x00, 0x00, 0x00, 0x00, 0x00, 0x00, 0x00, 0x00, 0x00,
  0x00, 0x00, 0x00, 0x00, 0x00, 0x00, 0x00, 0x00, 0x00, 0x00, 0x00, 0x00, 0x00, 0x00, 0x00, 0x00,
  0x0B, 0x0F, 0x83, 0x8E, 0xC7, 0xCE, 0x6F, 0xEF, 0x3F, 0xFF, 0x3B, 0xFF, 0x38, 0xFF, 0xF0, 0xFF,
  0x04, 0x05, 0x0F, 0x0E, 0x0D, 0x8D, 0x0C, 0xCC, 0x00, 0x62, 0x00, 0xA7, 0x02, 0xE9, 0x00, 0xD9,
  0x4B, 0xFF, 0xD7, 0xFF, 0x6F, 0x7F, 0xFF, 0x7E, 0xDE, 0x9E, 0xFF, 0xE5, 0xFE, 0xFE, 0x74, 0xF0,
  0x00, 0xCE, 0x00, 0xFE, 0x00, 0xBE, 0xC1, 0x9C, 0x40, 0x61, 0x18, 0x00, 0x00, 0x80, 0x08, 0xC8,
  0x00, 0x00, 0x00, 0x00, 0x00, 0x00, 0x00, 0x00, 0x00, 0x00, 0x00, 0x00, 0x00, 0x00, 0x00, 0x00,
  0x00, 0x00, 0x00, 0x00, 0x00, 0x00, 0x00, 0x00, 0x00, 0x00, 0x00, 0x00, 0x00, 0x00, 0x00, 0x00,
  0x00, 0x00, 0x00, 0x00, 0x00, 0x00, 0x00, 0x00, 0x00, 0x00, 0x00, 0x00, 0x00, 0x00, 0x00, 0x00,
  0x00, 0x00, 0x00, 0x00, 0x00, 0x00, 0x00, 0x00, 0x00, 0x00, 0x00, 0x00, 0x00, 0x00, 0x00, 0x00,
  0x00, 0x00, 0x00, 0x00, 0x00, 0x00, 0x00, 0x00, 0x00, 0x00, 0x00, 0x00, 0x00, 0x00, 0x00, 0x00,
  0x00, 0x00, 0x00, 0x00, 0x00, 0x00, 0x00, 0x00, 0x00, 0x00, 0x00, 0x00, 0x00, 0x00, 0x00, 0x00,
  0x00, 0x00, 0x00, 0x00, 0x00, 0x00, 0x00, 0x00, 0x00, 0x00, 0x00, 0x00, 0x00, 0x00, 0x00, 0x00,
  0x00, 0x00, 0x00, 0x00, 0x00, 0x00, 0x00, 0x00, 0x00, 0x00, 0x00, 0x00, 0x00, 0x00, 0x00, 0x00,
  0x00, 0x00, 0x00, 0x00, 0x00, 0x00, 0x00, 0x00, 0x00, 0x00, 0x00, 0x00, 0x00, 0x00, 0x00, 0x00,
  0x00, 0x00, 0x00, 0x00, 0x00, 0x00, 0x00, 0x00, 0x00, 0x00, 0x00, 0x00, 0x00, 0x00, 0x00, 0x00,
  0x00, 0x00, 0x00, 0x00, 0x00, 0x00, 0x00, 0x00, 0x00, 0x00, 0x00, 0x00, 0x00, 0x00, 0x00, 0x00,
  0x00, 0x00, 0x00, 0x00, 0x00, 0x00, 0x00, 0x00, 0x00, 0x00, 0x00, 0x00, 0x00, 0x00, 0x00, 0x00,
  0x36, 0x3E, 0x3C, 0x3C, 0x78, 0x78, 0xF0, 0xF0, 0xE0, 0xF8, 0x00, 0xF0, 0x90, 0xF0, 0xF0, 0xF0,
  0x00, 0x1C, 0x00, 0x38, 0x00, 0x10, 0x00, 0x80, 0x00, 0xF8, 0x00, 0xF0, 0x00, 0xC0, 0x00, 0x70,
  0x03, 0x03, 0x01, 0x01, 0x00, 0x00, 0x00, 0x00, 0x00, 0x00, 0x00, 0x00, 0x00, 0x00, 0x00, 0x00,
  0x00, 0x01, 0x00, 0x00, 0x00, 0x00, 0x00, 0x00, 0x00, 0x00, 0x00, 0x00, 0x00, 0x00, 0x00, 0x00,
  0x0C, 0xFC, 0x18, 0xF8, 0xB0, 0xF0, 0xE0, 0xE0, 0xE0, 0xF0, 0x50, 0xF0, 0xC1, 0xC1, 0x03, 0x03,
  0x00, 0x98, 0x00, 0xF0, 0x00, 0x60, 0x00, 0x00, 0x00, 0xB0, 0x00, 0xF0, 0x00, 0xC0, 0x00, 0x01,
  0xFE, 0xDF, 0x7F, 0x7F, 0x6E, 0x7E, 0xDC, 0xFC, 0xF8, 0xF8, 0xF8, 0xF8, 0xF0, 0xF8, 0xE0, 0xF0,
  0x00, 0x03, 0x00, 0x3B, 0x00, 0x7C, 0x00, 0x78, 0x00, 0x70, 0x00, 0xC0, 0x00, 0x18, 0x00, 0xB0,
  0x00, 0x00, 0x00, 0x00, 0x00, 0x00, 0x00, 0x00, 0x00, 0x00, 0x00, 0x00, 0x00, 0x00, 0x00, 0x00,
  0x00, 0x00, 0x00, 0x00, 0x00, 0x00, 0x00, 0x00, 0x00, 0x00, 0x00, 0x00, 0x00, 0x00, 0x00, 0x00,
  0x00, 0x00, 0x00, 0x00, 0x00, 0x00, 0x00, 0x00, 0x00, 0x00, 0x00, 0x00, 0x00, 0x00, 0x00, 0x00,
  0x00, 0x00, 0x00, 0x00, 0x00, 0x00, 0x00, 0x00, 0x00, 0x00, 0x00, 0x00, 0x00, 0x00, 0x00, 0x00,
  0x00, 0x00, 0x00, 0x00, 0x00, 0x00, 0x00, 0x00, 0x00, 0x00, 0x00, 0x00, 0x00, 0x00, 0x00, 0x00,
  0x00, 0x00, 0x00, 0x00, 0x00, 0x00, 0x00, 0x00, 0x00, 0x00, 0x00, 0x00, 0x00, 0x00, 0x00, 0x00,
  0x00, 0x00, 0x00, 0x00, 0x00, 0x00, 0x00, 0x00, 0x00, 0x00, 0x00, 0x00, 0x00, 0x00, 0x00, 0x00,
  0x00, 0x00, 0x00, 0x00, 0x00, 0x00, 0x00, 0x00, 0x00, 0x00, 0x00, 0x00, 0x00, 0x00, 0x00, 0x00,
  0x00, 0x03, 0x01, 0x06, 0x06, 0x0F, 0x0B, 0x0B, 0x03, 0x03, 0x05, 0x05, 0x0F, 0x0B, 0x0F, 0x0F,
  0x03, 0x03, 0x06, 0x07, 0x0F, 0x0F, 0x0D, 0x09, 0x0D, 0x01, 0x08, 0x02, 0x04, 0x00, 0x08, 0x08,
  0xE0, 0xE0, 0x58, 0xF8, 0x7C, 0xFC, 0xFE, 0xFE, 0xE7, 0xFF, 0x83, 0xFF, 0x01, 0xFF, 0x91, 0xFF,
  0xE0, 0xE0, 0xF8, 0x78, 0xFC, 0xFC, 0x80, 0x80, 0x00, 0x7E, 0x08, 0x47, 0x00, 0x9B, 0x00, 0xB7,
  0x00, 0x00, 0x00, 0x00, 0x01, 0x01, 0x01, 0x03, 0x03, 0x03, 0x03, 0x03, 0x01, 0x01, 0x00, 0x00,
  0x00, 0x00, 0x00, 0x00, 0x00, 0x01, 0x00, 0x03, 0x00, 0x02, 0x00, 0x00, 0x00, 0x00, 0x00, 0x00,
  0x70, 0xF0, 0xE0, 0xE0, 0xC0, 0xC0, 0x00, 0x00, 0x00, 0x00, 0x00, 0x00, 0x00, 0x00, 0x00, 0x00,
  0x00, 0xC0, 0x00, 0x80, 0x00, 0x00, 0x00, 0x00, 0x00, 0x00, 0x00, 0x00, 0x00, 0x00, 0x00, 0x00,
  0x7C, 0x7F, 0x36, 0x3F, 0x1F, 0x1F, 0x00, 0x00, 0x00, 0x00, 0x00, 0x00, 0x00, 0x00, 0x00, 0x00,
  0x00, 0x02, 0x00, 0x1B, 0x00, 0x0B, 0x00, 0x00, 0x00, 0x00, 0x00, 0x00, 0x00, 0x00, 0x00, 0x00,
  0x00, 0x00, 0xFF, 0x81, 0xFF, 0x81, 0x83, 0x83, 0xFF, 0x81, 0xFF, 0x81, 0xFF, 0xFF, 0x00, 0x00,
  0x00, 0x00, 0x7E, 0x7E, 0x7E, 0x00, 0x02, 0x7C, 0x7E, 0x00, 0x7E, 0x7E, 0x00, 0x00, 0x00, 0x00,
  0x00, 0x00, 0xE0, 0x60, 0xF0, 0x50, 0xD0, 0xD0, 0xF0, 0x50, 0xF0, 0x50, 0xE0, 0xE0, 0x00, 0x00,
  0x00, 0x00, 0x80, 0x80, 0xA0, 0x20, 0x80, 0x20, 0xA0, 0x00, 0xA0, 0xA0, 0x00, 0x00, 0x00, 0x00,
  0x00, 0x00, 0x00, 0x00, 0x00, 0x00, 0x00, 0x00, 0x00, 0x00, 0x00, 0x00, 0x00, 0x00, 0x00, 0x00,
  0x00, 0x00, 0x00, 0x00, 0x00, 0x00, 0x00, 0x00, 0x00, 0x00, 0x00, 0x00, 0x00, 0x00, 0x00, 0x00,
  0xFA, 0xE3, 0x9E, 0x93, 0x0F, 0x09, 0x0F, 0x0D, 0x07, 0x07, 0x07, 0x07, 0x02, 0x03, 0x02, 0x03,
  0x04, 0x87, 0x00, 0x03, 0x00, 0x01, 0x00, 0x00, 0x00, 0x01, 0x00, 0x03, 0x00, 0x03, 0x00, 0x03,
  0x80, 0x80, 0xE0, 0xE0, 0xC0, 0xE0, 0xC0, 0xE0, 0xE0, 0xE0, 0x60, 0xE0, 0x60, 0xE0, 0x60, 0xE0,
  0x00, 0x80, 0x00, 0xA0, 0x00, 0x20, 0x00, 0x60, 0x00, 0xE0, 0x00, 0xC0, 0x00, 0xC0, 0x00, 0xE0,
  0x03, 0x03, 0x03, 0x03, 0x06, 0x07, 0x04, 0x07, 0x0C, 0x0F, 0x0C, 0x0F, 0x19, 0x1F, 0x10, 0x1F,
  0x00, 0x00, 0x00, 0x01, 0x00, 0x03, 0x00, 0x06, 0x00, 0x04, 0x00, 0x0E, 0x00, 0x0B, 0x00, 0x19,
  0xE8, 0xC8, 0xFC, 0xEC, 0x3E, 0xEE, 0x1A, 0xFE, 0x19, 0xFF, 0x39, 0xFF, 0x3C, 0xF7, 0xF4, 0xE7,
  0x10, 0x10, 0x00, 0xE0, 0x00, 0xE4, 0x00, 0x36, 0x80, 0x36, 0x00, 0x27, 0x00, 0x67, 0x08, 0xCF,
  0x00, 0x00, 0x00, 0x00, 0x00, 0x00, 0x00, 0x00, 0x00, 0x00, 0x00, 0x00, 0x60, 0xE0, 0xE0, 0xE0,
  0x00, 0x00, 0x00, 0x00, 0x00, 0x00, 0x00, 0x00, 0x00, 0x00, 0x00, 0x00, 0x00, 0xC0, 0x00, 0x00,
  0xC0, 0xFE, 0xD0, 0xF8, 0xC0, 0xE0, 0x80, 0xE0, 0x80, 0xC0, 0x80, 0xC0, 0xC0, 0xC0, 0x00, 0x00,
  0x00, 0x72, 0x00, 0x78, 0x00, 0x40, 0x00, 0x60, 0x00, 0x00, 0x00, 0x40, 0x00, 0x00, 0x00, 0x00,
  0x00, 0x00, 0x00, 0x00, 0x00, 0x00, 0x03, 0x03, 0xFC, 0xFF, 0x98, 0xFF, 0x9F, 0xFF, 0xFF, 0xFF,
  0x00, 0x00, 0x00, 0x00, 0x00, 0x00, 0x00, 0x01, 0x00, 0x06, 0x00, 0x6F, 0x00, 0x67, 0x00, 0x60,
  0x5F, 0x7F, 0x7F, 0x7F, 0x78, 0x78, 0x00, 0x00, 0x00, 0x00, 0x00, 0x00, 0x00, 0x00, 0x00, 0x00,
  0x00, 0x3F, 0x00, 0x30, 0x00, 0x00, 0x00, 0x00, 0x00, 0x00, 0x00, 0x00, 0x00, 0x00, 0x00, 0x00,
  0x0B, 0x0F, 0x03, 0x0F, 0x47, 0xCF, 0xCF, 0xCF, 0x1F, 0xFF, 0x0E, 0xFF, 0x9C, 0xFF, 0xD8, 0xFF,
  0x04, 0x04, 0x0E, 0x0E, 0x0E, 0xCE, 0x04, 0x44, 0x00, 0x71, 0x00, 0x93, 0x00, 0xD2, 0x00, 0x64,
  0xE5, 0xFF, 0xEB, 0x7F, 0xB7, 0x3F, 0xFF, 0xBF, 0xEF, 0xCF, 0x7F, 0xF3, 0x3E, 0xFE, 0x3C, 0xFC,
  0x00, 0xEF, 0x80, 0x7F, 0x80, 0xDF, 0x60, 0x46, 0x20, 0xB0, 0x0C, 0xCC, 0x80, 0x60, 0x00, 0x60,
  0x00, 0x00, 0x00, 0x00, 0x00, 0x00, 0x00, 0x00, 0x00, 0x00, 0x00, 0x00, 0x00, 0x00, 0x00, 0x00,
  0x00, 0x00, 0x00, 0x00, 0x00, 0x00, 0x00, 0x00, 0x00, 0x00, 0x00, 0x00, 0x00, 0x00, 0x00, 0x00,
  0x00, 0x00, 0x00, 0x00, 0x00, 0x00, 0x00, 0x00, 0x00, 0x00, 0x00, 0x00, 0x00, 0x00, 0x00, 0x00,
  0x00, 0x00, 0x00, 0x00, 0x00, 0x00, 0x00, 0x00, 0x00, 0x00, 0x00, 0x00, 0x00, 0x00, 0x00, 0x00,
  0x00, 0x00, 0x00, 0x00, 0x00, 0x00, 0x00, 0x00, 0x00, 0x00, 0x00, 0x00, 0x00, 0x00, 0x00, 0x00,
  0x00, 0x00, 0x00, 0x00, 0x00, 0x00, 0x00, 0x00, 0x00, 0x00, 0x00, 0x00, 0x00, 0x00, 0x00, 0x00,
  0x00, 0x00, 0x00, 0x00, 0x00, 0x00, 0x00, 0x00, 0x00, 0x00, 0x00, 0x00, 0x00, 0x00, 0x00, 0x00,
  0x00, 0x00, 0x00, 0x00, 0x00, 0x00, 0x00, 0x00, 0x00, 0x00, 0x00, 0x00, 0x00, 0x00, 0x00, 0x00,
  0x00, 0x00, 0x00, 0x00, 0x00, 0x00, 0x00, 0x00, 0x00, 0x00, 0x00, 0x00, 0x00, 0x00, 0x00, 0x00,
  0x00, 0x00, 0x00, 0x00, 0x00, 0x00, 0x00, 0x00, 0x00, 0x00, 0x00, 0x00, 0x00, 0x00, 0x00, 0x00,
  0x00, 0x00, 0x00, 0x00, 0x00, 0x00, 0x00, 0x00, 0x00, 0x00, 0x00, 0x00, 0x00, 0x00, 0x00, 0x00,
  0x00, 0x00, 0x00, 0x00, 0x00, 0x00, 0x00, 0x00, 0x00, 0x00, 0x00, 0x00, 0x00, 0x00, 0x00, 0x00,
  0x03, 0x03, 0x03, 0x03, 0x01, 0x01, 0x00, 0x00, 0x00, 0x00, 0x00, 0x00, 0x00, 0x00, 0x00, 0x00,
  0x00, 0x03, 0x00, 0x01, 0x00, 0x00, 0x00, 0x00, 0x00, 0x00, 0x00, 0x00, 0x00, 0x00, 0x00, 0x00,
  0x20, 0xE0, 0xB0, 0xF0, 0xF0, 0xF0, 0xD4, 0xF4, 0x78, 0x7C, 0x7A, 0x7E, 0x7A, 0x7E, 0x7C, 0x7F,
  0x00, 0xE0, 0x00, 0xE0, 0x00, 0xE0, 0x00, 0x70, 0x00, 0x74, 0x00, 0x34, 0x00, 0x06, 0x00, 0x37,
  0x10, 0x1F, 0x39, 0x3F, 0xFF, 0xFF, 0x3E, 0xFE, 0x1C, 0xFC, 0x14, 0xFC, 0xF8, 0xF8, 0xF0, 0xF0,
  0x00, 0x19, 0x00, 0x0F, 0x00, 0x06, 0x00, 0xF0, 0x80, 0x34, 0x00, 0xFC, 0x00, 0xF8, 0x00, 0x30,
  0xFA, 0xE3, 0x9E, 0x93, 0x0F, 0x09, 0x0F, 0x0D, 0x07, 0x07, 0x07, 0x07, 0x02, 0x03, 0x02, 0x03,
  0x04, 0x87, 0x00, 0x03, 0x00, 0x01, 0x00, 0x00, 0x00, 0x01, 0x00, 0x03, 0x00, 0x03, 0x00, 0x03,
  0x00, 0x00, 0x00, 0x00, 0x00, 0x00, 0x00, 0x00, 0x00, 0x00, 0x00, 0x00, 0x00, 0x00, 0x00, 0x00,
  0x00, 0x00, 0x00, 0x00, 0x00, 0x00, 0x00, 0x00, 0x00, 0x00, 0x00, 0x00, 0x00, 0x00, 0x00, 0x00,
  0x00, 0x00, 0x00, 0x00, 0x00, 0x00, 0x00, 0x00, 0x00, 0x00, 0x00, 0x00, 0x00, 0x00, 0x00, 0x00,
  0x00, 0x00, 0x00, 0x00, 0x00, 0x00, 0x00, 0x00, 0x00, 0x00, 0x00, 0x00, 0x00, 0x00, 0x00, 0x00,
  0x00, 0x00, 0x00, 0x00, 0x00, 0x00, 0x00, 0x00, 0x00, 0x00, 0x00, 0x00, 0x00, 0x00, 0x00, 0x00,
  0x00, 0x00, 0x00, 0x00, 0x00, 0x00, 0x00, 0x00, 0x00, 0x00, 0x00, 0x00, 0x00, 0x00, 0x00, 0x00,
  0x00, 0x00, 0x00, 0x00, 0x00, 0x00, 0x00, 0x00, 0x00, 0x00, 0x00, 0x00, 0x00, 0x00, 0x00, 0x00,
  0x00, 0x00, 0x00, 0x00, 0x00, 0x00, 0x00, 0x00, 0x00, 0x00, 0x00, 0x00, 0x00, 0x00, 0x00, 0x00,
  0x00, 0x03, 0x01, 0x06, 0x06, 0x0F, 0x0B, 0x0B, 0x03, 0x03, 0x05, 0x05, 0x0F, 0x0B, 0x0F, 0x0F,
  0x03, 0x03, 0x06, 0x07, 0x0F, 0x0F, 0x0D, 0x09, 0x0D, 0x01, 0x08, 0x02, 0x04, 0x00, 0x08, 0x08,
  0xE0, 0xE0, 0x58, 0xF8, 0x7C, 0xFC, 0xFC, 0xFC, 0xFE, 0xFE, 0x83, 0xFF, 0x89, 0xFF, 0x29, 0xFF,
  0xE0, 0xE0, 0xF8, 0x78, 0xFC, 0xFC, 0x8C, 0x8C, 0x02, 0x72, 0x10, 0x6E, 0x00, 0xAA, 0x00, 0xAB,
  0x00, 0x00, 0xFF, 0x81, 0xFF, 0x81, 0x83, 0x83, 0xFF, 0x81, 0xFF, 0x81, 0xFF, 0xFF, 0x00, 0x00,
  0x00, 0x00, 0x7E, 0x7E, 0x7E, 0x00, 0x02, 0x7C, 0x7E, 0x00, 0x7E, 0x7E, 0x00, 0x00, 0x00, 0x00,
  0x00, 0x00, 0xE0, 0x60, 0xF0, 0x50, 0xD0, 0xD0, 0xF0, 0x50, 0xF0, 0x50, 0xE0, 0xE0, 0x00, 0x00,
  0x00, 0x00, 0x80, 0x80, 0xA0, 0x20, 0x80, 0x20, 0xA0, 0x00, 0xA0, 0xA0, 0x00, 0x00, 0x00, 0x00,
  0xB0, 0xF0, 0xE0, 0xE0, 0x80, 0x80, 0x00, 0x00, 0x00, 0x00, 0x00, 0x00, 0x00, 0x00, 0x00, 0x00,
  0x00, 0xE0, 0x00, 0x40, 0x00, 0x00, 0x00, 0x00, 0x00, 0x00, 0x00, 0x00, 0x00, 0x00, 0x00, 0x00,
  0x23, 0x3F, 0x16, 0x1F, 0x0F, 0x0F, 0x00, 0x00, 0x00, 0x00, 0x00, 0x00, 0x00, 0x00, 0x00, 0x00,
  0x00, 0x3C, 0x00, 0x1D, 0x00, 0x0B, 0x00, 0x00, 0x00, 0x00, 0x00, 0x00, 0x00, 0x00, 0x00, 0x00,
  0x00, 0x00, 0x00, 0x00, 0x00, 0x00, 0x00, 0x00, 0x00, 0x00, 0x00, 0x00, 0x00, 0x00, 0x00, 0x00,
  0x00, 0x00, 0x00, 0x00, 0x00, 0x00, 0x00, 0x00, 0x00, 0x00, 0x00, 0x00, 0x00, 0x00, 0x00, 0x00,
  0x00, 0x00, 0x00, 0x00, 0x00, 0x00, 0x00, 0x00, 0x00, 0x00, 0x00, 0x00, 0x00, 0x00, 0x00, 0x00,
  0x00, 0x00, 0x00, 0x00, 0x00, 0x00, 0x00, 0x00, 0x00, 0x00, 0x00, 0x00, 0x00, 0x00, 0x00, 0x00,
  0x00, 0x00, 0x00, 0x00, 0x04, 0x04, 0x0E, 0x0E, 0x1B, 0x1F, 0x39, 0x3F, 0x6F, 0x7F, 0xE7, 0xFF,
  0x00, 0x00, 0x00, 0x00, 0x00, 0x00, 0x00, 0x04, 0x00, 0x0E, 0x00, 0x1E, 0x00, 0x39, 0x00, 0x2B,
  0x07, 0x07, 0x06, 0x07, 0x0C, 0x0F, 0x0C, 0x0F, 0x08, 0x0F, 0x9C, 0x9F, 0xD6, 0xDF, 0x71, 0xFF,
  0x00, 0x01, 0x00, 0x03, 0x00, 0x06, 0x00, 0x04, 0x01, 0x0C, 0x00, 0x0C, 0x00, 0x0F, 0x00, 0xDB,
  0x06, 0x07, 0x06, 0x07, 0x03, 0x03, 0x03, 0x03, 0x01, 0x01, 0x01, 0x01, 0x01, 0x01, 0x01, 0x01,
  0x00, 0x07, 0x00, 0x03, 0x00, 0x01, 0x00, 0x01, 0x00, 0x00, 0x00, 0x00, 0x00, 0x00, 0x00, 0x00,
  0xC0, 0xC0, 0x40, 0xC0, 0x40, 0xC0, 0xE0, 0xE0, 0xF0, 0xF0, 0xE0, 0xF0, 0xEC, 0xFC, 0xF1, 0xFF,
  0x00, 0x80, 0x00, 0xC0, 0x00, 0xC0, 0x00, 0xC0, 0x00, 0xD0, 0x00, 0xD0, 0x00, 0x18, 0x00, 0xFF,
  0x07, 0x07, 0x06, 0x07, 0x0C, 0x0F, 0x0C, 0x0F, 0x08, 0x0F, 0x9C, 0x9F, 0xD6, 0xDF, 0x71, 0xFF,
  0x00, 0x01, 0x00, 0x03, 0x00, 0x06, 0x00, 0x04, 0x01, 0x0C, 0x00, 0x0C, 0x00, 0x0F, 0x00, 0xDB,
  0xD0, 0xD0, 0x70, 0xD0, 0x38, 0xF8, 0x30, 0xF8, 0x30, 0xFC, 0x70, 0xFC, 0xFA, 0xFE, 0xF8, 0xEE,
  0x20, 0xA0, 0x00, 0xC0, 0x00, 0xC8, 0x00, 0x68, 0x00, 0x6C, 0x00, 0x48, 0x00, 0xCE, 0x00, 0x8E,
  0x00, 0x00, 0x80, 0x80, 0x40, 0xC0, 0x40, 0xC0, 0x80, 0x80, 0xC0, 0xC0, 0xC0, 0xC0, 0xC0, 0xC0,
  0x00, 0x00, 0x00, 0x00, 0x00, 0x80, 0x00, 0x80, 0x00, 0x80, 0x00, 0x80, 0x00, 0x80, 0x00, 0x80,
  0x00, 0x00, 0x00, 0x00, 0x00, 0x00, 0x00, 0x00, 0x00, 0x00, 0x00, 0x00, 0x00, 0x00, 0x00, 0x00,
  0x00, 0x00, 0x00, 0x00, 0x00, 0x00, 0x00, 0x00, 0x00, 0x00, 0x00, 0x00, 0x00, 0x00, 0x00, 0x00,
  0x0B, 0x0F, 0x03, 0x0F, 0x17, 0x1F, 0x7F, 0x7F, 0x1F, 0xFF, 0xBF, 0xFF, 0xE6, 0xFF, 0xE3, 0xFF,
  0x04, 0x04, 0x0E, 0x0E, 0x0E, 0x0E, 0x04, 0x64, 0x00, 0xA0, 0x00, 0xD9, 0x00, 0x2D, 0x08, 0xA5,
  0x2B, 0xFF, 0xFF, 0xFF, 0xD7, 0x11, 0xFF, 0xFB, 0x9E, 0xFE, 0x0F, 0xFF, 0x0C, 0xFC, 0x18, 0xF8,
  0x00, 0xEF, 0x00, 0xF1, 0xD6, 0xAA, 0x04, 0x04, 0x00, 0xD1, 0x20, 0x88, 0x00, 0x18, 0x00, 0xB0,
  0x00, 0x00, 0x00, 0x00, 0x00, 0x00, 0x00, 0x00, 0x00, 0x00, 0x00, 0x00, 0x00, 0x00, 0x00, 0x00,
  0x00, 0x00, 0x00, 0x00, 0x00, 0x00, 0x00, 0x00, 0x00, 0x00, 0x00, 0x00, 0x00, 0x00, 0x00, 0x00,
  0x00, 0x00, 0x00, 0x00, 0x00, 0x00, 0x00, 0x00, 0x00, 0x00, 0x00, 0x00, 0x00, 0x00, 0x00, 0x00,
  0x00, 0x00, 0x00, 0x00, 0x00, 0x00, 0x00, 0x00, 0x00, 0x00, 0x00, 0x00, 0x00, 0x00, 0x00, 0x00,
  0x00, 0x00, 0x00, 0x00, 0x00, 0x00, 0x00, 0x00, 0x00, 0x00, 0x00, 0x00, 0x00, 0x00, 0x00, 0x00,
  0x00, 0x00, 0x00, 0x00, 0x00, 0x00, 0x00, 0x00, 0x00, 0x00, 0x00, 0x00, 0x00, 0x00, 0x00, 0x00,
  0x00, 0x00, 0x00, 0x00, 0x00, 0x00, 0x00, 0x00, 0x00, 0x00, 0x00, 0x00, 0x00, 0x00, 0x00, 0x00,
  0x00, 0x00, 0x00, 0x00, 0x00, 0x00, 0x00, 0x00, 0x00, 0x00, 0x00, 0x00, 0x00, 0x00, 0x00, 0x00,
  0x00, 0x00, 0x00, 0x00, 0x00, 0x00, 0x00, 0x00, 0x00, 0x00, 0x00, 0x00, 0x00, 0x00, 0x00, 0x00,
  0x00, 0x00, 0x00, 0x00, 0x00, 0x00, 0x00, 0x00, 0x00, 0x00, 0x00, 0x00, 0x00, 0x00, 0x00, 0x00,
  0x00, 0x00, 0x00, 0x00, 0x00, 0x00, 0x00, 0x00, 0x00, 0x00, 0x00, 0x00, 0x00, 0x00, 0x00, 0x00,
  0x00, 0x00, 0x00, 0x00, 0x00, 0x00, 0x00, 0x00, 0x00, 0x00, 0x00, 0x00, 0x00, 0x00, 0x00, 0x00,
  0xD6, 0xFF, 0x8F, 0xCF, 0xC9, 0xC9, 0xC0, 0xC0, 0x00, 0x00, 0x00, 0x00, 0x00, 0x00, 0x00, 0x00,
  0x00, 0x49, 0x00, 0x49, 0x00, 0x40, 0x00, 0x00, 0x00, 0x00, 0x00, 0x00, 0x00, 0x00, 0x00, 0x00,
  0x20, 0xFF, 0x31, 0xFF, 0x33, 0xFF, 0x9E, 0xFE, 0xFC, 0xFC, 0x74, 0x7C, 0x38, 0x3C, 0x00, 0x00,
  0x00, 0xD1, 0x00, 0x9B, 0x40, 0xBE, 0x00, 0xCC, 0x00, 0x60, 0x00, 0x78, 0x00, 0x1C, 0x00, 0x00,
  0x01, 0x01, 0x01, 0x01, 0x01, 0x01, 0x00, 0x00, 0x00, 0x00, 0x00, 0x00, 0x00, 0x00, 0x00, 0x00,
  0x00, 0x00, 0x00, 0x00, 0x00, 0x00, 0x00, 0x00, 0x00, 0x00, 0x00, 0x00, 0x00, 0x00, 0x00, 0x00,
  0xBF, 0xFF, 0xFC, 0xFC, 0xE0, 0xE0, 0x00, 0x00, 0x00, 0x00, 0x00, 0x00, 0x00, 0x00, 0x00, 0x00,
  0x00, 0xF8, 0x00, 0xC0, 0x00, 0x00, 0x00, 0x00, 0x00, 0x00, 0x00, 0x00, 0x00, 0x00, 0x00, 0x00,
  0x20, 0xFF, 0x31, 0xFF, 0x33, 0xFF, 0x9E, 0xFE, 0xFC, 0xFC, 0x74, 0x7C, 0x38, 0x3C, 0x00, 0x00,
  0x00, 0xD1, 0x00, 0x9B, 0x40, 0xBE, 0x00, 0xCC, 0x00, 0x60, 0x00, 0x78, 0x00, 0x1C, 0x00, 0x00,
  0xF5, 0xC7, 0xF5, 0xC7, 0x3B, 0x23, 0x1F, 0x17, 0x0F, 0x0F, 0x0C, 0x0F, 0x08, 0x0F, 0x0C, 0x0F,
  0x08, 0x0E, 0x08, 0x0F, 0x04, 0x06, 0x00, 0x01, 0x00, 0x03, 0x00, 0x07, 0x00, 0x07, 0x00, 0x07,
  0x00, 0x00, 0x00, 0x00, 0x00, 0x00, 0x00, 0x00, 0x00, 0x00, 0x00, 0x00, 0x00, 0x00, 0x00, 0x00,
  0x00, 0x00, 0x00, 0x00, 0x00, 0x00, 0x00, 0x00, 0x00, 0x00, 0x00, 0x00, 0x00, 0x00, 0x00, 0x00,
  0x00, 0x00, 0x00, 0x00, 0x00, 0x00, 0x00, 0x00, 0x00, 0x00, 0x00, 0x00, 0x00, 0x00, 0x00, 0x00,
  0x00, 0x00, 0x00, 0x00, 0x00, 0x00, 0x00, 0x00, 0x00, 0x00, 0x00, 0x00, 0x00, 0x00, 0x00, 0x00,
  0x00, 0x03, 0x01, 0x06, 0x06, 0x0F, 0x0B, 0x0B, 0x03, 0x03, 0x05, 0x05, 0x0F, 0x0B, 0x0F, 0x0F,
  0x03, 0x03, 0x06, 0x07, 0x0F, 0x0F, 0x0D, 0x09, 0x0D, 0x01, 0x08, 0x02, 0x04, 0x00, 0x08, 0x09,
  0xE0, 0xE0, 0x58, 0xF8, 0x7C, 0xFC, 0xFC, 0xFC, 0xFF, 0xFF, 0x87, 0xFF, 0x13, 0xFF, 0x53, 0xFF,
  0xE0, 0xE0, 0xF8, 0x78, 0xFC, 0xFC, 0x84, 0x84, 0x02, 0x7A, 0x20, 0xD4, 0x00, 0xD6, 0x00, 0x56,
  0x00, 0x00, 0xFF, 0x81, 0xFF, 0x81, 0x83, 0x83, 0xFF, 0x81, 0xFF, 0x81, 0xFF, 0xFF, 0x00, 0x00,
  0x00, 0x00, 0x7E, 0x7E, 0x7E, 0x00, 0x02, 0x7C, 0x7E, 0x00, 0x7E, 0x7E, 0x00, 0x00, 0x00, 0x00,
  0x00, 0x00, 0xE0, 0x60, 0xF0, 0x50, 0xD0, 0xD0, 0xF0, 0x50, 0xF0, 0x50, 0xE0, 0xE0, 0x00, 0x00,
  0x00, 0x00, 0x80, 0x80, 0xA0, 0x20, 0x80, 0x20, 0xA0, 0x00, 0xA0, 0xA0, 0x00, 0x00, 0x00, 0x00,
  0xFE, 0xFE, 0x7E, 0xFE, 0x3A, 0xFE, 0xFC, 0xFC, 0x00, 0x00, 0x00, 0x00, 0x00, 0x00, 0x00, 0x00,
  0x00, 0xBC, 0x00, 0xD0, 0x00, 0xCC, 0x00, 0xEC, 0x00, 0x00, 0x00, 0x00, 0x00, 0x00, 0x00, 0x00,
  0x4B, 0x7F, 0x48, 0x7F, 0x3C, 0x3F, 0x1F, 0x1F, 0x00, 0x00, 0x00, 0x00, 0x00, 0x00, 0x00, 0x00,
  0x00, 0x57, 0x01, 0x70, 0x00, 0x37, 0x00, 0x03, 0x00, 0x00, 0x00, 0x00, 0x00, 0x00, 0x00, 0x00,
  0x00, 0x00, 0x00, 0x00, 0x00, 0x00, 0x00, 0x00, 0x00, 0x00, 0x00, 0x00, 0x00, 0x00, 0x00, 0x00,
  0x00, 0x00, 0x00, 0x00, 0x00, 0x00, 0x00, 0x00, 0x00, 0x00, 0x00, 0x00, 0x00, 0x00, 0x00, 0x00,
  0x00, 0x00, 0x00, 0x00, 0x00, 0x00, 0x00, 0x00, 0x00, 0x00, 0x00, 0x00, 0x00, 0x00, 0x00, 0x00,
  0x00, 0x00, 0x00, 0x00, 0x00, 0x00, 0x00, 0x00, 0x00, 0x00, 0x00, 0x00, 0x00, 0x00, 0x00, 0x00,
  0xC3, 0xC3, 0x03, 0x03, 0x03, 0x03, 0x07, 0x07, 0x07, 0x07, 0x0F, 0x0F, 0x1E, 0x1F, 0x1F, 0x1F,
  0x00, 0x41, 0x00, 0x01, 0x00, 0x03, 0x00, 0x03, 0x00, 0x03, 0x00, 0x08, 0x00, 0x0D, 0x00, 0x0F,
  0xF0, 0xF0, 0xE0, 0xE0, 0xC0, 0xC0, 0x80, 0x80, 0x80, 0x80, 0xA0, 0xE0, 0x40, 0xC0, 0x80, 0x80,
  0x00, 0x80, 0x00, 0xC0, 0x00, 0x80, 0x00, 0x80, 0x00, 0x00, 0x00, 0x60, 0x00, 0xC0, 0x00, 0x80,
  0x07, 0x07, 0x07, 0x07, 0x06, 0x07, 0x04, 0x07, 0x04, 0x07, 0x04, 0x07, 0x06, 0x07, 0x03, 0x03,
  0x00, 0x00, 0x00, 0x03, 0x00, 0x03, 0x00, 0x06, 0x00, 0x06, 0x00, 0x06, 0x00, 0x03, 0x00, 0x01,
  0xD8, 0x08, 0xF0, 0xD0, 0x78, 0xF8, 0x3C, 0xFC, 0x1C, 0xFC, 0x2C, 0xFC, 0x0E, 0xFE, 0xC2, 0xFE,
  0x20, 0x20, 0x00, 0xC0, 0x00, 0xE0, 0x00, 0x70, 0x80, 0x30, 0x00, 0x38, 0x00, 0x6C, 0x00, 0xC6,
  0x00, 0x00, 0x00, 0x00, 0x00, 0x00, 0x00, 0x00, 0x00, 0x00, 0x00, 0x00, 0x00, 0x00, 0x00, 0x00,
  0x00, 0x00, 0x00, 0x00, 0x00, 0x00, 0x00, 0x00, 0x00, 0x00, 0x00, 0x00, 0x00, 0x00, 0x00, 0x00,
  0x00, 0x00, 0x00, 0x00, 0x00, 0x00, 0x00, 0x00, 0x00, 0x00, 0x00, 0x00, 0x00, 0x00, 0x00, 0x00,
  0x00, 0x00, 0x00, 0x00, 0x00, 0x00, 0x00, 0x00, 0x00, 0x00, 0x00, 0x00, 0x00, 0x00, 0x00, 0x00,
  0x00, 0x00, 0x00, 0x00, 0x00, 0x00, 0x00, 0x00, 0x00, 0x00, 0x00, 0x00, 0x00, 0x00, 0x00, 0x00,
  0x00, 0x00, 0x00, 0x00, 0x00, 0x00, 0x00, 0x00, 0x00, 0x00, 0x00, 0x00, 0x00, 0x00, 0x00, 0x00,
  0x00, 0x00, 0x00, 0x00, 0x00, 0x00, 0x00, 0x00, 0x00, 0x00, 0x00, 0x00, 0x00, 0x00, 0x00, 0x00,
  0x00, 0x00, 0x00, 0x00, 0x00, 0x00, 0x00, 0x00, 0x00, 0x00, 0x00, 0x00, 0x00, 0x00, 0x00, 0x00,
  0x0B, 0x0F, 0x03, 0x0F, 0x17, 0x1F, 0xFF, 0xFF, 0xBF, 0xFF, 0x9E, 0xFC, 0x9F, 0xFF, 0xFF, 0xFF,
  0x04, 0x05, 0x0C, 0x0D, 0x0E, 0x0E, 0x0C, 0x0C, 0x00, 0x60, 0x01, 0x31, 0x00, 0x30, 0x00, 0x40,
  0x57, 0xFF, 0xFF, 0xFF, 0xDB, 0x19, 0xFF, 0xFF, 0xC7, 0xFF, 0xC3, 0xFF, 0xC2, 0xFE, 0xE2, 0xFE,
  0x00, 0xFE, 0x00, 0xE0, 0xDA, 0xA4, 0x00, 0x00, 0x00, 0x6E, 0x08, 0x06, 0x00, 0x26, 0x00, 0xBE,
  0x00, 0x00, 0x00, 0x00, 0x00, 0x00, 0x00, 0x00, 0x00, 0x00, 0x00, 0x00, 0x00, 0x00, 0x00, 0x00,
  0x00, 0x00, 0x00, 0x00, 0x00, 0x00, 0x00, 0x00, 0x00, 0x00, 0x00, 0x00, 0x00, 0x00, 0x00, 0x00,
  0x00, 0x00, 0x00, 0x00, 0x00, 0x00, 0x00, 0x00, 0x00, 0x00, 0x00, 0x00, 0x00, 0x00, 0x00, 0x00,
  0x00, 0x00, 0x00, 0x00, 0x00, 0x00, 0x00, 0x00, 0x00, 0x00, 0x00, 0x00, 0x00, 0x00, 0x00, 0x00,
  0x00, 0x00, 0x00, 0x00, 0x00, 0x00, 0x00, 0x00, 0x00, 0x00, 0x00, 0x00, 0x00, 0x00, 0x00, 0x00,
  0x00, 0x00, 0x00, 0x00, 0x00, 0x00, 0x00, 0x00, 0x00, 0x00, 0x00, 0x00, 0x00, 0x00, 0x00, 0x00,
  0x00, 0x00, 0x00, 0x00, 0x00, 0x00, 0x00, 0x00, 0x00, 0x00, 0x00, 0x00, 0x00, 0x00, 0x00, 0x00,
  0x00, 0x00, 0x00, 0x00, 0x00, 0x00, 0x00, 0x00, 0x00, 0x00, 0x00, 0x00, 0x00, 0x00, 0x00, 0x00,
  0x00, 0x00, 0x00, 0x00, 0x00, 0x00, 0x00, 0x00, 0x00, 0x00, 0x00, 0x00, 0x00, 0x00, 0x00, 0x00,
  0x00, 0x00, 0x00, 0x00, 0x00, 0x00, 0x00, 0x00, 0x00, 0x00, 0x00, 0x00, 0x00, 0x00, 0x00, 0x00,
  0x00, 0x00, 0x00, 0x00, 0x00, 0x00, 0x00, 0x00, 0x00, 0x00, 0x00, 0x00, 0x00, 0x00, 0x00, 0x00,
  0x00, 0x00, 0x00, 0x00, 0x00, 0x00, 0x00, 0x00, 0x00, 0x00, 0x00, 0x00, 0x00, 0x00, 0x00, 0x00,
  0x0C, 0x0F, 0x07, 0x07, 0x03, 0x03, 0x00, 0x00, 0x00, 0x00, 0x00, 0x00, 0x00, 0x00, 0x00, 0x00,
  0x00, 0x07, 0x00, 0x03, 0x00, 0x00, 0x00, 0x00, 0x00, 0x00, 0x00, 0x00, 0x00, 0x00, 0x00, 0x00,
  0x80, 0x80, 0x30, 0xF0, 0xF0, 0xF0, 0x00, 0x00, 0x00, 0x00, 0x00, 0x00, 0x00, 0x00, 0x00, 0x00,
  0x00, 0x80, 0x00, 0xE0, 0x00, 0x00, 0x00, 0x00, 0x00, 0x00, 0x00, 0x00, 0x00, 0x00, 0x00, 0x00,
  0x7B, 0x7B, 0x4F, 0x7F, 0x6F, 0x7F, 0x5C, 0x7F, 0xCF, 0xFF, 0x97, 0xFF, 0xA9, 0xED, 0xC1, 0xC1,
  0x00, 0x30, 0x00, 0x30, 0x00, 0x37, 0x00, 0x27, 0x00, 0x5B, 0x00, 0x54, 0x00, 0x6C, 0x00, 0x40,
  0xC1, 0xFF, 0xE3, 0xFF, 0xF7, 0xFF, 0x3F, 0xFF, 0x0F, 0xFF, 0x87, 0xFF, 0xE4, 0xFF, 0xFE, 0xFE,
  0x00, 0x62, 0x00, 0x37, 0x00, 0x9E, 0x00, 0xFC, 0x20, 0x88, 0x00, 0xCB, 0x00, 0x7F, 0x00, 0x18,
  0x00, 0x00, 0x00, 0x00, 0x00, 0x00, 0x00, 0x00, 0x00, 0x00, 0x00, 0x00, 0x00, 0x00, 0x00, 0x00,
  0x00, 0x00, 0x00, 0x00, 0x00, 0x00, 0x00, 0x00, 0x00, 0x00, 0x00, 0x00, 0x00, 0x00, 0x00, 0x00,
  0x00, 0x00, 0x00, 0x00, 0x00, 0x00, 0x00, 0x00, 0x00, 0x00, 0x00, 0x00, 0x00, 0x00, 0x00, 0x00,
  0x00, 0x00, 0x00, 0x00, 0x00, 0x00, 0x00, 0x00, 0x00, 0x00, 0x00, 0x00, 0x00, 0x00, 0x00, 0x00,
  0x00, 0x00, 0x00, 0x00, 0x00, 0x00, 0x00, 0x00, 0x00, 0x00, 0x00, 0x00, 0x00, 0x00, 0x00, 0x00,
  0x00, 0x00, 0x00, 0x00, 0x00, 0x00, 0x00, 0x00, 0x00, 0x00, 0x00, 0x00, 0x00, 0x00, 0x00, 0x00,
  0x00, 0x00, 0x00, 0x00, 0x00, 0x00, 0x00, 0x00, 0x00, 0x00, 0x00, 0x00, 0x00, 0x00, 0x00, 0x00,
  0x00, 0x00, 0x00, 0x00, 0x00, 0x00, 0x00, 0x00, 0x00, 0x00, 0x00, 0x00, 0x00, 0x00, 0x00, 0x00,
  0x00, 0x03, 0x01, 0x06, 0x06, 0x0F, 0x0B, 0x0B, 0x03, 0x03, 0x07, 0x07, 0x0F, 0x0B, 0x0F, 0x0F,
  0x03, 0x03, 0x06, 0x07, 0x0F, 0x0F, 0x0D, 0x09, 0x0C, 0x00, 0x08, 0x01, 0x04, 0x01, 0x08, 0x09,
  0xE0, 0xE0, 0x58, 0xF8, 0x7C, 0xFC, 0xFE, 0xFE, 0xDF, 0xFF, 0x87, 0xFF, 0x0B, 0xFF, 0x27, 0xFF,
  0xE0, 0xE0, 0xF8, 0x78, 0xFC, 0xFC, 0x06, 0x06, 0x01, 0xF9, 0x20, 0xCC, 0x00, 0x4E, 0x00, 0x38,
  0x00, 0x00, 0xFF, 0x81, 0xFF, 0x81, 0x83, 0x83, 0xFF, 0x81, 0xFF, 0x81, 0xFF, 0xFF, 0x00, 0x00,
  0x00, 0x00, 0x7E, 0x7E, 0x7E, 0x00, 0x02, 0x7C, 0x7E, 0x00, 0x7E, 0x7E, 0x00, 0x00, 0x00, 0x00,
  0x00, 0x00, 0xE0, 0x60, 0xF0, 0x50, 0xD0, 0xD0, 0xF0, 0x50, 0xF0, 0x50, 0xE0, 0xE0, 0x00, 0x00,
  0x00, 0x00, 0x80, 0x80, 0xA0, 0x20, 0x80, 0x20, 0xA0, 0x00, 0xA0, 0xA0, 0x00, 0x00, 0x00, 0x00,
  0x7B, 0x7F, 0xDF, 0xFF, 0x0C, 0xFF, 0x0D, 0xFF, 0x38, 0xF8, 0xE0, 0xE0, 0x00, 0x00, 0x00, 0x00,
  0x00, 0x2E, 0x00, 0xF1, 0x00, 0x95, 0x40, 0x17, 0x00, 0xE0, 0x00, 0x00, 0x00, 0x00, 0x00, 0x00,
  0x00, 0x00, 0x01, 0x01, 0x0F, 0x0F, 0x1A, 0x1F, 0x11, 0x1F, 0x1B, 0x1F, 0x0E, 0x0E, 0x00, 0x00,
  0x00, 0x00, 0x00, 0x00, 0x00, 0x01, 0x00, 0x09, 0x00, 0x0E, 0x00, 0x0E, 0x00, 0x00, 0x00, 0x00,
  0x00, 0x00, 0x00, 0x00, 0x00, 0x00, 0x00, 0x00, 0x00, 0x00, 0x00, 0x00, 0x00, 0x00, 0x00, 0x00,
  0x00, 0x00, 0x00, 0x00, 0x00, 0x00, 0x00, 0x00, 0x00, 0x00, 0x00, 0x00, 0x00, 0x00, 0x00, 0x00,
  0x00, 0x00, 0x00, 0x00, 0x00, 0x00, 0x00, 0x00, 0x00, 0x00, 0x00, 0x00, 0x00, 0x00, 0x00, 0x00,
  0x00, 0x00, 0x00, 0x00, 0x00, 0x00, 0x00, 0x00, 0x00, 0x00, 0x00, 0x00, 0x00, 0x00, 0x00, 0x00,
  0x31, 0x20, 0x7F, 0x7F, 0x63, 0x7F, 0xC1, 0xFF, 0xC1, 0xFF, 0xE1, 0xFF, 0xF2, 0xFF, 0xFF, 0xFF,
  0x0E, 0x0E, 0x00, 0x0E, 0x00, 0x3F, 0x00, 0x63, 0x08, 0x61, 0x00, 0x73, 0x00, 0x3F, 0x00, 0x4F,
  0x80, 0x80, 0x00, 0x00, 0x80, 0x80, 0xC0, 0xC0, 0x60, 0xE0, 0x10, 0xF0, 0x08, 0xF8, 0x1C, 0xFC,
  0x00, 0x00, 0x00, 0x00, 0x00, 0x00, 0x00, 0x80, 0x00, 0xE0, 0x00, 0x70, 0x00, 0x38, 0x00, 0xF0,
  0x00, 0x00, 0x01, 0x01, 0x03, 0x03, 0x03, 0x03, 0x06, 0x07, 0x06, 0x07, 0x05, 0x07, 0x05, 0x07,
  0x00, 0x00, 0x00, 0x00, 0x00, 0x00, 0x00, 0x01, 0x00, 0x03, 0x00, 0x03, 0x00, 0x03, 0x00, 0x03,
  0xFF, 0xDF, 0xFD, 0x85, 0xFB, 0x8B, 0xFE, 0xFF, 0xFF, 0xFF, 0xCF, 0xFF, 0xDC, 0xFF, 0xFE, 0xFE,
  0x00, 0xC1, 0x00, 0x80, 0x00, 0x01, 0x00, 0x03, 0x00, 0x97, 0x00, 0xB2, 0x00, 0xA6, 0x00, 0x8C,
  0x00, 0x00, 0xC0, 0xC0, 0xC0, 0xC0, 0x00, 0x00, 0x00, 0x00, 0x00, 0x00, 0x00, 0x00, 0x00, 0x00,
  0x00, 0x00, 0x00, 0x80, 0x00, 0x00, 0x00, 0x00, 0x00, 0x00, 0x00, 0x00, 0x00, 0x00, 0x00, 0x00,
  0x06, 0x07, 0x07, 0x07, 0x03, 0x03, 0x00, 0x00, 0x00, 0x00, 0x00, 0x00, 0x00, 0x00, 0x00, 0x00,
  0x00, 0x03, 0x00, 0x03, 0x00, 0x00, 0x00, 0x00, 0x00, 0x00, 0x00, 0x00, 0x00, 0x00, 0x00, 0x00,
  0x00, 0x00, 0x00, 0x00, 0x00, 0x00, 0x00, 0x00, 0x00, 0x00, 0x00, 0x00, 0x00, 0x00, 0x00, 0x00,
  0x00, 0x00, 0x00, 0x00, 0x00, 0x00, 0x00, 0x00, 0x00, 0x00, 0x00, 0x00, 0x00, 0x00, 0x00, 0x00,
  0x00, 0x00, 0x00, 0x00, 0x00, 0x00, 0x00, 0x00, 0x00, 0x00, 0x00, 0x00, 0x00, 0x00, 0x00, 0x00,
  0x00, 0x00, 0x00, 0x00, 0x00, 0x00, 0x00, 0x00, 0x00, 0x00, 0x00, 0x00, 0x00, 0x00, 0x00, 0x00,
  0x0B, 0x0F, 0x03, 0x0F, 0x17, 0x1F, 0xFF, 0xFF, 0xBF, 0xFF, 0x9F, 0xFC, 0x9F, 0xFE, 0xBF, 0xFF,
  0x04, 0x05, 0x0C, 0x0D, 0x0E, 0x0E, 0x0E, 0x0E, 0x04, 0x64, 0x00, 0x30, 0x00, 0x38, 0x00, 0x60,
  0x3F, 0xF9, 0xAF, 0xEF, 0xBF, 0xBF, 0xFB, 0xBF, 0xF1, 0xFF, 0xE0, 0xFF, 0xF0, 0x7F, 0xF9, 0xFF,
  0x06, 0xA2, 0x08, 0xF0, 0x20, 0xC4, 0x40, 0x0E, 0x00, 0x37, 0x02, 0x31, 0x00, 0x19, 0x00, 0x1F,
  0x00, 0x00, 0x00, 0x00, 0x00, 0x00, 0x00, 0x00, 0x00, 0x00, 0x00, 0x00, 0x00, 0x00, 0x00, 0x00,
  0x00, 0x00, 0x00, 0x00, 0x00, 0x00, 0x00, 0x00, 0x00, 0x00, 0x00, 0x00, 0x00, 0x00, 0x00, 0x00,
  0x00, 0x00, 0x00, 0x00, 0x00, 0x00, 0x00, 0x00, 0x00, 0x00, 0x00, 0x00, 0x00, 0x00, 0x00, 0x00,
  0x00, 0x00, 0x00, 0x00, 0x00, 0x00, 0x00, 0x00, 0x00, 0x00, 0x00, 0x00, 0x00, 0x00, 0x00, 0x00,
  0x00, 0x00, 0x00, 0x00, 0x00, 0x00, 0x00, 0x00, 0x00, 0x00, 0x00, 0x00, 0x00, 0x00, 0x00, 0x00,
  0x00, 0x00, 0x00, 0x00, 0x00, 0x00, 0x00, 0x00, 0x00, 0x00, 0x00, 0x00, 0x00, 0x00, 0x00, 0x00,
  0x00, 0x00, 0x00, 0x00, 0x00, 0x00, 0x00, 0x00, 0x00, 0x00, 0x00, 0x00, 0x00, 0x00, 0x00, 0x00,
  0x00, 0x00, 0x00, 0x00, 0x00, 0x00, 0x00, 0x00, 0x00, 0x00, 0x00, 0x00, 0x00, 0x00, 0x00, 0x00,
  0x00, 0x00, 0x00, 0x00, 0x00, 0x00, 0x00, 0x00, 0x00, 0x00, 0x00, 0x00, 0x00, 0x00, 0x00, 0x00,
  0x00, 0x00, 0x00, 0x00, 0x00, 0x00, 0x00, 0x00, 0x00, 0x00, 0x00, 0x00, 0x00, 0x00, 0x00, 0x00,
  0x00, 0x00, 0x00, 0x00, 0x00, 0x00, 0x00, 0x00, 0x00, 0x00, 0x00, 0x00, 0x00, 0x00, 0x00, 0x00,
  0x00, 0x00, 0x00, 0x00, 0x00, 0x00, 0x00, 0x00, 0x00, 0x00, 0x00, 0x00, 0x00, 0x00, 0x00, 0x00,
  0xFF, 0xDF, 0xFD, 0x85, 0xFB, 0x8B, 0xFE, 0xFF, 0xFF, 0xFF, 0xCF, 0xFF, 0xDC, 0xFF, 0xFE, 0xFE,
  0x00, 0xC1, 0x00, 0x80, 0x00, 0x01, 0x00, 0x03, 0x00, 0x97, 0x00, 0xB2, 0x00, 0xA6, 0x00, 0x8C,
  0xFD, 0xFF, 0xCD, 0xFF, 0x86, 0xFE, 0x0C, 0xFC, 0xF0, 0xF0, 0x80, 0x80, 0x40, 0xC0, 0x00, 0x00,
  0x00, 0xE6, 0x00, 0xFE, 0x20, 0x8C, 0x00, 0xF0, 0x00, 0x80, 0x00, 0x00, 0x00, 0x80, 0x00, 0x00,
  0x07, 0x07, 0x0F, 0x0F, 0x0F, 0x0F, 0x1F, 0x1F, 0x37, 0x3F, 0x3F, 0x3F, 0x1F, 0x1F, 0x0E, 0x0F,
  0x00, 0x03, 0x00, 0x07, 0x00, 0x02, 0x00, 0x08, 0x00, 0x1D, 0x00, 0x1F, 0x00, 0x0F, 0x00, 0x07,
  0xB8, 0xBC, 0x98, 0x9C, 0x98, 0x9C, 0x8C, 0x8E, 0x86, 0xC6, 0x00, 0x80, 0x00, 0x00, 0x00, 0x00,
  0x00, 0x1C, 0x00, 0x0C, 0x00, 0x0C, 0x00, 0x06, 0x00, 0xC0, 0x00, 0x80, 0x00, 0x00, 0x00, 0x00,
  0x00, 0x00, 0x00, 0x00, 0x00, 0x00, 0x00, 0x00, 0x00, 0x00, 0x00, 0x00, 0x00, 0x00, 0x00, 0x00,
  0x00, 0x00, 0x00, 0x00, 0x00, 0x00, 0x00, 0x00, 0x00, 0x00, 0x00, 0x00, 0x00, 0x00, 0x00, 0x00,
  0x00, 0x00, 0x00, 0x00, 0x00, 0x00, 0x00, 0x00, 0x00, 0x00, 0x00, 0x00, 0x00, 0x00, 0x00, 0x00,
  0x00, 0x00, 0x00, 0x00, 0x00, 0x00, 0x00, 0x00, 0x00, 0x00, 0x00, 0x00, 0x00, 0x00, 0x00, 0x00,
  0x00, 0x00, 0x00, 0x00, 0x00, 0x00, 0x00, 0x00, 0x00, 0x00, 0x00, 0x00, 0x00, 0x00, 0x00, 0x00,
  0x00, 0x00, 0x00, 0x00, 0x00, 0x00, 0x00, 0x00, 0x00, 0x00, 0x00, 0x00, 0x00, 0x00, 0x00, 0x00,
  0x00, 0x00, 0x00, 0x00, 0x00, 0x00, 0x00, 0x00, 0x00, 0x00, 0x00, 0x00, 0x00, 0x00, 0x00, 0x00,
  0x00, 0x00, 0x00, 0x00, 0x00, 0x00, 0x00, 0x00, 0x00, 0x00, 0x00, 0x00, 0x00, 0x00, 0x00, 0x00,
  0xE0, 0xE0, 0x58, 0xF8, 0x7C, 0xFC, 0xFE, 0xFE, 0xC5, 0xFF, 0xCB, 0xFF, 0x85, 0xFF, 0x93, 0xFE,
  0xE0, 0xE0, 0xF8, 0x78, 0xFC, 0xFC, 0x82, 0x8E, 0x00, 0x76, 0x10, 0xCB, 0x00, 0xE6, 0x01, 0xDC,
  0x00, 0x00, 0x00, 0x00, 0x00, 0x00, 0x00, 0x00, 0x00, 0x00, 0x80, 0x80, 0x80, 0x80, 0xC0, 0xC0,
  0x00, 0x00, 0x00, 0x00, 0x00, 0x00, 0x00, 0x00, 0x00, 0x00, 0x00, 0x00, 0x00, 0x00, 0x00, 0x00,
  0x00, 0x00, 0xFF, 0x81, 0xFF, 0x81, 0x83, 0x83, 0xFF, 0x81, 0xFF, 0x81, 0xFF, 0xFF, 0x00, 0x00,
  0x00, 0x00, 0x7E, 0x7E, 0x7E, 0x00, 0x02, 0x7C, 0x7E, 0x00, 0x7E, 0x7E, 0x00, 0x00, 0x00, 0x00,
  0x00, 0x00, 0xE0, 0x60, 0xF0, 0x50, 0xD0, 0xD0, 0xF0, 0x50, 0xF0, 0x50, 0xE0, 0xE0, 0x00, 0x00,
  0x00, 0x00, 0x80, 0x80, 0xA0, 0x20, 0x80, 0x20, 0xA0, 0x00, 0xA0, 0xA0, 0x00, 0x00, 0x00, 0x00,
  0x08, 0xF8, 0xD8, 0xF8, 0xF0, 0xF0, 0x60, 0xE0, 0x40, 0xC0, 0x80, 0x80, 0x00, 0x00, 0x00, 0x00,
  0x00, 0x98, 0x00, 0x50, 0x00, 0xA0, 0x00, 0xC0, 0x00, 0xC0, 0x00, 0x00, 0x00, 0x00, 0x00, 0x00,
  0x01, 0x01, 0x07, 0x07, 0x06, 0x07, 0x02, 0x07, 0x03, 0x03, 0x01, 0x01, 0x00, 0x00, 0x00, 0x00,
  0x00, 0x01, 0x00, 0x00, 0x00, 0x05, 0x00, 0x06, 0x00, 0x01, 0x00, 0x00, 0x00, 0x00, 0x00, 0x00,
  0x0B, 0x0F, 0x03, 0x0F, 0x17, 0x1F, 0xFF, 0xFF, 0xBF, 0xFF, 0x9F, 0xFE, 0x9F, 0xFF, 0xBC, 0xFC,
  0x04, 0x04, 0x0E, 0x0E, 0x0E, 0x0E, 0x0E, 0x0E, 0x04, 0x64, 0x00, 0x30, 0x00, 0x38, 0x00, 0x60,
  0x00, 0x03, 0x01, 0x06, 0x06, 0x0F, 0x0B, 0x0B, 0x03, 0x03, 0x05, 0x05, 0x0F, 0x0B, 0x0F, 0x0F,
  0x03, 0x03, 0x06, 0x07, 0x0F, 0x0F, 0x0D, 0x09, 0x0D, 0x01, 0x08, 0x02, 0x04, 0x00, 0x08, 0x08,
  0x03, 0x03, 0x03, 0x02, 0x07, 0x07, 0x0F, 0x0F, 0x0B, 0x0F, 0x13, 0x1F, 0x1F, 0x1F, 0x3E, 0x3E,
  0x00, 0x01, 0x00, 0x02, 0x00, 0x00, 0x00, 0x0E, 0x00, 0x0F, 0x00, 0x1F, 0x00, 0x1E, 0x00, 0x1C,
  0xFF, 0x0F, 0xD8, 0x08, 0xA0, 0x00, 0xE0, 0xE0, 0xE0, 0xE0, 0xC1, 0xC1, 0x01, 0x01, 0x03, 0x03,
  0x00, 0x01, 0x20, 0x20, 0x40, 0x40, 0x00, 0x00, 0x00, 0x60, 0x00, 0x40, 0x00, 0x00, 0x00, 0x01,
  0x3E, 0x3C, 0x7F, 0x7F, 0xE3, 0xFF, 0xC1, 0xFF, 0xC1, 0xFF, 0xC0, 0xFF, 0xF2, 0xFF, 0xFF, 0x3F,
  0x01, 0x01, 0x00, 0x1E, 0x00, 0x3F, 0x00, 0x63, 0x08, 0x61, 0x00, 0x71, 0x00, 0xBF, 0x00, 0x0F,
  0x80, 0x80, 0x00, 0x00, 0x80, 0x80, 0x40, 0xC0, 0x10, 0xF0, 0x08, 0xF8, 0x0E, 0xFE, 0x1E, 0xFF,
  0x00, 0x00, 0x00, 0x00, 0x00, 0x80, 0x00, 0xC0, 0x00, 0xF0, 0x00, 0x38, 0x00, 0x1C, 0x00, 0xF9,
  0x00, 0x00, 0x00, 0x00, 0x00, 0x00, 0x00, 0x00, 0x00, 0x00, 0x01, 0x01, 0x01, 0x01, 0x03, 0x03,
  0x00, 0x00, 0x00, 0x00, 0x00, 0x00, 0x00, 0x00, 0x00, 0x00, 0x00, 0x00, 0x00, 0x00, 0x00, 0x01,
  0x00, 0x00, 0x00, 0x00, 0x00, 0x00, 0x01, 0x01, 0x03, 0x03, 0x03, 0x03, 0x01, 0x01, 0x00, 0x00,
  0x00, 0x00, 0x00, 0x00, 0x00, 0x00, 0x00, 0x01, 0x00, 0x01, 0x00, 0x00, 0x00, 0x00, 0x00, 0x00,
  0x60, 0x78, 0x7A, 0x7E, 0x3E, 0x3E, 0x00, 0x00, 0x00, 0x00, 0x00, 0x00, 0x00, 0x00, 0x00, 0x00,
  0x00, 0x38, 0x00, 0x3E, 0x00, 0x00, 0x00, 0x00, 0x00, 0x00, 0x00, 0x00, 0x00, 0x00, 0x00, 0x00,
  0x60, 0xE0, 0xC0, 0xE0, 0x90, 0xF0, 0xC8, 0xF8, 0x64, 0x7C, 0x3C, 0x3C, 0x00, 0x00, 0x00, 0x00,
  0x00, 0xC0, 0x00, 0xE0, 0x00, 0xC0, 0x00, 0x68, 0x00, 0x3C, 0x00, 0x00, 0x00, 0x00, 0x00, 0x00,
  0x8D, 0xFC, 0xDF, 0xFD, 0xF6, 0xE3, 0xFC, 0xEF, 0xFE, 0x7F, 0x7F, 0x5B, 0xFF, 0x63, 0x77, 0x73,
  0x01, 0xDB, 0x06, 0xF2, 0x14, 0x6D, 0x10, 0x16, 0x00, 0x03, 0x80, 0x81, 0x00, 0x00, 0x08, 0x08,
  0xE0, 0xE0, 0x30, 0xF0, 0x10, 0xF0, 0x08, 0xF8, 0x34, 0xFC, 0xFC, 0xFC, 0xDC, 0xFC, 0x84, 0xFC,
  0x00, 0x40, 0x00, 0xE0, 0x40, 0x30, 0x00, 0x10, 0x00, 0x68, 0x00, 0x88, 0x00, 0x70, 0x20, 0xC8,
  0x00, 0x00, 0x00, 0x00, 0x00, 0x00, 0x00, 0x00, 0x00, 0x00, 0x00, 0x00, 0x00, 0x00, 0x00, 0x00,
  0x00, 0x00, 0x00, 0x00, 0x00, 0x00, 0x00, 0x00, 0x00, 0x00, 0x00, 0x00, 0x00, 0x00, 0x00, 0x00,
  0x00, 0x00, 0x00, 0x00, 0x00, 0x00, 0x00, 0x00, 0x00, 0x00, 0x00, 0x00, 0x00, 0x00, 0x00, 0x00,
  0x00, 0x00, 0x00, 0x00, 0x00, 0x00, 0x00, 0x00, 0x00, 0x00, 0x00, 0x00, 0x00, 0x00, 0x00, 0x00,
  0x00, 0x00, 0x00, 0x00, 0x00, 0x00, 0x00, 0x00, 0x00, 0x00, 0x00, 0x00, 0x00, 0x00, 0x00, 0x00,
  0x00, 0x00, 0x00, 0x00, 0x00, 0x00, 0x00, 0x00, 0x00, 0x00, 0x00, 0x00, 0x00, 0x00, 0x00, 0x00,
  0x00, 0x00, 0x00, 0x00, 0x00, 0x00, 0x00, 0x00, 0x00, 0x00, 0x00, 0x00, 0x00, 0x00, 0x00, 0x00,
  0x00, 0x00, 0x00, 0x00, 0x00, 0x00, 0x00, 0x00, 0x00, 0x00, 0x00, 0x00, 0x00, 0x00, 0x00, 0x00,
  0x00, 0x00, 0x00, 0x00, 0x00, 0x00, 0x00, 0x00, 0x00, 0x00, 0x00, 0x00, 0x00, 0x00, 0x00, 0x00,
  0x00, 0x00, 0x00, 0x00, 0x00, 0x00, 0x00, 0x00, 0x00, 0x00, 0x00, 0x00, 0x00, 0x00, 0x00, 0x00,
  0x00, 0x00, 0x00, 0x00, 0x00, 0x00, 0x00, 0x00, 0x00, 0x00, 0x00, 0x00, 0x00, 0x00, 0x00, 0x00,
  0x00, 0x00, 0x00, 0x00, 0x00, 0x00, 0x00, 0x00, 0x00, 0x00, 0x00, 0x00, 0x00, 0x00, 0x00, 0x00,
  0x7C, 0x7C, 0xF8, 0xF8, 0xF8, 0xF8, 0x60, 0xFC, 0xF0, 0xF8, 0x90, 0xF0, 0xC0, 0xF0, 0xF0, 0xF0,
  0x00, 0x38, 0x00, 0x20, 0x00, 0x80, 0x00, 0x9C, 0x00, 0xB8, 0x00, 0xF0, 0x00, 0x70, 0x00, 0x70,
  0x06, 0x07, 0x02, 0x03, 0x01, 0x01, 0x00, 0x00, 0x00, 0x00, 0x00, 0x00, 0x00, 0x00, 0x00, 0x00,
  0x00, 0x03, 0x00, 0x01, 0x00, 0x00, 0x00, 0x00, 0x00, 0x00, 0x00, 0x00, 0x00, 0x00, 0x00, 0x00,
  0xFF, 0x0F, 0xD8, 0x08, 0xA0, 0x00, 0xE0, 0xE0, 0xE0, 0xE0, 0xC1, 0xC1, 0x01, 0x01, 0x03, 0x03,
  0x00, 0x01, 0x20, 0x20, 0x40, 0x40, 0x00, 0x00, 0x00, 0x60, 0x00, 0x40, 0x00, 0x00, 0x00, 0x01,
  0xFE, 0xFF, 0xE3, 0xFF, 0x46, 0x7E, 0x8C, 0xFC, 0x98, 0xF8, 0xF0, 0xF0, 0xF8, 0xF8, 0x88, 0xF8,
  0x00, 0xE3, 0x00, 0x1E, 0x20, 0x4C, 0x00, 0x58, 0x00, 0xF0, 0x00, 0xC0, 0x00, 0x10, 0x00, 0xD0,
  0x00, 0x00, 0x00, 0x00, 0x00, 0x00, 0x00, 0x00, 0x00, 0x00, 0x00, 0x00, 0x00, 0x00, 0x00, 0x00,
  0x00, 0x00, 0x00, 0x00, 0x00, 0x00, 0x00, 0x00, 0x00, 0x00, 0x00, 0x00, 0x00, 0x00, 0x00, 0x00,
  0x00, 0x00, 0x00, 0x00, 0x00, 0x00, 0x00, 0x00, 0x00, 0x00, 0x00, 0x00, 0x00, 0x00, 0x00, 0x00,
  0x00, 0x00, 0x00, 0x00, 0x00, 0x00, 0x00, 0x00, 0x00, 0x00, 0x00, 0x00, 0x00, 0x00, 0x00, 0x00,
  0x00, 0x00, 0x00, 0x00, 0x00, 0x00, 0x00, 0x00, 0x00, 0x00, 0x00, 0x00, 0x00, 0x00, 0x00, 0x00,
  0x00, 0x00, 0x00, 0x00, 0x00, 0x00, 0x00, 0x00, 0x00, 0x00, 0x00, 0x00, 0x00, 0x00, 0x00, 0x00,
  0x00, 0x00, 0x00, 0x00, 0x00, 0x00, 0x00, 0x00, 0x00, 0x00, 0x00, 0x00, 0x00, 0x00, 0x00, 0x00,
  0x00, 0x00, 0x00, 0x00, 0x00, 0x00, 0x00, 0x00, 0x00, 0x00, 0x00, 0x00, 0x00, 0x00, 0x00, 0x00,
  0xE0, 0xE0, 0x58, 0xF8, 0x7C, 0xFC, 0xFE, 0xFE, 0xEF, 0xFF, 0x87, 0xFF, 0x8B, 0xFF, 0x27, 0xFC,
  0xE0, 0xE0, 0xF8, 0x78, 0xFC, 0xFC, 0x02, 0x32, 0x00, 0xFC, 0x00, 0xD6, 0x10, 0xCC, 0x03, 0xA9,
  0x00, 0x00, 0x00, 0x00, 0x00, 0x00, 0x00, 0x00, 0x00, 0x00, 0x00, 0x00, 0x00, 0x00, 0x80, 0x80,
  0x00, 0x00, 0x00, 0x00, 0x00, 0x00, 0x00, 0x00, 0x00, 0x00, 0x00, 0x00, 0x00, 0x00, 0x00, 0x00,
  0x00, 0x00, 0xFF, 0x81, 0xFF, 0x81, 0x83, 0x83, 0xFF, 0x81, 0xFF, 0x81, 0xFF, 0xFF, 0x00, 0x00,
  0x00, 0x00, 0x7E, 0x7E, 0x7E, 0x00, 0x02, 0x7C, 0x7E, 0x00, 0x7E, 0x7E, 0x00, 0x00, 0x00, 0x00,
  0x00, 0x00, 0xE0, 0x60, 0xF0, 0x50, 0xD0, 0xD0, 0xF0, 0x50, 0xF0, 0x50, 0xE0, 0xE0, 0x00, 0x00,
  0x00, 0x00, 0x80, 0x80, 0xA0, 0x20, 0x80, 0x20, 0xA0, 0x00, 0xA0, 0xA0, 0x00, 0x00, 0x00, 0x00,
  0x10, 0xF0, 0x30, 0xF0, 0x60, 0xE0, 0xC0, 0xC0, 0x80, 0x80, 0x00, 0x00, 0x00, 0x00, 0x00, 0x00,
  0x00, 0x30, 0x00, 0x60, 0x00, 0xC0, 0x00, 0x80, 0x00, 0x00, 0x00, 0x00, 0x00, 0x00, 0x00, 0x00,
  0x06, 0x07, 0x0C, 0x0F, 0x0F, 0x0F, 0x13, 0x1F, 0x13, 0x1F, 0x1F, 0x1F, 0x0E, 0x0E, 0x00, 0x00,
  0x00, 0x03, 0x00, 0x02, 0x00, 0x01, 0x00, 0x06, 0x00, 0x1E, 0x00, 0x0E, 0x00, 0x00, 0x00, 0x00,
  0x0B, 0x0F, 0x03, 0x0F, 0x17, 0x1F, 0xFF, 0xFF, 0xBF, 0xFF, 0x9F, 0xFE, 0x9F, 0xFF, 0xBE, 0xFE,
  0x04, 0x05, 0x0C, 0x0C, 0x0E, 0x0E, 0x0E, 0x0E, 0x04, 0x64, 0x00, 0x30, 0x00, 0x38, 0x00, 0x60,
  0x00, 0x03, 0x01, 0x06, 0x06, 0x0F, 0x0B, 0x0B, 0x03, 0x03, 0x05, 0x05, 0x0F, 0x0B, 0x0F, 0x0F,
  0x03, 0x03, 0x06, 0x07, 0x0F, 0x0F, 0x0D, 0x09, 0x0D, 0x01, 0x08, 0x02, 0x04, 0x00, 0x08, 0x09,
  0xC1, 0xFF, 0xF1, 0xFF, 0xDF, 0x5F, 0x87, 0x87, 0x03, 0x03, 0x02, 0x03, 0x02, 0x03, 0x02, 0x03,
  0x00, 0x71, 0x00, 0x1B, 0x00, 0x06, 0x00, 0x00, 0x00, 0x01, 0x00, 0x03, 0x00, 0x02, 0x00, 0x02,
  0xC0, 0xC0, 0xE0, 0xE0, 0xC0, 0xE0, 0xE0, 0xE0, 0x60, 0xE0, 0x20, 0xE0, 0x20, 0xE0, 0x20, 0xE0,
  0x00, 0x40, 0x00, 0x60, 0x00, 0x60, 0x00, 0xE0, 0x00, 0xC0, 0x00, 0x60, 0x80, 0x20, 0x00, 0x20,
  0x01, 0x01, 0x03, 0x03, 0x03, 0x03, 0x06, 0x07, 0x04, 0x07, 0x04, 0x07, 0x0E, 0x0F, 0x0F, 0x0F,
  0x00, 0x00, 0x00, 0x00, 0x00, 0x01, 0x00, 0x03, 0x00, 0x02, 0x00, 0x02, 0x00, 0x03, 0x00, 0x05,
  0xCC, 0x04, 0xF8, 0xE8, 0xF8, 0xF8, 0x18, 0xF8, 0x0C, 0xFC, 0x0E, 0xFE, 0x03, 0xFF, 0x21, 0xFF,
  0x30, 0x30, 0x00, 0x00, 0x00, 0xC0, 0x00, 0x30, 0x80, 0x18, 0x00, 0x1C, 0x00, 0x36, 0x00, 0xE3,
  0x00, 0x00, 0x00, 0x00, 0x00, 0x00, 0x00, 0x00, 0x00, 0x00, 0x00, 0x00, 0x20, 0xE0, 0xE0, 0xE0,
  0x00, 0x00, 0x00, 0x00, 0x00, 0x00, 0x00, 0x00, 0x00, 0x00, 0x00, 0x00, 0x00, 0xC0, 0x00, 0x00,
  0x27, 0x7F, 0x3F, 0x7F, 0x78, 0x78, 0x00, 0x00, 0x00, 0x00, 0x00, 0x00, 0x00, 0x00, 0x00, 0x00,
  0x00, 0x77, 0x00, 0x78, 0x00, 0x00, 0x00, 0x00, 0x00, 0x00, 0x00, 0x00, 0x00, 0x00, 0x00, 0x00,
  0xE2, 0xFE, 0xF0, 0xF8, 0xC0, 0xE0, 0x80, 0xE0, 0x80, 0xC0, 0xC0, 0xC0, 0xC0, 0xC0, 0x00, 0x00,
  0x00, 0x7E, 0x00, 0x78, 0x00, 0x60, 0x00, 0x60, 0x00, 0x40, 0x00, 0x40, 0x00, 0x00, 0x00, 0x00,
  0x00, 0x00, 0x00, 0x00, 0x00, 0x00, 0x03, 0x03, 0xFF, 0xFF, 0xFC, 0xFF, 0xFF, 0xFF, 0xFF, 0xFF,
  0x00, 0x00, 0x00, 0x00, 0x00, 0x00, 0x00, 0x01, 0x00, 0x03, 0x00, 0x6F, 0x00, 0x6F, 0x00, 0x40,
  0x1B, 0xF9, 0xBE, 0xFF, 0xEC, 0xE7, 0xFC, 0xCF, 0xF8, 0x3F, 0x7E, 0x1F, 0xFF, 0xA7, 0xF6, 0xF3,
  0x02, 0xBE, 0x08, 0xF1, 0x08, 0x5A, 0x30, 0x34, 0x00, 0x06, 0x80, 0x83, 0x00, 0x04, 0x08, 0x09,
  0x80, 0x80, 0x40, 0xC0, 0x20, 0xE0, 0x20, 0xE0, 0x30, 0xF0, 0x68, 0xF8, 0xF8, 0xF8, 0x38, 0xF8,
  0x00, 0x80, 0x00, 0xC0, 0x80, 0x60, 0x00, 0x20, 0x00, 0x50, 0x00, 0x90, 0x00, 0x50, 0x80, 0x60,
  0x00, 0x00, 0x00, 0x00, 0x00, 0x00, 0x00, 0x00, 0x00, 0x00, 0x00, 0x00, 0x00, 0x00, 0x00, 0x00,
  0x00, 0x00, 0x00, 0x00, 0x00, 0x00, 0x00, 0x00, 0x00, 0x00, 0x00, 0x00, 0x00, 0x00, 0x00, 0x00,
  0x00, 0x00, 0x00, 0x00, 0x00, 0x00, 0x00, 0x00, 0x00, 0x00, 0x00, 0x00, 0x00, 0x00, 0x00, 0x00,
  0x00, 0x00, 0x00, 0x00, 0x00, 0x00, 0x00, 0x00, 0x00, 0x00, 0x00, 0x00, 0x00, 0x00, 0x00, 0x00,
  0x00, 0x00, 0x00, 0x00, 0x00, 0x00, 0x00, 0x00, 0x00, 0x00, 0x00, 0x00, 0x00, 0x00, 0x00, 0x00,
  0x00, 0x00, 0x00, 0x00, 0x00, 0x00, 0x00, 0x00, 0x00, 0x00, 0x00, 0x00, 0x00, 0x00, 0x00, 0x00,
  0x00, 0x00, 0x00, 0x00, 0x00, 0x00, 0x00, 0x00, 0x00, 0x00, 0x00, 0x00, 0x00, 0x00, 0x00, 0x00,
  0x00, 0x00, 0x00, 0x00, 0x00, 0x00, 0x00, 0x00, 0x00, 0x00, 0x00, 0x00, 0x00, 0x00, 0x00, 0x00,
  0x00, 0x00, 0x00, 0x00, 0x00, 0x00, 0x00, 0x00, 0x00, 0x00, 0x00, 0x00, 0x00, 0x00, 0x00, 0x00,
  0x00, 0x00, 0x00, 0x00, 0x00, 0x00, 0x00, 0x00, 0x00, 0x00, 0x00, 0x00, 0x00, 0x00, 0x00, 0x00,
  0x00, 0x00, 0x00, 0x00, 0x00, 0x00, 0x00, 0x00, 0x00, 0x00, 0x00, 0x00, 0x00, 0x00, 0x00, 0x00,
  0x00, 0x00, 0x00, 0x00, 0x00, 0x00, 0x00, 0x00, 0x00, 0x00, 0x00, 0x00, 0x00, 0x00, 0x00, 0x00,
  0x02, 0x03, 0x01, 0x01, 0x01, 0x01, 0x00, 0x00, 0x00, 0x00, 0x00, 0x00, 0x00, 0x00, 0x00, 0x00,
  0x00, 0x01, 0x00, 0x01, 0x00, 0x00, 0x00, 0x00, 0x00, 0x00, 0x00, 0x00, 0x00, 0x00, 0x00, 0x00,
  0x20, 0xE0, 0x10, 0xF0, 0x10, 0xF0, 0x90, 0xF0, 0xD8, 0xFC, 0x78, 0x7C, 0x72, 0x7E, 0x74, 0x7F,
  0x00, 0x20, 0x00, 0xA0, 0x00, 0xF0, 0x00, 0xF0, 0x00, 0x74, 0x00, 0x70, 0x00, 0x2E, 0x00, 0x0E,
  0x1B, 0x1D, 0x3F, 0x38, 0xFE, 0xF0, 0xFD, 0xF8, 0x3F, 0xFD, 0xFE, 0xFE, 0xFC, 0xFC, 0xF6, 0xFE,
  0x00, 0x0C, 0x00, 0x18, 0x01, 0x01, 0x02, 0xE2, 0x00, 0xF0, 0x00, 0xF0, 0x00, 0xF8, 0x00, 0x1C,
  0xC1, 0xFF, 0xF1, 0xFF, 0xDF, 0x5F, 0x87, 0x87, 0x03, 0x03, 0x02, 0x03, 0x02, 0x03, 0x02, 0x03,
  0x00, 0x71, 0x00, 0x1B, 0x00, 0x06, 0x00, 0x00, 0x00, 0x01, 0x00, 0x03, 0x00, 0x02, 0x00, 0x02,
  0x00, 0x00, 0x00, 0x00, 0x00, 0x00, 0x00, 0x00, 0x00, 0x00, 0x00, 0x00, 0x00, 0x00, 0x00, 0x00,
  0x00, 0x00, 0x00, 0x00, 0x00, 0x00, 0x00, 0x00, 0x00, 0x00, 0x00, 0x00, 0x00, 0x00, 0x00, 0x00,
  0x00, 0x00, 0x00, 0x00, 0x00, 0x00, 0x00, 0x00, 0x00, 0x00, 0x00, 0x00, 0x00, 0x00, 0x00, 0x00,
  0x00, 0x00, 0x00, 0x00, 0x00, 0x00, 0x00, 0x00, 0x00, 0x00, 0x00, 0x00, 0x00, 0x00, 0x00, 0x00,
  0x00, 0x00, 0x00, 0x00, 0x00, 0x00, 0x00, 0x00, 0x00, 0x00, 0x00, 0x00, 0x00, 0x00, 0x00, 0x00,
  0x00, 0x00, 0x00, 0x00, 0x00, 0x00, 0x00, 0x00, 0x00, 0x00, 0x00, 0x00, 0x00, 0x00, 0x00, 0x00,
  0x00, 0x00, 0x00, 0x00, 0x00, 0x00, 0x00, 0x00, 0x00, 0x00, 0x00, 0x00, 0x00, 0x00, 0x00, 0x00,
  0x00, 0x00, 0x00, 0x00, 0x00, 0x00, 0x00, 0x00, 0x00, 0x00, 0x00, 0x00, 0x00, 0x00, 0x00, 0x00,
  0x00, 0x03, 0x01, 0x06, 0x06, 0x0F, 0x0B, 0x0B, 0x03, 0x03, 0x07, 0x07, 0x0F, 0x0B, 0x0F, 0x0F,
  0x03, 0x03, 0x06, 0x07, 0x0F, 0x0F, 0x0D, 0x09, 0x0C, 0x00, 0x08, 0x01, 0x04, 0x01, 0x08, 0x09,
  0xE0, 0xE0, 0x58, 0xF8, 0x7C, 0xFC, 0xFE, 0xFE, 0xDF, 0xFF, 0x87, 0xFF, 0x0B, 0xFF, 0x27, 0xFF,
  0xE0, 0xE0, 0xF8, 0x78, 0xFC, 0xFC, 0x06, 0x06, 0x01, 0xF9, 0x20, 0xCC, 0x00, 0x4E, 0x00, 0x38,
  0x00, 0x00, 0xFF, 0x81, 0xFF, 0x81, 0x83, 0x83, 0xFF, 0x81, 0xFF, 0x81, 0xFF, 0xFF, 0x00, 0x00,
  0x00, 0x00, 0x7E, 0x7E, 0x7E, 0x00, 0x02, 0x7C, 0x7E, 0x00, 0x7E, 0x7E, 0x00, 0x00, 0x00, 0x00,
  0x00, 0x00, 0xE0, 0x60, 0xF0, 0x50, 0xD0, 0xD0, 0xF0, 0x50, 0xF0, 0x50, 0xE0, 0xE0, 0x00, 0x00,
  0x00, 0x00, 0x80, 0x80, 0xA0, 0x20, 0x80, 0x20, 0xA0, 0x00, 0xA0, 0xA0, 0x00, 0x00, 0x00, 0x00,
  0x7B, 0x7F, 0xDF, 0xFF, 0x0C, 0xFF, 0x0D, 0xFF, 0x38, 0xF8, 0xE0, 0xE0, 0x00, 0x00, 0x00, 0x00,
  0x00, 0x2E, 0x00, 0xF1, 0x00, 0x95, 0x40, 0x17, 0x00, 0xE0, 0x00, 0x00, 0x00, 0x00, 0x00, 0x00,
  0x00, 0x00, 0x01, 0x01, 0x0F, 0x0F, 0x1A, 0x1F, 0x11, 0x1F, 0x1B, 0x1F, 0x0E, 0x0E, 0x00, 0x00,
  0x00, 0x00, 0x00, 0x00, 0x00, 0x01, 0x00, 0x09, 0x00, 0x0E, 0x00, 0x0E, 0x00, 0x00, 0x00, 0x00,
  0x00, 0x00, 0x00, 0x00, 0x00, 0x00, 0x00, 0x00, 0x00, 0x00, 0x00, 0x00, 0x00, 0x00, 0x00, 0x00,
  0x00, 0x00, 0x00, 0x00, 0x00, 0x00, 0x00, 0x00, 0x00, 0x00, 0x00, 0x00, 0x00, 0x00, 0x00, 0x00,
  0x00, 0x00, 0x00, 0x00, 0x00, 0x00, 0x00, 0x00, 0x00, 0x00, 0x00, 0x00, 0x00, 0x00, 0x00, 0x00,
  0x00, 0x00, 0x00, 0x00, 0x00, 0x00, 0x00, 0x00, 0x00, 0x00, 0x00, 0x00, 0x00, 0x00, 0x00, 0x00,
  0x00, 0x00, 0x00, 0x00, 0x00, 0x00, 0x04, 0x04, 0x0E, 0x0E, 0x1A, 0x1E, 0x3E, 0x3E, 0x7F, 0x7F,
  0x00, 0x00, 0x00, 0x00, 0x00, 0x00, 0x00, 0x00, 0x00, 0x04, 0x00, 0x0E, 0x00, 0x0C, 0x00, 0x19,
  0x03, 0x03, 0x07, 0x07, 0x0C, 0x0F, 0x08, 0x0F, 0x08, 0x0F, 0x08, 0x0F, 0x1C, 0x1F, 0x1E, 0x1F,
  0x00, 0x00, 0x00, 0x01, 0x00, 0x07, 0x00, 0x0C, 0x01, 0x0C, 0x00, 0x04, 0x00, 0x06, 0x00, 0x03,
  0x11, 0x1F, 0x08, 0x0F, 0x0C, 0x0F, 0x06, 0x07, 0x07, 0x07, 0x03, 0x03, 0x03, 0x03, 0x02, 0x03,
  0x00, 0x09, 0x00, 0x0D, 0x00, 0x07, 0x00, 0x07, 0x00, 0x03, 0x00, 0x03, 0x00, 0x00, 0x00, 0x01,
  0x00, 0x00, 0x00, 0x00, 0x80, 0x80, 0xA0, 0xA0, 0xC0, 0xE0, 0xC0, 0xE0, 0xD0, 0xF0, 0x81, 0xFF,
  0x00, 0x00, 0x00, 0x00, 0x00, 0x00, 0x00, 0x00, 0x00, 0xA0, 0x00, 0x80, 0x00, 0x30, 0x00, 0xE7,
  0x03, 0x03, 0x07, 0x07, 0x0C, 0x0F, 0x08, 0x0F, 0x08, 0x0F, 0x08, 0x0F, 0x1C, 0x1F, 0x1E, 0x1F,
  0x00, 0x00, 0x00, 0x01, 0x00, 0x07, 0x00, 0x0C, 0x01, 0x0C, 0x00, 0x04, 0x00, 0x06, 0x00, 0x03,
  0xD8, 0x08, 0xF0, 0xD0, 0x70, 0xF0, 0x30, 0xF0, 0x30, 0xF0, 0x10, 0xF0, 0x28, 0xF8, 0x44, 0xFC,
  0x20, 0x20, 0x00, 0x00, 0x00, 0xC0, 0x00, 0x60, 0x00, 0x30, 0x00, 0x30, 0x00, 0x78, 0x00, 0xCC,
  0x38, 0x38, 0x00, 0x00, 0x00, 0x00, 0x00, 0x00, 0x00, 0x00, 0x00, 0x00, 0x00, 0x00, 0x00, 0x00,
  0x00, 0x18, 0x00, 0x00, 0x00, 0x00, 0x00, 0x00, 0x00, 0x00, 0x00, 0x00, 0x00, 0x00, 0x00, 0x00,
  0x00, 0x00, 0x00, 0x00, 0x00, 0x00, 0x00, 0x00, 0x00, 0x00, 0x00, 0x00, 0x00, 0x00, 0x00, 0x00,
  0x00, 0x00, 0x00, 0x00, 0x00, 0x00, 0x00, 0x00, 0x00, 0x00, 0x00, 0x00, 0x00, 0x00, 0x00, 0x00,
  0x0B, 0x0F, 0x03, 0x0F, 0x17, 0x1F, 0xFF, 0xFF, 0xBF, 0xFF, 0x9F, 0xFC, 0x9F, 0xFE, 0xBF, 0xFF,
  0x04, 0x05, 0x0C, 0x0D, 0x0E, 0x0E, 0x0E, 0x0E, 0x04, 0x64, 0x00, 0x30, 0x00, 0x38, 0x00, 0x60,
  0x3F, 0xF9, 0xAF, 0xEF, 0xBF, 0xBF, 0xFB, 0xBF, 0xF1, 0xFF, 0xE0, 0xFF, 0xF0, 0x7F, 0xF9, 0xFF,
  0x06, 0xA2, 0x08, 0xF0, 0x20, 0xC4, 0x40, 0x0E, 0x00, 0x37, 0x02, 0x31, 0x00, 0x19, 0x00, 0x1F,
  0x00, 0x00, 0x00, 0x00, 0x00, 0x00, 0x00, 0x00, 0x00, 0x00, 0x00, 0x00, 0x00, 0x00, 0x00, 0x00,
  0x00, 0x00, 0x00, 0x00, 0x00, 0x00, 0x00, 0x00, 0x00, 0x00, 0x00, 0x00, 0x00, 0x00, 0x00, 0x00,
  0x00, 0x00, 0x00, 0x00, 0x00, 0x00, 0x00, 0x00, 0x00, 0x00, 0x00, 0x00, 0x00, 0x00, 0x00, 0x00,
  0x00, 0x00, 0x00, 0x00, 0x00, 0x00, 0x00, 0x00, 0x00, 0x00, 0x00, 0x00, 0x00, 0x00, 0x00, 0x00,
  0x00, 0x00, 0x00, 0x00, 0x00, 0x00, 0x00, 0x00, 0x00, 0x00, 0x00, 0x00, 0x00, 0x00, 0x00, 0x00,
  0x00, 0x00, 0x00, 0x00, 0x00, 0x00, 0x00, 0x00, 0x00, 0x00, 0x00, 0x00, 0x00, 0x00, 0x00, 0x00,
  0x00, 0x00, 0x00, 0x00, 0x00, 0x00, 0x00, 0x00, 0x00, 0x00, 0x00, 0x00, 0x00, 0x00, 0x00, 0x00,
  0x00, 0x00, 0x00, 0x00, 0x00, 0x00, 0x00, 0x00, 0x00, 0x00, 0x00, 0x00, 0x00, 0x00, 0x00, 0x00,
  0x00, 0x00, 0x00, 0x00, 0x00, 0x00, 0x00, 0x00, 0x00, 0x00, 0x00, 0x00, 0x00, 0x00, 0x00, 0x00,
  0x00, 0x00, 0x00, 0x00, 0x00, 0x00, 0x00, 0x00, 0x00, 0x00, 0x00, 0x00, 0x00, 0x00, 0x00, 0x00,
  0x00, 0x00, 0x00, 0x00, 0x00, 0x00, 0x00, 0x00, 0x00, 0x00, 0x00, 0x00, 0x00, 0x00, 0x00, 0x00,
  0x00, 0x00, 0x00, 0x00, 0x00, 0x00, 0x00, 0x00, 0x00, 0x00, 0x00, 0x00, 0x00, 0x00, 0x00, 0x00,
  0xF7, 0xFF, 0xD7, 0xFF, 0x8F, 0xCF, 0xC7, 0xC7, 0xC1, 0xC1, 0x00, 0x00, 0x00, 0x00, 0x00, 0x00,
  0x00, 0x3B, 0x00, 0x7B, 0x00, 0x4D, 0x00, 0x45, 0x00, 0x00, 0x00, 0x00, 0x00, 0x00, 0x00, 0x00,
  0xBF, 0xB7, 0xFF, 0xE3, 0xBD, 0xF0, 0xFA, 0xF0, 0xDC, 0xF8, 0xFC, 0xFC, 0x78, 0x78, 0x78, 0x78,
  0x00, 0x91, 0x00, 0xC0, 0x02, 0xE2, 0x04, 0xE4, 0x00, 0xE0, 0x00, 0xF0, 0x00, 0x70, 0x00, 0x60,
  0x02, 0x03, 0x03, 0x03, 0x03, 0x03, 0x00, 0x00, 0x00, 0x00, 0x00, 0x00, 0x00, 0x00, 0x00, 0x00,
  0x00, 0x01, 0x00, 0x01, 0x00, 0x00, 0x00, 0x00, 0x00, 0x00, 0x00, 0x00, 0x00, 0x00, 0x00, 0x00,
  0x7F, 0xFF, 0xF8, 0xF8, 0xC0, 0xC0, 0x00, 0x00, 0x00, 0x00, 0x00, 0x00, 0x00, 0x00, 0x00, 0x00,
  0x00, 0xF8, 0x00, 0x80, 0x00, 0x00, 0x00, 0x00, 0x00, 0x00, 0x00, 0x00, 0x00, 0x00, 0x00, 0x00,
  0xBF, 0xB7, 0xFF, 0xE3, 0xBD, 0xF0, 0xFA, 0xF0, 0xDC, 0xF8, 0xFC, 0xFC, 0x78, 0x78, 0x78, 0x78,
  0x00, 0x91, 0x00, 0xC0, 0x02, 0xE2, 0x04, 0xE4, 0x00, 0xE0, 0x00, 0xF0, 0x00, 0x70, 0x00, 0x60,
  0x83, 0xFF, 0xC2, 0xFF, 0x66, 0x7F, 0x3F, 0x3F, 0x1F, 0x1F, 0x19, 0x1F, 0x11, 0x1F, 0x11, 0x1F,
  0x00, 0xC6, 0x00, 0x6F, 0x00, 0x3D, 0x00, 0x09, 0x00, 0x06, 0x00, 0x0F, 0x00, 0x1B, 0x04, 0x19,
  0x00, 0x00, 0x00, 0x00, 0x00, 0x00, 0x00, 0x00, 0x00, 0x00, 0x00, 0x00, 0x00, 0x00, 0x00, 0x00,
  0x00, 0x00, 0x00, 0x00, 0x00, 0x00, 0x00, 0x00, 0x00, 0x00, 0x00, 0x00, 0x00, 0x00, 0x00, 0x00,
  0x00, 0x00, 0x00, 0x00, 0x00, 0x00, 0x00, 0x00, 0x00, 0x00, 0x00, 0x00, 0x00, 0x00, 0x00, 0x00,
  0x00, 0x00, 0x00, 0x00, 0x00, 0x00, 0x00, 0x00, 0x00, 0x00, 0x00, 0x00, 0x00, 0x00, 0x00, 0x00,
  0x07, 0x07, 0x15, 0x1E, 0x3F, 0x3F, 0x7F, 0x7F, 0x75, 0x7F, 0x70, 0x7F, 0xE0, 0xFF, 0xE4, 0xFF,
  0x07, 0x07, 0x0E, 0x0D, 0x1F, 0x1F, 0x30, 0x30, 0x40, 0x4F, 0x00, 0x15, 0x80, 0xB4, 0x02, 0x25,
  0xC0, 0xC0, 0xA0, 0x60, 0xF0, 0xF0, 0xD0, 0xD0, 0xC0, 0xC0, 0xE0, 0xE0, 0x70, 0xD0, 0x70, 0xF0,
  0xC0, 0xC0, 0x60, 0xE0, 0xF0, 0xF0, 0x30, 0x10, 0x30, 0x00, 0x50, 0x80, 0x20, 0xC0, 0x10, 0xD0,
  0x6C, 0xEF, 0xC7, 0xC7, 0xC3, 0xC3, 0xC0, 0xC0, 0x00, 0x00, 0x00, 0x00, 0x00, 0x00, 0x00, 0x00,
  0x00, 0xC7, 0x00, 0xC3, 0x00, 0x00, 0x00, 0x00, 0x00, 0x00, 0x00, 0x00, 0x00, 0x00, 0x00, 0x00,
  0x1C, 0x1F, 0x07, 0x07, 0x04, 0x07, 0x03, 0x03, 0x00, 0x00, 0x00, 0x00, 0x00, 0x00, 0x00, 0x00,
  0x00, 0x0F, 0x00, 0x04, 0x00, 0x03, 0x00, 0x03, 0x00, 0x00, 0x00, 0x00, 0x00, 0x00, 0x00, 0x00,
  0x00, 0x00, 0xE0, 0x60, 0xF0, 0x50, 0xD0, 0xD0, 0xF0, 0x50, 0xF0, 0x50, 0xE0, 0xE0, 0x00, 0x00,
  0x00, 0x00, 0x80, 0x80, 0xA0, 0x20, 0x80, 0x20, 0xA0, 0x00, 0xA0, 0xA0, 0x00, 0x00, 0x00, 0x00,
  0x00, 0x00, 0xFF, 0x81, 0xFF, 0x81, 0x83, 0x83, 0xFF, 0x81, 0xFF, 0x81, 0xFF, 0xFF, 0x00, 0x00,
  0x00, 0x00, 0x7E, 0x7E, 0x7E, 0x00, 0x02, 0x7C, 0x7E, 0x00, 0x7E, 0x7E, 0x00, 0x00, 0x00, 0x00,
  0x00, 0x00, 0x00, 0x00, 0x00, 0x00, 0x00, 0x00, 0x00, 0x00, 0x00, 0x00, 0x00, 0x00, 0x00, 0x00,
  0x00, 0x00, 0x00, 0x00, 0x00, 0x00, 0x00, 0x00, 0x00, 0x00, 0x00, 0x00, 0x00, 0x00, 0x00, 0x00,
  0x00, 0x00, 0x00, 0x00, 0x00, 0x00, 0x00, 0x00, 0x00, 0x00, 0x00, 0x00, 0x00, 0x00, 0x00, 0x00,
  0x00, 0x00, 0x00, 0x00, 0x00, 0x00, 0x00, 0x00, 0x00, 0x00, 0x00, 0x00, 0x00, 0x00, 0x00, 0x00,
  0xFF, 0xFF, 0x3E, 0xFE, 0x90, 0xFF, 0x60, 0x7F, 0x78, 0x7F, 0x3F, 0x3F, 0x1F, 0x1F, 0x0F, 0x0F,
  0x00, 0xDC, 0x00, 0xA2, 0x00, 0x79, 0x02, 0x70, 0x00, 0x1E, 0x00, 0x07, 0x00, 0x08, 0x00, 0x04,
  0x00, 0x00, 0x00, 0x00, 0x80, 0x80, 0x60, 0xE0, 0x38, 0xF8, 0xDF, 0xFF, 0xFF, 0xFF, 0xFB, 0xFF,
  0x00, 0x00, 0x00, 0x00, 0x00, 0x80, 0x00, 0xC0, 0x00, 0x60, 0x00, 0xF2, 0x00, 0xF6, 0x00, 0x0E,
  0x07, 0x07, 0x1F, 0x1F, 0x3E, 0x3F, 0xFA, 0xFF, 0xF0, 0xFF, 0xE1, 0xFF, 0xC0, 0xFF, 0xE3, 0xFF,
  0x00, 0x01, 0x00, 0x0B, 0x00, 0x17, 0x00, 0x6E, 0x00, 0xDB, 0x00, 0xB1, 0x00, 0x61, 0x00, 0x37,
  0xF8, 0xF8, 0x18, 0xF8, 0x08, 0xF8, 0x08, 0xF8, 0x08, 0xF8, 0x10, 0xF0, 0xE0, 0xE0, 0x80, 0x80,
  0x00, 0xE0, 0x00, 0xF0, 0x00, 0x18, 0x40, 0x18, 0x00, 0x10, 0x00, 0xB0, 0x00, 0x80, 0x00, 0x00,
  0x00, 0x00, 0x00, 0x00, 0x01, 0x01, 0x03, 0x03, 0x03, 0x03, 0x03, 0x03, 0x03, 0x03, 0x01, 0x01,
  0x00, 0x00, 0x00, 0x00, 0x00, 0x00, 0x00, 0x00, 0x00, 0x00, 0x00, 0x02, 0x00, 0x00, 0x00, 0x00,
  0x00, 0x00, 0x00, 0x00, 0x00, 0x00, 0x00, 0x00, 0x00, 0x00, 0x00, 0x00, 0x00, 0x00, 0x00, 0x00,
  0x00, 0x00, 0x00, 0x00, 0x00, 0x00, 0x00, 0x00, 0x00, 0x00, 0x00, 0x00, 0x00, 0x00, 0x00, 0x00,
  0x00, 0x00, 0x00, 0x00, 0x00, 0x00, 0x00, 0x00, 0x00, 0x00, 0x00, 0x00, 0x00, 0x00, 0x00, 0x00,
  0x00, 0x00, 0x00, 0x00, 0x00, 0x00, 0x00, 0x00, 0x00, 0x00, 0x00, 0x00, 0x00, 0x00, 0x00, 0x00,
  0x00, 0x00, 0x00, 0x00, 0x00, 0x00, 0x00, 0x00, 0x00, 0x00, 0x00, 0x00, 0x00, 0x00, 0x00, 0x00,
  0x00, 0x00, 0x00, 0x00, 0x00, 0x00, 0x00, 0x00, 0x00, 0x00, 0x00, 0x00, 0x00, 0x00, 0x00, 0x00,
  0xE5, 0xFF, 0xF5, 0xFF, 0xFF, 0xFE, 0xF5, 0xE4, 0xFF, 0x67, 0x7C, 0x1F, 0x38, 0x1F, 0x38, 0x3F,
  0x80, 0xB5, 0x80, 0xBF, 0x81, 0x87, 0xD5, 0xCA, 0xD8, 0x58, 0x40, 0xC7, 0x02, 0x0C, 0x00, 0x0C,
  0x70, 0xF0, 0xF0, 0xF0, 0xE0, 0x30, 0xF8, 0xF8, 0xF8, 0xF8, 0xFE, 0xFE, 0x7D, 0xFF, 0x68, 0xEF,
  0x20, 0xE0, 0x30, 0xB0, 0xF0, 0x70, 0x30, 0x38, 0x20, 0xA0, 0x00, 0xCE, 0x00, 0xC7, 0x01, 0xC4,
  0x00, 0x00, 0x00, 0x00, 0x00, 0x00, 0x00, 0x00, 0x00, 0x00, 0x00, 0x00, 0x00, 0x00, 0x00, 0x00,
  0x00, 0x00, 0x00, 0x00, 0x00, 0x00, 0x00, 0x00, 0x00, 0x00, 0x00, 0x00, 0x00, 0x00, 0x00, 0x00,
  0x00, 0x00, 0x00, 0x00, 0x00, 0x00, 0x00, 0x00, 0x00, 0x00, 0x00, 0x00, 0x00, 0x00, 0x00, 0x00,
  0x00, 0x00, 0x00, 0x00, 0x00, 0x00, 0x00, 0x00, 0x00, 0x00, 0x00, 0x00, 0x00, 0x00, 0x00, 0x00,
  0x00, 0x00, 0x00, 0x00, 0x00, 0x00, 0x00, 0x00, 0x00, 0x00, 0x00, 0x00, 0x00, 0x00, 0x00, 0x00,
  0x00, 0x00, 0x00, 0x00, 0x00, 0x00, 0x00, 0x00, 0x00, 0x00, 0x00, 0x00, 0x00, 0x00, 0x00, 0x00,
  0x00, 0x00, 0x00, 0x00, 0x00, 0x00, 0x00, 0x00, 0x00, 0x00, 0x00, 0x00, 0x00, 0x00, 0x00, 0x00,
  0x00, 0x00, 0x00, 0x00, 0x00, 0x00, 0x00, 0x00, 0x00, 0x00, 0x00, 0x00, 0x00, 0x00, 0x00, 0x00,
  0x00, 0x00, 0x00, 0x00, 0x00, 0x00, 0x00, 0x00, 0x00, 0x00, 0x00, 0x00, 0x00, 0x00, 0x00, 0x00,
  0x00, 0x00, 0x00, 0x00, 0x00, 0x00, 0x00, 0x00, 0x00, 0x00, 0x00, 0x00, 0x00, 0x00, 0x00, 0x00,
  0x00, 0x00, 0x00, 0x00, 0x00, 0x00, 0x00, 0x00, 0x00, 0x00, 0x00, 0x00, 0x00, 0x00, 0x00, 0x00,
  0x00, 0x00, 0x00, 0x00, 0x00, 0x00, 0x00, 0x00, 0x00, 0x00, 0x00, 0x00, 0x00, 0x00, 0x00, 0x00,
  0x0F, 0x1F, 0x03, 0x07, 0x03, 0x07, 0x07, 0x0F, 0x0E, 0x0E, 0x1C, 0x1C, 0x18, 0x18, 0x00, 0x00,
  0x00, 0x1D, 0x00, 0x07, 0x00, 0x07, 0x00, 0x0E, 0x00, 0x0C, 0x00, 0x18, 0x00, 0x00, 0x00, 0x00,
  0xC3, 0xFF, 0xFE, 0xFE, 0xE6, 0xFE, 0x12, 0x1E, 0x04, 0x1C, 0x0C, 0x1C, 0x38, 0x38, 0x38, 0x38,
  0x00, 0x6E, 0x00, 0x04, 0x00, 0x2C, 0x00, 0x14, 0x00, 0x1C, 0x00, 0x18, 0x00, 0x30, 0x00, 0x00,
  0xFF, 0xFF, 0x3E, 0xFE, 0x90, 0xFF, 0x60, 0x7F, 0x78, 0x7F, 0x3F, 0x3F, 0x1F, 0x1F, 0x0F, 0x0F,
  0x00, 0xDC, 0x00, 0xA2, 0x00, 0x79, 0x02, 0x70, 0x00, 0x1E, 0x00, 0x07, 0x00, 0x08, 0x00, 0x04,
  0x00, 0x00, 0x00, 0x00, 0x80, 0x80, 0x60, 0xE0, 0x38, 0xF8, 0xDF, 0xFF, 0xFF, 0xFF, 0xFB, 0xFF,
  0x00, 0x00, 0x00, 0x00, 0x00, 0x80, 0x00, 0xC0, 0x00, 0x60, 0x00, 0xF2, 0x00, 0xF6, 0x00, 0x0E,
  0x00, 0x00, 0x00, 0x00, 0x00, 0x00, 0x00, 0x00, 0x00, 0x00, 0x00, 0x00, 0x00, 0x00, 0x00, 0x00,
  0x00, 0x00, 0x00, 0x00, 0x00, 0x00, 0x00, 0x00, 0x00, 0x00, 0x00, 0x00, 0x00, 0x00, 0x00, 0x00,
  0x00, 0x00, 0x00, 0x00, 0x00, 0x00, 0x00, 0x00, 0x00, 0x00, 0x00, 0x00, 0x00, 0x00, 0x00, 0x00,
  0x00, 0x00, 0x00, 0x00, 0x00, 0x00, 0x00, 0x00, 0x00, 0x00, 0x00, 0x00, 0x00, 0x00, 0x00, 0x00,
  0x00, 0x00, 0x00, 0x00, 0x00, 0x00, 0x00, 0x00, 0x00, 0x00, 0x00, 0x00, 0x00, 0x00, 0x00, 0x00,
  0x00, 0x00, 0x00, 0x00, 0x00, 0x00, 0x00, 0x00, 0x00, 0x00, 0x00, 0x00, 0x00, 0x00, 0x00, 0x00,
  0x00, 0x00, 0x00, 0x00, 0x00, 0x00, 0x00, 0x00, 0x00, 0x00, 0x00, 0x00, 0x00, 0x00, 0x00, 0x00,
  0x00, 0x00, 0x00, 0x00, 0x00, 0x00, 0x00, 0x00, 0x00, 0x00, 0x00, 0x00, 0x00, 0x00, 0x00, 0x00,
  0x07, 0x07, 0x15, 0x1E, 0x3F, 0x3F, 0x7F, 0x7F, 0x75, 0x7F, 0x70, 0x7F, 0xE0, 0xFF, 0xE4, 0xFF,
  0x07, 0x07, 0x0E, 0x0D, 0x1F, 0x1F, 0x30, 0x30, 0x40, 0x4F, 0x00, 0x15, 0x80, 0xB4, 0x02, 0x25,
  0xC0, 0xC0, 0xA0, 0x60, 0xF0, 0xF0, 0xD0, 0xD0, 0xC0, 0xC0, 0xE0, 0xE0, 0x70, 0xD0, 0x70, 0xF0,
  0xC0, 0xC0, 0x60, 0xE0, 0xF0, 0xF0, 0x30, 0x10, 0x30, 0x00, 0x50, 0x80, 0x20, 0xC0, 0x10, 0xD0,
  0x6C, 0xEF, 0xC7, 0xC7, 0xC3, 0xC3, 0xC0, 0xC0, 0x00, 0x00, 0x00, 0x00, 0x00, 0x00, 0x00, 0x00,
  0x00, 0xC7, 0x00, 0xC3, 0x00, 0x00, 0x00, 0x00, 0x00, 0x00, 0x00, 0x00, 0x00, 0x00, 0x00, 0x00,
  0x1C, 0x1F, 0x07, 0x07, 0x04, 0x07, 0x03, 0x03, 0x00, 0x00, 0x00, 0x00, 0x00, 0x00, 0x00, 0x00,
  0x00, 0x0F, 0x00, 0x04, 0x00, 0x03, 0x00, 0x03, 0x00, 0x00, 0x00, 0x00, 0x00, 0x00, 0x00, 0x00,
  0x00, 0x00, 0xE0, 0x60, 0xF0, 0x50, 0xD0, 0xD0, 0xF0, 0x50, 0xF0, 0x50, 0xE0, 0xE0, 0x00, 0x00,
  0x00, 0x00, 0x80, 0x80, 0xA0, 0x20, 0x80, 0x20, 0xA0, 0x00, 0xA0, 0xA0, 0x00, 0x00, 0x00, 0x00,
  0x00, 0x00, 0xFF, 0x81, 0xFF, 0x81, 0x83, 0x83, 0xFF, 0x81, 0xFF, 0x81, 0xFF, 0xFF, 0x00, 0x00,
  0x00, 0x00, 0x7E, 0x7E, 0x7E, 0x00, 0x02, 0x7C, 0x7E, 0x00, 0x7E, 0x7E, 0x00, 0x00, 0x00, 0x00,
  0x00, 0x00, 0x00, 0x00, 0x00, 0x00, 0x00, 0x00, 0x00, 0x00, 0x00, 0x00, 0x00, 0x00, 0x00, 0x00,
  0x00, 0x00, 0x00, 0x00, 0x00, 0x00, 0x00, 0x00, 0x00, 0x00, 0x00, 0x00, 0x00, 0x00, 0x00, 0x00,
  0x00, 0x00, 0x00, 0x00, 0x00, 0x00, 0x00, 0x00, 0x00, 0x00, 0x00, 0x00, 0x00, 0x00, 0x00, 0x00,
  0x00, 0x00, 0x00, 0x00, 0x00, 0x00, 0x00, 0x00, 0x00, 0x00, 0x00, 0x00, 0x00, 0x00, 0x00, 0x00,
  0x07, 0x07, 0x02, 0x03, 0x01, 0x01, 0x01, 0x01, 0x03, 0x07, 0x01, 0x03, 0x03, 0x03, 0x00, 0x01,
  0x00, 0x03, 0x00, 0x00, 0x00, 0x00, 0x00, 0x00, 0x00, 0x07, 0x00, 0x03, 0x00, 0x00, 0x00, 0x01,
  0xE6, 0xFE, 0x7F, 0xFF, 0x41, 0xFF, 0xC0, 0xFF, 0xFF, 0xFF, 0xFF, 0xFF, 0xF9, 0xF9, 0xF8, 0xF9,
  0x00, 0xBC, 0x00, 0xCC, 0x08, 0xE3, 0x00, 0x71, 0x00, 0x3F, 0x00, 0x80, 0x00, 0x31, 0x00, 0xB1,
  0x00, 0x00, 0x04, 0x07, 0x1F, 0x1F, 0x0F, 0x1F, 0x0F, 0x1C, 0x1F, 0x1E, 0x1F, 0x1F, 0x0D, 0x0F,
  0x00, 0x00, 0x00, 0x07, 0x00, 0x07, 0x00, 0x10, 0x00, 0x10, 0x00, 0x14, 0x00, 0x06, 0x00, 0x06,
  0x7F, 0x77, 0x7C, 0xFF, 0xF8, 0xFF, 0xF8, 0xFF, 0xF4, 0x3F, 0xE1, 0x7F, 0xC1, 0xFF, 0xC3, 0xFF,
  0x00, 0x63, 0x00, 0xE6, 0x00, 0xCC, 0x00, 0x0C, 0x00, 0x1E, 0x00, 0x33, 0x00, 0x63, 0x00, 0x66,
  0x08, 0x38, 0x28, 0x38, 0x08, 0x18, 0x18, 0x18, 0x00, 0x00, 0x00, 0x00, 0x00, 0x00, 0x00, 0x00,
  0x00, 0x20, 0x00, 0x30, 0x00, 0x10, 0x00, 0x10, 0x00, 0x00, 0x00, 0x00, 0x00, 0x00, 0x00, 0x00,
  0x00, 0x00, 0x00, 0x00, 0xCC, 0xFC, 0xCC, 0xFC, 0xEC, 0xFC, 0xB8, 0xF8, 0x68, 0xF8, 0xC8, 0xF8,
  0x00, 0x00, 0x00, 0x00, 0x00, 0xB8, 0x00, 0x98, 0x00, 0x78, 0x00, 0xB0, 0x00, 0x30, 0x00, 0x80,
  0xC0, 0xC0, 0x20, 0xE0, 0x20, 0xE0, 0x20, 0xE0, 0x20, 0xE0, 0x60, 0xE0, 0xC0, 0xC0, 0x80, 0x80,
  0x00, 0x80, 0x00, 0x40, 0x80, 0x20, 0x00, 0x20, 0x00, 0x60, 0x00, 0xC0, 0x00, 0x80, 0x00, 0x00,
  0x00, 0x00, 0x00, 0x00, 0x00, 0x00, 0x00, 0x00, 0x00, 0x00, 0x00, 0x00, 0x00, 0x00, 0x00, 0x00,
  0x00, 0x00, 0x00, 0x00, 0x00, 0x00, 0x00, 0x00, 0x00, 0x00, 0x00, 0x00, 0x00, 0x00, 0x00, 0x00,
  0xE5, 0xFF, 0xF5, 0xFF, 0xFF, 0xFE, 0xF5, 0xE4, 0xFF, 0x67, 0x7C, 0x1F, 0x38, 0x1F, 0x38, 0x3F,
  0x80, 0xB5, 0x80, 0xBF, 0x81, 0x87, 0xD5, 0xCA, 0xD8, 0x58, 0x40, 0xC7, 0x02, 0x0C, 0x00, 0x0C,
  0x70, 0xF0, 0xF0, 0xF0, 0xE0, 0x30, 0xF8, 0xF8, 0xF8, 0xF8, 0xFE, 0xFE, 0x7D, 0xFF, 0x68, 0xEF,
  0x20, 0xE0, 0x30, 0xB0, 0xF0, 0x70, 0x30, 0x38, 0x20, 0xA0, 0x00, 0xCE, 0x00, 0xC7, 0x01, 0xC4,
  0x00, 0x00, 0x00, 0x00, 0x00, 0x00, 0x00, 0x00, 0x00, 0x00, 0x00, 0x00, 0x00, 0x00, 0x00, 0x00,
  0x00, 0x00, 0x00, 0x00, 0x00, 0x00, 0x00, 0x00, 0x00, 0x00, 0x00, 0x00, 0x00, 0x00, 0x00, 0x00,
  0x00, 0x00, 0x00, 0x00, 0x00, 0x00, 0x00, 0x00, 0x00, 0x00, 0x00, 0x00, 0x00, 0x00, 0x00, 0x00,
  0x00, 0x00, 0x00, 0x00, 0x00, 0x00, 0x00, 0x00, 0x00, 0x00, 0x00, 0x00, 0x00, 0x00, 0x00, 0x00,
  0x00, 0x00, 0x00, 0x00, 0x00, 0x00, 0x00, 0x00, 0x00, 0x00, 0x00, 0x00, 0x00, 0x00, 0x00, 0x00,
  0x00, 0x00, 0x00, 0x00, 0x00, 0x00, 0x00, 0x00, 0x00, 0x00, 0x00, 0x00, 0x00, 0x00, 0x00, 0x00,
  0x00, 0x00, 0x00, 0x00, 0x00, 0x00, 0x00, 0x00, 0x00, 0x00, 0x00, 0x00, 0x00, 0x00, 0x00, 0x00,
  0x00, 0x00, 0x00, 0x00, 0x00, 0x00, 0x00, 0x00, 0x00, 0x00, 0x00, 0x00, 0x00, 0x00, 0x00, 0x00,
  0x00, 0x00, 0x00, 0x00, 0x00, 0x00, 0x00, 0x00, 0x00, 0x00, 0x00, 0x00, 0x00, 0x00, 0x00, 0x00,
  0x00, 0x00, 0x00, 0x00, 0x00, 0x00, 0x00, 0x00, 0x00, 0x00, 0x00, 0x00, 0x00, 0x00, 0x00, 0x00,
  0x00, 0x00, 0x00, 0x00, 0x00, 0x00, 0x00, 0x00, 0x00, 0x00, 0x00, 0x00, 0x00, 0x00, 0x00, 0x00,
  0x00, 0x00, 0x00, 0x00, 0x00, 0x00, 0x00, 0x00, 0x00, 0x00, 0x00, 0x00, 0x00, 0x00, 0x00, 0x00,
  0x03, 0x03, 0x01, 0x03, 0x0B, 0x0F, 0x0C, 0x0C, 0x00, 0x00, 0x00, 0x00, 0x00, 0x00, 0x00, 0x00,
  0x00, 0x01, 0x00, 0x03, 0x00, 0x0C, 0x00, 0x00, 0x00, 0x00, 0x00, 0x00, 0x00, 0x00, 0x00, 0x00,
  0xF0, 0xF0, 0xC0, 0xC0, 0x00, 0x00, 0x00, 0x00, 0x00, 0x00, 0x00, 0x00, 0x00, 0x00, 0x00, 0x00,
  0x00, 0x80, 0x00, 0x00, 0x00, 0x00, 0x00, 0x00, 0x00, 0x00, 0x00, 0x00, 0x00, 0x00, 0x00, 0x00,
  0x07, 0x07, 0x02, 0x03, 0x01, 0x01, 0x01, 0x01, 0x03, 0x07, 0x01, 0x03, 0x03, 0x03, 0x00, 0x01,
  0x00, 0x03, 0x00, 0x00, 0x00, 0x00, 0x00, 0x00, 0x00, 0x07, 0x00, 0x03, 0x00, 0x00, 0x00, 0x01,
  0xE6, 0xFE, 0x7F, 0xFF, 0x41, 0xFF, 0xC0, 0xFF, 0xFF, 0xFF, 0xFF, 0xFF, 0xF9, 0xF9, 0xF8, 0xF9,
  0x00, 0xBC, 0x00, 0xCC, 0x08, 0xE3, 0x00, 0x71, 0x00, 0x3F, 0x00, 0x80, 0x00, 0x31, 0x00, 0xB1,
  0x00, 0x00, 0x00, 0x00, 0x00, 0x00, 0x00, 0x00, 0x00, 0x00, 0x00, 0x00, 0x00, 0x00, 0x00, 0x00,
  0x00, 0x00, 0x00, 0x00, 0x00, 0x00, 0x00, 0x00, 0x00, 0x00, 0x00, 0x00, 0x00, 0x00, 0x00, 0x00,
  0x00, 0x00, 0x00, 0x00, 0x00, 0x00, 0x00, 0x00, 0x00, 0x00, 0x00, 0x00, 0x00, 0x00, 0x00, 0x00,
  0x00, 0x00, 0x00, 0x00, 0x00, 0x00, 0x00, 0x00, 0x00, 0x00, 0x00, 0x00, 0x00, 0x00, 0x00, 0x00,
  0x00, 0x00, 0x00, 0x00, 0x00, 0x00, 0x00, 0x00, 0x00, 0x00, 0x00, 0x00, 0x00, 0x00, 0x00, 0x00,
  0x00, 0x00, 0x00, 0x00, 0x00, 0x00, 0x00, 0x00, 0x00, 0x00, 0x00, 0x00, 0x00, 0x00, 0x00, 0x00,
  0x00, 0x00, 0x00, 0x00, 0x00, 0x00, 0x00, 0x00, 0x00, 0x00, 0x00, 0x00, 0x00, 0x00, 0x00, 0x00,
  0x00, 0x00, 0x00, 0x00, 0x00, 0x00, 0x00, 0x00, 0x00, 0x00, 0x00, 0x00, 0x00, 0x00, 0x00, 0x00,
  0x02, 0x03, 0x05, 0x06, 0x0F, 0x0F, 0x0B, 0x0B, 0x03, 0x03, 0x07, 0x07, 0x0E, 0x0B, 0x0E, 0x0F,
  0x03, 0x03, 0x06, 0x07, 0x0F, 0x0F, 0x0C, 0x08, 0x0C, 0x01, 0x08, 0x03, 0x04, 0x03, 0x08, 0x0B,
  0xE0, 0xE0, 0xA8, 0x78, 0xFC, 0xFC, 0xFE, 0xFE, 0xAE, 0xFE, 0x0F, 0xFF, 0x07, 0xFF, 0x27, 0xFF,
  0xE0, 0xE0, 0x70, 0xB0, 0xF8, 0xF8, 0x0C, 0x0C, 0x02, 0xF2, 0x00, 0xA8, 0x01, 0x2D, 0x40, 0xAC,
  0x38, 0xF0, 0x60, 0xE0, 0xC0, 0xC0, 0x80, 0x80, 0x00, 0x00, 0x00, 0x00, 0x00, 0x00, 0x00, 0x00,
  0x00, 0x60, 0x00, 0xC0, 0x00, 0x80, 0x00, 0x00, 0x00, 0x00, 0x00, 0x00, 0x00, 0x00, 0x00, 0x00,
  0xC6, 0xFF, 0xC7, 0xFF, 0xE7, 0xFF, 0x7D, 0x7F, 0x0F, 0x0F, 0x00, 0x00, 0x00, 0x00, 0x00, 0x00,
  0x10, 0x8D, 0x00, 0x69, 0x00, 0x3A, 0x00, 0x1B, 0x00, 0x03, 0x00, 0x00, 0x00, 0x00, 0x00, 0x00,
  0x00, 0x00, 0xE0, 0x60, 0xF0, 0x50, 0xD0, 0xD0, 0xF0, 0x50, 0xF0, 0x50, 0xE0, 0xE0, 0x00, 0x00,
  0x00, 0x00, 0x80, 0x80, 0xA0, 0x20, 0x80, 0x20, 0xA0, 0x00, 0xA0, 0xA0, 0x00, 0x00, 0x00, 0x00,
  0x00, 0x00, 0xFF, 0x81, 0xFF, 0x81, 0x83, 0x83, 0xFF, 0x81, 0xFF, 0x81, 0xFF, 0xFF, 0x00, 0x00,
  0x00, 0x00, 0x7E, 0x7E, 0x7E, 0x00, 0x02, 0x7C, 0x7E, 0x00, 0x7E, 0x7E, 0x00, 0x00, 0x00, 0x00,
  0x00, 0x00, 0x00, 0x00, 0x00, 0x00, 0x00, 0x00, 0x00, 0x00, 0x00, 0x00, 0x00, 0x00, 0x00, 0x00,
  0x00, 0x00, 0x00, 0x00, 0x00, 0x00, 0x00, 0x00, 0x00, 0x00, 0x00, 0x00, 0x00, 0x00, 0x00, 0x00,
  0x00, 0x00, 0x00, 0x00, 0x00, 0x00, 0x00, 0x00, 0x00, 0x00, 0x00, 0x00, 0x00, 0x00, 0x00, 0x00,
  0x00, 0x00, 0x00, 0x00, 0x00, 0x00, 0x00, 0x00, 0x00, 0x00, 0x00, 0x00, 0x00, 0x00, 0x00, 0x00,
  0xFF, 0xFF, 0x3E, 0xFE, 0x90, 0xFF, 0x60, 0x7F, 0x78, 0x7F, 0x3F, 0x3F, 0x1F, 0x1F, 0x0F, 0x0F,
  0x00, 0xDC, 0x00, 0xA2, 0x00, 0x79, 0x02, 0x70, 0x00, 0x1E, 0x00, 0x07, 0x00, 0x08, 0x00, 0x04,
  0x00, 0x00, 0x00, 0x00, 0x80, 0x80, 0x60, 0xE0, 0x38, 0xF8, 0xDF, 0xFF, 0xFF, 0xFF, 0xFB, 0xFF,
  0x00, 0x00, 0x00, 0x00, 0x00, 0x80, 0x00, 0xC0, 0x00, 0x60, 0x00, 0xF2, 0x00, 0xF6, 0x00, 0x0E,
  0x07, 0x07, 0x1F, 0x1F, 0x3E, 0x3F, 0xFA, 0xFF, 0xF0, 0xFF, 0xE1, 0xFF, 0xC0, 0xFF, 0xE3, 0xFF,
  0x00, 0x01, 0x00, 0x0B, 0x00, 0x17, 0x00, 0x6E, 0x00, 0xDB, 0x00, 0xB1, 0x00, 0x61, 0x00, 0x37,
  0xF8, 0xF8, 0x18, 0xF8, 0x08, 0xF8, 0x08, 0xF8, 0x08, 0xF8, 0x10, 0xF0, 0xE0, 0xE0, 0x80, 0x80,
  0x00, 0xE0, 0x00, 0xF0, 0x00, 0x18, 0x40, 0x18, 0x00, 0x10, 0x00, 0xB0, 0x00, 0x80, 0x00, 0x00,
  0x00, 0x00, 0x00, 0x00, 0x01, 0x01, 0x03, 0x03, 0x03, 0x03, 0x03, 0x03, 0x03, 0x03, 0x01, 0x01,
  0x00, 0x00, 0x00, 0x00, 0x00, 0x00, 0x00, 0x00, 0x00, 0x00, 0x00, 0x02, 0x00, 0x00, 0x00, 0x00,
  0x00, 0x00, 0x00, 0x00, 0x00, 0x00, 0x00, 0x00, 0x00, 0x00, 0x00, 0x00, 0x00, 0x00, 0x00, 0x00,
  0x00, 0x00, 0x00, 0x00, 0x00, 0x00, 0x00, 0x00, 0x00, 0x00, 0x00, 0x00, 0x00, 0x00, 0x00, 0x00,
  0x00, 0x00, 0x00, 0x00, 0x00, 0x00, 0x00, 0x00, 0x00, 0x00, 0x00, 0x00, 0x00, 0x00, 0x00, 0x00,
  0x00, 0x00, 0x00, 0x00, 0x00, 0x00, 0x00, 0x00, 0x00, 0x00, 0x00, 0x00, 0x00, 0x00, 0x00, 0x00,
  0x00, 0x00, 0x00, 0x00, 0x00, 0x00, 0x00, 0x00, 0x00, 0x00, 0x00, 0x00, 0x00, 0x00, 0x00, 0x00,
  0x00, 0x00, 0x00, 0x00, 0x00, 0x00, 0x00, 0x00, 0x00, 0x00, 0x00, 0x00, 0x00, 0x00, 0x00, 0x00,
  0x0E, 0x0F, 0x0F, 0x0F, 0x07, 0x0E, 0x07, 0x0F, 0x0F, 0x0F, 0x7E, 0x7F, 0x9C, 0xFF, 0x2C, 0xFF,
  0x00, 0x03, 0x0C, 0x0D, 0x0D, 0x0C, 0x0C, 0x0C, 0x04, 0x05, 0x00, 0x63, 0x00, 0xA2, 0x00, 0xDA,
  0xAF, 0xFF, 0xAF, 0xFF, 0xFF, 0x7F, 0xAF, 0x23, 0xFF, 0xFC, 0x1E, 0xFA, 0x1C, 0xF8, 0x1C, 0xFC,
  0x01, 0xAD, 0x01, 0xFD, 0x81, 0xF1, 0xAD, 0x55, 0x03, 0x03, 0x00, 0xF1, 0x40, 0x30, 0x00, 0x20,
  0x00, 0x00, 0x00, 0x00, 0x00, 0x00, 0x00, 0x00, 0x00, 0x00, 0x00, 0x00, 0x00, 0x00, 0x00, 0x00,
  0x00, 0x00, 0x00, 0x00, 0x00, 0x00, 0x00, 0x00, 0x00, 0x00, 0x00, 0x00, 0x00, 0x00, 0x00, 0x00,
  0x00, 0x00, 0x00, 0x00, 0x00, 0x00, 0x00, 0x00, 0x00, 0x00, 0x00, 0x00, 0x00, 0x00, 0x00, 0x00,
  0x00, 0x00, 0x00, 0x00, 0x00, 0x00, 0x00, 0x00, 0x00, 0x00, 0x00, 0x00, 0x00, 0x00, 0x00, 0x00,
  0x00, 0x00, 0x00, 0x00, 0x00, 0x00, 0x00, 0x00, 0x00, 0x00, 0x00, 0x00, 0x00, 0x00, 0x00, 0x00,
  0x00, 0x00, 0x00, 0x00, 0x00, 0x00, 0x00, 0x00, 0x00, 0x00, 0x00, 0x00, 0x00, 0x00, 0x00, 0x00,
  0x00, 0x00, 0x00, 0x00, 0x00, 0x00, 0x00, 0x00, 0x00, 0x00, 0x00, 0x00, 0x00, 0x00, 0x00, 0x00,
  0x00, 0x00, 0x00, 0x00, 0x00, 0x00, 0x00, 0x00, 0x00, 0x00, 0x00, 0x00, 0x00, 0x00, 0x00, 0x00,
  0x00, 0x00, 0x00, 0x00, 0x00, 0x00, 0x00, 0x00, 0x00, 0x00, 0x00, 0x00, 0x00, 0x00, 0x00, 0x00,
  0x00, 0x00, 0x00, 0x00, 0x00, 0x00, 0x00, 0x00, 0x00, 0x00, 0x00, 0x00, 0x00, 0x00, 0x00, 0x00,
  0x00, 0x00, 0x00, 0x00, 0x00, 0x00, 0x00, 0x00, 0x00, 0x00, 0x00, 0x00, 0x00, 0x00, 0x00, 0x00,
  0x00, 0x00, 0x00, 0x00, 0x00, 0x00, 0x00, 0x00, 0x00, 0x00, 0x00, 0x00, 0x00, 0x00, 0x00, 0x00,
  0x0F, 0x1F, 0x03, 0x07, 0x03, 0x07, 0x07, 0x0F, 0x0E, 0x0E, 0x1C, 0x1C, 0x18, 0x18, 0x00, 0x00,
  0x00, 0x1D, 0x00, 0x07, 0x00, 0x07, 0x00, 0x0E, 0x00, 0x0C, 0x00, 0x18, 0x00, 0x00, 0x00, 0x00,
  0xC3, 0xFF, 0xFE, 0xFE, 0xE6, 0xFE, 0x12, 0x1E, 0x04, 0x1C, 0x0C, 0x1C, 0x38, 0x38, 0x38, 0x38,
  0x00, 0x6E, 0x00, 0x04, 0x00, 0x2C, 0x00, 0x14, 0x00, 0x1C, 0x00, 0x18, 0x00, 0x30, 0x00, 0x00,
  0xFF, 0xFF, 0x3E, 0xFE, 0x90, 0xFF, 0x60, 0x7F, 0x78, 0x7F, 0x3F, 0x3F, 0x1F, 0x1F, 0x0F, 0x0F,
  0x00, 0xDC, 0x00, 0xA2, 0x00, 0x79, 0x02, 0x70, 0x00, 0x1E, 0x00, 0x07, 0x00, 0x08, 0x00, 0x04,
  0x00, 0x00, 0x00, 0x00, 0x80, 0x80, 0x60, 0xE0, 0x38, 0xF8, 0xDF, 0xFF, 0xFF, 0xFF, 0xFB, 0xFF,
  0x00, 0x00, 0x00, 0x00, 0x00, 0x80, 0x00, 0xC0, 0x00, 0x60, 0x00, 0xF2, 0x00, 0xF6, 0x00, 0x0E,
  0x00, 0x00, 0x00, 0x00, 0x00, 0x00, 0x00, 0x00, 0x00, 0x00, 0x00, 0x00, 0x00, 0x00, 0x00, 0x00,
  0x00, 0x00, 0x00, 0x00, 0x00, 0x00, 0x00, 0x00, 0x00, 0x00, 0x00, 0x00, 0x00, 0x00, 0x00, 0x00,
  0x00, 0x00, 0x00, 0x00, 0x00, 0x00, 0x00, 0x00, 0x00, 0x00, 0x00, 0x00, 0x00, 0x00, 0x00, 0x00,
  0x00, 0x00, 0x00, 0x00, 0x00, 0x00, 0x00, 0x00, 0x00, 0x00, 0x00, 0x00, 0x00, 0x00, 0x00, 0x00,
  0x00, 0x00, 0x00, 0x00, 0x00, 0x00, 0x00, 0x00, 0x00, 0x00, 0x00, 0x00, 0x00, 0x00, 0x00, 0x00,
  0x00, 0x00, 0x00, 0x00, 0x00, 0x00, 0x00, 0x00, 0x00, 0x00, 0x00, 0x00, 0x00, 0x00, 0x00, 0x00,
  0x00, 0x00, 0x00, 0x00, 0x00, 0x00, 0x00, 0x00, 0x00, 0x00, 0x00, 0x00, 0x00, 0x00, 0x00, 0x00,
  0x00, 0x00, 0x00, 0x00, 0x00, 0x00, 0x00, 0x00, 0x00, 0x00, 0x00, 0x00, 0x00, 0x00, 0x00, 0x00,
  0x02, 0x03, 0x05, 0x06, 0x0F, 0x0F, 0x0B, 0x0B, 0x03, 0x03, 0x07, 0x07, 0x0E, 0x0B, 0x0E, 0x0F,
  0x03, 0x03, 0x06, 0x07, 0x0F, 0x0F, 0x0C, 0x08, 0x0C, 0x01, 0x08, 0x03, 0x04, 0x03, 0x08, 0x0B,
  0xE0, 0xE0, 0xA8, 0x78, 0xFC, 0xFC, 0xFE, 0xFE, 0xAE, 0xFE, 0x0F, 0xFF, 0x07, 0xFF, 0x27, 0xFF,
  0xE0, 0xE0, 0x70, 0xB0, 0xF8, 0xF8, 0x0C, 0x0C, 0x02, 0xF2, 0x00, 0xA8, 0x01, 0x2D, 0x40, 0xAC,
  0x38, 0xF0, 0x60, 0xE0, 0xC0, 0xC0, 0x80, 0x80, 0x00, 0x00, 0x00, 0x00, 0x00, 0x00, 0x00, 0x00,
  0x00, 0x60, 0x00, 0xC0, 0x00, 0x80, 0x00, 0x00, 0x00, 0x00, 0x00, 0x00, 0x00, 0x00, 0x00, 0x00,
  0xC6, 0xFF, 0xC7, 0xFF, 0xE7, 0xFF, 0x7D, 0x7F, 0x0F, 0x0F, 0x00, 0x00, 0x00, 0x00, 0x00, 0x00,
  0x10, 0x8D, 0x00, 0x69, 0x00, 0x3A, 0x00, 0x1B, 0x00, 0x03, 0x00, 0x00, 0x00, 0x00, 0x00, 0x00,
  0x00, 0x00, 0xE0, 0x60, 0xF0, 0x50, 0xD0, 0xD0, 0xF0, 0x50, 0xF0, 0x50, 0xE0, 0xE0, 0x00, 0x00,
  0x00, 0x00, 0x80, 0x80, 0xA0, 0x20, 0x80, 0x20, 0xA0, 0x00, 0xA0, 0xA0, 0x00, 0x00, 0x00, 0x00,
  0x00, 0x00, 0xFF, 0x81, 0xFF, 0x81, 0x83, 0x83, 0xFF, 0x81, 0xFF, 0x81, 0xFF, 0xFF, 0x00, 0x00,
  0x00, 0x00, 0x7E, 0x7E, 0x7E, 0x00, 0x02, 0x7C, 0x7E, 0x00, 0x7E, 0x7E, 0x00, 0x00, 0x00, 0x00,
  0x00, 0x00, 0x00, 0x00, 0x00, 0x00, 0x00, 0x00, 0x00, 0x00, 0x00, 0x00, 0x00, 0x00, 0x00, 0x00,
  0x00, 0x00, 0x00, 0x00, 0x00, 0x00, 0x00, 0x00, 0x00, 0x00, 0x00, 0x00, 0x00, 0x00, 0x00, 0x00,
  0x00, 0x00, 0x00, 0x00, 0x00, 0x00, 0x00, 0x00, 0x00, 0x00, 0x00, 0x00, 0x00, 0x00, 0x00, 0x00,
  0x00, 0x00, 0x00, 0x00, 0x00, 0x00, 0x00, 0x00, 0x00, 0x00, 0x00, 0x00, 0x00, 0x00, 0x00, 0x00,
  0x07, 0x07, 0x02, 0x03, 0x01, 0x01, 0x01, 0x01, 0x03, 0x07, 0x01, 0x03, 0x03, 0x03, 0x00, 0x01,
  0x00, 0x03, 0x00, 0x00, 0x00, 0x00, 0x00, 0x00, 0x00, 0x07, 0x00, 0x03, 0x00, 0x00, 0x00, 0x01,
  0xE6, 0xFE, 0x7F, 0xFF, 0x41, 0xFF, 0xC0, 0xFF, 0xFF, 0xFF, 0xFF, 0xFF, 0xF9, 0xF9, 0xF8, 0xF9,
  0x00, 0xBC, 0x00, 0xCC, 0x08, 0xE3, 0x00, 0x71, 0x00, 0x3F, 0x00, 0x80, 0x00, 0x31, 0x00, 0xB1,
  0x00, 0x00, 0x04, 0x07, 0x1F, 0x1F, 0x0F, 0x1F, 0x0F, 0x1C, 0x1F, 0x1E, 0x1F, 0x1F, 0x0D, 0x0F,
  0x00, 0x00, 0x00, 0x07, 0x00, 0x07, 0x00, 0x10, 0x00, 0x10, 0x00, 0x14, 0x00, 0x06, 0x00, 0x06,
  0x7F, 0x77, 0x7C, 0xFF, 0xF8, 0xFF, 0xF8, 0xFF, 0xF4, 0x3F, 0xE1, 0x7F, 0xC1, 0xFF, 0xC3, 0xFF,
  0x00, 0x63, 0x00, 0xE6, 0x00, 0xCC, 0x00, 0x0C, 0x00, 0x1E, 0x00, 0x33, 0x00, 0x63, 0x00, 0x66,
  0x08, 0x38, 0x28, 0x38, 0x08, 0x18, 0x18, 0x18, 0x00, 0x00, 0x00, 0x00, 0x00, 0x00, 0x00, 0x00,
  0x00, 0x20, 0x00, 0x30, 0x00, 0x10, 0x00, 0x10, 0x00, 0x00, 0x00, 0x00, 0x00, 0x00, 0x00, 0x00,
  0x00, 0x00, 0x00, 0x00, 0xCC, 0xFC, 0xCC, 0xFC, 0xEC, 0xFC, 0xB8, 0xF8, 0x68, 0xF8, 0xC8, 0xF8,
  0x00, 0x00, 0x00, 0x00, 0x00, 0xB8, 0x00, 0x98, 0x00, 0x78, 0x00, 0xB0, 0x00, 0x30, 0x00, 0x80,
  0xC0, 0xC0, 0x20, 0xE0, 0x20, 0xE0, 0x20, 0xE0, 0x20, 0xE0, 0x60, 0xE0, 0xC0, 0xC0, 0x80, 0x80,
  0x00, 0x80, 0x00, 0x40, 0x80, 0x20, 0x00, 0x20, 0x00, 0x60, 0x00, 0xC0, 0x00, 0x80, 0x00, 0x00,
  0x00, 0x00, 0x00, 0x00, 0x00, 0x00, 0x00, 0x00, 0x00, 0x00, 0x00, 0x00, 0x00, 0x00, 0x00, 0x00,
  0x00, 0x00, 0x00, 0x00, 0x00, 0x00, 0x00, 0x00, 0x00, 0x00, 0x00, 0x00, 0x00, 0x00, 0x00, 0x00,
  0x0E, 0x0F, 0x0F, 0x0F, 0x07, 0x0E, 0x07, 0x0F, 0x0F, 0x0F, 0x7E, 0x7F, 0x9C, 0xFF, 0x2C, 0xFF,
  0x00, 0x03, 0x0C, 0x0D, 0x0D, 0x0C, 0x0C, 0x0C, 0x04, 0x05, 0x00, 0x63, 0x00, 0xA2, 0x00, 0xDA,
  0xAF, 0xFF, 0xAF, 0xFF, 0xFF, 0x7F, 0xAF, 0x23, 0xFF, 0xFC, 0x1E, 0xFA, 0x1C, 0xF8, 0x1C, 0xFC,
  0x01, 0xAD, 0x01, 0xFD, 0x81, 0xF1, 0xAD, 0x55, 0x03, 0x03, 0x00, 0xF1, 0x40, 0x30, 0x00, 0x20,
  0x00, 0x00, 0x00, 0x00, 0x00, 0x00, 0x00, 0x00, 0x00, 0x00, 0x00, 0x00, 0x00, 0x00, 0x00, 0x00,
  0x00, 0x00, 0x00, 0x00, 0x00, 0x00, 0x00, 0x00, 0x00, 0x00, 0x00, 0x00, 0x00, 0x00, 0x00, 0x00,
  0x00, 0x00, 0x00, 0x00, 0x00, 0x00, 0x00, 0x00, 0x00, 0x00, 0x00, 0x00, 0x00, 0x00, 0x00, 0x00,
  0x00, 0x00, 0x00, 0x00, 0x00, 0x00, 0x00, 0x00, 0x00, 0x00, 0x00, 0x00, 0x00, 0x00, 0x00, 0x00,
  0x00, 0x00, 0x00, 0x00, 0x00, 0x00, 0x00, 0x00, 0x00, 0x00, 0x00, 0x00, 0x00, 0x00, 0x00, 0x00,
  0x00, 0x00, 0x00, 0x00, 0x00, 0x00, 0x00, 0x00, 0x00, 0x00, 0x00, 0x00, 0x00, 0x00, 0x00, 0x00,
  0x00, 0x00, 0x00, 0x00, 0x00, 0x00, 0x00, 0x00, 0x00, 0x00, 0x00, 0x00, 0x00, 0x00, 0x00, 0x00,
  0x00, 0x00, 0x00, 0x00, 0x00, 0x00, 0x00, 0x00, 0x00, 0x00, 0x00, 0x00, 0x00, 0x00, 0x00, 0x00,
  0x00, 0x00, 0x00, 0x00, 0x00, 0x00, 0x00, 0x00, 0x00, 0x00, 0x00, 0x00, 0x00, 0x00, 0x00, 0x00,
  0x00, 0x00, 0x00, 0x00, 0x00, 0x00, 0x00, 0x00, 0x00, 0x00, 0x00, 0x00, 0x00, 0x00, 0x00, 0x00,
  0x00, 0x00, 0x00, 0x00, 0x00, 0x00, 0x00, 0x00, 0x00, 0x00, 0x00, 0x00, 0x00, 0x00, 0x00, 0x00,
  0x00, 0x00, 0x00, 0x00, 0x00, 0x00, 0x00, 0x00, 0x00, 0x00, 0x00, 0x00, 0x00, 0x00, 0x00, 0x00,
  0x03, 0x03, 0x01, 0x03, 0x0B, 0x0F, 0x0C, 0x0C, 0x00, 0x00, 0x00, 0x00, 0x00, 0x00, 0x00, 0x00,
  0x00, 0x01, 0x00, 0x03, 0x00, 0x0C, 0x00, 0x00, 0x00, 0x00, 0x00, 0x00, 0x00, 0x00, 0x00, 0x00,
  0xF0, 0xF0, 0xC0, 0xC0, 0x00, 0x00, 0x00, 0x00, 0x00, 0x00, 0x00, 0x00, 0x00, 0x00, 0x00, 0x00,
  0x00, 0x80, 0x00, 0x00, 0x00, 0x00, 0x00, 0x00, 0x00, 0x00, 0x00, 0x00, 0x00, 0x00, 0x00, 0x00,
  0x07, 0x07, 0x02, 0x03, 0x01, 0x01, 0x01, 0x01, 0x03, 0x07, 0x01, 0x03, 0x03, 0x03, 0x00, 0x01,
  0x00, 0x03, 0x00, 0x00, 0x00, 0x00, 0x00, 0x00, 0x00, 0x07, 0x00, 0x03, 0x00, 0x00, 0x00, 0x01,
  0xE6, 0xFE, 0x7F, 0xFF, 0x41, 0xFF, 0xC0, 0xFF, 0xFF, 0xFF, 0xFF, 0xFF, 0xF9, 0xF9, 0xF8, 0xF9,
  0x00, 0xBC, 0x00, 0xCC, 0x08, 0xE3, 0x00, 0x71, 0x00, 0x3F, 0x00, 0x80, 0x00, 0x31, 0x00, 0xB1,
  0x00, 0x00, 0x00, 0x00, 0x00, 0x00, 0x00, 0x00, 0x00, 0x00, 0x00, 0x00, 0x00, 0x00, 0x00, 0x00,
  0x00, 0x00, 0x00, 0x00, 0x00, 0x00, 0x00, 0x00, 0x00, 0x00, 0x00, 0x00, 0x00, 0x00, 0x00, 0x00,
  0x00, 0x00, 0x00, 0x00, 0x00, 0x00, 0x00, 0x00, 0x00, 0x00, 0x00, 0x00, 0x00, 0x00, 0x00, 0x00,
  0x00, 0x00, 0x00, 0x00, 0x00, 0x00, 0x00, 0x00, 0x00, 0x00, 0x00, 0x00, 0x00, 0x00, 0x00, 0x00,
  0x00, 0x00, 0x00, 0x00, 0x00, 0x00, 0x00, 0x00, 0x00, 0x00, 0x00, 0x00, 0x00, 0x00, 0x00, 0x00,
  0x00, 0x00, 0x00, 0x00, 0x00, 0x00, 0x00, 0x00, 0x00, 0x00, 0x00, 0x00, 0x00, 0x00, 0x00, 0x00,
  0x00, 0x00, 0x00, 0x00, 0x00, 0x00, 0x00, 0x00, 0x00, 0x00, 0x00, 0x00, 0x00, 0x00, 0x00, 0x00,
  0x00, 0x00, 0x00, 0x00, 0x00, 0x00, 0x00, 0x00, 0x00, 0x00, 0x00, 0x00, 0x00, 0x00, 0x00, 0x00,
  0x01, 0x01, 0x0F, 0x0F, 0x1D, 0x1F, 0x3A, 0x3F, 0x3A, 0x3F, 0x3A, 0x3F, 0x3F, 0x3F, 0x35, 0x24,
  0x00, 0x00, 0x00, 0x03, 0x00, 0x07, 0x01, 0x1E, 0x00, 0x1E, 0x00, 0x1F, 0x00, 0x01, 0x15, 0x0A,
  0xF0, 0xFC, 0xEC, 0xF2, 0x7E, 0xFF, 0x3D, 0xFD, 0x9C, 0xFC, 0x9A, 0xFA, 0x3F, 0xFD, 0xFF, 0xFF,
  0x7C, 0x7C, 0x12, 0x2E, 0x0F, 0xCF, 0x07, 0x65, 0x03, 0xA0, 0x01, 0xA4, 0x02, 0xE0, 0x01, 0x21,
  0x08, 0x08, 0x0C, 0x08, 0x0C, 0x04, 0x0E, 0x0A, 0xF6, 0xD2, 0x3C, 0x24, 0x18, 0x18, 0x00, 0x00,
  0x00, 0x00, 0x04, 0x04, 0x08, 0x00, 0x04, 0x04, 0x24, 0x28, 0x18, 0x10, 0x00, 0x00, 0x00, 0x00,
  0x18, 0x18, 0x3C, 0x24, 0x7E, 0x52, 0xEF, 0x89, 0xF7, 0xC4, 0x7B, 0x63, 0x3F, 0x33, 0x1E, 0x1E,
  0x00, 0x00, 0x18, 0x18, 0x3C, 0x24, 0x6E, 0x52, 0x37, 0x29, 0x1A, 0x14, 0x0C, 0x08, 0x00, 0x01,
  0x00, 0x00, 0x00, 0x00, 0x00, 0x00, 0x00, 0x00, 0x00, 0x00, 0x00, 0x00, 0x00, 0x00, 0x00, 0x00,
  0x00, 0x00, 0x00, 0x00, 0x00, 0x00, 0x00, 0x00, 0x00, 0x00, 0x00, 0x00, 0x00, 0x00, 0x00, 0x00,
  0x00, 0x00, 0x00, 0x00, 0x00, 0x00, 0x00, 0x00, 0x00, 0x00, 0x00, 0x00, 0x00, 0x00, 0x00, 0x00,
  0x00, 0x00, 0x00, 0x00, 0x00, 0x00, 0x00, 0x00, 0x00, 0x00, 0x00, 0x00, 0x00, 0x00, 0x00, 0x00,
  0x00, 0x00, 0x00, 0x00, 0x00, 0x00, 0x00, 0x00, 0x00, 0x00, 0x00, 0x00, 0x00, 0x00, 0x00, 0x00,
  0x00, 0x00, 0x00, 0x00, 0x00, 0x00, 0x00, 0x00, 0x00, 0x00, 0x00, 0x00, 0x00, 0x00, 0x00, 0x00,
  0x00, 0x00, 0x00, 0x00, 0x00, 0x00, 0x00, 0x00, 0x00, 0x00, 0x00, 0x00, 0x00, 0x00, 0x00, 0x00,
  0x00, 0x00, 0x00, 0x00, 0x00, 0x00, 0x00, 0x00, 0x00, 0x00, 0x00, 0x00, 0x00, 0x00, 0x00, 0x00,
  0x07, 0x07, 0x02, 0x03, 0x01, 0x01, 0x01, 0x01, 0x03, 0x07, 0x01, 0x03, 0x03, 0x03, 0x00, 0x01,
  0x00, 0x03, 0x00, 0x00, 0x00, 0x00, 0x00, 0x00, 0x00, 0x07, 0x00, 0x03, 0x00, 0x00, 0x00, 0x01,
  0xE6, 0xFE, 0x7F, 0xFF, 0x41, 0xFF, 0xC0, 0xFF, 0xFF, 0xFF, 0xFF, 0xFF, 0xF9, 0xF9, 0xF8, 0xF9,
  0x00, 0xBC, 0x00, 0xCC, 0x08, 0xE3, 0x00, 0x71, 0x00, 0x3F, 0x00, 0x80, 0x00, 0x31, 0x00, 0xB1,
  0x00, 0x00, 0x04, 0x07, 0x1F, 0x1F, 0x0F, 0x1F, 0x0F, 0x1C, 0x1F, 0x1E, 0x1F, 0x1F, 0x0D, 0x0F,
  0x00, 0x00, 0x00, 0x07, 0x00, 0x07, 0x00, 0x10, 0x00, 0x10, 0x00, 0x14, 0x00, 0x06, 0x00, 0x06,
  0x7F, 0x77, 0x7C, 0xFF, 0xF8, 0xFF, 0xF8, 0xFF, 0xF4, 0x3F, 0xE1, 0x7F, 0xC1, 0xFF, 0xC3, 0xFF,
  0x00, 0x63, 0x00, 0xE6, 0x00, 0xCC, 0x00, 0x0C, 0x00, 0x1E, 0x00, 0x33, 0x00, 0x63, 0x00, 0x66,
  0x08, 0x38, 0x28, 0x38, 0x08, 0x18, 0x18, 0x18, 0x00, 0x00, 0x00, 0x00, 0x00, 0x00, 0x00, 0x00,
  0x00, 0x20, 0x00, 0x30, 0x00, 0x10, 0x00, 0x10, 0x00, 0x00, 0x00, 0x00, 0x00, 0x00, 0x00, 0x00,
  0x00, 0x00, 0x00, 0x00, 0xCC, 0xFC, 0xCC, 0xFC, 0xEC, 0xFC, 0xB8, 0xF8, 0x68, 0xF8, 0xC8, 0xF8,
  0x00, 0x00, 0x00, 0x00, 0x00, 0xB8, 0x00, 0x98, 0x00, 0x78, 0x00, 0xB0, 0x00, 0x30, 0x00, 0x80,
  0xC0, 0xC0, 0x20, 0xE0, 0x20, 0xE0, 0x20, 0xE0, 0x20, 0xE0, 0x60, 0xE0, 0xC0, 0xC0, 0x80, 0x80,
  0x00, 0x80, 0x00, 0x40, 0x80, 0x20, 0x00, 0x20, 0x00, 0x60, 0x00, 0xC0, 0x00, 0x80, 0x00, 0x00,
  0x00, 0x00, 0x00, 0x00, 0x00, 0x00, 0x00, 0x00, 0x00, 0x00, 0x00, 0x00, 0x00, 0x00, 0x00, 0x00,
  0x00, 0x00, 0x00, 0x00, 0x00, 0x00, 0x00, 0x00, 0x00, 0x00, 0x00, 0x00, 0x00, 0x00, 0x00, 0x00,
  0x1F, 0x1E, 0x33, 0x3F, 0x31, 0x3F, 0x21, 0x3F, 0x63, 0x7F, 0x7B, 0x7F, 0x7F, 0x7F, 0x5F, 0x78,
  0x01, 0x00, 0x00, 0x1E, 0x00, 0x1B, 0x04, 0x13, 0x00, 0x36, 0x00, 0x0E, 0x00, 0x20, 0x07, 0x35,
  0xFF, 0x3F, 0xFE, 0xFD, 0xF8, 0xFF, 0xFD, 0xFF, 0xFE, 0xDE, 0xFC, 0xC4, 0xE8, 0xC8, 0xD8, 0x88,
  0xC6, 0x46, 0x1D, 0x1F, 0x1F, 0x1F, 0x0E, 0x0E, 0x04, 0x04, 0x00, 0x00, 0x10, 0x10, 0x20, 0x20,
  0x00, 0x00, 0x00, 0x00, 0x00, 0x00, 0x00, 0x00, 0x00, 0x00, 0x00, 0x00, 0x00, 0x00, 0x00, 0x00,
  0x00, 0x00, 0x00, 0x00, 0x00, 0x00, 0x00, 0x00, 0x00, 0x00, 0x00, 0x00, 0x00, 0x00, 0x00, 0x00,
  0x00, 0x00, 0x00, 0x00, 0x00, 0x00, 0x00, 0x00, 0x00, 0x00, 0x00, 0x00, 0x00, 0x00, 0x00, 0x00,
  0x00, 0x00, 0x00, 0x00, 0x00, 0x00, 0x00, 0x00, 0x00, 0x00, 0x00, 0x00, 0x00, 0x00, 0x00, 0x00,
  0x00, 0x00, 0x00, 0x00, 0x00, 0x00, 0x00, 0x00, 0x00, 0x00, 0x00, 0x00, 0x00, 0x00, 0x00, 0x00,
  0x00, 0x00, 0x00, 0x00, 0x00, 0x00, 0x00, 0x00, 0x00, 0x00, 0x00, 0x00, 0x00, 0x00, 0x00, 0x00,
  0x00, 0x00, 0x00, 0x00, 0x00, 0x00, 0x00, 0x00, 0x00, 0x00, 0x00, 0x00, 0x00, 0x00, 0x00, 0x00,
  0x00, 0x00, 0x00, 0x00, 0x00, 0x00, 0x00, 0x00, 0x00, 0x00, 0x00, 0x00, 0x00, 0x00, 0x00, 0x00,
  0x00, 0x00, 0x00, 0x00, 0x00, 0x00, 0x00, 0x00, 0x00, 0x00, 0x00, 0x00, 0x00, 0x00, 0x00, 0x00,
  0x00, 0x00, 0x00, 0x00, 0x00, 0x00, 0x00, 0x00, 0x00, 0x00, 0x00, 0x00, 0x00, 0x00, 0x00, 0x00,
  0x00, 0x00, 0x00, 0x00, 0x00, 0x00, 0x00, 0x00, 0x00, 0x00, 0x00, 0x00, 0x00, 0x00, 0x00, 0x00,
  0x00, 0x00, 0x00, 0x00, 0x00, 0x00, 0x00, 0x00, 0x00, 0x00, 0x00, 0x00, 0x00, 0x00, 0x00, 0x00,
  0x03, 0x03, 0x01, 0x03, 0x0B, 0x0F, 0x0C, 0x0C, 0x00, 0x00, 0x00, 0x00, 0x00, 0x00, 0x00, 0x00,
  0x00, 0x01, 0x00, 0x03, 0x00, 0x0C, 0x00, 0x00, 0x00, 0x00, 0x00, 0x00, 0x00, 0x00, 0x00, 0x00,
  0xF0, 0xF0, 0xC0, 0xC0, 0x00, 0x00, 0x00, 0x00, 0x00, 0x00, 0x00, 0x00, 0x00, 0x00, 0x00, 0x00,
  0x00, 0x80, 0x00, 0x00, 0x00, 0x00, 0x00, 0x00, 0x00, 0x00, 0x00, 0x00, 0x00, 0x00, 0x00, 0x00,
  0x07, 0x07, 0x02, 0x03, 0x01, 0x01, 0x01, 0x01, 0x03, 0x07, 0x01, 0x03, 0x03, 0x03, 0x00, 0x01,
  0x00, 0x03, 0x00, 0x00, 0x00, 0x00, 0x00, 0x00, 0x00, 0x07, 0x00, 0x03, 0x00, 0x00, 0x00, 0x01,
  0xE6, 0xFE, 0x7F, 0xFF, 0x41, 0xFF, 0xC0, 0xFF, 0xFF, 0xFF, 0xFF, 0xFF, 0xF9, 0xF9, 0xF8, 0xF9,
  0x00, 0xBC, 0x00, 0xCC, 0x08, 0xE3, 0x00, 0x71, 0x00, 0x3F, 0x00, 0x80, 0x00, 0x31, 0x00, 0xB1,
  0x00, 0x00, 0x00, 0x00, 0x00, 0x00, 0x00, 0x00, 0x00, 0x00, 0x00, 0x00, 0x00, 0x00, 0x00, 0x00,
  0x00, 0x00, 0x00, 0x00, 0x00, 0x00, 0x00, 0x00, 0x00, 0x00, 0x00, 0x00, 0x00, 0x00, 0x00, 0x00,
  0x00, 0x00, 0x00, 0x00, 0x00, 0x00, 0x00, 0x00, 0x00, 0x00, 0x00, 0x00, 0x00, 0x00, 0x00, 0x00,
  0x00, 0x00, 0x00, 0x00, 0x00, 0x00, 0x00, 0x00, 0x00, 0x00, 0x00, 0x00, 0x00, 0x00, 0x00, 0x00,
  0x00, 0x00, 0x00, 0x00, 0x00, 0x00, 0x00, 0x00, 0x00, 0x00, 0x00, 0x00, 0x00, 0x00, 0x00, 0x00,
  0x00, 0x00, 0x00, 0x00, 0x00, 0x00, 0x00, 0x00, 0x00, 0x00, 0x00, 0x00, 0x00, 0x00, 0x00, 0x00,
  0x00, 0x00, 0x00, 0x00, 0x00, 0x00, 0x00, 0x00, 0x00, 0x00, 0x00, 0x00, 0x00, 0x00, 0x00, 0x00,
  0x00, 0x00, 0x00, 0x00, 0x00, 0x00, 0x00, 0x00, 0x00, 0x00, 0x00, 0x00, 0x00, 0x00, 0x00, 0x00,
  0xFF, 0xF9, 0x7F, 0xBF, 0x1F, 0xFF, 0xBF, 0xFF, 0x7F, 0x7F, 0x3F, 0x37, 0x1F, 0x13, 0x1F, 0x1F,
  0x66, 0x64, 0xB0, 0xF0, 0xF8, 0xF9, 0x70, 0x71, 0x20, 0x20, 0x00, 0x00, 0x00, 0x00, 0x00, 0x01,
  0xF8, 0xF8, 0x98, 0xF8, 0x08, 0xF8, 0x8C, 0xFC, 0x8C, 0xFC, 0xDC, 0xFC, 0xF8, 0xFC, 0x1C, 0xFC,
  0x00, 0x00, 0x00, 0xF0, 0x00, 0x90, 0x20, 0x88, 0x00, 0xD0, 0x00, 0x74, 0x00, 0x0C, 0x00, 0xB0,
  0x0F, 0x3F, 0x2F, 0x5F, 0x7F, 0xFF, 0xBD, 0xBF, 0x39, 0x3F, 0x79, 0x7F, 0xFB, 0xBF, 0xFF, 0xFE,
  0x3E, 0x3E, 0x5C, 0x6C, 0xF8, 0xFB, 0xF0, 0xB7, 0xC0, 0x0D, 0xA0, 0x0D, 0x40, 0x0E, 0x81, 0x88,
  0x80, 0x80, 0xE0, 0xE0, 0x70, 0xF0, 0x78, 0xF8, 0x58, 0xF8, 0x58, 0xF8, 0xF8, 0xF8, 0x58, 0x48,
  0x00, 0x00, 0x00, 0xC0, 0x00, 0xE0, 0x80, 0x70, 0x00, 0x70, 0x00, 0xF0, 0x00, 0x00, 0x50, 0xA0,
  0x00, 0x00, 0x00, 0x00, 0x00, 0x00, 0x00, 0x00, 0x00, 0x00, 0x00, 0x00, 0x00, 0x00, 0x00, 0x00,
  0x00, 0x00, 0x00, 0x00, 0x00, 0x00, 0x00, 0x00, 0x00, 0x00, 0x00, 0x00, 0x00, 0x00, 0x00, 0x00,
  0x00, 0x00, 0x00, 0x00, 0x00, 0x00, 0x00, 0x00, 0x00, 0x00, 0x00, 0x00, 0x00, 0x00, 0x00, 0x00,
  0x00, 0x00, 0x00, 0x00, 0x00, 0x00, 0x00, 0x00, 0x00, 0x00, 0x00, 0x00, 0x00, 0x00, 0x00, 0x00,
  0x00, 0x00, 0x00, 0x00, 0x00, 0x00, 0x00, 0x00, 0x00, 0x00, 0x00, 0x00, 0x00, 0x00, 0x00, 0x00,
  0x00, 0x00, 0x00, 0x00, 0x00, 0x00, 0x00, 0x00, 0x00, 0x00, 0x00, 0x00, 0x00, 0x00, 0x00, 0x00,
  0x00, 0x00, 0x00, 0x00, 0x00, 0x00, 0x00, 0x00, 0x00, 0x00, 0x00, 0x00, 0x00, 0x00, 0x00, 0x00,
  0x00, 0x00, 0x00, 0x00, 0x00, 0x00, 0x00, 0x00, 0x00, 0x00, 0x00, 0x00, 0x00, 0x00, 0x00, 0x00,
  0x07, 0x07, 0x02, 0x03, 0x01, 0x01, 0x01, 0x01, 0x03, 0x07, 0x01, 0x03, 0x03, 0x03, 0x00, 0x01,
  0x00, 0x03, 0x00, 0x00, 0x00, 0x00, 0x00, 0x00, 0x00, 0x07, 0x00, 0x03, 0x00, 0x00, 0x00, 0x01,
  0xE6, 0xFE, 0x7F, 0xFF, 0x41, 0xFF, 0xC0, 0xFF, 0xFF, 0xFF, 0xFF, 0xFF, 0xF9, 0xF9, 0xF8, 0xF9,
  0x00, 0xBC, 0x00, 0xCC, 0x08, 0xE3, 0x00, 0x71, 0x00, 0x3F, 0x00, 0x80, 0x00, 0x31, 0x00, 0xB1,
  0x00, 0x00, 0x04, 0x07, 0x1F, 0x1F, 0x0F, 0x1F, 0x0F, 0x1C, 0x1F, 0x1E, 0x1F, 0x1F, 0x0D, 0x0F,
  0x00, 0x00, 0x00, 0x07, 0x00, 0x07, 0x00, 0x10, 0x00, 0x10, 0x00, 0x14, 0x00, 0x06, 0x00, 0x06,
  0x7F, 0x77, 0x7C, 0xFF, 0xF8, 0xFF, 0xF8, 0xFF, 0xF4, 0x3F, 0xE1, 0x7F, 0xC1, 0xFF, 0xC3, 0xFF,
  0x00, 0x63, 0x00, 0xE6, 0x00, 0xCC, 0x00, 0x0C, 0x00, 0x1E, 0x00, 0x33, 0x00, 0x63, 0x00, 0x66,
  0x08, 0x38, 0x28, 0x38, 0x08, 0x18, 0x18, 0x18, 0x00, 0x00, 0x00, 0x00, 0x00, 0x00, 0x00, 0x00,
  0x00, 0x20, 0x00, 0x30, 0x00, 0x10, 0x00, 0x10, 0x00, 0x00, 0x00, 0x00, 0x00, 0x00, 0x00, 0x00,
  0x00, 0x00, 0x00, 0x00, 0xCC, 0xFC, 0xCC, 0xFC, 0xEC, 0xFC, 0xB8, 0xF8, 0x68, 0xF8, 0xC8, 0xF8,
  0x00, 0x00, 0x00, 0x00, 0x00, 0xB8, 0x00, 0x98, 0x00, 0x78, 0x00, 0xB0, 0x00, 0x30, 0x00, 0x80,
  0xC0, 0xC0, 0x20, 0xE0, 0x20, 0xE0, 0x20, 0xE0, 0x20, 0xE0, 0x60, 0xE0, 0xC0, 0xC0, 0x80, 0x80,
  0x00, 0x80, 0x00, 0x40, 0x80, 0x20, 0x00, 0x20, 0x00, 0x60, 0x00, 0xC0, 0x00, 0x80, 0x00, 0x00,
  0x00, 0x00, 0x00, 0x00, 0x00, 0x00, 0x00, 0x00, 0x00, 0x00, 0x00, 0x00, 0x00, 0x00, 0x00, 0x00,
  0x00, 0x00, 0x00, 0x00, 0x00, 0x00, 0x00, 0x00, 0x00, 0x00, 0x00, 0x00, 0x00, 0x00, 0x00, 0x00,
  0x1E, 0x1F, 0x24, 0x3F, 0x26, 0x3F, 0x3B, 0x3B, 0x1C, 0x1C, 0x00, 0x00, 0x00, 0x00, 0x00, 0x00,
  0x00, 0x09, 0x00, 0x16, 0x00, 0x3B, 0x04, 0x19, 0x00, 0x04, 0x00, 0x00, 0x00, 0x00, 0x00, 0x00,
  0x18, 0xF8, 0x30, 0xF0, 0xE0, 0xE0, 0x80, 0x80, 0x00, 0x00, 0x00, 0x00, 0x00, 0x00, 0x00, 0x00,
  0x40, 0x30, 0x00, 0xE0, 0x00, 0xC0, 0x00, 0x00, 0x00, 0x00, 0x00, 0x00, 0x00, 0x00, 0x00, 0x00,
  0xFF, 0xF9, 0x7F, 0xBF, 0x1F, 0xFF, 0xBF, 0xFF, 0x7F, 0x7F, 0x3F, 0x37, 0x1F, 0x13, 0x1F, 0x1F,
  0x66, 0x64, 0xB0, 0xF0, 0xF8, 0xF9, 0x70, 0x71, 0x20, 0x20, 0x00, 0x00, 0x00, 0x00, 0x00, 0x01,
  0xF8, 0xF8, 0x98, 0xF8, 0x08, 0xF8, 0x8C, 0xFC, 0x8C, 0xFC, 0xDC, 0xFC, 0xF8, 0xFC, 0x1C, 0xFC,
  0x00, 0x00, 0x00, 0xF0, 0x00, 0x90, 0x20, 0x88, 0x00, 0xD0, 0x00, 0x74, 0x00, 0x0C, 0x00, 0xB0,
  0x00, 0x00, 0x00, 0x00, 0x00, 0x00, 0x00, 0x00, 0x00, 0x00, 0x00, 0x00, 0x00, 0x00, 0x00, 0x00,
  0x00, 0x00, 0x00, 0x00, 0x00, 0x00, 0x00, 0x00, 0x00, 0x00, 0x00, 0x00, 0x00, 0x00, 0x00, 0x00,
  0x00, 0x00, 0x00, 0x00, 0x00, 0x00, 0x00, 0x00, 0x00, 0x00, 0x00, 0x00, 0x00, 0x00, 0x00, 0x00,
  0x00, 0x00, 0x00, 0x00, 0x00, 0x00, 0x00, 0x00, 0x00, 0x00, 0x00, 0x00, 0x00, 0x00, 0x00, 0x00,
  0x00, 0x00, 0x00, 0x00, 0x00, 0x00, 0x00, 0x00, 0x00, 0x00, 0x00, 0x00, 0x00, 0x00, 0x00, 0x00,
  0x00, 0x00, 0x00, 0x00, 0x00, 0x00, 0x00, 0x00, 0x00, 0x00, 0x00, 0x00, 0x00, 0x00, 0x00, 0x00,
  0x00, 0x00, 0x00, 0x00, 0x00, 0x00, 0x00, 0x00, 0x00, 0x00, 0x00, 0x00, 0x00, 0x00, 0x00, 0x00,
  0x00, 0x00, 0x00, 0x00, 0x00, 0x00, 0x00, 0x00, 0x00, 0x00, 0x00, 0x00, 0x00, 0x00, 0x00, 0x00,
  0x03, 0x03, 0x01, 0x03, 0x0B, 0x0F, 0x0C, 0x0C, 0x00, 0x00, 0x00, 0x00, 0x00, 0x00, 0x00, 0x00,
  0x00, 0x01, 0x00, 0x03, 0x00, 0x0C, 0x00, 0x00, 0x00, 0x00, 0x00, 0x00, 0x00, 0x00, 0x00, 0x00,
  0xF0, 0xF0, 0xC0, 0xC0, 0x00, 0x00, 0x00, 0x00, 0x00, 0x00, 0x00, 0x00, 0x00, 0x00, 0x00, 0x00,
  0x00, 0x80, 0x00, 0x00, 0x00, 0x00, 0x00, 0x00, 0x00, 0x00, 0x00, 0x00, 0x00, 0x00, 0x00, 0x00,
  0x07, 0x07, 0x02, 0x03, 0x01, 0x01, 0x01, 0x01, 0x03, 0x07, 0x01, 0x03, 0x03, 0x03, 0x00, 0x01,
  0x00, 0x03, 0x00, 0x00, 0x00, 0x00, 0x00, 0x00, 0x00, 0x07, 0x00, 0x03, 0x00, 0x00, 0x00, 0x01,
  0xE6, 0xFE, 0x7F, 0xFF, 0x41, 0xFF, 0xC0, 0xFF, 0xFF, 0xFF, 0xFF, 0xFF, 0xF9, 0xF9, 0xF8, 0xF9,
  0x00, 0xBC, 0x00, 0xCC, 0x08, 0xE3, 0x00, 0x71, 0x00, 0x3F, 0x00, 0x80, 0x00, 0x31, 0x00, 0xB1,
  0x00, 0x00, 0x00, 0x00, 0x00, 0x00, 0x00, 0x00, 0x00, 0x00, 0x00, 0x00, 0x00, 0x00, 0x00, 0x00,
  0x00, 0x00, 0x00, 0x00, 0x00, 0x00, 0x00, 0x00, 0x00, 0x00, 0x00, 0x00, 0x00, 0x00, 0x00, 0x00,
  0x00, 0x00, 0x00, 0x00, 0x00, 0x00, 0x00, 0x00, 0x00, 0x00, 0x00, 0x00, 0x00, 0x00, 0x00, 0x00,
  0x00, 0x00, 0x00, 0x00, 0x00, 0x00, 0x00, 0x00, 0x00, 0x00, 0x00, 0x00, 0x00, 0x00, 0x00, 0x00,
  0x00, 0x00, 0x00, 0x00, 0x00, 0x00, 0x00, 0x00, 0x00, 0x00, 0x00, 0x00, 0x00, 0x00, 0x00, 0x00,
  0x00, 0x00, 0x00, 0x00, 0x00, 0x00, 0x00, 0x00, 0x00, 0x00, 0x00, 0x00, 0x00, 0x00, 0x00, 0x00,
  0x00, 0x00, 0x00, 0x00, 0x00, 0x00, 0x00, 0x00, 0x00, 0x00, 0x00, 0x00, 0x00, 0x00, 0x00, 0x00,
  0x00, 0x00, 0x00, 0x00, 0x00, 0x00, 0x00, 0x00, 0x00, 0x00, 0x00, 0x00, 0x00, 0x00, 0x00, 0x00,
  0x0C, 0x0F, 0x08, 0x0F, 0x12, 0x1F, 0x14, 0x1F, 0x15, 0x1F, 0x1F, 0x1F, 0x1D, 0x04, 0x0F, 0x0F,
  0x00, 0x0E, 0x00, 0x0F, 0x00, 0x1E, 0x00, 0x1F, 0x00, 0x1F, 0x00, 0x1F, 0x1D, 0x12, 0x00, 0x00,
  0x61, 0xF2, 0xE8, 0xF9, 0x3C, 0xDC, 0x96, 0xF6, 0x1A, 0xFB, 0x3F, 0xCF, 0xF2, 0x7F, 0xF5, 0xFB,
  0x3E, 0x33, 0x17, 0xD1, 0x3B, 0x78, 0x05, 0xAC, 0x01, 0x25, 0x3C, 0xFC, 0x8F, 0x6F, 0x0B, 0x0F,
  0x61, 0xF2, 0xE8, 0xF9, 0x3C, 0xDC, 0x96, 0xF6, 0x1A, 0xFB, 0x3F, 0xCF, 0xF2, 0x7F, 0xF5, 0xFB,
  0x3E, 0x33, 0x17, 0xD1, 0x3B, 0x78, 0x05, 0xAC, 0x01, 0x25, 0x3C, 0xFC, 0x8F, 0x6F, 0x0B, 0x0F,
  0x68, 0x78, 0x24, 0x7C, 0xA4, 0x7C, 0xA4, 0xBC, 0x74, 0x7C, 0xFC, 0xFC, 0x58, 0xF8, 0xF8, 0x98,
  0xC0, 0x58, 0xC0, 0x4C, 0xC8, 0xC4, 0x80, 0xD4, 0x00, 0x8C, 0x60, 0x6C, 0xE8, 0xE4, 0x80, 0xE0,
  0x00, 0x00, 0x00, 0x00, 0x00, 0x00, 0x00, 0x00, 0x00, 0x00, 0x00, 0x00, 0x80, 0x80, 0xF8, 0xF8,
  0x00, 0x00, 0x00, 0x00, 0x00, 0x00, 0x00, 0x00, 0x00, 0x00, 0x00, 0x00, 0x80, 0x80, 0x80, 0xB8,
  0x00, 0x00, 0x00, 0x00, 0x00, 0x00, 0x00, 0x00, 0x00, 0x00, 0x1F, 0x1F, 0x2D, 0x3B, 0x55, 0x6F,
  0x00, 0x00, 0x00, 0x00, 0x00, 0x00, 0x00, 0x00, 0x00, 0x00, 0x1F, 0x1F, 0x3B, 0x3F, 0x6F, 0x77,
  0x00, 0x00, 0x00, 0x00, 0x00, 0x00, 0x00, 0x00, 0x00, 0x00, 0x00, 0x00, 0x00, 0x00, 0x00, 0x00,
  0x00, 0x00, 0x00, 0x00, 0x00, 0x00, 0x00, 0x00, 0x00, 0x00, 0x00, 0x00, 0x00, 0x00, 0x00, 0x00,
  0x00, 0x00, 0x00, 0x00, 0x00, 0x00, 0x00, 0x00, 0x00, 0x00, 0x00, 0x00, 0x00, 0x00, 0x00, 0x00,
  0x00, 0x00, 0x00, 0x00, 0x00, 0x00, 0x00, 0x00, 0x00, 0x00, 0x00, 0x00, 0x00, 0x00, 0x00, 0x00,
  0x01, 0x01, 0x01, 0x01, 0x03, 0x03, 0x03, 0x03, 0x07, 0x07, 0x01, 0x07, 0x0B, 0x0F, 0x0E, 0x0F,
  0x00, 0x01, 0x00, 0x01, 0x00, 0x01, 0x00, 0x03, 0x00, 0x00, 0x00, 0x02, 0x00, 0x05, 0x00, 0x05,
  0x0C, 0xFC, 0x19, 0xF9, 0x61, 0xE1, 0xC3, 0xC3, 0xC2, 0xC3, 0x82, 0xE3, 0x23, 0xE3, 0xC0, 0xC0,
  0x00, 0x18, 0x00, 0x30, 0x00, 0xE0, 0x00, 0xC1, 0x00, 0x81, 0x00, 0x21, 0x00, 0xC0, 0x00, 0x80,
  0xFC, 0xFC, 0xCE, 0xFC, 0x87, 0xFC, 0x87, 0xFC, 0x83, 0xFE, 0x87, 0xFF, 0xFB, 0xFF, 0x43, 0x7F,
  0x03, 0x73, 0x01, 0x79, 0x00, 0xC8, 0x20, 0x8C, 0x00, 0x84, 0x00, 0x4C, 0x00, 0x7E, 0x00, 0x66,
  0x60, 0x20, 0xF0, 0x70, 0xF0, 0x70, 0xD8, 0xF8, 0xC8, 0xF8, 0xE4, 0xFC, 0xF6, 0x3E, 0xFA, 0x1E,
  0x80, 0x80, 0x00, 0x00, 0x00, 0x20, 0x00, 0x30, 0x00, 0x58, 0x00, 0x28, 0x00, 0x14, 0x00, 0x0E,
  0xB8, 0xF8, 0xF0, 0xF0, 0xF0, 0xF0, 0xE0, 0xF0, 0x60, 0xF0, 0x48, 0xF8, 0xC2, 0xFE, 0x7E, 0x7E,
  0x00, 0xF0, 0x00, 0xC0, 0x00, 0x90, 0x00, 0x30, 0x00, 0xE0, 0x00, 0xF8, 0x00, 0xFE, 0x00, 0x00,
  0x00, 0x00, 0x00, 0x00, 0x00, 0x00, 0x00, 0x00, 0x00, 0x00, 0x00, 0x00, 0x00, 0x00, 0x00, 0x00,
  0x00, 0x00, 0x00, 0x00, 0x00, 0x00, 0x00, 0x00, 0x00, 0x00, 0x00, 0x00, 0x00, 0x00, 0x00, 0x00,
  0x00, 0x00, 0x00, 0x00, 0x00, 0x00, 0x00, 0x00, 0x00, 0x00, 0x00, 0x00, 0x00, 0x00, 0x00, 0x00,
  0x00, 0x00, 0x00, 0x00, 0x00, 0x00, 0x00, 0x00, 0x00, 0x00, 0x00, 0x00, 0x00, 0x00, 0x00, 0x00,
  0x00, 0x00, 0x00, 0x00, 0x00, 0x00, 0x00, 0x00, 0x00, 0x00, 0x00, 0x00, 0x00, 0x00, 0x00, 0x00,
  0x00, 0x00, 0x00, 0x00, 0x00, 0x00, 0x00, 0x00, 0x00, 0x00, 0x00, 0x00, 0x00, 0x00, 0x00, 0x00,
  0x0F, 0x0F, 0x08, 0x0F, 0x0C, 0x0F, 0x04, 0x07, 0x06, 0x07, 0x03, 0x03, 0x03, 0x03, 0x01, 0x01,
  0x00, 0x07, 0x00, 0x04, 0x00, 0x06, 0x00, 0x07, 0x00, 0x03, 0x00, 0x00, 0x00, 0x01, 0x00, 0x00,
  0xF8, 0xFF, 0x7E, 0xFF, 0x3F, 0xE1, 0x7B, 0xC1, 0xC3, 0xC3, 0xFF, 0xC2, 0x7F, 0xE1, 0xFF, 0xFF,
  0x07, 0x87, 0x01, 0xD1, 0x1E, 0x5E, 0x3A, 0xE4, 0x01, 0xBC, 0x3D, 0x00, 0x1E, 0x9E, 0x00, 0x80,
  0xF8, 0xFF, 0x7E, 0xFF, 0x3F, 0xE1, 0x7B, 0xC1, 0xC3, 0xC3, 0xFF, 0xC2, 0x7F, 0xE1, 0xFF, 0xFF,
  0x07, 0x87, 0x01, 0xD1, 0x1E, 0x5E, 0x3A, 0xE4, 0x01, 0xBC, 0x3D, 0x00, 0x1E, 0x9E, 0x00, 0x80,
  0xF8, 0xB8, 0xE8, 0xF8, 0xC4, 0x3C, 0x50, 0x4C, 0xA4, 0xAC, 0xE8, 0xE8, 0xC0, 0x40, 0xE0, 0xE0,
  0x80, 0xC8, 0x80, 0x98, 0xC0, 0xF4, 0x10, 0xB4, 0x00, 0x5C, 0x40, 0x18, 0x80, 0xA0, 0x00, 0x00,
  0x00, 0x00, 0x00, 0x00, 0x00, 0x00, 0x00, 0x00, 0x00, 0x00, 0x00, 0x00, 0x00, 0x00, 0x00, 0x00,
  0x00, 0x00, 0x00, 0x00, 0x00, 0x00, 0x00, 0x00, 0x00, 0x00, 0x00, 0x00, 0x00, 0x00, 0x00, 0x00,
  0x00, 0x00, 0x00, 0x00, 0x00, 0x00, 0x00, 0x00, 0x00, 0x00, 0x00, 0x00, 0x00, 0x00, 0x00, 0x00,
  0x00, 0x00, 0x00, 0x00, 0x00, 0x00, 0x00, 0x00, 0x00, 0x00, 0x00, 0x00, 0x00, 0x00, 0x00, 0x00,
  0x00, 0x00, 0x00, 0x00, 0x00, 0x00, 0x00, 0x00, 0x00, 0x00, 0x00, 0x00, 0x00, 0x00, 0x00, 0x00,
  0x00, 0x00, 0x00, 0x00, 0x00, 0x00, 0x00, 0x00, 0x00, 0x00, 0x00, 0x00, 0x00, 0x00, 0x00, 0x00,
  0x00, 0x00, 0x00, 0x00, 0x00, 0x00, 0x00, 0x00, 0x00, 0x00, 0x00, 0x00, 0x00, 0x00, 0x00, 0x00,
  0x00, 0x00, 0x00, 0x00, 0x00, 0x00, 0x00, 0x00, 0x00, 0x00, 0x00, 0x00, 0x00, 0x00, 0x00, 0x00,
  0x07, 0x07, 0x03, 0x03, 0x01, 0x01, 0x00, 0x00, 0x00, 0x00, 0x00, 0x00, 0x00, 0x00, 0x00, 0x00,
  0x00, 0x03, 0x00, 0x01, 0x00, 0x00, 0x00, 0x00, 0x00, 0x00, 0x00, 0x00, 0x00, 0x00, 0x00, 0x00,
  0x20, 0xE0, 0x88, 0xF8, 0xF8, 0xF8, 0x00, 0x00, 0x00, 0x00, 0x00, 0x00, 0x00, 0x00, 0x00, 0x00,
  0x00, 0xA0, 0x00, 0xF0, 0x00, 0x00, 0x00, 0x00, 0x00, 0x00, 0x00, 0x00, 0x00, 0x00, 0x00, 0x00,
  0x41, 0x7F, 0x21, 0x3F, 0x31, 0x3F, 0x1F, 0x1F, 0x3F, 0x3F, 0x78, 0x7E, 0xBA, 0xFE, 0x0E, 0xFE,
  0x00, 0x32, 0x00, 0x33, 0x00, 0x1F, 0x00, 0x1E, 0x00, 0x00, 0x00, 0x22, 0x00, 0xFE, 0x40, 0xBC,
  0xFF, 0x8F, 0x7F, 0x47, 0x3F, 0x27, 0x1F, 0x1F, 0x3D, 0x3F, 0x7E, 0x7E, 0xFE, 0xFE, 0xCC, 0xFC,
  0x00, 0x06, 0x00, 0x00, 0x00, 0x01, 0x00, 0x03, 0x00, 0x07, 0x00, 0x1C, 0x00, 0x7C, 0x00, 0x78,
  0x00, 0x00, 0x00, 0x00, 0x00, 0x00, 0x00, 0x00, 0x00, 0x00, 0x00, 0x00, 0x00, 0x00, 0x00, 0x00,
  0x00, 0x00, 0x00, 0x00, 0x00, 0x00, 0x00, 0x00, 0x00, 0x00, 0x00, 0x00, 0x00, 0x00, 0x00, 0x00,
  0x00, 0x00, 0x00, 0x00, 0x00, 0x00, 0x00, 0x00, 0x00, 0x00, 0x00, 0x00, 0x00, 0x00, 0x00, 0x00,
  0x00, 0x00, 0x00, 0x00, 0x00, 0x00, 0x00, 0x00, 0x00, 0x00, 0x00, 0x00, 0x00, 0x00, 0x00, 0x00,
  0x00, 0x00, 0x00, 0x00, 0x00, 0x00, 0x00, 0x00, 0x00, 0x00, 0x00, 0x00, 0x00, 0x00, 0x00, 0x00,
  0x00, 0x00, 0x00, 0x00, 0x00, 0x00, 0x00, 0x00, 0x00, 0x00, 0x00, 0x00, 0x00, 0x00, 0x00, 0x00,
  0x00, 0x00, 0x00, 0x00, 0x00, 0x00, 0x00, 0x00, 0x00, 0x00, 0x00, 0x00, 0x00, 0x00, 0x00, 0x00,
  0x00, 0x00, 0x00, 0x00, 0x00, 0x00, 0x00, 0x00, 0x00, 0x00, 0x00, 0x00, 0x00, 0x00, 0x00, 0x00,
  0x00, 0x00, 0x00, 0x00, 0x00, 0x00, 0x00, 0x00, 0x00, 0x00, 0x00, 0x00, 0x3C, 0x3C, 0x42, 0x7E,
  0x00, 0x00, 0x00, 0x00, 0x00, 0x00, 0x00, 0x00, 0x00, 0x00, 0x00, 0x00, 0x00, 0x3C, 0x00, 0x46,
  0x00, 0x00, 0x00, 0x00, 0x00, 0x00, 0x00, 0x00, 0x00, 0x00, 0x63, 0x7F, 0xDD, 0xE3, 0xE2, 0xBF,
  0x00, 0x00, 0x00, 0x00, 0x00, 0x00, 0x00, 0x00, 0x00, 0x00, 0x7F, 0x7F, 0xE3, 0xFF, 0xBF, 0xF7,
  0x9F, 0xFF, 0xA3, 0xFF, 0xC1, 0xFF, 0xE1, 0xFF, 0xFB, 0xFF, 0xD7, 0x13, 0xFF, 0xFF, 0x7F, 0x7F,
  0x00, 0xFE, 0x08, 0xE2, 0x00, 0xE3, 0x00, 0xF7, 0x00, 0x1E, 0xD4, 0xA8, 0x00, 0x00, 0x00, 0x7C,
  0x41, 0xDD, 0x41, 0xC9, 0xA2, 0xA2, 0xF7, 0xF7, 0xFF, 0xF7, 0xFF, 0xFF, 0x6B, 0xDD, 0x7F, 0xAA,
  0xFF, 0xDD, 0xFF, 0xC9, 0xBE, 0xE3, 0x7F, 0x55, 0x49, 0x41, 0xF7, 0xF7, 0xD5, 0xF7, 0xA2, 0xF7,
  0x41, 0xDD, 0x41, 0xC9, 0xA2, 0xA2, 0xF7, 0xF7, 0xFF, 0xF7, 0xFF, 0xFF, 0x6B, 0xDD, 0x7F, 0xAA,
  0xFF, 0xDD, 0xFF, 0xC9, 0xBE, 0xE3, 0x7F, 0x55, 0x49, 0x41, 0xF7, 0xF7, 0xD5, 0xF7, 0xA2, 0xF7,
  0x42, 0xFE, 0x5F, 0xFF, 0xE3, 0xFF, 0xC0, 0xFF, 0xC1, 0xFF, 0xEF, 0xFF, 0xEF, 0xCC, 0xFF, 0xFF,
  0x80, 0xE6, 0x80, 0xBF, 0x88, 0xB3, 0x00, 0x73, 0x00, 0x7B, 0x80, 0xBC, 0xAF, 0x91, 0x80, 0xA0,
  0x00, 0x00, 0x00, 0x00, 0x00, 0x00, 0x00, 0x00, 0x00, 0x00, 0x00, 0x00, 0x80, 0x80, 0x9C, 0x9C,
  0x00, 0x00, 0x00, 0x00, 0x00, 0x00, 0x00, 0x00, 0x00, 0x00, 0x00, 0x00, 0x80, 0x80, 0x80, 0x9C,
  0x00, 0x00, 0x00, 0x00, 0x00, 0x00, 0x00, 0x00, 0x00, 0x00, 0x00, 0x00, 0x00, 0x00, 0x00, 0x00,
  0x00, 0x00, 0x00, 0x00, 0x00, 0x00, 0x00, 0x00, 0x00, 0x00, 0x00, 0x00, 0x00, 0x00, 0x00, 0x00,
  0x1E, 0x18, 0x2F, 0x3C, 0x47, 0x7E, 0x47, 0x7E, 0x47, 0x7D, 0x47, 0x7D, 0x6B, 0x7E, 0x33, 0x3E,
  0x01, 0x11, 0x00, 0x30, 0x00, 0x38, 0x00, 0x74, 0x10, 0x64, 0x00, 0x64, 0x00, 0x7E, 0x00, 0x32,
  0x38, 0x08, 0xDC, 0x1C, 0x7A, 0x3E, 0x72, 0x7E, 0xE3, 0x4F, 0xED, 0xCF, 0xE9, 0x8F, 0xE9, 0x8F,
  0xC0, 0xC0, 0x20, 0x24, 0x80, 0x8C, 0x80, 0x96, 0x14, 0x1A, 0x10, 0x1F, 0x10, 0x19, 0x10, 0x1D,
  0x41, 0x7F, 0x63, 0x7F, 0x22, 0x3E, 0x36, 0x3E, 0x3C, 0x3C, 0x3A, 0x3E, 0x32, 0x3E, 0x16, 0x3E,
  0x00, 0x77, 0x00, 0x77, 0x00, 0x3E, 0x00, 0x3C, 0x00, 0x30, 0x00, 0x00, 0x00, 0x0E, 0x00, 0x38,
  0x7E, 0x7E, 0x3E, 0x3E, 0x36, 0x3E, 0x36, 0x3E, 0x34, 0x3C, 0x1C, 0x1C, 0x08, 0x08, 0x00, 0x00,
  0x00, 0x10, 0x00, 0x3C, 0x00, 0x3C, 0x00, 0x1C, 0x00, 0x1C, 0x00, 0x00, 0x00, 0x00, 0x00, 0x00,
  0x00, 0x00, 0x00, 0x00, 0x00, 0x00, 0x00, 0x00, 0x00, 0x00, 0x00, 0x00, 0x00, 0x00, 0x00, 0x00,
  0x00, 0x00, 0x00, 0x00, 0x00, 0x00, 0x00, 0x00, 0x00, 0x00, 0x00, 0x00, 0x00, 0x00, 0x00, 0x00,
  0x00, 0x00, 0x00, 0x00, 0x00, 0x00, 0x00, 0x00, 0x00, 0x00, 0x00, 0x00, 0x00, 0x00, 0x00, 0x00,
  0x00, 0x00, 0x00, 0x00, 0x00, 0x00, 0x00, 0x00, 0x00, 0x00, 0x00, 0x00, 0x00, 0x00, 0x00, 0x00,
  0x00, 0x00, 0x00, 0x00, 0x00, 0x00, 0x00, 0x00, 0x00, 0x00, 0x00, 0x00, 0x00, 0x00, 0x00, 0x00,
  0x00, 0x00, 0x00, 0x00, 0x00, 0x00, 0x00, 0x00, 0x00, 0x00, 0x00, 0x00, 0x00, 0x00, 0x00, 0x00,
  0x00, 0x00, 0x00, 0x00, 0x00, 0x00, 0x00, 0x00, 0x00, 0x00, 0x00, 0x00, 0x00, 0x00, 0x00, 0x00,
  0x00, 0x00, 0x00, 0x00, 0x00, 0x00, 0x00, 0x00, 0x00, 0x00, 0x00, 0x00, 0x00, 0x00, 0x00, 0x00,
  0x9F, 0xFF, 0xA3, 0xFF, 0xC1, 0xFF, 0xE1, 0xFF, 0xFB, 0xFF, 0xD7, 0x13, 0xFF, 0xFF, 0x7F, 0x7F,
  0x00, 0xFE, 0x08, 0xE2, 0x00, 0xE3, 0x00, 0xF7, 0x00, 0x1E, 0xD4, 0xA8, 0x00, 0x00, 0x00, 0x7C,
  0x41, 0xDD, 0x41, 0xC9, 0xA2, 0xA2, 0xF7, 0xF7, 0xFF, 0xF7, 0xFF, 0xFF, 0x6B, 0xDD, 0x7F, 0xAA,
  0xFF, 0xDD, 0xFF, 0xC9, 0xBE, 0xE3, 0x7F, 0x55, 0x49, 0x41, 0xF7, 0xF7, 0xD5, 0xF7, 0xA2, 0xF7,
  0x47, 0x7F, 0x47, 0x7E, 0x4F, 0x78, 0x55, 0x71, 0x3F, 0x38, 0x37, 0x32, 0x1F, 0x11, 0x0F, 0x09,
  0x00, 0x7C, 0x11, 0x4C, 0x07, 0x6B, 0x04, 0x7A, 0x0F, 0x25, 0x05, 0x2C, 0x0E, 0x02, 0x06, 0x02,
  0xBE, 0xDD, 0xC9, 0x7F, 0xBF, 0xBF, 0xE1, 0xFF, 0xE0, 0xBF, 0x70, 0x7F, 0xFC, 0xBF, 0xFF, 0xC3,
  0xD5, 0xF7, 0xF7, 0x77, 0x00, 0x40, 0x00, 0x3F, 0x42, 0x78, 0x00, 0x9C, 0x40, 0x47, 0x00, 0x02,
  0xBE, 0xDD, 0xC9, 0x7F, 0xBF, 0xBF, 0xE1, 0xFF, 0xE0, 0xBF, 0x70, 0x7F, 0xFC, 0xBF, 0xFF, 0xC3,
  0xD5, 0xF7, 0xF7, 0x77, 0x00, 0x40, 0x00, 0x3F, 0x42, 0x78, 0x00, 0x9C, 0x40, 0x47, 0x00, 0x02,
  0xFE, 0xFE, 0xE2, 0xFE, 0xC2, 0xFE, 0xC4, 0xFC, 0x6C, 0xFC, 0x78, 0xF8, 0x40, 0xF0, 0xC0, 0xF0,
  0x80, 0xBE, 0x00, 0x26, 0x08, 0x26, 0x00, 0xA4, 0x00, 0xBC, 0x00, 0x98, 0x00, 0xB0, 0x00, 0xA0,
  0x00, 0x00, 0x00, 0x00, 0x00, 0x00, 0x00, 0x00, 0x00, 0x00, 0x00, 0x00, 0x00, 0x00, 0x00, 0x00,
  0x00, 0x00, 0x00, 0x00, 0x00, 0x00, 0x00, 0x00, 0x00, 0x00, 0x00, 0x00, 0x00, 0x00, 0x00, 0x00,
  0x00, 0x00, 0x00, 0x00, 0x00, 0x00, 0x00, 0x00, 0x00, 0x00, 0x00, 0x00, 0x00, 0x00, 0x00, 0x00,
  0x00, 0x00, 0x00, 0x00, 0x00, 0x00, 0x00, 0x00, 0x00, 0x00, 0x00, 0x00, 0x00, 0x00, 0x00, 0x00,
  0x27, 0x3E, 0x23, 0x3E, 0x27, 0x3F, 0x37, 0x3F, 0x3E, 0x3E, 0x22, 0x3E, 0x67, 0x7F, 0x5F, 0x7F,
  0x00, 0x36, 0x00, 0x36, 0x00, 0x36, 0x00, 0x1E, 0x00, 0x00, 0x08, 0x36, 0x00, 0x77, 0x00, 0x7D,
  0xE9, 0xCF, 0x69, 0x4F, 0x2F, 0x0F, 0x7E, 0x6E, 0xF3, 0xFF, 0xFF, 0xFF, 0x5C, 0x7E, 0x6A, 0x7E,
  0x10, 0x1B, 0x10, 0x1F, 0x10, 0x1F, 0x00, 0x48, 0x00, 0x49, 0x00, 0x6D, 0x00, 0x3E, 0x00, 0x1E,
  0x3B, 0x3F, 0x20, 0x3F, 0x3F, 0x3F, 0x00, 0x00, 0x00, 0x00, 0x00, 0x00, 0x00, 0x00, 0x00, 0x00,
  0x00, 0x22, 0x00, 0x31, 0x00, 0x00, 0x00, 0x00, 0x00, 0x00, 0x00, 0x00, 0x00, 0x00, 0x00, 0x00,
  0x00, 0x00, 0x00, 0x00, 0x80, 0x80, 0x00, 0x00, 0x00, 0x00, 0x00, 0x00, 0x00, 0x00, 0x00, 0x00,
  0x00, 0x00, 0x00, 0x00, 0x00, 0x00, 0x00, 0x00, 0x00, 0x00, 0x00, 0x00, 0x00, 0x00, 0x00, 0x00,
  0x00, 0x00, 0x00, 0x00, 0x00, 0x00, 0x00, 0x00, 0x00, 0x00, 0x00, 0x00, 0x00, 0x00, 0x00, 0x00,
  0x00, 0x00, 0x00, 0x00, 0x00, 0x00, 0x00, 0x00, 0x00, 0x00, 0x00, 0x00, 0x00, 0x00, 0x00, 0x00,
  0x00, 0x00, 0x00, 0x00, 0x00, 0x00, 0x00, 0x00, 0x00, 0x00, 0x00, 0x00, 0x00, 0x00, 0x00, 0x00,
  0x00, 0x00, 0x00, 0x00, 0x00, 0x00, 0x00, 0x00, 0x00, 0x00, 0x00, 0x00, 0x00, 0x00, 0x00, 0x00,
  0x00, 0x00, 0x00, 0x00, 0x00, 0x00, 0x00, 0x00, 0x00, 0x00, 0x00, 0x00, 0x00, 0x00, 0x00, 0x00,
  0x00, 0x00, 0x00, 0x00, 0x00, 0x00, 0x00, 0x00, 0x00, 0x00, 0x00, 0x00, 0x00, 0x00, 0x00, 0x00,
  0x00, 0x00, 0x00, 0x00, 0x00, 0x00, 0x00, 0x00, 0x00, 0x00, 0x00, 0x00, 0x00, 0x00, 0x00, 0x00,
  0x00, 0x00, 0x00, 0x00, 0x00, 0x00, 0x00, 0x00, 0x00, 0x00, 0x00, 0x00, 0x00, 0x00, 0x00, 0x00,
  0xD0, 0xC9, 0x82, 0xD3, 0xA7, 0xE7, 0xAD, 0xAD, 0xCB, 0xDB, 0xFF, 0xFF, 0x4F, 0xF9, 0x7D, 0xB3,
  0x6F, 0x59, 0x7D, 0x51, 0x5B, 0x43, 0x34, 0x66, 0x10, 0x34, 0xC7, 0xC7, 0xF8, 0xFE, 0xB2, 0xFE,
  0xC4, 0xFC, 0xE2, 0xFE, 0x81, 0xFF, 0xA5, 0xFF, 0x15, 0xFF, 0x1F, 0xFF, 0xFF, 0xF4, 0xFE, 0xFE,
  0x00, 0x74, 0x00, 0xFA, 0x10, 0xE5, 0x00, 0xBD, 0x00, 0x9D, 0x00, 0xBF, 0x0F, 0xF9, 0x00, 0x00,
  0x01, 0x01, 0x02, 0x03, 0x04, 0x07, 0x04, 0x07, 0x05, 0x07, 0x07, 0x07, 0x03, 0x01, 0x03, 0x03,
  0x00, 0x01, 0x00, 0x03, 0x00, 0x05, 0x00, 0x05, 0x00, 0x06, 0x00, 0x06, 0x02, 0x00, 0x00, 0x00,
  0xD0, 0xC9, 0x82, 0xD3, 0xA7, 0xE7, 0xAD, 0xAD, 0xCB, 0xDB, 0xFF, 0xFF, 0x4F, 0xF9, 0x7D, 0xB3,
  0x6F, 0x59, 0x7D, 0x51, 0x5B, 0x43, 0x34, 0x66, 0x10, 0x34, 0xC7, 0xC7, 0xF8, 0xFE, 0xB2, 0xFE,
  0x00, 0x00, 0x00, 0x00, 0x00, 0x00, 0x00, 0x00, 0x00, 0x00, 0x00, 0x00, 0x80, 0x80, 0xF8, 0xF8,
  0x00, 0x00, 0x00, 0x00, 0x00, 0x00, 0x00, 0x00, 0x00, 0x00, 0x00, 0x00, 0x80, 0x80, 0x80, 0xB8,
  0x00, 0x00, 0x00, 0x00, 0x00, 0x00, 0x00, 0x00, 0x00, 0x00, 0x1F, 0x1F, 0x2D, 0x3B, 0x55, 0x6F,
  0x00, 0x00, 0x00, 0x00, 0x00, 0x00, 0x00, 0x00, 0x00, 0x00, 0x1F, 0x1F, 0x3B, 0x3F, 0x6F, 0x77,
  0x00, 0x00, 0x00, 0x00, 0x00, 0x00, 0x00, 0x00, 0x00, 0x00, 0x00, 0x00, 0x00, 0x00, 0x00, 0x00,
  0x00, 0x00, 0x00, 0x00, 0x00, 0x00, 0x00, 0x00, 0x00, 0x00, 0x00, 0x00, 0x00, 0x00, 0x00, 0x00,
  0x00, 0x00, 0x00, 0x00, 0x00, 0x00, 0x00, 0x00, 0x00, 0x00, 0x00, 0x00, 0x00, 0x00, 0x00, 0x00,
  0x00, 0x00, 0x00, 0x00, 0x00, 0x00, 0x00, 0x00, 0x00, 0x00, 0x00, 0x00, 0x00, 0x00, 0x00, 0x00,
  0x01, 0x01, 0x01, 0x01, 0x03, 0x03, 0x03, 0x03, 0x07, 0x07, 0x01, 0x07, 0x0B, 0x0F, 0x0E, 0x0F,
  0x00, 0x01, 0x00, 0x01, 0x00, 0x01, 0x00, 0x03, 0x00, 0x00, 0x00, 0x02, 0x00, 0x05, 0x00, 0x05,
  0x0C, 0xFC, 0x19, 0xF9, 0x61, 0xE1, 0xC3, 0xC3, 0xC2, 0xC3, 0x82, 0xE3, 0x23, 0xE3, 0xC0, 0xC0,
  0x00, 0x18, 0x00, 0x30, 0x00, 0xE0, 0x00, 0xC1, 0x00, 0x81, 0x00, 0x21, 0x00, 0xC0, 0x00, 0x80,
  0xFC, 0xFC, 0xCE, 0xFC, 0x87, 0xFC, 0x87, 0xFC, 0x83, 0xFE, 0x87, 0xFF, 0xFB, 0xFF, 0x43, 0x7F,
  0x03, 0x73, 0x01, 0x79, 0x00, 0xC8, 0x20, 0x8C, 0x00, 0x84, 0x00, 0x4C, 0x00, 0x7E, 0x00, 0x66,
  0x60, 0x20, 0xF0, 0x70, 0xF0, 0x70, 0xD8, 0xF8, 0xC8, 0xF8, 0xE4, 0xFC, 0xF6, 0x3E, 0xFA, 0x1E,
  0x80, 0x80, 0x00, 0x00, 0x00, 0x20, 0x00, 0x30, 0x00, 0x58, 0x00, 0x28, 0x00, 0x14, 0x00, 0x0E,
  0xB8, 0xF8, 0xF0, 0xF0, 0xF0, 0xF0, 0xE0, 0xF0, 0x60, 0xF0, 0x48, 0xF8, 0xC2, 0xFE, 0x7E, 0x7E,
  0x00, 0xF0, 0x00, 0xC0, 0x00, 0x90, 0x00, 0x30, 0x00, 0xE0, 0x00, 0xF8, 0x00, 0xFE, 0x00, 0x00,
  0x00, 0x00, 0x00, 0x00, 0x00, 0x00, 0x00, 0x00, 0x00, 0x00, 0x00, 0x00, 0x00, 0x00, 0x00, 0x00,
  0x00, 0x00, 0x00, 0x00, 0x00, 0x00, 0x00, 0x00, 0x00, 0x00, 0x00, 0x00, 0x00, 0x00, 0x00, 0x00,
  0x00, 0x00, 0x00, 0x00, 0x00, 0x00, 0x00, 0x00, 0x00, 0x00, 0x00, 0x00, 0x00, 0x00, 0x00, 0x00,
  0x00, 0x00, 0x00, 0x00, 0x00, 0x00, 0x00, 0x00, 0x00, 0x00, 0x00, 0x00, 0x00, 0x00, 0x00, 0x00,
  0x00, 0x00, 0x00, 0x00, 0x00, 0x00, 0x00, 0x00, 0x00, 0x00, 0x00, 0x00, 0x00, 0x00, 0x00, 0x00,
  0x00, 0x00, 0x00, 0x00, 0x00, 0x00, 0x00, 0x00, 0x00, 0x00, 0x00, 0x00, 0x00, 0x00, 0x00, 0x00,
  0xBB, 0xE7, 0xEF, 0xFF, 0xB1, 0xF1, 0x9F, 0xFF, 0xF0, 0x7F, 0xE0, 0x3F, 0xF9, 0x7F, 0xFF, 0xFF,
  0x64, 0x7C, 0x31, 0x31, 0x0E, 0xCE, 0x00, 0xDF, 0x80, 0x49, 0xC0, 0x51, 0x80, 0x8F, 0x00, 0x00,
  0xFE, 0xFE, 0xC2, 0xFE, 0x86, 0xFE, 0xC4, 0xFC, 0xEC, 0xFC, 0x78, 0xF8, 0xD8, 0xF8, 0xF0, 0xF0,
  0x00, 0x3C, 0x10, 0x64, 0x00, 0x44, 0x00, 0x6C, 0x00, 0xB8, 0x00, 0xC0, 0x00, 0x70, 0x00, 0x20,
  0x01, 0x03, 0x03, 0x03, 0x3F, 0x15, 0x57, 0x14, 0x2E, 0x2E, 0x3F, 0x3A, 0x5F, 0x14, 0x3F, 0x3F,
  0x00, 0x03, 0x00, 0x00, 0x2A, 0x2B, 0x43, 0x68, 0x04, 0x51, 0x15, 0x40, 0x4B, 0x6B, 0x00, 0x00,
  0xBB, 0xE7, 0xEF, 0xFF, 0xB1, 0xF1, 0x9F, 0xFF, 0xF0, 0x7F, 0xE0, 0x3F, 0xF9, 0x7F, 0xFF, 0xFF,
  0x64, 0x7C, 0x31, 0x31, 0x0E, 0xCE, 0x00, 0xDF, 0x80, 0x49, 0xC0, 0x51, 0x80, 0x8F, 0x00, 0x00,
  0x00, 0x00, 0x00, 0x00, 0x00, 0x00, 0x00, 0x00, 0x00, 0x00, 0x00, 0x00, 0x00, 0x00, 0x00, 0x00,
  0x00, 0x00, 0x00, 0x00, 0x00, 0x00, 0x00, 0x00, 0x00, 0x00, 0x00, 0x00, 0x00, 0x00, 0x00, 0x00,
  0x00, 0x00, 0x00, 0x00, 0x00, 0x00, 0x00, 0x00, 0x00, 0x00, 0x00, 0x00, 0x00, 0x00, 0x00, 0x00,
  0x00, 0x00, 0x00, 0x00, 0x00, 0x00, 0x00, 0x00, 0x00, 0x00, 0x00, 0x00, 0x00, 0x00, 0x00, 0x00,
  0x00, 0x00, 0x00, 0x00, 0x00, 0x00, 0x00, 0x00, 0x00, 0x00, 0x00, 0x00, 0x00, 0x00, 0x00, 0x00,
  0x00, 0x00, 0x00, 0x00, 0x00, 0x00, 0x00, 0x00, 0x00, 0x00, 0x00, 0x00, 0x00, 0x00, 0x00, 0x00,
  0x00, 0x00, 0x00, 0x00, 0x00, 0x00, 0x00, 0x00, 0x00, 0x00, 0x00, 0x00, 0x00, 0x00, 0x00, 0x00,
  0x00, 0x00, 0x00, 0x00, 0x00, 0x00, 0x00, 0x00, 0x00, 0x00, 0x00, 0x00, 0x00, 0x00, 0x00, 0x00,
  0x07, 0x07, 0x03, 0x03, 0x01, 0x01, 0x00, 0x00, 0x00, 0x00, 0x00, 0x00, 0x00, 0x00, 0x00, 0x00,
  0x00, 0x03, 0x00, 0x01, 0x00, 0x00, 0x00, 0x00, 0x00, 0x00, 0x00, 0x00, 0x00, 0x00, 0x00, 0x00,
  0x20, 0xE0, 0x88, 0xF8, 0xF8, 0xF8, 0x00, 0x00, 0x00, 0x00, 0x00, 0x00, 0x00, 0x00, 0x00, 0x00,
  0x00, 0xA0, 0x00, 0xF0, 0x00, 0x00, 0x00, 0x00, 0x00, 0x00, 0x00, 0x00, 0x00, 0x00, 0x00, 0x00,
  0x41, 0x7F, 0x21, 0x3F, 0x31, 0x3F, 0x1F, 0x1F, 0x3F, 0x3F, 0x78, 0x7E, 0xBA, 0xFE, 0x0E, 0xFE,
  0x00, 0x32, 0x00, 0x33, 0x00, 0x1F, 0x00, 0x1E, 0x00, 0x00, 0x00, 0x22, 0x00, 0xFE, 0x40, 0xBC,
  0xFF, 0x8F, 0x7F, 0x47, 0x3F, 0x27, 0x1F, 0x1F, 0x3D, 0x3F, 0x7E, 0x7E, 0xFE, 0xFE, 0xCC, 0xFC,
  0x00, 0x06, 0x00, 0x00, 0x00, 0x01, 0x00, 0x03, 0x00, 0x07, 0x00, 0x1C, 0x00, 0x7C, 0x00, 0x78,
  0x00, 0x00, 0x00, 0x00, 0x00, 0x00, 0x00, 0x00, 0x00, 0x00, 0x00, 0x00, 0x00, 0x00, 0x00, 0x00,
  0x00, 0x00, 0x00, 0x00, 0x00, 0x00, 0x00, 0x00, 0x00, 0x00, 0x00, 0x00, 0x00, 0x00, 0x00, 0x00,
  0x00, 0x00, 0x00, 0x00, 0x00, 0x00, 0x00, 0x00, 0x00, 0x00, 0x00, 0x00, 0x00, 0x00, 0x00, 0x00,
  0x00, 0x00, 0x00, 0x00, 0x00, 0x00, 0x00, 0x00, 0x00, 0x00, 0x00, 0x00, 0x00, 0x00, 0x00, 0x00,
  0x00, 0x00, 0x00, 0x00, 0x00, 0x00, 0x00, 0x00, 0x00, 0x00, 0x00, 0x00, 0x00, 0x00, 0x00, 0x00,
  0x00, 0x00, 0x00, 0x00, 0x00, 0x00, 0x00, 0x00, 0x00, 0x00, 0x00, 0x00, 0x00, 0x00, 0x00, 0x00,
  0x00, 0x00, 0x00, 0x00, 0x00, 0x00, 0x00, 0x00, 0x00, 0x00, 0x00, 0x00, 0x00, 0x00, 0x00, 0x00,
  0x00, 0x00, 0x00, 0x00, 0x00, 0x00, 0x00, 0x00, 0x00, 0x00, 0x00, 0x00, 0x00, 0x00, 0x00, 0x00,
  0xD0, 0xC9, 0x82, 0xD3, 0xA7, 0xE7, 0xAD, 0xAD, 0xCB, 0xDB, 0xFF, 0xFF, 0x4F, 0xF9, 0x7D, 0xB3,
  0x6F, 0x59, 0x7D, 0x51, 0x5B, 0x43, 0x34, 0x66, 0x10, 0x34, 0xC7, 0xC7, 0xF8, 0xFE, 0xB2, 0xFE,
  0xC4, 0xFC, 0xE2, 0xFE, 0x81, 0xFF, 0xA5, 0xFF, 0x15, 0xFF, 0x1F, 0xFF, 0xFF, 0xF4, 0xFE, 0xFE,
  0x00, 0x74, 0x00, 0xFA, 0x10, 0xE5, 0x00, 0xBD, 0x00, 0x9D, 0x00, 0xBF, 0x0F, 0xF9, 0x00, 0x00,
  0x01, 0x01, 0x02, 0x03, 0x04, 0x07, 0x04, 0x07, 0x05, 0x07, 0x07, 0x07, 0x03, 0x01, 0x03, 0x03,
  0x00, 0x01, 0x00, 0x03, 0x00, 0x05, 0x00, 0x05, 0x00, 0x06, 0x00, 0x06, 0x02, 0x00, 0x00, 0x00,
  0xD0, 0xC9, 0x82, 0xD3, 0xA7, 0xE7, 0xAD, 0xAD, 0xCB, 0xDB, 0xFF, 0xFF, 0x4F, 0xF9, 0x7D, 0xB3,
  0x6F, 0x59, 0x7D, 0x51, 0x5B, 0x43, 0x34, 0x66, 0x10, 0x34, 0xC7, 0xC7, 0xF8, 0xFE, 0xB2, 0xFE,
  0x00, 0x00, 0x00, 0x00, 0x00, 0x00, 0x00, 0x00, 0x00, 0x00, 0x00, 0x00, 0x80, 0x80, 0xF8, 0xF8,
  0x00, 0x00, 0x00, 0x00, 0x00, 0x00, 0x00, 0x00, 0x00, 0x00, 0x00, 0x00, 0x80, 0x80, 0x80, 0xB8,
  0x00, 0x00, 0x00, 0x00, 0x00, 0x00, 0x00, 0x00, 0x00, 0x00, 0x1F, 0x1F, 0x2D, 0x3B, 0x55, 0x6F,
  0x00, 0x00, 0x00, 0x00, 0x00, 0x00, 0x00, 0x00, 0x00, 0x00, 0x1F, 0x1F, 0x3B, 0x3F, 0x6F, 0x77,
  0x00, 0x00, 0x00, 0x00, 0x00, 0x00, 0x00, 0x00, 0x00, 0x00, 0x00, 0x00, 0x00, 0x00, 0x00, 0x00,
  0x00, 0x00, 0x00, 0x00, 0x00, 0x00, 0x00, 0x00, 0x00, 0x00, 0x00, 0x00, 0x00, 0x00, 0x00, 0x00,
  0x00, 0x00, 0x00, 0x00, 0x00, 0x00, 0x00, 0x00, 0x00, 0x00, 0x00, 0x00, 0x00, 0x00, 0x00, 0x00,
  0x00, 0x00, 0x00, 0x00, 0x00, 0x00, 0x00, 0x00, 0x00, 0x00, 0x00, 0x00, 0x00, 0x00, 0x00, 0x00,
  0x01, 0x01, 0x01, 0x01, 0x03, 0x03, 0x03, 0x03, 0x07, 0x07, 0x01, 0x07, 0x0B, 0x0F, 0x0E, 0x0F,
  0x00, 0x01, 0x00, 0x01, 0x00, 0x01, 0x00, 0x03, 0x00, 0x00, 0x00, 0x02, 0x00, 0x05, 0x00, 0x05,
  0x0C, 0xFC, 0x19, 0xF9, 0x61, 0xE1, 0xC3, 0xC3, 0xC2, 0xC3, 0x82, 0xE3, 0x23, 0xE3, 0xC0, 0xC0,
  0x00, 0x18, 0x00, 0x30, 0x00, 0xE0, 0x00, 0xC1, 0x00, 0x81, 0x00, 0x21, 0x00, 0xC0, 0x00, 0x80,
  0xFC, 0xFC, 0xCE, 0xFC, 0x87, 0xFC, 0x87, 0xFC, 0x83, 0xFE, 0x87, 0xFF, 0xFB, 0xFF, 0x43, 0x7F,
  0x03, 0x73, 0x01, 0x79, 0x00, 0xC8, 0x20, 0x8C, 0x00, 0x84, 0x00, 0x4C, 0x00, 0x7E, 0x00, 0x66,
  0x60, 0x20, 0xF0, 0x70, 0xF0, 0x70, 0xD8, 0xF8, 0xC8, 0xF8, 0xE4, 0xFC, 0xF6, 0x3E, 0xFA, 0x1E,
  0x80, 0x80, 0x00, 0x00, 0x00, 0x20, 0x00, 0x30, 0x00, 0x58, 0x00, 0x28, 0x00, 0x14, 0x00, 0x0E,
  0xB8, 0xF8, 0xF0, 0xF0, 0xF0, 0xF0, 0xE0, 0xF0, 0x60, 0xF0, 0x48, 0xF8, 0xC2, 0xFE, 0x7E, 0x7E,
  0x00, 0xF0, 0x00, 0xC0, 0x00, 0x90, 0x00, 0x30, 0x00, 0xE0, 0x00, 0xF8, 0x00, 0xFE, 0x00, 0x00,
  0x00, 0x00, 0x00, 0x00, 0x00, 0x00, 0x00, 0x00, 0x00, 0x00, 0x00, 0x00, 0x00, 0x00, 0x00, 0x00,
  0x00, 0x00, 0x00, 0x00, 0x00, 0x00, 0x00, 0x00, 0x00, 0x00, 0x00, 0x00, 0x00, 0x00, 0x00, 0x00,
  0x00, 0x00, 0x00, 0x00, 0x00, 0x00, 0x00, 0x00, 0x00, 0x00, 0x00, 0x00, 0x00, 0x00, 0x00, 0x00,
  0x00, 0x00, 0x00, 0x00, 0x00, 0x00, 0x00, 0x00, 0x00, 0x00, 0x00, 0x00, 0x00, 0x00, 0x00, 0x00,
  0x00, 0x00, 0x00, 0x00, 0x00, 0x00, 0x00, 0x00, 0x00, 0x00, 0x00, 0x00, 0x00, 0x00, 0x00, 0x00,
  0x00, 0x00, 0x00, 0x00, 0x00, 0x00, 0x00, 0x00, 0x00, 0x00, 0x00, 0x00, 0x00, 0x00, 0x00, 0x00,
  0xBB, 0xE7, 0xEF, 0xFF, 0xB1, 0xF1, 0x9F, 0xFF, 0xF0, 0x7F, 0xE0, 0x3F, 0xF9, 0x7F, 0xFF, 0xFF,
  0x64, 0x7C, 0x31, 0x31, 0x0E, 0xCE, 0x00, 0xDF, 0x80, 0x49, 0xC0, 0x51, 0x80, 0x8F, 0x00, 0x00,
  0xFE, 0xFE, 0xC2, 0xFE, 0x86, 0xFE, 0xC4, 0xFC, 0xEC, 0xFC, 0x78, 0xF8, 0xD8, 0xF8, 0xF0, 0xF0,
  0x00, 0x3C, 0x10, 0x64, 0x00, 0x44, 0x00, 0x6C, 0x00, 0xB8, 0x00, 0xC0, 0x00, 0x70, 0x00, 0x20,
  0x01, 0x03, 0x03, 0x03, 0x3F, 0x15, 0x57, 0x14, 0x2E, 0x2E, 0x3F, 0x3A, 0x5F, 0x14, 0x3F, 0x3F,
  0x00, 0x03, 0x00, 0x00, 0x2A, 0x2B, 0x43, 0x68, 0x04, 0x51, 0x15, 0x40, 0x4B, 0x6B, 0x00, 0x00,
  0xBB, 0xE7, 0xEF, 0xFF, 0xB1, 0xF1, 0x9F, 0xFF, 0xF0, 0x7F, 0xE0, 0x3F, 0xF9, 0x7F, 0xFF, 0xFF,
  0x64, 0x7C, 0x31, 0x31, 0x0E, 0xCE, 0x00, 0xDF, 0x80, 0x49, 0xC0, 0x51, 0x80, 0x8F, 0x00, 0x00,
  0x00, 0x00, 0x00, 0x00, 0x00, 0x00, 0x00, 0x00, 0x00, 0x00, 0x00, 0x00, 0x00, 0x00, 0x00, 0x00,
  0x00, 0x00, 0x00, 0x00, 0x00, 0x00, 0x00, 0x00, 0x00, 0x00, 0x00, 0x00, 0x00, 0x00, 0x00, 0x00,
  0x00, 0x00, 0x00, 0x00, 0x00, 0x00, 0x00, 0x00, 0x00, 0x00, 0x00, 0x00, 0x00, 0x00, 0x00, 0x00,
  0x00, 0x00, 0x00, 0x00, 0x00, 0x00, 0x00, 0x00, 0x00, 0x00, 0x00, 0x00, 0x00, 0x00, 0x00, 0x00,
  0x00, 0x00, 0x00, 0x00, 0x00, 0x00, 0x00, 0x00, 0x00, 0x00, 0x00, 0x00, 0x00, 0x00, 0x00, 0x00,
  0x00, 0x00, 0x00, 0x00, 0x00, 0x00, 0x00, 0x00, 0x00, 0x00, 0x00, 0x00, 0x00, 0x00, 0x00, 0x00,
  0x00, 0x00, 0x00, 0x00, 0x00, 0x00, 0x00, 0x00, 0x00, 0x00, 0x00, 0x00, 0x00, 0x00, 0x00, 0x00,
  0x00, 0x00, 0x00, 0x00, 0x00, 0x00, 0x00, 0x00, 0x00, 0x00, 0x00, 0x00, 0x00, 0x00, 0x00, 0x00,
  0x07, 0x07, 0x03, 0x03, 0x01, 0x01, 0x00, 0x00, 0x00, 0x00, 0x00, 0x00, 0x00, 0x00, 0x00, 0x00,
  0x00, 0x03, 0x00, 0x01, 0x00, 0x00, 0x00, 0x00, 0x00, 0x00, 0x00, 0x00, 0x00, 0x00, 0x00, 0x00,
  0x20, 0xE0, 0x88, 0xF8, 0xF8, 0xF8, 0x00, 0x00, 0x00, 0x00, 0x00, 0x00, 0x00, 0x00, 0x00, 0x00,
  0x00, 0xA0, 0x00, 0xF0, 0x00, 0x00, 0x00, 0x00, 0x00, 0x00, 0x00, 0x00, 0x00, 0x00, 0x00, 0x00,
  0x41, 0x7F, 0x21, 0x3F, 0x31, 0x3F, 0x1F, 0x1F, 0x3F, 0x3F, 0x78, 0x7E, 0xBA, 0xFE, 0x0E, 0xFE,
  0x00, 0x32, 0x00, 0x33, 0x00, 0x1F, 0x00, 0x1E, 0x00, 0x00, 0x00, 0x22, 0x00, 0xFE, 0x40, 0xBC,
  0xFF, 0x8F, 0x7F, 0x47, 0x3F, 0x27, 0x1F, 0x1F, 0x3D, 0x3F, 0x7E, 0x7E, 0xFE, 0xFE, 0xCC, 0xFC,
  0x00, 0x06, 0x00, 0x00, 0x00, 0x01, 0x00, 0x03, 0x00, 0x07, 0x00, 0x1C, 0x00, 0x7C, 0x00, 0x78,
  0x00, 0x00, 0x00, 0x00, 0x00, 0x00, 0x00, 0x00, 0x00, 0x00, 0x00, 0x00, 0x00, 0x00, 0x00, 0x00,
  0x00, 0x00, 0x00, 0x00, 0x00, 0x00, 0x00, 0x00, 0x00, 0x00, 0x00, 0x00, 0x00, 0x00, 0x00, 0x00,
  0x00, 0x00, 0x00, 0x00, 0x00, 0x00, 0x00, 0x00, 0x00, 0x00, 0x00, 0x00, 0x00, 0x00, 0x00, 0x00,
  0x00, 0x00, 0x00, 0x00, 0x00, 0x00, 0x00, 0x00, 0x00, 0x00, 0x00, 0x00, 0x00, 0x00, 0x00, 0x00,
  0x00, 0x00, 0x00, 0x00, 0x00, 0x00, 0x00, 0x00, 0x00, 0x00, 0x00, 0x00, 0x00, 0x00, 0x00, 0x00,
  0x00, 0x00, 0x00, 0x00, 0x00, 0x00, 0x00, 0x00, 0x00, 0x00, 0x00, 0x00, 0x00, 0x00, 0x00, 0x00,
  0x00, 0x00, 0x00, 0x00, 0x00, 0x00, 0x00, 0x00, 0x00, 0x00, 0x00, 0x00, 0x00, 0x00, 0x00, 0x00,
  0x00, 0x00, 0x00, 0x00, 0x00, 0x00, 0x00, 0x00, 0x00, 0x00, 0x00, 0x00, 0x00, 0x00, 0x00, 0x00,
  0x00, 0x00, 0x00, 0x00, 0x00, 0x00, 0x00, 0x00, 0x00, 0x00, 0x00, 0x00, 0x3C, 0x3C, 0x42, 0x7E,
  0x00, 0x00, 0x00, 0x00, 0x00, 0x00, 0x00, 0x00, 0x00, 0x00, 0x00, 0x00, 0x00, 0x3C, 0x00, 0x46,
  0x00, 0x00, 0x00, 0x00, 0x00, 0x00, 0x00, 0x00, 0x00, 0x00, 0x63, 0x7F, 0xDD, 0xE3, 0xE2, 0xBF,
  0x00, 0x00, 0x00, 0x00, 0x00, 0x00, 0x00, 0x00, 0x00, 0x00, 0x7F, 0x7F, 0xE3, 0xFF, 0xBF, 0xF7,
  0x9F, 0xFF, 0xA3, 0xFF, 0xC1, 0xFF, 0xE1, 0xFF, 0xFB, 0xFF, 0xD7, 0x13, 0xFF, 0xFF, 0x7F, 0x7F,
  0x00, 0xFE, 0x08, 0xE2, 0x00, 0xE3, 0x00, 0xF7, 0x00, 0x1E, 0xD4, 0xA8, 0x00, 0x00, 0x00, 0x7C,
  0x41, 0xDD, 0x41, 0xC9, 0xA2, 0xA2, 0xF7, 0xF7, 0xFF, 0xF7, 0xFF, 0xFF, 0x6B, 0xDD, 0x7F, 0xAA,
  0xFF, 0xDD, 0xFF, 0xC9, 0xBE, 0xE3, 0x7F, 0x55, 0x49, 0x41, 0xF7, 0xF7, 0xD5, 0xF7, 0xA2, 0xF7,
  0x41, 0xDD, 0x41, 0xC9, 0xA2, 0xA2, 0xF7, 0xF7, 0xFF, 0xF7, 0xFF, 0xFF, 0x6B, 0xDD, 0x7F, 0xAA,
  0xFF, 0xDD, 0xFF, 0xC9, 0xBE, 0xE3, 0x7F, 0x55, 0x49, 0x41, 0xF7, 0xF7, 0xD5, 0xF7, 0xA2, 0xF7,
  0x42, 0xFE, 0x5F, 0xFF, 0xE3, 0xFF, 0xC0, 0xFF, 0xC1, 0xFF, 0xEF, 0xFF, 0xEF, 0xCC, 0xFF, 0xFF,
  0x80, 0xE6, 0x80, 0xBF, 0x88, 0xB3, 0x00, 0x73, 0x00, 0x7B, 0x80, 0xBC, 0xAF, 0x91, 0x80, 0xA0,
  0x00, 0x00, 0x00, 0x00, 0x00, 0x00, 0x00, 0x00, 0x00, 0x00, 0x00, 0x00, 0x80, 0x80, 0x9C, 0x9C,
  0x00, 0x00, 0x00, 0x00, 0x00, 0x00, 0x00, 0x00, 0x00, 0x00, 0x00, 0x00, 0x80, 0x80, 0x80, 0x9C,
  0x00, 0x00, 0x00, 0x00, 0x00, 0x00, 0x00, 0x00, 0x00, 0x00, 0x00, 0x00, 0x00, 0x00, 0x00, 0x00,
  0x00, 0x00, 0x00, 0x00, 0x00, 0x00, 0x00, 0x00, 0x00, 0x00, 0x00, 0x00, 0x00, 0x00, 0x00, 0x00,
  0x1E, 0x18, 0x2F, 0x3C, 0x47, 0x7E, 0x47, 0x7E, 0x47, 0x7D, 0x47, 0x7D, 0x6B, 0x7E, 0x33, 0x3E,
  0x01, 0x11, 0x00, 0x30, 0x00, 0x38, 0x00, 0x74, 0x10, 0x64, 0x00, 0x64, 0x00, 0x7E, 0x00, 0x32,
  0x38, 0x08, 0xDC, 0x1C, 0x7A, 0x3E, 0x72, 0x7E, 0xE3, 0x4F, 0xED, 0xCF, 0xE9, 0x8F, 0xE9, 0x8F,
  0xC0, 0xC0, 0x20, 0x24, 0x80, 0x8C, 0x80, 0x96, 0x14, 0x1A, 0x10, 0x1F, 0x10, 0x19, 0x10, 0x1D,
  0x41, 0x7F, 0x63, 0x7F, 0x22, 0x3E, 0x36, 0x3E, 0x3C, 0x3C, 0x3A, 0x3E, 0x32, 0x3E, 0x16, 0x3E,
  0x00, 0x77, 0x00, 0x77, 0x00, 0x3E, 0x00, 0x3C, 0x00, 0x30, 0x00, 0x00, 0x00, 0x0E, 0x00, 0x38,
  0x7E, 0x7E, 0x3E, 0x3E, 0x36, 0x3E, 0x36, 0x3E, 0x34, 0x3C, 0x1C, 0x1C, 0x08, 0x08, 0x00, 0x00,
  0x00, 0x10, 0x00, 0x3C, 0x00, 0x3C, 0x00, 0x1C, 0x00, 0x1C, 0x00, 0x00, 0x00, 0x00, 0x00, 0x00,
  0x00, 0x00, 0x00, 0x00, 0x00, 0x00, 0x00, 0x00, 0x00, 0x00, 0x00, 0x00, 0x00, 0x00, 0x00, 0x00,
  0x00, 0x00, 0x00, 0x00, 0x00, 0x00, 0x00, 0x00, 0x00, 0x00, 0x00, 0x00, 0x00, 0x00, 0x00, 0x00,
  0x00, 0x00, 0x00, 0x00, 0x00, 0x00, 0x00, 0x00, 0x00, 0x00, 0x00, 0x00, 0x00, 0x00, 0x00, 0x00,
  0x00, 0x00, 0x00, 0x00, 0x00, 0x00, 0x00, 0x00, 0x00, 0x00, 0x00, 0x00, 0x00, 0x00, 0x00, 0x00,
  0x00, 0x00, 0x00, 0x00, 0x00, 0x00, 0x00, 0x00, 0x00, 0x00, 0x00, 0x00, 0x00, 0x00, 0x00, 0x00,
  0x00, 0x00, 0x00, 0x00, 0x00, 0x00, 0x00, 0x00, 0x00, 0x00, 0x00, 0x00, 0x00, 0x00, 0x00, 0x00,
  0x00, 0x00, 0x00, 0x00, 0x00, 0x00, 0x00, 0x00, 0x00, 0x00, 0x00, 0x00, 0x00, 0x00, 0x00, 0x00,
  0x00, 0x00, 0x00, 0x00, 0x00, 0x00, 0x00, 0x00, 0x00, 0x00, 0x00, 0x00, 0x00, 0x00, 0x00, 0x00,
  0x9F, 0xFF, 0xA3, 0xFF, 0xC1, 0xFF, 0xE1, 0xFF, 0xFB, 0xFF, 0xD7, 0x13, 0xFF, 0xFF, 0x7F, 0x7F,
  0x00, 0xFE, 0x08, 0xE2, 0x00, 0xE3, 0x00, 0xF7, 0x00, 0x1E, 0xD4, 0xA8, 0x00, 0x00, 0x00, 0x7C,
  0x41, 0xDD, 0x41, 0xC9, 0xA2, 0xA2, 0xF7, 0xF7, 0xFF, 0xF7, 0xFF, 0xFF, 0x6B, 0xDD, 0x7F, 0xAA,
  0xFF, 0xDD, 0xFF, 0xC9, 0xBE, 0xE3, 0x7F, 0x55, 0x49, 0x41, 0xF7, 0xF7, 0xD5, 0xF7, 0xA2, 0xF7,
  0x47, 0x7F, 0x47, 0x7E, 0x4F, 0x78, 0x55, 0x71, 0x3F, 0x38, 0x37, 0x32, 0x1F, 0x11, 0x0F, 0x09,
  0x00, 0x7C, 0x11, 0x4C, 0x07, 0x6B, 0x04, 0x7A, 0x0F, 0x25, 0x05, 0x2C, 0x0E, 0x02, 0x06, 0x02,
  0xBE, 0xDD, 0xC9, 0x7F, 0xBF, 0xBF, 0xE1, 0xFF, 0xE0, 0xBF, 0x70, 0x7F, 0xFC, 0xBF, 0xFF, 0xC3,
  0xD5, 0xF7, 0xF7, 0x77, 0x00, 0x40, 0x00, 0x3F, 0x42, 0x78, 0x00, 0x9C, 0x40, 0x47, 0x00, 0x02,
  0xBE, 0xDD, 0xC9, 0x7F, 0xBF, 0xBF, 0xE1, 0xFF, 0xE0, 0xBF, 0x70, 0x7F, 0xFC, 0xBF, 0xFF, 0xC3,
  0xD5, 0xF7, 0xF7, 0x77, 0x00, 0x40, 0x00, 0x3F, 0x42, 0x78, 0x00, 0x9C, 0x40, 0x47, 0x00, 0x02,
  0xFE, 0xFE, 0xE2, 0xFE, 0xC2, 0xFE, 0xC4, 0xFC, 0x6C, 0xFC, 0x78, 0xF8, 0x40, 0xF0, 0xC0, 0xF0,
  0x80, 0xBE, 0x00, 0x26, 0x08, 0x26, 0x00, 0xA4, 0x00, 0xBC, 0x00, 0x98, 0x00, 0xB0, 0x00, 0xA0,
  0x00, 0x00, 0x00, 0x00, 0x00, 0x00, 0x00, 0x00, 0x00, 0x00, 0x00, 0x00, 0x00, 0x00, 0x00, 0x00,
  0x00, 0x00, 0x00, 0x00, 0x00, 0x00, 0x00, 0x00, 0x00, 0x00, 0x00, 0x00, 0x00, 0x00, 0x00, 0x00,
  0x00, 0x00, 0x00, 0x00, 0x00, 0x00, 0x00, 0x00, 0x00, 0x00, 0x00, 0x00, 0x00, 0x00, 0x00, 0x00,
  0x00, 0x00, 0x00, 0x00, 0x00, 0x00, 0x00, 0x00, 0x00, 0x00, 0x00, 0x00, 0x00, 0x00, 0x00, 0x00,
  0x27, 0x3E, 0x23, 0x3E, 0x27, 0x3F, 0x37, 0x3F, 0x3E, 0x3E, 0x22, 0x3E, 0x67, 0x7F, 0x5F, 0x7F,
  0x00, 0x36, 0x00, 0x36, 0x00, 0x36, 0x00, 0x1E, 0x00, 0x00, 0x08, 0x36, 0x00, 0x77, 0x00, 0x7D,
  0xE9, 0xCF, 0x69, 0x4F, 0x2F, 0x0F, 0x7E, 0x6E, 0xF3, 0xFF, 0xFF, 0xFF, 0x5C, 0x7E, 0x6A, 0x7E,
  0x10, 0x1B, 0x10, 0x1F, 0x10, 0x1F, 0x00, 0x48, 0x00, 0x49, 0x00, 0x6D, 0x00, 0x3E, 0x00, 0x1E,
  0x3B, 0x3F, 0x20, 0x3F, 0x3F, 0x3F, 0x00, 0x00, 0x00, 0x00, 0x00, 0x00, 0x00, 0x00, 0x00, 0x00,
  0x00, 0x22, 0x00, 0x31, 0x00, 0x00, 0x00, 0x00, 0x00, 0x00, 0x00, 0x00, 0x00, 0x00, 0x00, 0x00,
  0x00, 0x00, 0x00, 0x00, 0x80, 0x80, 0x00, 0x00, 0x00, 0x00, 0x00, 0x00, 0x00, 0x00, 0x00, 0x00,
  0x00, 0x00, 0x00, 0x00, 0x00, 0x00, 0x00, 0x00, 0x00, 0x00, 0x00, 0x00, 0x00, 0x00, 0x00, 0x00,
  0x00, 0x00, 0x00, 0x00, 0x00, 0x00, 0x00, 0x00, 0x00, 0x00, 0x00, 0x00, 0x00, 0x00, 0x00, 0x00,
  0x00, 0x00, 0x00, 0x00, 0x00, 0x00, 0x00, 0x00, 0x00, 0x00, 0x00, 0x00, 0x00, 0x00, 0x00, 0x00,
  0x00, 0x00, 0x00, 0x00, 0x00, 0x00, 0x00, 0x00, 0x00, 0x00, 0x00, 0x00, 0x00, 0x00, 0x00, 0x00,
  0x00, 0x00, 0x00, 0x00, 0x00, 0x00, 0x00, 0x00, 0x00, 0x00, 0x00, 0x00, 0x00, 0x00, 0x00, 0x00,
  0x00, 0x00, 0x00, 0x00, 0x00, 0x00, 0x00, 0x00, 0x00, 0x00, 0x00, 0x00, 0x00, 0x00, 0x00, 0x00,
  0x00, 0x00, 0x00, 0x00, 0x00, 0x00, 0x00, 0x00, 0x00, 0x00, 0x00, 0x00, 0x00, 0x00, 0x00, 0x00,
  0x00, 0x00, 0x00, 0x00, 0x00, 0x00, 0x00, 0x00, 0x00, 0x00, 0x00, 0x00, 0x00, 0x00, 0x00, 0x00,
  0x00, 0x00, 0x00, 0x00, 0x00, 0x00, 0x00, 0x00, 0x00, 0x00, 0x00, 0x00, 0x00, 0x00, 0x00, 0x00,
  0x0C, 0x0F, 0x08, 0x0F, 0x12, 0x1F, 0x14, 0x1F, 0x15, 0x1F, 0x1F, 0x1F, 0x1D, 0x04, 0x0F, 0x0F,
  0x00, 0x0E, 0x00, 0x0F, 0x00, 0x1E, 0x00, 0x1F, 0x00, 0x1F, 0x00, 0x1F, 0x1D, 0x12, 0x00, 0x00,
  0x61, 0xF2, 0xE8, 0xF9, 0x3C, 0xDC, 0x96, 0xF6, 0x1A, 0xFB, 0x3F, 0xCF, 0xF2, 0x7F, 0xF5, 0xFB,
  0x3E, 0x33, 0x17, 0xD1, 0x3B, 0x78, 0x05, 0xAC, 0x01, 0x25, 0x3C, 0xFC, 0x8F, 0x6F, 0x0B, 0x0F,
  0x61, 0xF2, 0xE8, 0xF9, 0x3C, 0xDC, 0x96, 0xF6, 0x1A, 0xFB, 0x3F, 0xCF, 0xF2, 0x7F, 0xF5, 0xFB,
  0x3E, 0x33, 0x17, 0xD1, 0x3B, 0x78, 0x05, 0xAC, 0x01, 0x25, 0x3C, 0xFC, 0x8F, 0x6F, 0x0B, 0x0F,
  0x68, 0x78, 0x24, 0x7C, 0xA4, 0x7C, 0xA4, 0xBC, 0x74, 0x7C, 0xFC, 0xFC, 0x58, 0xF8, 0xF8, 0x98,
  0xC0, 0x58, 0xC0, 0x4C, 0xC8, 0xC4, 0x80, 0xD4, 0x00, 0x8C, 0x60, 0x6C, 0xE8, 0xE4, 0x80, 0xE0,
  0x00, 0x00, 0x00, 0x00, 0x00, 0x00, 0x00, 0x00, 0x00, 0x00, 0x00, 0x00, 0x80, 0x80, 0xF8, 0xF8,
  0x00, 0x00, 0x00, 0x00, 0x00, 0x00, 0x00, 0x00, 0x00, 0x00, 0x00, 0x00, 0x80, 0x80, 0x80, 0xB8,
  0x00, 0x00, 0x00, 0x00, 0x00, 0x00, 0x00, 0x00, 0x00, 0x00, 0x1F, 0x1F, 0x2D, 0x3B, 0x55, 0x6F,
  0x00, 0x00, 0x00, 0x00, 0x00, 0x00, 0x00, 0x00, 0x00, 0x00, 0x1F, 0x1F, 0x3B, 0x3F, 0x6F, 0x77,
  0x00, 0x00, 0x00, 0x00, 0x00, 0x00, 0x00, 0x00, 0x00, 0x00, 0x00, 0x00, 0x00, 0x00, 0x00, 0x00,
  0x00, 0x00, 0x00, 0x00, 0x00, 0x00, 0x00, 0x00, 0x00, 0x00, 0x00, 0x00, 0x00, 0x00, 0x00, 0x00,
  0x00, 0x00, 0x00, 0x00, 0x00, 0x00, 0x00, 0x00, 0x00, 0x00, 0x00, 0x00, 0x00, 0x00, 0x00, 0x00,
  0x00, 0x00, 0x00, 0x00, 0x00, 0x00, 0x00, 0x00, 0x00, 0x00, 0x00, 0x00, 0x00, 0x00, 0x00, 0x00,
  0x01, 0x01, 0x01, 0x01, 0x03, 0x03, 0x03, 0x03, 0x07, 0x07, 0x01, 0x07, 0x0B, 0x0F, 0x0E, 0x0F,
  0x00, 0x01, 0x00, 0x01, 0x00, 0x01, 0x00, 0x03, 0x00, 0x00, 0x00, 0x02, 0x00, 0x05, 0x00, 0x05,
  0x0C, 0xFC, 0x19, 0xF9, 0x61, 0xE1, 0xC3, 0xC3, 0xC2, 0xC3, 0x82, 0xE3, 0x23, 0xE3, 0xC0, 0xC0,
  0x00, 0x18, 0x00, 0x30, 0x00, 0xE0, 0x00, 0xC1, 0x00, 0x81, 0x00, 0x21, 0x00, 0xC0, 0x00, 0x80,
  0xFC, 0xFC, 0xCE, 0xFC, 0x87, 0xFC, 0x87, 0xFC, 0x83, 0xFE, 0x87, 0xFF, 0xFB, 0xFF, 0x43, 0x7F,
  0x03, 0x73, 0x01, 0x79, 0x00, 0xC8, 0x20, 0x8C, 0x00, 0x84, 0x00, 0x4C, 0x00, 0x7E, 0x00, 0x66,
  0x60, 0x20, 0xF0, 0x70, 0xF0, 0x70, 0xD8, 0xF8, 0xC8, 0xF8, 0xE4, 0xFC, 0xF6, 0x3E, 0xFA, 0x1E,
  0x80, 0x80, 0x00, 0x00, 0x00, 0x20, 0x00, 0x30, 0x00, 0x58, 0x00, 0x28, 0x00, 0x14, 0x00, 0x0E,
  0xB8, 0xF8, 0xF0, 0xF0, 0xF0, 0xF0, 0xE0, 0xF0, 0x60, 0xF0, 0x48, 0xF8, 0xC2, 0xFE, 0x7E, 0x7E,
  0x00, 0xF0, 0x00, 0xC0, 0x00, 0x90, 0x00, 0x30, 0x00, 0xE0, 0x00, 0xF8, 0x00, 0xFE, 0x00, 0x00,
  0x00, 0x00, 0x00, 0x00, 0x00, 0x00, 0x00, 0x00, 0x00, 0x00, 0x00, 0x00, 0x00, 0x00, 0x00, 0x00,
  0x00, 0x00, 0x00, 0x00, 0x00, 0x00, 0x00, 0x00, 0x00, 0x00, 0x00, 0x00, 0x00, 0x00, 0x00, 0x00,
  0x00, 0x00, 0x00, 0x00, 0x00, 0x00, 0x00, 0x00, 0x00, 0x00, 0x00, 0x00, 0x00, 0x00, 0x00, 0x00,
  0x00, 0x00, 0x00, 0x00, 0x00, 0x00, 0x00, 0x00, 0x00, 0x00, 0x00, 0x00, 0x00, 0x00, 0x00, 0x00,
  0x00, 0x00, 0x00, 0x00, 0x00, 0x00, 0x00, 0x00, 0x00, 0x00, 0x00, 0x00, 0x00, 0x00, 0x00, 0x00,
  0x00, 0x00, 0x00, 0x00, 0x00, 0x00, 0x00, 0x00, 0x00, 0x00, 0x00, 0x00, 0x00, 0x00, 0x00, 0x00,
  0x0F, 0x0F, 0x08, 0x0F, 0x0C, 0x0F, 0x04, 0x07, 0x06, 0x07, 0x03, 0x03, 0x03, 0x03, 0x01, 0x01,
  0x00, 0x07, 0x00, 0x04, 0x00, 0x06, 0x00, 0x07, 0x00, 0x03, 0x00, 0x00, 0x00, 0x01, 0x00, 0x00,
  0xF8, 0xFF, 0x7E, 0xFF, 0x3F, 0xE1, 0x7B, 0xC1, 0xC3, 0xC3, 0xFF, 0xC2, 0x7F, 0xE1, 0xFF, 0xFF,
  0x07, 0x87, 0x01, 0xD1, 0x1E, 0x5E, 0x3A, 0xE4, 0x01, 0xBC, 0x3D, 0x00, 0x1E, 0x9E, 0x00, 0x80,
  0xF8, 0xFF, 0x7E, 0xFF, 0x3F, 0xE1, 0x7B, 0xC1, 0xC3, 0xC3, 0xFF, 0xC2, 0x7F, 0xE1, 0xFF, 0xFF,
  0x07, 0x87, 0x01, 0xD1, 0x1E, 0x5E, 0x3A, 0xE4, 0x01, 0xBC, 0x3D, 0x00, 0x1E, 0x9E, 0x00, 0x80,
  0xF8, 0xB8, 0xE8, 0xF8, 0xC4, 0x3C, 0x50, 0x4C, 0xA4, 0xAC, 0xE8, 0xE8, 0xC0, 0x40, 0xE0, 0xE0,
  0x80, 0xC8, 0x80, 0x98, 0xC0, 0xF4, 0x10, 0xB4, 0x00, 0x5C, 0x40, 0x18, 0x80, 0xA0, 0x00, 0x00,
  0x00, 0x00, 0x00, 0x00, 0x00, 0x00, 0x00, 0x00, 0x00, 0x00, 0x00, 0x00, 0x00, 0x00, 0x00, 0x00,
  0x00, 0x00, 0x00, 0x00, 0x00, 0x00, 0x00, 0x00, 0x00, 0x00, 0x00, 0x00, 0x00, 0x00, 0x00, 0x00,
  0x00, 0x00, 0x00, 0x00, 0x00, 0x00, 0x00, 0x00, 0x00, 0x00, 0x00, 0x00, 0x00, 0x00, 0x00, 0x00,
  0x00, 0x00, 0x00, 0x00, 0x00, 0x00, 0x00, 0x00, 0x00, 0x00, 0x00, 0x00, 0x00, 0x00, 0x00, 0x00,
  0x00, 0x00, 0x00, 0x00, 0x00, 0x00, 0x00, 0x00, 0x00, 0x00, 0x00, 0x00, 0x00, 0x00, 0x00, 0x00,
  0x00, 0x00, 0x00, 0x00, 0x00, 0x00, 0x00, 0x00, 0x00, 0x00, 0x00, 0x00, 0x00, 0x00, 0x00, 0x00,
  0x00, 0x00, 0x00, 0x00, 0x00, 0x00, 0x00, 0x00, 0x00, 0x00, 0x00, 0x00, 0x00, 0x00, 0x00, 0x00,
  0x00, 0x00, 0x00, 0x00, 0x00, 0x00, 0x00, 0x00, 0x00, 0x00, 0x00, 0x00, 0x00, 0x00, 0x00, 0x00,
  0x07, 0x07, 0x03, 0x03, 0x01, 0x01, 0x00, 0x00, 0x00, 0x00, 0x00, 0x00, 0x00, 0x00, 0x00, 0x00,
  0x00, 0x03, 0x00, 0x01, 0x00, 0x00, 0x00, 0x00, 0x00, 0x00, 0x00, 0x00, 0x00, 0x00, 0x00, 0x00,
  0x20, 0xE0, 0x88, 0xF8, 0xF8, 0xF8, 0x00, 0x00, 0x00, 0x00, 0x00, 0x00, 0x00, 0x00, 0x00, 0x00,
  0x00, 0xA0, 0x00, 0xF0, 0x00, 0x00, 0x00, 0x00, 0x00, 0x00, 0x00, 0x00, 0x00, 0x00, 0x00, 0x00,
  0x41, 0x7F, 0x21, 0x3F, 0x31, 0x3F, 0x1F, 0x1F, 0x3F, 0x3F, 0x78, 0x7E, 0xBA, 0xFE, 0x0E, 0xFE,
  0x00, 0x32, 0x00, 0x33, 0x00, 0x1F, 0x00, 0x1E, 0x00, 0x00, 0x00, 0x22, 0x00, 0xFE, 0x40, 0xBC,
  0xFF, 0x8F, 0x7F, 0x47, 0x3F, 0x27, 0x1F, 0x1F, 0x3D, 0x3F, 0x7E, 0x7E, 0xFE, 0xFE, 0xCC, 0xFC,
  0x00, 0x06, 0x00, 0x00, 0x00, 0x01, 0x00, 0x03, 0x00, 0x07, 0x00, 0x1C, 0x00, 0x7C, 0x00, 0x78,
  0x00, 0x00, 0x00, 0x00, 0x00, 0x00, 0x00, 0x00, 0x00, 0x00, 0x00, 0x00, 0x00, 0x00, 0x00, 0x00,
  0x00, 0x00, 0x00, 0x00, 0x00, 0x00, 0x00, 0x00, 0x00, 0x00, 0x00, 0x00, 0x00, 0x00, 0x00, 0x00,
  0x00, 0x00, 0x00, 0x00, 0x00, 0x00, 0x00, 0x00, 0x00, 0x00, 0x00, 0x00, 0x00, 0x00, 0x00, 0x00,
  0x00, 0x00, 0x00, 0x00, 0x00, 0x00, 0x00, 0x00, 0x00, 0x00, 0x00, 0x00, 0x00, 0x00, 0x00, 0x00,
  0x00, 0x00, 0x00, 0x00, 0x00, 0x00, 0x00, 0x00, 0x00, 0x00, 0x00, 0x00, 0x00, 0x00, 0x00, 0x00,
  0x00, 0x00, 0x00, 0x00, 0x00, 0x00, 0x00, 0x00, 0x00, 0x00, 0x00, 0x00, 0x00, 0x00, 0x00, 0x00,
  0x00, 0x00, 0x00, 0x00, 0x00, 0x00, 0x00, 0x00, 0x00, 0x00, 0x00, 0x00, 0x00, 0x00, 0x00, 0x00,
  0x00, 0x00, 0x00, 0x00, 0x00, 0x00, 0x00, 0x00, 0x00, 0x00, 0x00, 0x00, 0x00, 0x00, 0x00, 0x00,
  0x0C, 0x0F, 0x08, 0x0F, 0x12, 0x1F, 0x14, 0x1F, 0x15, 0x1F, 0x1F, 0x1F, 0x1D, 0x04, 0x0F, 0x0F,
  0x00, 0x0E, 0x00, 0x0F, 0x00, 0x1E, 0x00, 0x1F, 0x00, 0x1F, 0x00, 0x1F, 0x1D, 0x12, 0x00, 0x00,
  0x61, 0xF2, 0xE8, 0xF9, 0x3C, 0xDC, 0x96, 0xF6, 0x1A, 0xFB, 0x3F, 0xCF, 0xF2, 0x7F, 0xF5, 0xFB,
  0x3E, 0x33, 0x17, 0xD1, 0x3B, 0x78, 0x05, 0xAC, 0x01, 0x25, 0x3C, 0xFC, 0x8F, 0x6F, 0x0B, 0x0F,
  0x61, 0xF2, 0xE8, 0xF9, 0x3C, 0xDC, 0x96, 0xF6, 0x1A, 0xFB, 0x3F, 0xCF, 0xF2, 0x7F, 0xF5, 0xFB,
  0x3E, 0x33, 0x17, 0xD1, 0x3B, 0x78, 0x05, 0xAC, 0x01, 0x25, 0x3C, 0xFC, 0x8F, 0x6F, 0x0B, 0x0F,
  0x68, 0x78, 0x24, 0x7C, 0xA4, 0x7C, 0xA4, 0xBC, 0x74, 0x7C, 0xFC, 0xFC, 0x58, 0xF8, 0xF8, 0x98,
  0xC0, 0x58, 0xC0, 0x4C, 0xC8, 0xC4, 0x80, 0xD4, 0x00, 0x8C, 0x60, 0x6C, 0xE8, 0xE4, 0x80, 0xE0,
  0x00, 0x00, 0x00, 0x00, 0x00, 0x00, 0x00, 0x00, 0x00, 0x00, 0x00, 0x00, 0x80, 0x80, 0xF8, 0xF8,
  0x00, 0x00, 0x00, 0x00, 0x00, 0x00, 0x00, 0x00, 0x00, 0x00, 0x00, 0x00, 0x80, 0x80, 0x80, 0xB8,
  0x00, 0x00, 0x00, 0x00, 0x00, 0x00, 0x00, 0x00, 0x00, 0x00, 0x1F, 0x1F, 0x2D, 0x3B, 0x55, 0x6F,
  0x00, 0x00, 0x00, 0x00, 0x00, 0x00, 0x00, 0x00, 0x00, 0x00, 0x1F, 0x1F, 0x3B, 0x3F, 0x6F, 0x77,
  0x00, 0x00, 0x00, 0x00, 0x00, 0x00, 0x00, 0x00, 0x00, 0x00, 0x00, 0x00, 0x00, 0x00, 0x00, 0x00,
  0x00, 0x00, 0x00, 0x00, 0x00, 0x00, 0x00, 0x00, 0x00, 0x00, 0x00, 0x00, 0x00, 0x00, 0x00, 0x00,
  0x00, 0x00, 0x00, 0x00, 0x00, 0x00, 0x00, 0x00, 0x00, 0x00, 0x00, 0x00, 0x00, 0x00, 0x00, 0x00,
  0x00, 0x00, 0x00, 0x00, 0x00, 0x00, 0x00, 0x00, 0x00, 0x00, 0x00, 0x00, 0x00, 0x00, 0x00, 0x00,
  0xC4, 0xFC, 0xED, 0xFC, 0x7F, 0xFD, 0xF7, 0xE7, 0xFF, 0xF7, 0x3F, 0xFF, 0x3F, 0xFF, 0x3E, 0xFF,
  0x03, 0x6B, 0x02, 0xBA, 0x00, 0xD8, 0x08, 0x08, 0x00, 0xC1, 0x00, 0xE1, 0x00, 0xF1, 0x00, 0xF3,
  0xFC, 0x7C, 0xCC, 0xFC, 0x86, 0xFE, 0x82, 0xFE, 0x02, 0xFE, 0x84, 0xFC, 0x64, 0xFC, 0x18, 0xF8,
  0x00, 0x30, 0x00, 0x78, 0x00, 0xCC, 0x20, 0x86, 0x00, 0x86, 0x00, 0xCC, 0x00, 0xFC, 0x00, 0x38,
  0x01, 0x01, 0x01, 0x01, 0x01, 0x01, 0x02, 0x03, 0x03, 0x03, 0x06, 0x07, 0x08, 0x0F, 0x0F, 0x0F,
  0x00, 0x00, 0x00, 0x00, 0x00, 0x01, 0x00, 0x00, 0x00, 0x01, 0x00, 0x07, 0x00, 0x0C, 0x00, 0x00,
  0x01, 0x01, 0x02, 0x03, 0x00, 0x03, 0x01, 0x03, 0x03, 0x03, 0x03, 0x03, 0x02, 0x03, 0x01, 0x01,
  0x00, 0x00, 0x00, 0x03, 0x00, 0x01, 0x00, 0x03, 0x00, 0x00, 0x00, 0x03, 0x00, 0x03, 0x00, 0x01,
  0x00, 0x00, 0x00, 0x00, 0x00, 0x00, 0x00, 0x00, 0x00, 0x00, 0x00, 0x00, 0x00, 0x00, 0x00, 0x00,
  0x00, 0x00, 0x00, 0x00, 0x00, 0x00, 0x00, 0x00, 0x00, 0x00, 0x00, 0x00, 0x00, 0x00, 0x00, 0x00,
  0x00, 0x00, 0x00, 0x00, 0x00, 0x00, 0x00, 0x00, 0x00, 0x00, 0x00, 0x00, 0x00, 0x00, 0x00, 0x00,
  0x00, 0x00, 0x00, 0x00, 0x00, 0x00, 0x00, 0x00, 0x00, 0x00, 0x00, 0x00, 0x00, 0x00, 0x00, 0x00,
  0x00, 0x00, 0x00, 0x00, 0x00, 0x00, 0x00, 0x00, 0x00, 0x00, 0x00, 0x00, 0x00, 0x00, 0x00, 0x00,
  0x00, 0x00, 0x00, 0x00, 0x00, 0x00, 0x00, 0x00, 0x00, 0x00, 0x00, 0x00, 0x00, 0x00, 0x00, 0x00,
  0x00, 0x00, 0x00, 0x00, 0x00, 0x00, 0x00, 0x00, 0x00, 0x00, 0x00, 0x00, 0x00, 0x00, 0x00, 0x00,
  0x00, 0x00, 0x00, 0x00, 0x00, 0x00, 0x00, 0x00, 0x00, 0x00, 0x00, 0x00, 0x00, 0x00, 0x00, 0x00,
  0x0F, 0x0F, 0x08, 0x0F, 0x0C, 0x0F, 0x04, 0x07, 0x06, 0x07, 0x03, 0x03, 0x03, 0x03, 0x01, 0x01,
  0x00, 0x07, 0x00, 0x04, 0x00, 0x06, 0x00, 0x07, 0x00, 0x03, 0x00, 0x00, 0x00, 0x01, 0x00, 0x00,
  0xF8, 0xFF, 0x7E, 0xFF, 0x3F, 0xE1, 0x7B, 0xC1, 0xC3, 0xC3, 0xFF, 0xC2, 0x7F, 0xE1, 0xFF, 0xFF,
  0x07, 0x87, 0x01, 0xD1, 0x1E, 0x5E, 0x3A, 0xE4, 0x01, 0xBC, 0x3D, 0x00, 0x1E, 0x9E, 0x00, 0x80,
  0xF8, 0xFF, 0x7E, 0xFF, 0x3F, 0xE1, 0x7B, 0xC1, 0xC3, 0xC3, 0xFF, 0xC2, 0x7F, 0xE1, 0xFF, 0xFF,
  0x07, 0x87, 0x01, 0xD1, 0x1E, 0x5E, 0x3A, 0xE4, 0x01, 0xBC, 0x3D, 0x00, 0x1E, 0x9E, 0x00, 0x80,
  0xF8, 0xB8, 0xE8, 0xF8, 0xC4, 0x3C, 0x50, 0x4C, 0xA4, 0xAC, 0xE8, 0xE8, 0xC0, 0x40, 0xE0, 0xE0,
  0x80, 0xC8, 0x80, 0x98, 0xC0, 0xF4, 0x10, 0xB4, 0x00, 0x5C, 0x40, 0x18, 0x80, 0xA0, 0x00, 0x00,
  0x00, 0x00, 0x00, 0x00, 0x00, 0x00, 0x00, 0x00, 0x00, 0x00, 0x00, 0x00, 0x00, 0x00, 0x00, 0x00,
  0x00, 0x00, 0x00, 0x00, 0x00, 0x00, 0x00, 0x00, 0x00, 0x00, 0x00, 0x00, 0x00, 0x00, 0x00, 0x00,
  0x00, 0x00, 0x00, 0x00, 0x00, 0x00, 0x00, 0x00, 0x00, 0x00, 0x00, 0x00, 0x00, 0x00, 0x00, 0x00,
  0x00, 0x00, 0x00, 0x00, 0x00, 0x00, 0x00, 0x00, 0x00, 0x00, 0x00, 0x00, 0x00, 0x00, 0x00, 0x00,
  0x00, 0x00, 0x00, 0x00, 0x00, 0x00, 0x00, 0x00, 0x00, 0x00, 0x00, 0x00, 0x00, 0x00, 0x00, 0x00,
  0x00, 0x00, 0x00, 0x00, 0x00, 0x00, 0x00, 0x00, 0x00, 0x00, 0x00, 0x00, 0x00, 0x00, 0x00, 0x00,
  0x00, 0x00, 0x00, 0x00, 0x00, 0x00, 0x00, 0x00, 0x00, 0x00, 0x00, 0x00, 0x00, 0x00, 0x00, 0x00,
  0x00, 0x00, 0x00, 0x00, 0x00, 0x00, 0x00, 0x00, 0x00, 0x00, 0x00, 0x00, 0x00, 0x00, 0x00, 0x00,
  0xFE, 0xFF, 0xFC, 0xFF, 0x7C, 0xFF, 0x3F, 0xFF, 0xFB, 0xFF, 0xE9, 0xFF, 0x6F, 0xFF, 0xFD, 0xFD,
  0x00, 0x73, 0x00, 0xB6, 0x00, 0xD7, 0x00, 0xC3, 0x00, 0x57, 0x00, 0xB2, 0x00, 0xD7, 0x00, 0x00,
  0x0F, 0xFF, 0x1F, 0xFF, 0x3D, 0xFF, 0x7D, 0xFF, 0xFF, 0xFF, 0xFD, 0xFF, 0xFA, 0xFE, 0xFE, 0xFE,
  0x00, 0x30, 0x00, 0x6A, 0x00, 0xFA, 0x00, 0xF6, 0x00, 0xA8, 0x00, 0x1E, 0x00, 0x3C, 0x00, 0x00,
  0x00, 0x00, 0x00, 0x00, 0x00, 0x00, 0x00, 0x00, 0x00, 0x00, 0x00, 0x00, 0x00, 0x00, 0x00, 0x00,
  0x00, 0x00, 0x00, 0x00, 0x00, 0x00, 0x00, 0x00, 0x00, 0x00, 0x00, 0x00, 0x00, 0x00, 0x00, 0x00,
  0x00, 0x00, 0x00, 0x00, 0x00, 0x00, 0x00, 0x00, 0x00, 0x00, 0x00, 0x00, 0x00, 0x00, 0x00, 0x00,
  0x00, 0x00, 0x00, 0x00, 0x00, 0x00, 0x00, 0x00, 0x00, 0x00, 0x00, 0x00, 0x00, 0x00, 0x00, 0x00,
  0x00, 0x00, 0x00, 0x00, 0x00, 0x00, 0x00, 0x00, 0x00, 0x00, 0x00, 0x00, 0x00, 0x00, 0x00, 0x00,
  0x00, 0x00, 0x00, 0x00, 0x00, 0x00, 0x00, 0x00, 0x00, 0x00, 0x00, 0x00, 0x00, 0x00, 0x00, 0x00,
  0x00, 0x00, 0x00, 0x00, 0x00, 0x00, 0x00, 0x00, 0x00, 0x00, 0x00, 0x00, 0x00, 0x00, 0x00, 0x00,
  0x00, 0x00, 0x00, 0x00, 0x00, 0x00, 0x00, 0x00, 0x00, 0x00, 0x00, 0x00, 0x00, 0x00, 0x00, 0x00,
  0x00, 0x00, 0x00, 0x00, 0x00, 0x00, 0x00, 0x00, 0x00, 0x00, 0x00, 0x00, 0x00, 0x00, 0x00, 0x00,
  0x00, 0x00, 0x00, 0x00, 0x00, 0x00, 0x00, 0x00, 0x00, 0x00, 0x00, 0x00, 0x00, 0x00, 0x00, 0x00,
  0x00, 0x00, 0x00, 0x00, 0x00, 0x00, 0x00, 0x00, 0x00, 0x00, 0x00, 0x00, 0x00, 0x00, 0x00, 0x00,
  0x00, 0x00, 0x00, 0x00, 0x00, 0x00, 0x00, 0x00, 0x00, 0x00, 0x00, 0x00, 0x00, 0x00, 0x00, 0x00,
  0x00, 0x00, 0x00, 0x00, 0x00, 0x00, 0x00, 0x00, 0x00, 0x00, 0x00, 0x00, 0x3C, 0x3C, 0x42, 0x7E,
  0x00, 0x00, 0x00, 0x00, 0x00, 0x00, 0x00, 0x00, 0x00, 0x00, 0x00, 0x00, 0x00, 0x3C, 0x00, 0x46,
  0x00, 0x00, 0x00, 0x00, 0x00, 0x00, 0x00, 0x00, 0x00, 0x00, 0x63, 0x7F, 0xDD, 0xE3, 0xE2, 0xBF,
  0x00, 0x00, 0x00, 0x00, 0x00, 0x00, 0x00, 0x00, 0x00, 0x00, 0x7F, 0x7F, 0xE3, 0xFF, 0xBF, 0xF7,
  0x9F, 0xFF, 0xA3, 0xFF, 0xC1, 0xFF, 0xE1, 0xFF, 0xFB, 0xFF, 0xD7, 0x13, 0xFF, 0xFF, 0x7F, 0x7F,
  0x00, 0xFE, 0x08, 0xE2, 0x00, 0xE3, 0x00, 0xF7, 0x00, 0x1E, 0xD4, 0xA8, 0x00, 0x00, 0x00, 0x7C,
  0x41, 0xDD, 0x41, 0xC9, 0xA2, 0xA2, 0xF7, 0xF7, 0xFF, 0xF7, 0xFF, 0xFF, 0x6B, 0xDD, 0x7F, 0xAA,
  0xFF, 0xDD, 0xFF, 0xC9, 0xBE, 0xE3, 0x7F, 0x55, 0x49, 0x41, 0xF7, 0xF7, 0xD5, 0xF7, 0xA2, 0xF7,
  0x41, 0xDD, 0x41, 0xC9, 0xA2, 0xA2, 0xF7, 0xF7, 0xFF, 0xF7, 0xFF, 0xFF, 0x6B, 0xDD, 0x7F, 0xAA,
  0xFF, 0xDD, 0xFF, 0xC9, 0xBE, 0xE3, 0x7F, 0x55, 0x49, 0x41, 0xF7, 0xF7, 0xD5, 0xF7, 0xA2, 0xF7,
  0x42, 0xFE, 0x5F, 0xFF, 0xE3, 0xFF, 0xC0, 0xFF, 0xC1, 0xFF, 0xEF, 0xFF, 0xEF, 0xCC, 0xFF, 0xFF,
  0x80, 0xE6, 0x80, 0xBF, 0x88, 0xB3, 0x00, 0x73, 0x00, 0x7B, 0x80, 0xBC, 0xAF, 0x91, 0x80, 0xA0,
  0x00, 0x00, 0x00, 0x00, 0x00, 0x00, 0x00, 0x00, 0x00, 0x00, 0x00, 0x00, 0x80, 0x80, 0x9C, 0x9C,
  0x00, 0x00, 0x00, 0x00, 0x00, 0x00, 0x00, 0x00, 0x00, 0x00, 0x00, 0x00, 0x80, 0x80, 0x80, 0x9C,
  0x00, 0x00, 0x00, 0x00, 0x00, 0x00, 0x00, 0x00, 0x00, 0x00, 0x00, 0x00, 0x00, 0x00, 0x00, 0x00,
  0x00, 0x00, 0x00, 0x00, 0x00, 0x00, 0x00, 0x00, 0x00, 0x00, 0x00, 0x00, 0x00, 0x00, 0x00, 0x00,
  0x7C, 0x70, 0x7F, 0x78, 0x9F, 0xFC, 0x9F, 0xFC, 0x1F, 0xF6, 0x1F, 0xF7, 0x1F, 0xF3, 0xEF, 0xE3,
  0x03, 0x63, 0x00, 0x70, 0x00, 0xD0, 0x00, 0x90, 0x40, 0x90, 0x00, 0xB0, 0x00, 0xF1, 0x10, 0xF1,
  0xFC, 0x3C, 0xEE, 0x7E, 0xE6, 0xFE, 0xF6, 0xFF, 0xC2, 0xFF, 0xC2, 0x7F, 0xE6, 0x7F, 0xFC, 0x7F,
  0x00, 0x08, 0x00, 0x1A, 0x00, 0x2E, 0x00, 0x7B, 0x00, 0x66, 0x00, 0x24, 0x00, 0x3C, 0x00, 0x3F,
  0x00, 0x00, 0x00, 0x00, 0x00, 0x00, 0x00, 0x00, 0x00, 0x00, 0x00, 0x00, 0x00, 0x00, 0x00, 0x00,
  0x00, 0x00, 0x00, 0x00, 0x00, 0x00, 0x00, 0x00, 0x00, 0x00, 0x00, 0x00, 0x00, 0x00, 0x00, 0x00,
  0x00, 0x00, 0x00, 0x00, 0x00, 0x00, 0x00, 0x00, 0x00, 0x00, 0x00, 0x00, 0x00, 0x00, 0x00, 0x00,
  0x00, 0x00, 0x00, 0x00, 0x00, 0x00, 0x00, 0x00, 0x00, 0x00, 0x00, 0x00, 0x00, 0x00, 0x00, 0x00,
  0x00, 0x00, 0x00, 0x00, 0x00, 0x00, 0x00, 0x00, 0x00, 0x00, 0x00, 0x00, 0x00, 0x00, 0x00, 0x00,
  0x00, 0x00, 0x00, 0x00, 0x00, 0x00, 0x00, 0x00, 0x00, 0x00, 0x00, 0x00, 0x00, 0x00, 0x00, 0x00,
  0x00, 0x00, 0x00, 0x00, 0x00, 0x00, 0x00, 0x00, 0x00, 0x00, 0x00, 0x00, 0x00, 0x00, 0x00, 0x00,
  0x00, 0x00, 0x00, 0x00, 0x00, 0x00, 0x00, 0x00, 0x00, 0x00, 0x00, 0x00, 0x00, 0x00, 0x00, 0x00,
  0x00, 0x00, 0x00, 0x00, 0x00, 0x00, 0x00, 0x00, 0x00, 0x00, 0x00, 0x00, 0x00, 0x00, 0x00, 0x00,
  0x00, 0x00, 0x00, 0x00, 0x00, 0x00, 0x00, 0x00, 0x00, 0x00, 0x00, 0x00, 0x00, 0x00, 0x00, 0x00,
  0x00, 0x00, 0x00, 0x00, 0x00, 0x00, 0x00, 0x00, 0x00, 0x00, 0x00, 0x00, 0x00, 0x00, 0x00, 0x00,
  0x00, 0x00, 0x00, 0x00, 0x00, 0x00, 0x00, 0x00, 0x00, 0x00, 0x00, 0x00, 0x00, 0x00, 0x00, 0x00,
  0x9F, 0xFF, 0xA3, 0xFF, 0xC1, 0xFF, 0xE1, 0xFF, 0xFB, 0xFF, 0xD7, 0x13, 0xFF, 0xFF, 0x7F, 0x7F,
  0x00, 0xFE, 0x08, 0xE2, 0x00, 0xE3, 0x00, 0xF7, 0x00, 0x1E, 0xD4, 0xA8, 0x00, 0x00, 0x00, 0x7C,
  0x41, 0xDD, 0x41, 0xC9, 0xA2, 0xA2, 0xF7, 0xF7, 0xFF, 0xF7, 0xFF, 0xFF, 0x6B, 0xDD, 0x7F, 0xAA,
  0xFF, 0xDD, 0xFF, 0xC9, 0xBE, 0xE3, 0x7F, 0x55, 0x49, 0x41, 0xF7, 0xF7, 0xD5, 0xF7, 0xA2, 0xF7,
  0x47, 0x7F, 0x47, 0x7E, 0x4F, 0x78, 0x55, 0x71, 0x3F, 0x38, 0x37, 0x32, 0x1F, 0x11, 0x0F, 0x09,
  0x00, 0x7C, 0x11, 0x4C, 0x07, 0x6B, 0x04, 0x7A, 0x0F, 0x25, 0x05, 0x2C, 0x0E, 0x02, 0x06, 0x02,
  0xBE, 0xDD, 0xC9, 0x7F, 0xBF, 0xBF, 0xE1, 0xFF, 0xE0, 0xBF, 0x70, 0x7F, 0xFC, 0xBF, 0xFF, 0xC3,
  0xD5, 0xF7, 0xF7, 0x77, 0x00, 0x40, 0x00, 0x3F, 0x42, 0x78, 0x00, 0x9C, 0x40, 0x47, 0x00, 0x02,
  0xBE, 0xDD, 0xC9, 0x7F, 0xBF, 0xBF, 0xE1, 0xFF, 0xE0, 0xBF, 0x70, 0x7F, 0xFC, 0xBF, 0xFF, 0xC3,
  0xD5, 0xF7, 0xF7, 0x77, 0x00, 0x40, 0x00, 0x3F, 0x42, 0x78, 0x00, 0x9C, 0x40, 0x47, 0x00, 0x02,
  0xFE, 0xFE, 0xE2, 0xFE, 0xC2, 0xFE, 0xC4, 0xFC, 0x6C, 0xFC, 0x78, 0xF8, 0x40, 0xF0, 0xC0, 0xF0,
  0x80, 0xBE, 0x00, 0x26, 0x08, 0x26, 0x00, 0xA4, 0x00, 0xBC, 0x00, 0x98, 0x00, 0xB0, 0x00, 0xA0,
  0x00, 0x00, 0x00, 0x00, 0x00, 0x00, 0x00, 0x00, 0x00, 0x00, 0x00, 0x00, 0x00, 0x00, 0x00, 0x00,
  0x00, 0x00, 0x00, 0x00, 0x00, 0x00, 0x00, 0x00, 0x00, 0x00, 0x00, 0x00, 0x00, 0x00, 0x00, 0x00,
  0x00, 0x00, 0x00, 0x00, 0x00, 0x00, 0x00, 0x00, 0x00, 0x00, 0x00, 0x00, 0x00, 0x00, 0x00, 0x00,
  0x00, 0x00, 0x00, 0x00, 0x00, 0x00, 0x00, 0x00, 0x00, 0x00, 0x00, 0x00, 0x00, 0x00, 0x00, 0x00,
  0xAF, 0xE3, 0x2F, 0xE3, 0xAF, 0xE7, 0xBF, 0xE7, 0xFF, 0xE7, 0x7F, 0x7F, 0x3F, 0x3F, 0x00, 0x00,
  0x10, 0xF1, 0x10, 0xB1, 0x10, 0xB0, 0x00, 0x63, 0x00, 0x22, 0x00, 0x32, 0x00, 0x06, 0x00, 0x00,
  0xFD, 0xFF, 0xFF, 0xFF, 0x6E, 0x7E, 0x24, 0x3C, 0x66, 0x7E, 0x66, 0x7E, 0xC3, 0xFF, 0xFF, 0xFF,
  0x00, 0x22, 0x00, 0x1A, 0x00, 0x18, 0x00, 0x28, 0x00, 0x20, 0x00, 0x3C, 0x00, 0x66, 0x00, 0x00,
  0x00, 0x00, 0x00, 0x00, 0x00, 0x00, 0x00, 0x00, 0x00, 0x00, 0x00, 0x00, 0x00, 0x00, 0x00, 0x00,
  0x00, 0x00, 0x00, 0x00, 0x00, 0x00, 0x00, 0x00, 0x00, 0x00, 0x00, 0x00, 0x00, 0x00, 0x00, 0x00,
  0x00, 0x00, 0x00, 0x00, 0x00, 0x00, 0x00, 0x00, 0x00, 0x00, 0x00, 0x00, 0x00, 0x00, 0x00, 0x00,
  0x00, 0x00, 0x00, 0x00, 0x00, 0x00, 0x00, 0x00, 0x00, 0x00, 0x00, 0x00, 0x00, 0x00, 0x00, 0x00,
  0x00, 0x00, 0x00, 0x00, 0x00, 0x00, 0x00, 0x00, 0x00, 0x00, 0x00, 0x00, 0x00, 0x00, 0x00, 0x00,
  0x00, 0x00, 0x00, 0x00, 0x00, 0x00, 0x00, 0x00, 0x00, 0x00, 0x00, 0x00, 0x00, 0x00, 0x00, 0x00,
  0x00, 0x00, 0x00, 0x00, 0x00, 0x00, 0x00, 0x00, 0x00, 0x00, 0x00, 0x00, 0x00, 0x00, 0x00, 0x00,
  0x00, 0x00, 0x00, 0x00, 0x00, 0x00, 0x00, 0x00, 0x00, 0x00, 0x00, 0x00, 0x00, 0x00, 0x00, 0x00,
  0x00, 0x00, 0x00, 0x00, 0x00, 0x00, 0x00, 0x00, 0x00, 0x00, 0x00, 0x00, 0x00, 0x00, 0x00, 0x00,
  0x00, 0x00, 0x00, 0x00, 0x00, 0x00, 0x00, 0x00, 0x00, 0x00, 0x00, 0x00, 0x00, 0x00, 0x00, 0x00,
  0x00, 0x00, 0x00, 0x00, 0x00, 0x00, 0x00, 0x00, 0x00, 0x00, 0x00, 0x00, 0x00, 0x00, 0x00, 0x00,
  0x00, 0x00, 0x00, 0x00, 0x00, 0x00, 0x00, 0x00, 0x00, 0x00, 0x00, 0x00, 0x00, 0x00, 0x00, 0x00,
  0xD0, 0xC9, 0x82, 0xD3, 0xA7, 0xE7, 0xAD, 0xAD, 0xCB, 0xDB, 0xFF, 0xFF, 0x4F, 0xF9, 0x7D, 0xB3,
  0x6F, 0x59, 0x7D, 0x51, 0x5B, 0x43, 0x34, 0x66, 0x10, 0x34, 0xC7, 0xC7, 0xF8, 0xFE, 0xB2, 0xFE,
  0xC4, 0xFC, 0xE2, 0xFE, 0x81, 0xFF, 0xA5, 0xFF, 0x15, 0xFF, 0x1F, 0xFF, 0xFF, 0xF4, 0xFE, 0xFE,
  0x00, 0x74, 0x00, 0xFA, 0x10, 0xE5, 0x00, 0xBD, 0x00, 0x9D, 0x00, 0xBF, 0x0F, 0xF9, 0x00, 0x00,
  0x01, 0x01, 0x02, 0x03, 0x04, 0x07, 0x04, 0x07, 0x05, 0x07, 0x07, 0x07, 0x03, 0x01, 0x03, 0x03,
  0x00, 0x01, 0x00, 0x03, 0x00, 0x05, 0x00, 0x05, 0x00, 0x06, 0x00, 0x06, 0x02, 0x00, 0x00, 0x00,
  0xD0, 0xC9, 0x82, 0xD3, 0xA7, 0xE7, 0xAD, 0xAD, 0xCB, 0xDB, 0xFF, 0xFF, 0x4F, 0xF9, 0x7D, 0xB3,
  0x6F, 0x59, 0x7D, 0x51, 0x5B, 0x43, 0x34, 0x66, 0x10, 0x34, 0xC7, 0xC7, 0xF8, 0xFE, 0xB2, 0xFE,
  0x00, 0x00, 0x00, 0x00, 0x00, 0x00, 0x00, 0x00, 0x00, 0x00, 0x00, 0x00, 0x80, 0x80, 0xF8, 0xF8,
  0x00, 0x00, 0x00, 0x00, 0x00, 0x00, 0x00, 0x00, 0x00, 0x00, 0x00, 0x00, 0x80, 0x80, 0x80, 0xB8,
  0x00, 0x00, 0x00, 0x00, 0x00, 0x00, 0x00, 0x00, 0x00, 0x00, 0x1F, 0x1F, 0x2D, 0x3B, 0x55, 0x6F,
  0x00, 0x00, 0x00, 0x00, 0x00, 0x00, 0x00, 0x00, 0x00, 0x00, 0x1F, 0x1F, 0x3B, 0x3F, 0x6F, 0x77,
  0x00, 0x00, 0x00, 0x00, 0x00, 0x00, 0x00, 0x00, 0x00, 0x00, 0x00, 0x00, 0x00, 0x00, 0x00, 0x00,
  0x00, 0x00, 0x00, 0x00, 0x00, 0x00, 0x00, 0x00, 0x00, 0x00, 0x00, 0x00, 0x00, 0x00, 0x00, 0x00,
  0x00, 0x00, 0x00, 0x00, 0x00, 0x00, 0x00, 0x00, 0x00, 0x00, 0x00, 0x00, 0x00, 0x00, 0x00, 0x00,
  0x00, 0x00, 0x00, 0x00, 0x00, 0x00, 0x00, 0x00, 0x00, 0x00, 0x00, 0x00, 0x00, 0x00, 0x00, 0x00,
  0xC4, 0xFC, 0xED, 0xFC, 0x7F, 0xFD, 0xF7, 0xE7, 0xFF, 0xF7, 0x3F, 0xFF, 0x3F, 0xFF, 0x3E, 0xFF,
  0x03, 0x6B, 0x02, 0xBA, 0x00, 0xD8, 0x08, 0x08, 0x00, 0xC1, 0x00, 0xE1, 0x00, 0xF1, 0x00, 0xF3,
  0xFC, 0x7C, 0xCC, 0xFC, 0x86, 0xFE, 0x82, 0xFE, 0x02, 0xFE, 0x84, 0xFC, 0x64, 0xFC, 0x18, 0xF8,
  0x00, 0x30, 0x00, 0x78, 0x00, 0xCC, 0x20, 0x86, 0x00, 0x86, 0x00, 0xCC, 0x00, 0xFC, 0x00, 0x38,
  0x01, 0x01, 0x01, 0x01, 0x01, 0x01, 0x02, 0x03, 0x03, 0x03, 0x06, 0x07, 0x08, 0x0F, 0x0F, 0x0F,
  0x00, 0x00, 0x00, 0x00, 0x00, 0x01, 0x00, 0x00, 0x00, 0x01, 0x00, 0x07, 0x00, 0x0C, 0x00, 0x00,
  0x01, 0x01, 0x02, 0x03, 0x00, 0x03, 0x01, 0x03, 0x03, 0x03, 0x03, 0x03, 0x02, 0x03, 0x01, 0x01,
  0x00, 0x00, 0x00, 0x03, 0x00, 0x01, 0x00, 0x03, 0x00, 0x00, 0x00, 0x03, 0x00, 0x03, 0x00, 0x01,
  0x00, 0x00, 0x00, 0x00, 0x00, 0x00, 0x00, 0x00, 0x00, 0x00, 0x00, 0x00, 0x00, 0x00, 0x00, 0x00,
  0x00, 0x00, 0x00, 0x00, 0x00, 0x00, 0x00, 0x00, 0x00, 0x00, 0x00, 0x00, 0x00, 0x00, 0x00, 0x00,
  0x00, 0x00, 0x00, 0x00, 0x00, 0x00, 0x00, 0x00, 0x00, 0x00, 0x00, 0x00, 0x00, 0x00, 0x00, 0x00,
  0x00, 0x00, 0x00, 0x00, 0x00, 0x00, 0x00, 0x00, 0x00, 0x00, 0x00, 0x00, 0x00, 0x00, 0x00, 0x00,
  0x00, 0x00, 0x00, 0x00, 0x00, 0x00, 0x00, 0x00, 0x00, 0x00, 0x00, 0x00, 0x00, 0x00, 0x00, 0x00,
  0x00, 0x00, 0x00, 0x00, 0x00, 0x00, 0x00, 0x00, 0x00, 0x00, 0x00, 0x00, 0x00, 0x00, 0x00, 0x00,
  0x00, 0x00, 0x00, 0x00, 0x00, 0x00, 0x00, 0x00, 0x00, 0x00, 0x00, 0x00, 0x00, 0x00, 0x00, 0x00,
  0x00, 0x00, 0x00, 0x00, 0x00, 0x00, 0x00, 0x00, 0x00, 0x00, 0x00, 0x00, 0x00, 0x00, 0x00, 0x00,
  0xBB, 0xE7, 0xEF, 0xFF, 0xB1, 0xF1, 0x9F, 0xFF, 0xF0, 0x7F, 0xE0, 0x3F, 0xF9, 0x7F, 0xFF, 0xFF,
  0x64, 0x7C, 0x31, 0x31, 0x0E, 0xCE, 0x00, 0xDF, 0x80, 0x49, 0xC0, 0x51, 0x80, 0x8F, 0x00, 0x00,
  0xFE, 0xFE, 0xC2, 0xFE, 0x86, 0xFE, 0xC4, 0xFC, 0xEC, 0xFC, 0x78, 0xF8, 0xD8, 0xF8, 0xF0, 0xF0,
  0x00, 0x3C, 0x10, 0x64, 0x00, 0x44, 0x00, 0x6C, 0x00, 0xB8, 0x00, 0xC0, 0x00, 0x70, 0x00, 0x20,
  0x01, 0x03, 0x03, 0x03, 0x3F, 0x15, 0x57, 0x14, 0x2E, 0x2E, 0x3F, 0x3A, 0x5F, 0x14, 0x3F, 0x3F,
  0x00, 0x03, 0x00, 0x00, 0x2A, 0x2B, 0x43, 0x68, 0x04, 0x51, 0x15, 0x40, 0x4B, 0x6B, 0x00, 0x00,
  0xBB, 0xE7, 0xEF, 0xFF, 0xB1, 0xF1, 0x9F, 0xFF, 0xF0, 0x7F, 0xE0, 0x3F, 0xF9, 0x7F, 0xFF, 0xFF,
  0x64, 0x7C, 0x31, 0x31, 0x0E, 0xCE, 0x00, 0xDF, 0x80, 0x49, 0xC0, 0x51, 0x80, 0x8F, 0x00, 0x00,
  0x00, 0x00, 0x00, 0x00, 0x00, 0x00, 0x00, 0x00, 0x00, 0x00, 0x00, 0x00, 0x00, 0x00, 0x00, 0x00,
  0x00, 0x00, 0x00, 0x00, 0x00, 0x00, 0x00, 0x00, 0x00, 0x00, 0x00, 0x00, 0x00, 0x00, 0x00, 0x00,
  0x00, 0x00, 0x00, 0x00, 0x00, 0x00, 0x00, 0x00, 0x00, 0x00, 0x00, 0x00, 0x00, 0x00, 0x00, 0x00,
  0x00, 0x00, 0x00, 0x00, 0x00, 0x00, 0x00, 0x00, 0x00, 0x00, 0x00, 0x00, 0x00, 0x00, 0x00, 0x00,
  0x00, 0x00, 0x00, 0x00, 0x00, 0x00, 0x00, 0x00, 0x00, 0x00, 0x00, 0x00, 0x00, 0x00, 0x00, 0x00,
  0x00, 0x00, 0x00, 0x00, 0x00, 0x00, 0x00, 0x00, 0x00, 0x00, 0x00, 0x00, 0x00, 0x00, 0x00, 0x00,
  0x00, 0x00, 0x00, 0x00, 0x00, 0x00, 0x00, 0x00, 0x00, 0x00, 0x00, 0x00, 0x00, 0x00, 0x00, 0x00,
  0x00, 0x00, 0x00, 0x00, 0x00, 0x00, 0x00, 0x00, 0x00, 0x00, 0x00, 0x00, 0x00, 0x00, 0x00, 0x00,
  0xFE, 0xFF, 0xFC, 0xFF, 0x7C, 0xFF, 0x3F, 0xFF, 0xFB, 0xFF, 0xE9, 0xFF, 0x6F, 0xFF, 0xFD, 0xFD,
  0x00, 0x73, 0x00, 0xB6, 0x00, 0xD7, 0x00, 0xC3, 0x00, 0x57, 0x00, 0xB2, 0x00, 0xD7, 0x00, 0x00,
  0x0F, 0xFF, 0x1F, 0xFF, 0x3D, 0xFF, 0x7D, 0xFF, 0xFF, 0xFF, 0xFD, 0xFF, 0xFA, 0xFE, 0xFE, 0xFE,
  0x00, 0x30, 0x00, 0x6A, 0x00, 0xFA, 0x00, 0xF6, 0x00, 0xA8, 0x00, 0x1E, 0x00, 0x3C, 0x00, 0x00,
  0x00, 0x00, 0x00, 0x00, 0x00, 0x00, 0x00, 0x00, 0x00, 0x00, 0x00, 0x00, 0x00, 0x00, 0x00, 0x00,
  0x00, 0x00, 0x00, 0x00, 0x00, 0x00, 0x00, 0x00, 0x00, 0x00, 0x00, 0x00, 0x00, 0x00, 0x00, 0x00,
  0x00, 0x00, 0x00, 0x00, 0x00, 0x00, 0x00, 0x00, 0x00, 0x00, 0x00, 0x00, 0x00, 0x00, 0x00, 0x00,
  0x00, 0x00, 0x00, 0x00, 0x00, 0x00, 0x00, 0x00, 0x00, 0x00, 0x00, 0x00, 0x00, 0x00, 0x00, 0x00,
  0x00, 0x00, 0x00, 0x00, 0x00, 0x00, 0x00, 0x00, 0x00, 0x00, 0x00, 0x00, 0x00, 0x00, 0x00, 0x00,
  0x00, 0x00, 0x00, 0x00, 0x00, 0x00, 0x00, 0x00, 0x00, 0x00, 0x00, 0x00, 0x00, 0x00, 0x00, 0x00,
  0x00, 0x00, 0x00, 0x00, 0x00, 0x00, 0x00, 0x00, 0x00, 0x00, 0x00, 0x00, 0x00, 0x00, 0x00, 0x00,
  0x00, 0x00, 0x00, 0x00, 0x00, 0x00, 0x00, 0x00, 0x00, 0x00, 0x00, 0x00, 0x00, 0x00, 0x00, 0x00,
  0x00, 0x00, 0x00, 0x00, 0x00, 0x00, 0x00, 0x00, 0x00, 0x00, 0x00, 0x00, 0x00, 0x00, 0x00, 0x00,
  0x00, 0x00, 0x00, 0x00, 0x00, 0x00, 0x00, 0x00, 0x00, 0x00, 0x00, 0x00, 0x00, 0x00, 0x00, 0x00,
  0x00, 0x00, 0x00, 0x00, 0x00, 0x00, 0x00, 0x00, 0x00, 0x00, 0x00, 0x00, 0x00, 0x00, 0x00, 0x00,
  0x00, 0x00, 0x00, 0x00, 0x00, 0x00, 0x00, 0x00, 0x00, 0x00, 0x00, 0x00, 0x00, 0x00, 0x00, 0x00,
  0xD0, 0xC9, 0x82, 0xD3, 0xA7, 0xE7, 0xAD, 0xAD, 0xCB, 0xDB, 0xFF, 0xFF, 0x4F, 0xF9, 0x7D, 0xB3,
  0x6F, 0x59, 0x7D, 0x51, 0x5B, 0x43, 0x34, 0x66, 0x10, 0x34, 0xC7, 0xC7, 0xF8, 0xFE, 0xB2, 0xFE,
  0xC4, 0xFC, 0xE2, 0xFE, 0x81, 0xFF, 0xA5, 0xFF, 0x15, 0xFF, 0x1F, 0xFF, 0xFF, 0xF4, 0xFE, 0xFE,
  0x00, 0x74, 0x00, 0xFA, 0x10, 0xE5, 0x00, 0xBD, 0x00, 0x9D, 0x00, 0xBF, 0x0F, 0xF9, 0x00, 0x00,
  0x01, 0x01, 0x02, 0x03, 0x04, 0x07, 0x04, 0x07, 0x05, 0x07, 0x07, 0x07, 0x03, 0x01, 0x03, 0x03,
  0x00, 0x01, 0x00, 0x03, 0x00, 0x05, 0x00, 0x05, 0x00, 0x06, 0x00, 0x06, 0x02, 0x00, 0x00, 0x00,
  0xD0, 0xC9, 0x82, 0xD3, 0xA7, 0xE7, 0xAD, 0xAD, 0xCB, 0xDB, 0xFF, 0xFF, 0x4F, 0xF9, 0x7D, 0xB3,
  0x6F, 0x59, 0x7D, 0x51, 0x5B, 0x43, 0x34, 0x66, 0x10, 0x34, 0xC7, 0xC7, 0xF8, 0xFE, 0xB2, 0xFE,
  0x00, 0x00, 0x00, 0x00, 0x00, 0x00, 0x00, 0x00, 0x00, 0x00, 0x00, 0x00, 0x80, 0x80, 0xF8, 0xF8,
  0x00, 0x00, 0x00, 0x00, 0x00, 0x00, 0x00, 0x00, 0x00, 0x00, 0x00, 0x00, 0x80, 0x80, 0x80, 0xB8,
  0x00, 0x00, 0x00, 0x00, 0x00, 0x00, 0x00, 0x00, 0x00, 0x00, 0x1F, 0x1F, 0x2D, 0x3B, 0x55, 0x6F,
  0x00, 0x00, 0x00, 0x00, 0x00, 0x00, 0x00, 0x00, 0x00, 0x00, 0x1F, 0x1F, 0x3B, 0x3F, 0x6F, 0x77,
  0x00, 0x00, 0x00, 0x00, 0x00, 0x00, 0x00, 0x00, 0x00, 0x00, 0x00, 0x00, 0x00, 0x00, 0x00, 0x00,
  0x00, 0x00, 0x00, 0x00, 0x00, 0x00, 0x00, 0x00, 0x00, 0x00, 0x00, 0x00, 0x00, 0x00, 0x00, 0x00,
  0x00, 0x00, 0x00, 0x00, 0x00, 0x00, 0x00, 0x00, 0x00, 0x00, 0x00, 0x00, 0x00, 0x00, 0x00, 0x00,
  0x00, 0x00, 0x00, 0x00, 0x00, 0x00, 0x00, 0x00, 0x00, 0x00, 0x00, 0x00, 0x00, 0x00, 0x00, 0x00,
  0xC4, 0xFC, 0xED, 0xFC, 0x7F, 0xFD, 0xF7, 0xE7, 0xFF, 0xF7, 0x3F, 0xFF, 0x3F, 0xFF, 0x3E, 0xFF,
  0x03, 0x6B, 0x02, 0xBA, 0x00, 0xD8, 0x08, 0x08, 0x00, 0xC1, 0x00, 0xE1, 0x00, 0xF1, 0x00, 0xF3,
  0xFC, 0x7C, 0xCC, 0xFC, 0x86, 0xFE, 0x82, 0xFE, 0x02, 0xFE, 0x84, 0xFC, 0x64, 0xFC, 0x18, 0xF8,
  0x00, 0x30, 0x00, 0x78, 0x00, 0xCC, 0x20, 0x86, 0x00, 0x86, 0x00, 0xCC, 0x00, 0xFC, 0x00, 0x38,
  0x01, 0x01, 0x01, 0x01, 0x01, 0x01, 0x02, 0x03, 0x03, 0x03, 0x06, 0x07, 0x08, 0x0F, 0x0F, 0x0F,
  0x00, 0x00, 0x00, 0x00, 0x00, 0x01, 0x00, 0x00, 0x00, 0x01, 0x00, 0x07, 0x00, 0x0C, 0x00, 0x00,
  0x01, 0x01, 0x02, 0x03, 0x00, 0x03, 0x01, 0x03, 0x03, 0x03, 0x03, 0x03, 0x02, 0x03, 0x01, 0x01,
  0x00, 0x00, 0x00, 0x03, 0x00, 0x01, 0x00, 0x03, 0x00, 0x00, 0x00, 0x03, 0x00, 0x03, 0x00, 0x01,
  0x00, 0x00, 0x00, 0x00, 0x00, 0x00, 0x00, 0x00, 0x00, 0x00, 0x00, 0x00, 0x00, 0x00, 0x00, 0x00,
  0x00, 0x00, 0x00, 0x00, 0x00, 0x00, 0x00, 0x00, 0x00, 0x00, 0x00, 0x00, 0x00, 0x00, 0x00, 0x00,
  0x00, 0x00, 0x00, 0x00, 0x00, 0x00, 0x00, 0x00, 0x00, 0x00, 0x00, 0x00, 0x00, 0x00, 0x00, 0x00,
  0x00, 0x00, 0x00, 0x00, 0x00, 0x00, 0x00, 0x00, 0x00, 0x00, 0x00, 0x00, 0x00, 0x00, 0x00, 0x00,
  0x00, 0x00, 0x00, 0x00, 0x00, 0x00, 0x00, 0x00, 0x00, 0x00, 0x00, 0x00, 0x00, 0x00, 0x00, 0x00,
  0x00, 0x00, 0x00, 0x00, 0x00, 0x00, 0x00, 0x00, 0x00, 0x00, 0x00, 0x00, 0x00, 0x00, 0x00, 0x00,
  0x00, 0x00, 0x00, 0x00, 0x00, 0x00, 0x00, 0x00, 0x00, 0x00, 0x00, 0x00, 0x00, 0x00, 0x00, 0x00,
  0x00, 0x00, 0x00, 0x00, 0x00, 0x00, 0x00, 0x00, 0x00, 0x00, 0x00, 0x00, 0x00, 0x00, 0x00, 0x00,
  0xBB, 0xE7, 0xEF, 0xFF, 0xB1, 0xF1, 0x9F, 0xFF, 0xF0, 0x7F, 0xE0, 0x3F, 0xF9, 0x7F, 0xFF, 0xFF,
  0x64, 0x7C, 0x31, 0x31, 0x0E, 0xCE, 0x00, 0xDF, 0x80, 0x49, 0xC0, 0x51, 0x80, 0x8F, 0x00, 0x00,
  0xFE, 0xFE, 0xC2, 0xFE, 0x86, 0xFE, 0xC4, 0xFC, 0xEC, 0xFC, 0x78, 0xF8, 0xD8, 0xF8, 0xF0, 0xF0,
  0x00, 0x3C, 0x10, 0x64, 0x00, 0x44, 0x00, 0x6C, 0x00, 0xB8, 0x00, 0xC0, 0x00, 0x70, 0x00, 0x20,
  0x01, 0x03, 0x03, 0x03, 0x3F, 0x15, 0x57, 0x14, 0x2E, 0x2E, 0x3F, 0x3A, 0x5F, 0x14, 0x3F, 0x3F,
  0x00, 0x03, 0x00, 0x00, 0x2A, 0x2B, 0x43, 0x68, 0x04, 0x51, 0x15, 0x40, 0x4B, 0x6B, 0x00, 0x00,
  0xBB, 0xE7, 0xEF, 0xFF, 0xB1, 0xF1, 0x9F, 0xFF, 0xF0, 0x7F, 0xE0, 0x3F, 0xF9, 0x7F, 0xFF, 0xFF,
  0x64, 0x7C, 0x31, 0x31, 0x0E, 0xCE, 0x00, 0xDF, 0x80, 0x49, 0xC0, 0x51, 0x80, 0x8F, 0x00, 0x00,
  0x00, 0x00, 0x00, 0x00, 0x00, 0x00, 0x00, 0x00, 0x00, 0x00, 0x00, 0x00, 0x00, 0x00, 0x00, 0x00,
  0x00, 0x00, 0x00, 0x00, 0x00, 0x00, 0x00, 0x00, 0x00, 0x00, 0x00, 0x00, 0x00, 0x00, 0x00, 0x00,
  0x00, 0x00, 0x00, 0x00, 0x00, 0x00, 0x00, 0x00, 0x00, 0x00, 0x00, 0x00, 0x00, 0x00, 0x00, 0x00,
  0x00, 0x00, 0x00, 0x00, 0x00, 0x00, 0x00, 0x00, 0x00, 0x00, 0x00, 0x00, 0x00, 0x00, 0x00, 0x00,
  0x00, 0x00, 0x00, 0x00, 0x00, 0x00, 0x00, 0x00, 0x00, 0x00, 0x00, 0x00, 0x00, 0x00, 0x00, 0x00,
  0x00, 0x00, 0x00, 0x00, 0x00, 0x00, 0x00, 0x00, 0x00, 0x00, 0x00, 0x00, 0x00, 0x00, 0x00, 0x00,
  0x00, 0x00, 0x00, 0x00, 0x00, 0x00, 0x00, 0x00, 0x00, 0x00, 0x00, 0x00, 0x00, 0x00, 0x00, 0x00,
  0x00, 0x00, 0x00, 0x00, 0x00, 0x00, 0x00, 0x00, 0x00, 0x00, 0x00, 0x00, 0x00, 0x00, 0x00, 0x00,
  0xFE, 0xFF, 0xFC, 0xFF, 0x7C, 0xFF, 0x3F, 0xFF, 0xFB, 0xFF, 0xE9, 0xFF, 0x6F, 0xFF, 0xFD, 0xFD,
  0x00, 0x73, 0x00, 0xB6, 0x00, 0xD7, 0x00, 0xC3, 0x00, 0x57, 0x00, 0xB2, 0x00, 0xD7, 0x00, 0x00,
  0x0F, 0xFF, 0x1F, 0xFF, 0x3D, 0xFF, 0x7D, 0xFF, 0xFF, 0xFF, 0xFD, 0xFF, 0xFA, 0xFE, 0xFE, 0xFE,
  0x00, 0x30, 0x00, 0x6A, 0x00, 0xFA, 0x00, 0xF6, 0x00, 0xA8, 0x00, 0x1E, 0x00, 0x3C, 0x00, 0x00,
  0x00, 0x00, 0x00, 0x00, 0x00, 0x00, 0x00, 0x00, 0x00, 0x00, 0x00, 0x00, 0x00, 0x00, 0x00, 0x00,
  0x00, 0x00, 0x00, 0x00, 0x00, 0x00, 0x00, 0x00, 0x00, 0x00, 0x00, 0x00, 0x00, 0x00, 0x00, 0x00,
  0x00, 0x00, 0x00, 0x00, 0x00, 0x00, 0x00, 0x00, 0x00, 0x00, 0x00, 0x00, 0x00, 0x00, 0x00, 0x00,
  0x00, 0x00, 0x00, 0x00, 0x00, 0x00, 0x00, 0x00, 0x00, 0x00, 0x00, 0x00, 0x00, 0x00, 0x00, 0x00,
  0x00, 0x00, 0x00, 0x00, 0x00, 0x00, 0x00, 0x00, 0x00, 0x00, 0x00, 0x00, 0x00, 0x00, 0x00, 0x00,
  0x00, 0x00, 0x00, 0x00, 0x00, 0x00, 0x00, 0x00, 0x00, 0x00, 0x00, 0x00, 0x00, 0x00, 0x00, 0x00,
  0x00, 0x00, 0x00, 0x00, 0x00, 0x00, 0x00, 0x00, 0x00, 0x00, 0x00, 0x00, 0x00, 0x00, 0x00, 0x00,
  0x00, 0x00, 0x00, 0x00, 0x00, 0x00, 0x00, 0x00, 0x00, 0x00, 0x00, 0x00, 0x00, 0x00, 0x00, 0x00,
  0x00, 0x00, 0x00, 0x00, 0x00, 0x00, 0x00, 0x00, 0x00, 0x00, 0x00, 0x00, 0x00, 0x00, 0x00, 0x00,
  0x00, 0x00, 0x00, 0x00, 0x00, 0x00, 0x00, 0x00, 0x00, 0x00, 0x00, 0x00, 0x00, 0x00, 0x00, 0x00,
  0x00, 0x00, 0x00, 0x00, 0x00, 0x00, 0x00, 0x00, 0x00, 0x00, 0x00, 0x00, 0x00, 0x00, 0x00, 0x00,
  0x00, 0x00, 0x00, 0x00, 0x00, 0x00, 0x00, 0x00, 0x00, 0x00, 0x00, 0x00, 0x00, 0x00, 0x00, 0x00,
  0x00, 0x00, 0x00, 0x00, 0x00, 0x00, 0x00, 0x00, 0x00, 0x00, 0x00, 0x00, 0x3C, 0x3C, 0x42, 0x7E,
  0x00, 0x00, 0x00, 0x00, 0x00, 0x00, 0x00, 0x00, 0x00, 0x00, 0x00, 0x00, 0x00, 0x3C, 0x00, 0x46,
  0x00, 0x00, 0x00, 0x00, 0x00, 0x00, 0x00, 0x00, 0x00, 0x00, 0x63, 0x7F, 0xDD, 0xE3, 0xE2, 0xBF,
  0x00, 0x00, 0x00, 0x00, 0x00, 0x00, 0x00, 0x00, 0x00, 0x00, 0x7F, 0x7F, 0xE3, 0xFF, 0xBF, 0xF7,
  0x9F, 0xFF, 0xA3, 0xFF, 0xC1, 0xFF, 0xE1, 0xFF, 0xFB, 0xFF, 0xD7, 0x13, 0xFF, 0xFF, 0x7F, 0x7F,
  0x00, 0xFE, 0x08, 0xE2, 0x00, 0xE3, 0x00, 0xF7, 0x00, 0x1E, 0xD4, 0xA8, 0x00, 0x00, 0x00, 0x7C,
  0x41, 0xDD, 0x41, 0xC9, 0xA2, 0xA2, 0xF7, 0xF7, 0xFF, 0xF7, 0xFF, 0xFF, 0x6B, 0xDD, 0x7F, 0xAA,
  0xFF, 0xDD, 0xFF, 0xC9, 0xBE, 0xE3, 0x7F, 0x55, 0x49, 0x41, 0xF7, 0xF7, 0xD5, 0xF7, 0xA2, 0xF7,
  0x41, 0xDD, 0x41, 0xC9, 0xA2, 0xA2, 0xF7, 0xF7, 0xFF, 0xF7, 0xFF, 0xFF, 0x6B, 0xDD, 0x7F, 0xAA,
  0xFF, 0xDD, 0xFF, 0xC9, 0xBE, 0xE3, 0x7F, 0x55, 0x49, 0x41, 0xF7, 0xF7, 0xD5, 0xF7, 0xA2, 0xF7,
  0x42, 0xFE, 0x5F, 0xFF, 0xE3, 0xFF, 0xC0, 0xFF, 0xC1, 0xFF, 0xEF, 0xFF, 0xEF, 0xCC, 0xFF, 0xFF,
  0x80, 0xE6, 0x80, 0xBF, 0x88, 0xB3, 0x00, 0x73, 0x00, 0x7B, 0x80, 0xBC, 0xAF, 0x91, 0x80, 0xA0,
  0x00, 0x00, 0x00, 0x00, 0x00, 0x00, 0x00, 0x00, 0x00, 0x00, 0x00, 0x00, 0x80, 0x80, 0x9C, 0x9C,
  0x00, 0x00, 0x00, 0x00, 0x00, 0x00, 0x00, 0x00, 0x00, 0x00, 0x00, 0x00, 0x80, 0x80, 0x80, 0x9C,
  0x00, 0x00, 0x00, 0x00, 0x00, 0x00, 0x00, 0x00, 0x00, 0x00, 0x00, 0x00, 0x00, 0x00, 0x00, 0x00,
  0x00, 0x00, 0x00, 0x00, 0x00, 0x00, 0x00, 0x00, 0x00, 0x00, 0x00, 0x00, 0x00, 0x00, 0x00, 0x00,
  0x7C, 0x70, 0x7F, 0x78, 0x9F, 0xFC, 0x9F, 0xFC, 0x1F, 0xF6, 0x1F, 0xF7, 0x1F, 0xF3, 0xEF, 0xE3,
  0x03, 0x63, 0x00, 0x70, 0x00, 0xD0, 0x00, 0x90, 0x40, 0x90, 0x00, 0xB0, 0x00, 0xF1, 0x10, 0xF1,
  0xFC, 0x3C, 0xEE, 0x7E, 0xE6, 0xFE, 0xF6, 0xFF, 0xC2, 0xFF, 0xC2, 0x7F, 0xE6, 0x7F, 0xFC, 0x7F,
  0x00, 0x08, 0x00, 0x1A, 0x00, 0x2E, 0x00, 0x7B, 0x00, 0x66, 0x00, 0x24, 0x00, 0x3C, 0x00, 0x3F,
  0x00, 0x00, 0x00, 0x00, 0x00, 0x00, 0x00, 0x00, 0x00, 0x00, 0x00, 0x00, 0x00, 0x00, 0x00, 0x00,
  0x00, 0x00, 0x00, 0x00, 0x00, 0x00, 0x00, 0x00, 0x00, 0x00, 0x00, 0x00, 0x00, 0x00, 0x00, 0x00,
  0x00, 0x00, 0x00, 0x00, 0x00, 0x00, 0x00, 0x00, 0x00, 0x00, 0x00, 0x00, 0x00, 0x00, 0x00, 0x00,
  0x00, 0x00, 0x00, 0x00, 0x00, 0x00, 0x00, 0x00, 0x00, 0x00, 0x00, 0x00, 0x00, 0x00, 0x00, 0x00,
  0x00, 0x00, 0x00, 0x00, 0x00, 0x00, 0x00, 0x00, 0x00, 0x00, 0x00, 0x00, 0x00, 0x00, 0x00, 0x00,
  0x00, 0x00, 0x00, 0x00, 0x00, 0x00, 0x00, 0x00, 0x00, 0x00, 0x00, 0x00, 0x00, 0x00, 0x00, 0x00,
  0x00, 0x00, 0x00, 0x00, 0x00, 0x00, 0x00, 0x00, 0x00, 0x00, 0x00, 0x00, 0x00, 0x00, 0x00, 0x00,
  0x00, 0x00, 0x00, 0x00, 0x00, 0x00, 0x00, 0x00, 0x00, 0x00, 0x00, 0x00, 0x00, 0x00, 0x00, 0x00,
  0x00, 0x00, 0x00, 0x00, 0x00, 0x00, 0x00, 0x00, 0x00, 0x00, 0x00, 0x00, 0x00, 0x00, 0x00, 0x00,
  0x00, 0x00, 0x00, 0x00, 0x00, 0x00, 0x00, 0x00, 0x00, 0x00, 0x00, 0x00, 0x00, 0x00, 0x00, 0x00,
  0x00, 0x00, 0x00, 0x00, 0x00, 0x00, 0x00, 0x00, 0x00, 0x00, 0x00, 0x00, 0x00, 0x00, 0x00, 0x00,
  0x00, 0x00, 0x00, 0x00, 0x00, 0x00, 0x00, 0x00, 0x00, 0x00, 0x00, 0x00, 0x00, 0x00, 0x00, 0x00,
  0x9F, 0xFF, 0xA3, 0xFF, 0xC1, 0xFF, 0xE1, 0xFF, 0xFB, 0xFF, 0xD7, 0x13, 0xFF, 0xFF, 0x7F, 0x7F,
  0x00, 0xFE, 0x08, 0xE2, 0x00, 0xE3, 0x00, 0xF7, 0x00, 0x1E, 0xD4, 0xA8, 0x00, 0x00, 0x00, 0x7C,
  0x41, 0xDD, 0x41, 0xC9, 0xA2, 0xA2, 0xF7, 0xF7, 0xFF, 0xF7, 0xFF, 0xFF, 0x6B, 0xDD, 0x7F, 0xAA,
  0xFF, 0xDD, 0xFF, 0xC9, 0xBE, 0xE3, 0x7F, 0x55, 0x49, 0x41, 0xF7, 0xF7, 0xD5, 0xF7, 0xA2, 0xF7,
  0x47, 0x7F, 0x47, 0x7E, 0x4F, 0x78, 0x55, 0x71, 0x3F, 0x38, 0x37, 0x32, 0x1F, 0x11, 0x0F, 0x09,
  0x00, 0x7C, 0x11, 0x4C, 0x07, 0x6B, 0x04, 0x7A, 0x0F, 0x25, 0x05, 0x2C, 0x0E, 0x02, 0x06, 0x02,
  0xBE, 0xDD, 0xC9, 0x7F, 0xBF, 0xBF, 0xE1, 0xFF, 0xE0, 0xBF, 0x70, 0x7F, 0xFC, 0xBF, 0xFF, 0xC3,
  0xD5, 0xF7, 0xF7, 0x77, 0x00, 0x40, 0x00, 0x3F, 0x42, 0x78, 0x00, 0x9C, 0x40, 0x47, 0x00, 0x02,
  0xBE, 0xDD, 0xC9, 0x7F, 0xBF, 0xBF, 0xE1, 0xFF, 0xE0, 0xBF, 0x70, 0x7F, 0xFC, 0xBF, 0xFF, 0xC3,
  0xD5, 0xF7, 0xF7, 0x77, 0x00, 0x40, 0x00, 0x3F, 0x42, 0x78, 0x00, 0x9C, 0x40, 0x47, 0x00, 0x02,
  0xFE, 0xFE, 0xE2, 0xFE, 0xC2, 0xFE, 0xC4, 0xFC, 0x6C, 0xFC, 0x78, 0xF8, 0x40, 0xF0, 0xC0, 0xF0,
  0x80, 0xBE, 0x00, 0x26, 0x08, 0x26, 0x00, 0xA4, 0x00, 0xBC, 0x00, 0x98, 0x00, 0xB0, 0x00, 0xA0,
  0x00, 0x00, 0x00, 0x00, 0x00, 0x00, 0x00, 0x00, 0x00, 0x00, 0x00, 0x00, 0x00, 0x00, 0x00, 0x00,
  0x00, 0x00, 0x00, 0x00, 0x00, 0x00, 0x00, 0x00, 0x00, 0x00, 0x00, 0x00, 0x00, 0x00, 0x00, 0x00,
  0x00, 0x00, 0x00, 0x00, 0x00, 0x00, 0x00, 0x00, 0x00, 0x00, 0x00, 0x00, 0x00, 0x00, 0x00, 0x00,
  0x00, 0x00, 0x00, 0x00, 0x00, 0x00, 0x00, 0x00, 0x00, 0x00, 0x00, 0x00, 0x00, 0x00, 0x00, 0x00,
  0xAF, 0xE3, 0x2F, 0xE3, 0xAF, 0xE7, 0xBF, 0xE7, 0xFF, 0xE7, 0x7F, 0x7F, 0x3F, 0x3F, 0x00, 0x00,
  0x10, 0xF1, 0x10, 0xB1, 0x10, 0xB0, 0x00, 0x63, 0x00, 0x22, 0x00, 0x32, 0x00, 0x06, 0x00, 0x00,
  0xFD, 0xFF, 0xFF, 0xFF, 0x6E, 0x7E, 0x24, 0x3C, 0x66, 0x7E, 0x66, 0x7E, 0xC3, 0xFF, 0xFF, 0xFF,
  0x00, 0x22, 0x00, 0x1A, 0x00, 0x18, 0x00, 0x28, 0x00, 0x20, 0x00, 0x3C, 0x00, 0x66, 0x00, 0x00,
  0x00, 0x00, 0x00, 0x00, 0x00, 0x00, 0x00, 0x00, 0x00, 0x00, 0x00, 0x00, 0x00, 0x00, 0x00, 0x00,
  0x00, 0x00, 0x00, 0x00, 0x00, 0x00, 0x00, 0x00, 0x00, 0x00, 0x00, 0x00, 0x00, 0x00, 0x00, 0x00,
  0x00, 0x00, 0x00, 0x00, 0x00, 0x00, 0x00, 0x00, 0x00, 0x00, 0x00, 0x00, 0x00, 0x00, 0x00, 0x00,
  0x00, 0x00, 0x00, 0x00, 0x00, 0x00, 0x00, 0x00, 0x00, 0x00, 0x00, 0x00, 0x00, 0x00, 0x00, 0x00,
  0x00, 0x00, 0x00, 0x00, 0x00, 0x00, 0x00, 0x00, 0x00, 0x00, 0x00, 0x00, 0x00, 0x00, 0x00, 0x00,
  0x00, 0x00, 0x00, 0x00, 0x00, 0x00, 0x00, 0x00, 0x00, 0x00, 0x00, 0x00, 0x00, 0x00, 0x00, 0x00,
  0x00, 0x00, 0x00, 0x00, 0x00, 0x00, 0x00, 0x00, 0x00, 0x00, 0x00, 0x00, 0x00, 0x00, 0x00, 0x00,
  0x00, 0x00, 0x00, 0x00, 0x00, 0x00, 0x00, 0x00, 0x00, 0x00, 0x00, 0x00, 0x00, 0x00, 0x00, 0x00,
  0x00, 0x00, 0x00, 0x00, 0x00, 0x00, 0x00, 0x00, 0x00, 0x00, 0x00, 0x00, 0x00, 0x00, 0x00, 0x00,
  0x00, 0x00, 0x00, 0x00, 0x00, 0x00, 0x00, 0x00, 0x00, 0x00, 0x00, 0x00, 0x00, 0x00, 0x00, 0x00,
  0x00, 0x00, 0x00, 0x00, 0x00, 0x00, 0x00, 0x00, 0x00, 0x00, 0x00, 0x00, 0x00, 0x00, 0x00, 0x00,
  0x00, 0x00, 0x00, 0x00, 0x00, 0x00, 0x00, 0x00, 0x00, 0x00, 0x00, 0x00, 0x00, 0x00, 0x00, 0x00,
  0x0C, 0x0F, 0x08, 0x0F, 0x12, 0x1F, 0x14, 0x1F, 0x15, 0x1F, 0x1F, 0x1F, 0x1D, 0x04, 0x0F, 0x0F,
  0x00, 0x0E, 0x00, 0x0F, 0x00, 0x1E, 0x00, 0x1F, 0x00, 0x1F, 0x00, 0x1F, 0x1D, 0x12, 0x00, 0x00,
  0x61, 0xF2, 0xE8, 0xF9, 0x3C, 0xDC, 0x96, 0xF6, 0x1A, 0xFB, 0x3F, 0xCF, 0xF2, 0x7F, 0xF5, 0xFB,
  0x3E, 0x33, 0x17, 0xD1, 0x3B, 0x78, 0x05, 0xAC, 0x01, 0x25, 0x3C, 0xFC, 0x8F, 0x6F, 0x0B, 0x0F,
  0x61, 0xF2, 0xE8, 0xF9, 0x3C, 0xDC, 0x96, 0xF6, 0x1A, 0xFB, 0x3F, 0xCF, 0xF2, 0x7F, 0xF5, 0xFB,
  0x3E, 0x33, 0x17, 0xD1, 0x3B, 0x78, 0x05, 0xAC, 0x01, 0x25, 0x3C, 0xFC, 0x8F, 0x6F, 0x0B, 0x0F,
  0x68, 0x78, 0x24, 0x7C, 0xA4, 0x7C, 0xA4, 0xBC, 0x74, 0x7C, 0xFC, 0xFC, 0x58, 0xF8, 0xF8, 0x98,
  0xC0, 0x58, 0xC0, 0x4C, 0xC8, 0xC4, 0x80, 0xD4, 0x00, 0x8C, 0x60, 0x6C, 0xE8, 0xE4, 0x80, 0xE0,
  0x00, 0x00, 0x00, 0x00, 0x00, 0x00, 0x00, 0x00, 0x00, 0x00, 0x00, 0x00, 0x80, 0x80, 0xF8, 0xF8,
  0x00, 0x00, 0x00, 0x00, 0x00, 0x00, 0x00, 0x00, 0x00, 0x00, 0x00, 0x00, 0x80, 0x80, 0x80, 0xB8,
  0x00, 0x00, 0x00, 0x00, 0x00, 0x00, 0x00, 0x00, 0x00, 0x00, 0x1F, 0x1F, 0x2D, 0x3B, 0x55, 0x6F,
  0x00, 0x00, 0x00, 0x00, 0x00, 0x00, 0x00, 0x00, 0x00, 0x00, 0x1F, 0x1F, 0x3B, 0x3F, 0x6F, 0x77,
  0x00, 0x00, 0x00, 0x00, 0x00, 0x00, 0x00, 0x00, 0x00, 0x00, 0x00, 0x00, 0x00, 0x00, 0x00, 0x00,
  0x00, 0x00, 0x00, 0x00, 0x00, 0x00, 0x00, 0x00, 0x00, 0x00, 0x00, 0x00, 0x00, 0x00, 0x00, 0x00,
  0x00, 0x00, 0x00, 0x00, 0x00, 0x00, 0x00, 0x00, 0x00, 0x00, 0x00, 0x00, 0x00, 0x00, 0x00, 0x00,
  0x00, 0x00, 0x00, 0x00, 0x00, 0x00, 0x00, 0x00, 0x00, 0x00, 0x00, 0x00, 0x00, 0x00, 0x00, 0x00,
  0xC4, 0xFC, 0xED, 0xFC, 0x7F, 0xFD, 0xF7, 0xE7, 0xFF, 0xF7, 0x3F, 0xFF, 0x3F, 0xFF, 0x3E, 0xFF,
  0x03, 0x6B, 0x02, 0xBA, 0x00, 0xD8, 0x08, 0x08, 0x00, 0xC1, 0x00, 0xE1, 0x00, 0xF1, 0x00, 0xF3,
  0xFC, 0x7C, 0xCC, 0xFC, 0x86, 0xFE, 0x82, 0xFE, 0x02, 0xFE, 0x84, 0xFC, 0x64, 0xFC, 0x18, 0xF8,
  0x00, 0x30, 0x00, 0x78, 0x00, 0xCC, 0x20, 0x86, 0x00, 0x86, 0x00, 0xCC, 0x00, 0xFC, 0x00, 0x38,
  0x01, 0x01, 0x01, 0x01, 0x01, 0x01, 0x02, 0x03, 0x03, 0x03, 0x06, 0x07, 0x08, 0x0F, 0x0F, 0x0F,
  0x00, 0x00, 0x00, 0x00, 0x00, 0x01, 0x00, 0x00, 0x00, 0x01, 0x00, 0x07, 0x00, 0x0C, 0x00, 0x00,
  0x01, 0x01, 0x02, 0x03, 0x00, 0x03, 0x01, 0x03, 0x03, 0x03, 0x03, 0x03, 0x02, 0x03, 0x01, 0x01,
  0x00, 0x00, 0x00, 0x03, 0x00, 0x01, 0x00, 0x03, 0x00, 0x00, 0x00, 0x03, 0x00, 0x03, 0x00, 0x01,
  0x00, 0x00, 0x00, 0x00, 0x00, 0x00, 0x00, 0x00, 0x00, 0x00, 0x00, 0x00, 0x00, 0x00, 0x00, 0x00,
  0x00, 0x00, 0x00, 0x00, 0x00, 0x00, 0x00, 0x00, 0x00, 0x00, 0x00, 0x00, 0x00, 0x00, 0x00, 0x00,
  0x00, 0x00, 0x00, 0x00, 0x00, 0x00, 0x00, 0x00, 0x00, 0x00, 0x00, 0x00, 0x00, 0x00, 0x00, 0x00,
  0x00, 0x00, 0x00, 0x00, 0x00, 0x00, 0x00, 0x00, 0x00, 0x00, 0x00, 0x00, 0x00, 0x00, 0x00, 0x00,
  0x00, 0x00, 0x00, 0x00, 0x00, 0x00, 0x00, 0x00, 0x00, 0x00, 0x00, 0x00, 0x00, 0x00, 0x00, 0x00,
  0x00, 0x00, 0x00, 0x00, 0x00, 0x00, 0x00, 0x00, 0x00, 0x00, 0x00, 0x00, 0x00, 0x00, 0x00, 0x00,
  0x00, 0x00, 0x00, 0x00, 0x00, 0x00, 0x00, 0x00, 0x00, 0x00, 0x00, 0x00, 0x00, 0x00, 0x00, 0x00,
  0x00, 0x00, 0x00, 0x00, 0x00, 0x00, 0x00, 0x00, 0x00, 0x00, 0x00, 0x00, 0x00, 0x00, 0x00, 0x00,
  0x0F, 0x0F, 0x08, 0x0F, 0x0C, 0x0F, 0x04, 0x07, 0x06, 0x07, 0x03, 0x03, 0x03, 0x03, 0x01, 0x01,
  0x00, 0x07, 0x00, 0x04, 0x00, 0x06, 0x00, 0x07, 0x00, 0x03, 0x00, 0x00, 0x00, 0x01, 0x00, 0x00,
  0xF8, 0xFF, 0x7E, 0xFF, 0x3F, 0xE1, 0x7B, 0xC1, 0xC3, 0xC3, 0xFF, 0xC2, 0x7F, 0xE1, 0xFF, 0xFF,
  0x07, 0x87, 0x01, 0xD1, 0x1E, 0x5E, 0x3A, 0xE4, 0x01, 0xBC, 0x3D, 0x00, 0x1E, 0x9E, 0x00, 0x80,
  0xF8, 0xFF, 0x7E, 0xFF, 0x3F, 0xE1, 0x7B, 0xC1, 0xC3, 0xC3, 0xFF, 0xC2, 0x7F, 0xE1, 0xFF, 0xFF,
  0x07, 0x87, 0x01, 0xD1, 0x1E, 0x5E, 0x3A, 0xE4, 0x01, 0xBC, 0x3D, 0x00, 0x1E, 0x9E, 0x00, 0x80,
  0xF8, 0xB8, 0xE8, 0xF8, 0xC4, 0x3C, 0x50, 0x4C, 0xA4, 0xAC, 0xE8, 0xE8, 0xC0, 0x40, 0xE0, 0xE0,
  0x80, 0xC8, 0x80, 0x98, 0xC0, 0xF4, 0x10, 0xB4, 0x00, 0x5C, 0x40, 0x18, 0x80, 0xA0, 0x00, 0x00,
  0x00, 0x00, 0x00, 0x00, 0x00, 0x00, 0x00, 0x00, 0x00, 0x00, 0x00, 0x00, 0x00, 0x00, 0x00, 0x00,
  0x00, 0x00, 0x00, 0x00, 0x00, 0x00, 0x00, 0x00, 0x00, 0x00, 0x00, 0x00, 0x00, 0x00, 0x00, 0x00,
  0x00, 0x00, 0x00, 0x00, 0x00, 0x00, 0x00, 0x00, 0x00, 0x00, 0x00, 0x00, 0x00, 0x00, 0x00, 0x00,
  0x00, 0x00, 0x00, 0x00, 0x00, 0x00, 0x00, 0x00, 0x00, 0x00, 0x00, 0x00, 0x00, 0x00, 0x00, 0x00,
  0x00, 0x00, 0x00, 0x00, 0x00, 0x00, 0x00, 0x00, 0x00, 0x00, 0x00, 0x00, 0x00, 0x00, 0x00, 0x00,
  0x00, 0x00, 0x00, 0x00, 0x00, 0x00, 0x00, 0x00, 0x00, 0x00, 0x00, 0x00, 0x00, 0x00, 0x00, 0x00,
  0x00, 0x00, 0x00, 0x00, 0x00, 0x00, 0x00, 0x00, 0x00, 0x00, 0x00, 0x00, 0x00, 0x00, 0x00, 0x00,
  0x00, 0x00, 0x00, 0x00, 0x00, 0x00, 0x00, 0x00, 0x00, 0x00, 0x00, 0x00, 0x00, 0x00, 0x00, 0x00,
  0xFE, 0xFF, 0xFC, 0xFF, 0x7C, 0xFF, 0x3F, 0xFF, 0xFB, 0xFF, 0xE9, 0xFF, 0x6F, 0xFF, 0xFD, 0xFD,
  0x00, 0x73, 0x00, 0xB6, 0x00, 0xD7, 0x00, 0xC3, 0x00, 0x57, 0x00, 0xB2, 0x00, 0xD7, 0x00, 0x00,
  0x0F, 0xFF, 0x1F, 0xFF, 0x3D, 0xFF, 0x7D, 0xFF, 0xFF, 0xFF, 0xFD, 0xFF, 0xFA, 0xFE, 0xFE, 0xFE,
  0x00, 0x30, 0x00, 0x6A, 0x00, 0xFA, 0x00, 0xF6, 0x00, 0xA8, 0x00, 0x1E, 0x00, 0x3C, 0x00, 0x00,
  0x00, 0x00, 0x00, 0x00, 0x00, 0x00, 0x00, 0x00, 0x00, 0x00, 0x00, 0x00, 0x00, 0x00, 0x00, 0x00,
  0x00, 0x00, 0x00, 0x00, 0x00, 0x00, 0x00, 0x00, 0x00, 0x00, 0x00, 0x00, 0x00, 0x00, 0x00, 0x00,
  0x00, 0x00, 0x00, 0x00, 0x00, 0x00, 0x00, 0x00, 0x00, 0x00, 0x00, 0x00, 0x00, 0x00, 0x00, 0x00,
  0x00, 0x00, 0x00, 0x00, 0x00, 0x00, 0x00, 0x00, 0x00, 0x00, 0x00, 0x00, 0x00, 0x00, 0x00, 0x00,
  0x00, 0x00, 0x00, 0x00, 0x00, 0x00, 0x00, 0x00, 0x00, 0x00, 0x00, 0x00, 0x00, 0x00, 0x00, 0x00,
  0x00, 0x00, 0x00, 0x00, 0x00, 0x00, 0x00, 0x00, 0x00, 0x00, 0x00, 0x00, 0x00, 0x00, 0x00, 0x00,
  0x00, 0x00, 0x00, 0x00, 0x00, 0x00, 0x00, 0x00, 0x00, 0x00, 0x00, 0x00, 0x00, 0x00, 0x00, 0x00,
  0x00, 0x00, 0x00, 0x00, 0x00, 0x00, 0x00, 0x00, 0x00, 0x00, 0x00, 0x00, 0x00, 0x00, 0x00, 0x00,
  0x00, 0x00, 0x00, 0x00, 0x00, 0x00, 0x00, 0x00, 0x00, 0x00, 0x00, 0x00, 0x00, 0x00, 0x00, 0x00,
  0x00, 0x00, 0x00, 0x00, 0x00, 0x00, 0x00, 0x00, 0x00, 0x00, 0x00, 0x00, 0x00, 0x00, 0x00, 0x00,
  0x00, 0x00, 0x00, 0x00, 0x00, 0x00, 0x00, 0x00, 0x00, 0x00, 0x00, 0x00, 0x00, 0x00, 0x00, 0x00,
  0x00, 0x00, 0x00, 0x00, 0x00, 0x00, 0x00, 0x00, 0x00, 0x00, 0x00, 0x00, 0x00, 0x00, 0x00, 0x00,
  0x07, 0x07, 0x1C, 0x1F, 0x30, 0x3F, 0x60, 0x7F, 0x60, 0x7F, 0xD0, 0xFF, 0x8C, 0xFF, 0x87, 0xFF,
  0x00, 0x07, 0x00, 0x1F, 0x00, 0x3E, 0x00, 0x7C, 0x00, 0x58, 0x00, 0xF0, 0x00, 0xED, 0x00, 0xC7,
  0xE0, 0xE0, 0x38, 0xF8, 0x0C, 0xFC, 0x0E, 0xFE, 0x06, 0xFE, 0x07, 0xFF, 0x0F, 0xFF, 0x77, 0xFF,
  0x00, 0xE0, 0x00, 0xF8, 0x00, 0x7C, 0x00, 0x3E, 0x00, 0x3E, 0x00, 0x7E, 0x00, 0xF9, 0x00, 0xFF,
  0x00, 0x00, 0x00, 0x00, 0x00, 0x00, 0x00, 0x1C, 0x00, 0x1C, 0x00, 0x1C, 0x00, 0x00, 0x00, 0x00,
  0x00, 0x00, 0x00, 0x00, 0x00, 0x00, 0x08, 0x14, 0x1C, 0x00, 0x08, 0x14, 0x00, 0x00, 0x00, 0x00,
  0x00, 0x00, 0x00, 0x00, 0x00, 0x00, 0x00, 0x00, 0x00, 0x00, 0x00, 0x00, 0x00, 0x00, 0x00, 0x00,
  0x00, 0x00, 0x00, 0x00, 0x00, 0x00, 0x00, 0x00, 0x00, 0x00, 0x00, 0x00, 0x00, 0x00, 0x00, 0x00,
  0x00, 0x00, 0x00, 0x00, 0x00, 0x00, 0x00, 0x00, 0x00, 0x00, 0x00, 0x00, 0x00, 0x00, 0x00, 0x00,
  0x00, 0x00, 0x00, 0x00, 0x00, 0x00, 0x00, 0x00, 0x00, 0x00, 0x00, 0x00, 0x00, 0x00, 0x00, 0x00,
  0x00, 0x00, 0x00, 0x00, 0x00, 0x00, 0x00, 0x00, 0x00, 0x00, 0x00, 0x00, 0x00, 0x00, 0x00, 0x00,
  0x00, 0x00, 0x00, 0x00, 0x00, 0x00, 0x00, 0x00, 0x00, 0x00, 0x00, 0x00, 0x00, 0x00, 0x00, 0x00,
  0x00, 0x00, 0x00, 0x00, 0x00, 0x00, 0x00, 0x00, 0x00, 0x00, 0x00, 0x00, 0x00, 0x00, 0x00, 0x00,
  0x00, 0x00, 0x00, 0x00, 0x00, 0x00, 0x00, 0x00, 0x00, 0x00, 0x00, 0x00, 0x00, 0x00, 0x00, 0x00,
  0x00, 0x00, 0x00, 0x00, 0x00, 0x00, 0x00, 0x00, 0x00, 0x00, 0x00, 0x00, 0x00, 0x00, 0x00, 0x00,
  0x00, 0x00, 0x00, 0x00, 0x00, 0x00, 0x00, 0x00, 0x00, 0x00, 0x00, 0x00, 0x00, 0x00, 0x00, 0x00,
  0x82, 0xC3, 0xC2, 0xC3, 0x07, 0x07, 0x0F, 0x0F, 0x1F, 0x1F, 0x37, 0x3F, 0x36, 0x3F, 0x1F, 0x1F,
  0x00, 0x40, 0x00, 0x03, 0x00, 0x03, 0x00, 0x03, 0x00, 0x08, 0x00, 0x1C, 0x00, 0x1E, 0x00, 0x0F,
  0x20, 0xE0, 0x40, 0xC0, 0x80, 0x80, 0x80, 0x80, 0xC0, 0xC0, 0x40, 0xC0, 0x80, 0x80, 0x80, 0x80,
  0x00, 0x60, 0x00, 0xC0, 0x00, 0x00, 0x00, 0x00, 0x00, 0x00, 0x00, 0x80, 0x00, 0x80, 0x00, 0x00,
  0x07, 0x07, 0x0F, 0x0F, 0x1C, 0x1F, 0x18, 0x1F, 0x18, 0x1F, 0x08, 0x0F, 0x0C, 0x0F, 0x06, 0x07,
  0x00, 0x00, 0x00, 0x07, 0x00, 0x0F, 0x00, 0x0C, 0x01, 0x08, 0x00, 0x04, 0x00, 0x06, 0x00, 0x03,
  0xF0, 0xD0, 0xE0, 0xE0, 0xE0, 0xE0, 0x70, 0xF0, 0x30, 0xF0, 0x30, 0xF0, 0x18, 0xF8, 0x18, 0xF8,
  0x00, 0x00, 0x00, 0x80, 0x00, 0xC0, 0x00, 0xC0, 0x00, 0x60, 0x00, 0x60, 0x00, 0xF0, 0x00, 0xB0,
  0x00, 0x00, 0x00, 0x00, 0x00, 0x00, 0x00, 0x00, 0x00, 0x00, 0x00, 0x00, 0x00, 0x00, 0x00, 0x00,
  0x00, 0x00, 0x00, 0x00, 0x00, 0x00, 0x00, 0x00, 0x00, 0x00, 0x00, 0x00, 0x00, 0x00, 0x00, 0x00,
  0x00, 0x00, 0x00, 0x00, 0x00, 0x00, 0x00, 0x00, 0x00, 0x00, 0x00, 0x00, 0x00, 0x00, 0x00, 0x00,
  0x00, 0x00, 0x00, 0x00, 0x00, 0x00, 0x00, 0x00, 0x00, 0x00, 0x00, 0x00, 0x00, 0x00, 0x00, 0x00,
  0x00, 0x00, 0x00, 0x00, 0x00, 0x00, 0x00, 0x00, 0x00, 0x00, 0x00, 0x00, 0x00, 0x00, 0x00, 0x00,
  0x00, 0x00, 0x00, 0x00, 0x00, 0x00, 0x00, 0x00, 0x00, 0x00, 0x00, 0x00, 0x00, 0x00, 0x00, 0x00,
  0x00, 0x00, 0x00, 0x00, 0x00, 0x00, 0x00, 0x00, 0x00, 0x00, 0x00, 0x00, 0x00, 0x00, 0x00, 0x00,
  0x00, 0x00, 0x00, 0x00, 0x00, 0x00, 0x00, 0x00, 0x00, 0x00, 0x00, 0x00, 0x00, 0x00, 0x00, 0x00,
  0x81, 0xFF, 0x80, 0xFF, 0xC0, 0xFF, 0x41, 0x7F, 0x71, 0x7F, 0x3F, 0x3F, 0x1F, 0x1F, 0x07, 0x07,
  0x00, 0xC3, 0x00, 0xE7, 0x00, 0xFF, 0x00, 0x7F, 0x00, 0x7F, 0x00, 0x3E, 0x00, 0x1E, 0x00, 0x06,
  0x87, 0xFF, 0x8F, 0xFF, 0x8F, 0xFF, 0x1E, 0xFE, 0x7E, 0xFE, 0xFC, 0xFC, 0xF8, 0xF8, 0xE0, 0xE0,
  0x00, 0xFF, 0x00, 0xFF, 0x00, 0xFF, 0x00, 0xFE, 0x00, 0xFE, 0x00, 0xFC, 0x00, 0xF8, 0x00, 0xE0,
  0x00, 0x00, 0x00, 0x00, 0x00, 0x00, 0x00, 0x00, 0x00, 0x00, 0x00, 0x00, 0x00, 0x00, 0x00, 0x00,
  0x00, 0x00, 0x00, 0x00, 0x00, 0x00, 0x00, 0x00, 0x00, 0x00, 0x00, 0x00, 0x00, 0x00, 0x00, 0x00,
  0x00, 0x00, 0x00, 0x00, 0x00, 0x00, 0x00, 0x00, 0x00, 0x00, 0x00, 0x00, 0x00, 0x00, 0x00, 0x00,
  0x00, 0x00, 0x00, 0x00, 0x00, 0x00, 0x00, 0x00, 0x00, 0x00, 0x00, 0x00, 0x00, 0x00, 0x00, 0x00,
  0x00, 0x00, 0x00, 0x00, 0x00, 0x00, 0x00, 0x00, 0x00, 0x00, 0x00, 0x00, 0x00, 0x00, 0x00, 0x00,
  0x00, 0x00, 0x00, 0x00, 0x00, 0x00, 0x00, 0x00, 0x00, 0x00, 0x00, 0x00, 0x00, 0x00, 0x00, 0x00,
  0x00, 0x00, 0x00, 0x00, 0x00, 0x00, 0x00, 0x00, 0x00, 0x00, 0x00, 0x00, 0x00, 0x00, 0x00, 0x00,
  0x00, 0x00, 0x00, 0x00, 0x00, 0x00, 0x00, 0x00, 0x00, 0x00, 0x00, 0x00, 0x00, 0x00, 0x00, 0x00,
  0x00, 0x00, 0x00, 0x00, 0x00, 0x00, 0x00, 0x00, 0x00, 0x00, 0x00, 0x00, 0x00, 0x00, 0x00, 0x00,
  0x00, 0x00, 0x00, 0x00, 0x00, 0x00, 0x00, 0x00, 0x00, 0x00, 0x00, 0x00, 0x00, 0x00, 0x00, 0x00,
  0x00, 0x00, 0x00, 0x00, 0x00, 0x00, 0x00, 0x00, 0x00, 0x00, 0x00, 0x00, 0x00, 0x00, 0x00, 0x00,
  0x00, 0x00, 0x00, 0x00, 0x00, 0x00, 0x00, 0x00, 0x00, 0x00, 0x00, 0x00, 0x00, 0x00, 0x00, 0x00,
  0x0C, 0x0F, 0x06, 0x07, 0x03, 0x03, 0x00, 0x00, 0x00, 0x00, 0x00, 0x00, 0x00, 0x00, 0x00, 0x00,
  0x00, 0x07, 0x00, 0x03, 0x00, 0x00, 0x00, 0x00, 0x00, 0x00, 0x00, 0x00, 0x00, 0x00, 0x00, 0x00,
  0x80, 0x80, 0x20, 0xE0, 0xE0, 0xE0, 0x00, 0x00, 0x00, 0x00, 0x00, 0x00, 0x00, 0x00, 0x00, 0x00,
  0x00, 0x80, 0x00, 0x60, 0x00, 0x00, 0x00, 0x00, 0x00, 0x00, 0x00, 0x00, 0x00, 0x00, 0x00, 0x00,
  0x73, 0x73, 0x7F, 0x7F, 0x7F, 0x7F, 0x7F, 0x7F, 0xEF, 0xFF, 0xD9, 0xFD, 0xF1, 0xF1, 0xE0, 0xE1,
  0x00, 0x31, 0x00, 0x31, 0x00, 0x2E, 0x00, 0x26, 0x00, 0x71, 0x00, 0x7C, 0x00, 0x41, 0x00, 0x61,
  0x08, 0xF8, 0x08, 0xF8, 0x9E, 0xFE, 0xFC, 0xFE, 0xFC, 0xFE, 0x9E, 0xFE, 0x06, 0xFE, 0x08, 0xF8,
  0x00, 0x18, 0x00, 0x98, 0x00, 0xF8, 0x00, 0x72, 0x00, 0x46, 0x00, 0xFE, 0x00, 0x3C, 0x80, 0x18,
  0x00, 0x00, 0x00, 0x00, 0x00, 0x00, 0x00, 0x00, 0x00, 0x00, 0x00, 0x00, 0x00, 0x00, 0x00, 0x00,
  0x00, 0x00, 0x00, 0x00, 0x00, 0x00, 0x00, 0x00, 0x00, 0x00, 0x00, 0x00, 0x00, 0x00, 0x00, 0x00,
  0x00, 0x00, 0x00, 0x00, 0x00, 0x00, 0x00, 0x00, 0x00, 0x00, 0x00, 0x00, 0x00, 0x00, 0x00, 0x00,
  0x00, 0x00, 0x00, 0x00, 0x00, 0x00, 0x00, 0x00, 0x00, 0x00, 0x00, 0x00, 0x00, 0x00, 0x00, 0x00,
  0x00, 0x00, 0x00, 0x00, 0x00, 0x00, 0x00, 0x00, 0x00, 0x00, 0x00, 0x00, 0x00, 0x00, 0x00, 0x00,
  0x00, 0x00, 0x00, 0x00, 0x00, 0x00, 0x00, 0x00, 0x00, 0x00, 0x00, 0x00, 0x00, 0x00, 0x00, 0x00,
  0x00, 0x00, 0x00, 0x00, 0x00, 0x00, 0x00, 0x00, 0x00, 0x00, 0x00, 0x00, 0x00, 0x00, 0x00, 0x00,
  0x00, 0x00, 0x00, 0x00, 0x00, 0x00, 0x00, 0x00, 0x00, 0x00, 0x00, 0x00, 0x00, 0x00, 0x00, 0x00,
  0x00, 0x00, 0x00, 0x00, 0x00, 0x00, 0x00, 0x1C, 0x00, 0x1C, 0x00, 0x1C, 0x00, 0x00, 0x00, 0x00,
  0x00, 0x00, 0x00, 0x00, 0x00, 0x00, 0x08, 0x14, 0x1C, 0x00, 0x08, 0x14, 0x00, 0x00, 0x00, 0x00,
  0xE3, 0xFF, 0x1F, 0xFF, 0x07, 0xFF, 0x0E, 0xFE, 0x3E, 0xFE, 0xFC, 0xFC, 0xF8, 0xF8, 0xE0, 0xE0,
  0x00, 0xFF, 0x00, 0xFF, 0x00, 0xFC, 0x00, 0xFE, 0x00, 0xFE, 0x00, 0xFC, 0x00, 0xF8, 0x00, 0xE0,
  0xC1, 0xFF, 0xE2, 0xFF, 0xEC, 0xFF, 0x78, 0x7F, 0x7C, 0x7F, 0x3F, 0x3F, 0x1F, 0x1F, 0x07, 0x07,
  0x00, 0xFF, 0x00, 0xFF, 0x00, 0xFF, 0x00, 0x4F, 0x00, 0x3F, 0x00, 0x3F, 0x00, 0x1F, 0x00, 0x07,
  0xE0, 0xE0, 0xB8, 0xF8, 0x8C, 0xFC, 0x06, 0xFE, 0x82, 0xFE, 0x03, 0xFF, 0x83, 0xFF, 0x83, 0xFF,
  0x00, 0x60, 0x00, 0x78, 0x00, 0xFC, 0x00, 0x8E, 0x00, 0x86, 0x00, 0x8F, 0x00, 0xFF, 0x00, 0xFF,
  0x07, 0x07, 0x1C, 0x1F, 0x30, 0x3F, 0x60, 0x7F, 0x40, 0x7F, 0xC0, 0xFF, 0xC0, 0xFF, 0xC0, 0xFF,
  0x00, 0x07, 0x00, 0x1F, 0x00, 0x3F, 0x00, 0x70, 0x00, 0x60, 0x00, 0xF0, 0x00, 0xFF, 0x00, 0xFF,
  0x00, 0x00, 0x00, 0x00, 0x00, 0x00, 0x00, 0x00, 0x00, 0x00, 0x00, 0x00, 0x00, 0x00, 0x00, 0x00,
  0x00, 0x00, 0x00, 0x00, 0x00, 0x00, 0x00, 0x00, 0x00, 0x00, 0x00, 0x00, 0x00, 0x00, 0x00, 0x00,
  0x00, 0x00, 0x00, 0x00, 0x00, 0x00, 0x00, 0x00, 0x00, 0x00, 0x00, 0x00, 0x00, 0x00, 0x00, 0x00,
  0x00, 0x00, 0x00, 0x00, 0x00, 0x00, 0x00, 0x00, 0x00, 0x00, 0x00, 0x00, 0x00, 0x00, 0x00, 0x00,
  0x00, 0x00, 0x00, 0x00, 0x00, 0x00, 0x00, 0x00, 0x00, 0x00, 0x00, 0x00, 0x00, 0x00, 0x00, 0x00,
  0x00, 0x00, 0x00, 0x00, 0x00, 0x00, 0x00, 0x00, 0x00, 0x00, 0x00, 0x00, 0x00, 0x00, 0x00, 0x00,
  0x82, 0xC3, 0xC2, 0xC3, 0x07, 0x07, 0x0F, 0x0F, 0x1F, 0x1F, 0x37, 0x3F, 0x36, 0x3F, 0x1F, 0x1F,
  0x00, 0x40, 0x00, 0x03, 0x00, 0x03, 0x00, 0x03, 0x00, 0x08, 0x00, 0x1C, 0x00, 0x1E, 0x00, 0x0F,
  0x20, 0xE0, 0x40, 0xC0, 0x80, 0x80, 0x80, 0x80, 0xC0, 0xC0, 0x40, 0xC0, 0x80, 0x80, 0x80, 0x80,
  0x00, 0x60, 0x00, 0xC0, 0x00, 0x00, 0x00, 0x00, 0x00, 0x00, 0x00, 0x80, 0x00, 0x80, 0x00, 0x00,
  0x07, 0x07, 0x0F, 0x0F, 0x1C, 0x1F, 0x18, 0x1F, 0x18, 0x1F, 0x08, 0x0F, 0x0C, 0x0F, 0x06, 0x07,
  0x00, 0x00, 0x00, 0x07, 0x00, 0x0F, 0x00, 0x0C, 0x01, 0x08, 0x00, 0x04, 0x00, 0x06, 0x00, 0x03,
  0xF0, 0xD0, 0xE0, 0xE0, 0xE0, 0xE0, 0x70, 0xF0, 0x30, 0xF0, 0x30, 0xF0, 0x18, 0xF8, 0x18, 0xF8,
  0x00, 0x00, 0x00, 0x80, 0x00, 0xC0, 0x00, 0xC0, 0x00, 0x60, 0x00, 0x60, 0x00, 0xF0, 0x00, 0xB0,
  0x00, 0x00, 0x00, 0x00, 0x00, 0x00, 0x00, 0x00, 0x00, 0x00, 0x00, 0x00, 0x00, 0x00, 0x00, 0x00,
  0x00, 0x00, 0x00, 0x00, 0x00, 0x00, 0x00, 0x00, 0x00, 0x00, 0x00, 0x00, 0x00, 0x00, 0x00, 0x00,
  0x00, 0x00, 0x00, 0x00, 0x00, 0x00, 0x00, 0x00, 0x00, 0x00, 0x00, 0x00, 0x00, 0x00, 0x00, 0x00,
  0x00, 0x00, 0x00, 0x00, 0x00, 0x00, 0x00, 0x00, 0x00, 0x00, 0x00, 0x00, 0x00, 0x00, 0x00, 0x00,
  0x00, 0x00, 0x00, 0x00, 0x00, 0x00, 0x00, 0x00, 0x00, 0x00, 0x00, 0x00, 0x00, 0x00, 0x00, 0x00,
  0x00, 0x00, 0x00, 0x00, 0x00, 0x00, 0x00, 0x00, 0x00, 0x00, 0x00, 0x00, 0x00, 0x00, 0x00, 0x00,
  0x00, 0x00, 0x00, 0x00, 0x00, 0x00, 0x00, 0x00, 0x00, 0x00, 0x00, 0x00, 0x00, 0x00, 0x00, 0x00,
  0x00, 0x00, 0x00, 0x00, 0x00, 0x00, 0x00, 0x00, 0x00, 0x00, 0x00, 0x00, 0x00, 0x00, 0x00, 0x00,
  0x00, 0x00, 0x00, 0x00, 0x00, 0x00, 0x00, 0x00, 0x00, 0x00, 0x00, 0x00, 0x00, 0x00, 0x00, 0x00,
  0x00, 0x00, 0x00, 0x00, 0x00, 0x00, 0x00, 0x00, 0x00, 0x00, 0x00, 0x00, 0x00, 0x00, 0x00, 0x00,
  0x00, 0x00, 0x00, 0x00, 0x00, 0x00, 0x00, 0x00, 0x00, 0x00, 0x00, 0x00, 0x00, 0x00, 0x00, 0x00,
  0x00, 0x00, 0x00, 0x00, 0x00, 0x00, 0x00, 0x00, 0x00, 0x00, 0x00, 0x00, 0x00, 0x00, 0x00, 0x00,
  0x00, 0x00, 0x00, 0x00, 0x00, 0x00, 0x00, 0x00, 0x00, 0x00, 0x00, 0x00, 0x00, 0x00, 0x00, 0x00,
  0x00, 0x00, 0x00, 0x00, 0x00, 0x00, 0x00, 0x00, 0x00, 0x00, 0x00, 0x00, 0x00, 0x00, 0x00, 0x00,
  0x00, 0x00, 0x00, 0x00, 0x00, 0x00, 0x00, 0x00, 0x00, 0x00, 0x00, 0x00, 0x00, 0x00, 0x00, 0x00,
  0x00, 0x00, 0x00, 0x00, 0x00, 0x00, 0x00, 0x00, 0x00, 0x00, 0x00, 0x00, 0x00, 0x00, 0x00, 0x00,
  0x00, 0x00, 0x00, 0x00, 0x00, 0x00, 0x00, 0x00, 0x00, 0x00, 0x00, 0x00, 0x00, 0x00, 0x00, 0x00,
  0x00, 0x00, 0x00, 0x00, 0x00, 0x00, 0x00, 0x00, 0x00, 0x00, 0x00, 0x00, 0x00, 0x00, 0x00, 0x00,
  0x00, 0x00, 0x00, 0x00, 0x00, 0x00, 0x00, 0x00, 0x00, 0x00, 0x00, 0x00, 0x00, 0x00, 0x00, 0x00,
  0x00, 0x00, 0x00, 0x00, 0x00, 0x00, 0x00, 0x00, 0x00, 0x00, 0x00, 0x00, 0x00, 0x00, 0x00, 0x00,
  0x00, 0x00, 0x00, 0x00, 0x00, 0x00, 0x00, 0x00, 0x00, 0x00, 0x00, 0x00, 0x00, 0x00, 0x00, 0x00,
  0x00, 0x00, 0x00, 0x00, 0x00, 0x00, 0x00, 0x00, 0x00, 0x00, 0x00, 0x00, 0x00, 0x00, 0x00, 0x00,
  0x00, 0x00, 0x00, 0x00, 0x00, 0x00, 0x00, 0x00, 0x00, 0x00, 0x00, 0x00, 0x00, 0x00, 0x00, 0x00,
  0x00, 0x00, 0x00, 0x00, 0x00, 0x00, 0x00, 0x00, 0x00, 0x00, 0x00, 0x00, 0x00, 0x00, 0x00, 0x00,
  0x0C, 0x0F, 0x06, 0x07, 0x03, 0x03, 0x00, 0x00, 0x00, 0x00, 0x00, 0x00, 0x00, 0x00, 0x00, 0x00,
  0x00, 0x07, 0x00, 0x03, 0x00, 0x00, 0x00, 0x00, 0x00, 0x00, 0x00, 0x00, 0x00, 0x00, 0x00, 0x00,
  0x80, 0x80, 0x20, 0xE0, 0xE0, 0xE0, 0x00, 0x00, 0x00, 0x00, 0x00, 0x00, 0x00, 0x00, 0x00, 0x00,
  0x00, 0x80, 0x00, 0x60, 0x00, 0x00, 0x00, 0x00, 0x00, 0x00, 0x00, 0x00, 0x00, 0x00, 0x00, 0x00,
  0x73, 0x73, 0x7F, 0x7F, 0x7F, 0x7F, 0x7F, 0x7F, 0xEF, 0xFF, 0xD9, 0xFD, 0xF1, 0xF1, 0xE0, 0xE1,
  0x00, 0x31, 0x00, 0x31, 0x00, 0x2E, 0x00, 0x26, 0x00, 0x71, 0x00, 0x7C, 0x00, 0x41, 0x00, 0x61,
  0x08, 0xF8, 0x08, 0xF8, 0x9E, 0xFE, 0xFC, 0xFE, 0xFC, 0xFE, 0x9E, 0xFE, 0x06, 0xFE, 0x08, 0xF8,
  0x00, 0x18, 0x00, 0x98, 0x00, 0xF8, 0x00, 0x72, 0x00, 0x46, 0x00, 0xFE, 0x00, 0x3C, 0x80, 0x18,
  0x00, 0x00, 0x00, 0x00, 0x00, 0x00, 0x00, 0x00, 0x00, 0x00, 0x00, 0x00, 0x00, 0x00, 0x00, 0x00,
  0x00, 0x00, 0x00, 0x00, 0x00, 0x00, 0x00, 0x00, 0x00, 0x00, 0x00, 0x00, 0x00, 0x00, 0x00, 0x00,
  0x00, 0x00, 0x00, 0x00, 0x00, 0x00, 0x00, 0x00, 0x00, 0x00, 0x00, 0x00, 0x00, 0x00, 0x00, 0x00,
  0x00, 0x00, 0x00, 0x00, 0x00, 0x00, 0x00, 0x00, 0x00, 0x00, 0x00, 0x00, 0x00, 0x00, 0x00, 0x00,
  0x00, 0x00, 0x00, 0x00, 0x00, 0x00, 0x00, 0x00, 0x00, 0x00, 0x00, 0x00, 0x00, 0x00, 0x00, 0x00,
  0x00, 0x00, 0x00, 0x00, 0x00, 0x00, 0x00, 0x00, 0x00, 0x00, 0x00, 0x00, 0x00, 0x00, 0x00, 0x00,
  0x00, 0x00, 0x00, 0x00, 0x00, 0x00, 0x00, 0x00, 0x00, 0x00, 0x00, 0x00, 0x00, 0x00, 0x00, 0x00,
  0x00, 0x00, 0x00, 0x00, 0x00, 0x00, 0x00, 0x00, 0x00, 0x00, 0x00, 0x00, 0x00, 0x00, 0x00, 0x00,
  0x07, 0x07, 0x1C, 0x1F, 0x30, 0x3F, 0x60, 0x7F, 0x60, 0x7F, 0xD0, 0xFF, 0x8C, 0xFF, 0x87, 0xFF,
  0x00, 0x07, 0x00, 0x1F, 0x00, 0x3E, 0x00, 0x7C, 0x00, 0x58, 0x00, 0xF0, 0x00, 0xED, 0x00, 0xC7,
  0xE0, 0xE0, 0x38, 0xF8, 0x0C, 0xFC, 0x0E, 0xFE, 0x06, 0xFE, 0x07, 0xFF, 0x0F, 0xFF, 0x77, 0xFF,
  0x00, 0xE0, 0x00, 0xF8, 0x00, 0x7C, 0x00, 0x3E, 0x00, 0x3E, 0x00, 0x7E, 0x00, 0xF9, 0x00, 0xFF,
  0x00, 0x00, 0x00, 0x00, 0x00, 0x00, 0x00, 0x1C, 0x00, 0x1C, 0x00, 0x1C, 0x00, 0x00, 0x00, 0x00,
  0x00, 0x00, 0x00, 0x00, 0x00, 0x00, 0x08, 0x14, 0x1C, 0x00, 0x08, 0x14, 0x00, 0x00, 0x00, 0x00,
  0x00, 0x00, 0x00, 0x00, 0x00, 0x00, 0x00, 0x00, 0x00, 0x00, 0x00, 0x00, 0x00, 0x00, 0x00, 0x00,
  0x00, 0x00, 0x00, 0x00, 0x00, 0x00, 0x00, 0x00, 0x00, 0x00, 0x00, 0x00, 0x00, 0x00, 0x00, 0x00,
  0x00, 0x00, 0x00, 0x00, 0x00, 0x00, 0x00, 0x00, 0x00, 0x00, 0x00, 0x00, 0x00, 0x00, 0x00, 0x00,
  0x00, 0x00, 0x00, 0x00, 0x00, 0x00, 0x00, 0x00, 0x00, 0x00, 0x00, 0x00, 0x00, 0x00, 0x00, 0x00,
  0x00, 0x00, 0x00, 0x00, 0x00, 0x00, 0x00, 0x00, 0x00, 0x00, 0x00, 0x00, 0x00, 0x00, 0x00, 0x00,
  0x00, 0x00, 0x00, 0x00, 0x00, 0x00, 0x00, 0x00, 0x00, 0x00, 0x00, 0x00, 0x00, 0x00, 0x00, 0x00,
  0x00, 0x00, 0x00, 0x00, 0x00, 0x00, 0x00, 0x00, 0x00, 0x00, 0x00, 0x00, 0x00, 0x00, 0x00, 0x00,
  0x00, 0x00, 0x00, 0x00, 0x00, 0x00, 0x00, 0x00, 0x00, 0x00, 0x00, 0x00, 0x00, 0x00, 0x00, 0x00,
  0x00, 0x00, 0x00, 0x00, 0x00, 0x00, 0x00, 0x00, 0x00, 0x00, 0x00, 0x00, 0x00, 0x00, 0x00, 0x00,
  0x00, 0x00, 0x00, 0x00, 0x00, 0x00, 0x00, 0x00, 0x00, 0x00, 0x00, 0x00, 0x00, 0x00, 0x00, 0x00,
  0x82, 0xC3, 0xC2, 0xC3, 0x07, 0x07, 0x0F, 0x0F, 0x1F, 0x1F, 0x37, 0x3F, 0x36, 0x3F, 0x1F, 0x1F,
  0x00, 0x40, 0x00, 0x03, 0x00, 0x03, 0x00, 0x03, 0x00, 0x08, 0x00, 0x1C, 0x00, 0x1E, 0x00, 0x0F,
  0x20, 0xE0, 0x40, 0xC0, 0x80, 0x80, 0x80, 0x80, 0xC0, 0xC0, 0x40, 0xC0, 0x80, 0x80, 0x80, 0x80,
  0x00, 0x60, 0x00, 0xC0, 0x00, 0x00, 0x00, 0x00, 0x00, 0x00, 0x00, 0x80, 0x00, 0x80, 0x00, 0x00,
  0x07, 0x07, 0x0F, 0x0F, 0x1C, 0x1F, 0x18, 0x1F, 0x18, 0x1F, 0x08, 0x0F, 0x0C, 0x0F, 0x06, 0x07,
  0x00, 0x00, 0x00, 0x07, 0x00, 0x0F, 0x00, 0x0C, 0x01, 0x08, 0x00, 0x04, 0x00, 0x06, 0x00, 0x03,
  0xF0, 0xD0, 0xE0, 0xE0, 0xE0, 0xE0, 0x70, 0xF0, 0x30, 0xF0, 0x30, 0xF0, 0x18, 0xF8, 0x18, 0xF8,
  0x00, 0x00, 0x00, 0x80, 0x00, 0xC0, 0x00, 0xC0, 0x00, 0x60, 0x00, 0x60, 0x00, 0xF0, 0x00, 0xB0,
  0x00, 0x00, 0x00, 0x00, 0x00, 0x00, 0x00, 0x00, 0x00, 0x00, 0x00, 0x00, 0x00, 0x00, 0x00, 0x00,
  0x00, 0x00, 0x00, 0x00, 0x00, 0x00, 0x00, 0x00, 0x00, 0x00, 0x00, 0x00, 0x00, 0x00, 0x00, 0x00,
  0x00, 0x00, 0x00, 0x00, 0x00, 0x00, 0x00, 0x00, 0x00, 0x00, 0x00, 0x00, 0x00, 0x00, 0x00, 0x00,
  0x00, 0x00, 0x00, 0x00, 0x00, 0x00, 0x00, 0x00, 0x00, 0x00, 0x00, 0x00, 0x00, 0x00, 0x00, 0x00,
  0x00, 0x00, 0x00, 0x00, 0x00, 0x00, 0x00, 0x00, 0x00, 0x00, 0x00, 0x00, 0x00, 0x00, 0x00, 0x00,
  0x00, 0x00, 0x00, 0x00, 0x00, 0x00, 0x00, 0x00, 0x00, 0x00, 0x00, 0x00, 0x00, 0x00, 0x00, 0x00,
  0x00, 0x00, 0x00, 0x00, 0x00, 0x00, 0x00, 0x00, 0x00, 0x00, 0x00, 0x00, 0x00, 0x00, 0x00, 0x00,
  0x00, 0x00, 0x00, 0x00, 0x00, 0x00, 0x00, 0x00, 0x00, 0x00, 0x00, 0x00, 0x00, 0x00, 0x00, 0x00,
  0x81, 0xFF, 0x80, 0xFF, 0xC0, 0xFF, 0x41, 0x7F, 0x71, 0x7F, 0x3F, 0x3F, 0x1F, 0x1F, 0x07, 0x07,
  0x00, 0xC3, 0x00, 0xE7, 0x00, 0xFF, 0x00, 0x7F, 0x00, 0x7F, 0x00, 0x3E, 0x00, 0x1E, 0x00, 0x06,
  0x87, 0xFF, 0x8F, 0xFF, 0x8F, 0xFF, 0x1E, 0xFE, 0x7E, 0xFE, 0xFC, 0xFC, 0xF8, 0xF8, 0xE0, 0xE0,
  0x00, 0xFF, 0x00, 0xFF, 0x00, 0xFF, 0x00, 0xFE, 0x00, 0xFE, 0x00, 0xFC, 0x00, 0xF8, 0x00, 0xE0,
  0x00, 0x00, 0x00, 0x00, 0x00, 0x00, 0x00, 0x00, 0x00, 0x00, 0x00, 0x00, 0x00, 0x00, 0x00, 0x00,
  0x00, 0x00, 0x00, 0x00, 0x00, 0x00, 0x00, 0x00, 0x00, 0x00, 0x00, 0x00, 0x00, 0x00, 0x00, 0x00,
  0x00, 0x00, 0x00, 0x00, 0x00, 0x00, 0x00, 0x00, 0x00, 0x00, 0x00, 0x00, 0x00, 0x00, 0x00, 0x00,
  0x00, 0x00, 0x00, 0x00, 0x00, 0x00, 0x00, 0x00, 0x00, 0x00, 0x00, 0x00, 0x00, 0x00, 0x00, 0x00,
  0x00, 0x00, 0x00, 0x00, 0x00, 0x00, 0x00, 0x00, 0x00, 0x00, 0x00, 0x00, 0x00, 0x00, 0x00, 0x00,
  0x00, 0x00, 0x00, 0x00, 0x00, 0x00, 0x00, 0x00, 0x00, 0x00, 0x00, 0x00, 0x00, 0x00, 0x00, 0x00,
  0x00, 0x00, 0x00, 0x00, 0x00, 0x00, 0x00, 0x00, 0x00, 0x00, 0x00, 0x00, 0x00, 0x00, 0x00, 0x00,
  0x00, 0x00, 0x00, 0x00, 0x00, 0x00, 0x00, 0x00, 0x00, 0x00, 0x00, 0x00, 0x00, 0x00, 0x00, 0x00,
  0x00, 0x00, 0x00, 0x00, 0x00, 0x00, 0x00, 0x00, 0x00, 0x00, 0x00, 0x00, 0x00, 0x00, 0x00, 0x00,
  0x00, 0x00, 0x00, 0x00, 0x00, 0x00, 0x00, 0x00, 0x00, 0x00, 0x00, 0x00, 0x00, 0x00, 0x00, 0x00,
  0x00, 0x00, 0x00, 0x00, 0x00, 0x00, 0x00, 0x00, 0x00, 0x00, 0x00, 0x00, 0x00, 0x00, 0x00, 0x00,
  0x00, 0x00, 0x00, 0x00, 0x00, 0x00, 0x00, 0x00, 0x00, 0x00, 0x00, 0x00, 0x00, 0x00, 0x00, 0x00,
  0x0C, 0x0F, 0x06, 0x07, 0x03, 0x03, 0x00, 0x00, 0x00, 0x00, 0x00, 0x00, 0x00, 0x00, 0x00, 0x00,
  0x00, 0x07, 0x00, 0x03, 0x00, 0x00, 0x00, 0x00, 0x00, 0x00, 0x00, 0x00, 0x00, 0x00, 0x00, 0x00,
  0x80, 0x80, 0x20, 0xE0, 0xE0, 0xE0, 0x00, 0x00, 0x00, 0x00, 0x00, 0x00, 0x00, 0x00, 0x00, 0x00,
  0x00, 0x80, 0x00, 0x60, 0x00, 0x00, 0x00, 0x00, 0x00, 0x00, 0x00, 0x00, 0x00, 0x00, 0x00, 0x00,
  0x73, 0x73, 0x7F, 0x7F, 0x7F, 0x7F, 0x7F, 0x7F, 0xEF, 0xFF, 0xD9, 0xFD, 0xF1, 0xF1, 0xE0, 0xE1,
  0x00, 0x31, 0x00, 0x31, 0x00, 0x2E, 0x00, 0x26, 0x00, 0x71, 0x00, 0x7C, 0x00, 0x41, 0x00, 0x61,
  0x08, 0xF8, 0x08, 0xF8, 0x9E, 0xFE, 0xFC, 0xFE, 0xFC, 0xFE, 0x9E, 0xFE, 0x06, 0xFE, 0x08, 0xF8,
  0x00, 0x18, 0x00, 0x98, 0x00, 0xF8, 0x00, 0x72, 0x00, 0x46, 0x00, 0xFE, 0x00, 0x3C, 0x80, 0x18,
  0x00, 0x00, 0x00, 0x00, 0x00, 0x00, 0x00, 0x00, 0x00, 0x00, 0x00, 0x00, 0x00, 0x00, 0x00, 0x00,
  0x00, 0x00, 0x00, 0x00, 0x00, 0x00, 0x00, 0x00, 0x00, 0x00, 0x00, 0x00, 0x00, 0x00, 0x00, 0x00,
  0x00, 0x00, 0x00, 0x00, 0x00, 0x00, 0x00, 0x00, 0x00, 0x00, 0x00, 0x00, 0x00, 0x00, 0x00, 0x00,
  0x00, 0x00, 0x00, 0x00, 0x00, 0x00, 0x00, 0x00, 0x00, 0x00, 0x00, 0x00, 0x00, 0x00, 0x00, 0x00,
  0x00, 0x00, 0x00, 0x00, 0x00, 0x00, 0x00, 0x00, 0x00, 0x00, 0x00, 0x00, 0x00, 0x00, 0x00, 0x00,
  0x00, 0x00, 0x00, 0x00, 0x00, 0x00, 0x00, 0x00, 0x00, 0x00, 0x00, 0x00, 0x00, 0x00, 0x00, 0x00,
  0x00, 0x00, 0x00, 0x00, 0x00, 0x00, 0x00, 0x00, 0x00, 0x00, 0x00, 0x00, 0x00, 0x00, 0x00, 0x00,
  0x00, 0x00, 0x00, 0x00, 0x00, 0x00, 0x00, 0x00, 0x00, 0x00, 0x00, 0x00, 0x00, 0x00, 0x00, 0x00,
  0x07, 0x07, 0x1F, 0x1F, 0x3E, 0x3F, 0x78, 0x7F, 0x7C, 0x7F, 0xF4, 0xFF, 0xE2, 0xFF, 0xE1, 0xFF,
  0x00, 0x07, 0x00, 0x0F, 0x00, 0x37, 0x00, 0x77, 0x00, 0x7F, 0x00, 0xFF, 0x00, 0xFF, 0x00, 0xFF,
  0xE0, 0xE0, 0xF8, 0xF8, 0x0C, 0xFC, 0x06, 0xFE, 0x02, 0xFE, 0x03, 0xFF, 0x01, 0xFF, 0x01, 0xFF,
  0x00, 0xE0, 0x00, 0xF8, 0x00, 0xFC, 0x00, 0xEE, 0x00, 0xC6, 0x00, 0xC7, 0x00, 0xC7, 0x00, 0xC7,
  0x00, 0x00, 0x00, 0x00, 0x00, 0x00, 0x00, 0x1C, 0x00, 0x1C, 0x00, 0x1C, 0x00, 0x00, 0x00, 0x00,
  0x00, 0x00, 0x00, 0x00, 0x00, 0x00, 0x08, 0x14, 0x1C, 0x00, 0x08, 0x14, 0x00, 0x00, 0x00, 0x00,
  0x00, 0x00, 0x00, 0x00, 0x00, 0x00, 0x00, 0x00, 0x00, 0x00, 0x00, 0x00, 0x00, 0x00, 0x00, 0x00,
  0x00, 0x00, 0x00, 0x00, 0x00, 0x00, 0x00, 0x00, 0x00, 0x00, 0x00, 0x00, 0x00, 0x00, 0x00, 0x00,
  0x00, 0x00, 0x00, 0x00, 0x00, 0x00, 0x00, 0x00, 0x00, 0x00, 0x00, 0x00, 0x00, 0x00, 0x00, 0x00,
  0x00, 0x00, 0x00, 0x00, 0x00, 0x00, 0x00, 0x00, 0x00, 0x00, 0x00, 0x00, 0x00, 0x00, 0x00, 0x00,
  0x00, 0x00, 0x00, 0x00, 0x00, 0x00, 0x00, 0x00, 0x00, 0x00, 0x00, 0x00, 0x00, 0x00, 0x00, 0x00,
  0x00, 0x00, 0x00, 0x00, 0x00, 0x00, 0x00, 0x00, 0x00, 0x00, 0x00, 0x00, 0x00, 0x00, 0x00, 0x00,
  0x00, 0x00, 0x00, 0x00, 0x00, 0x00, 0x00, 0x00, 0x00, 0x00, 0x00, 0x00, 0x00, 0x00, 0x00, 0x00,
  0x00, 0x00, 0x00, 0x00, 0x00, 0x00, 0x00, 0x00, 0x00, 0x00, 0x00, 0x00, 0x00, 0x00, 0x00, 0x00,
  0x00, 0x00, 0x00, 0x00, 0x00, 0x00, 0x00, 0x00, 0x00, 0x00, 0x00, 0x00, 0x00, 0x00, 0x00, 0x00,
  0x00, 0x00, 0x00, 0x00, 0x00, 0x00, 0x00, 0x00, 0x00, 0x00, 0x00, 0x00, 0x00, 0x00, 0x00, 0x00,
  0x82, 0xC3, 0xC2, 0xC3, 0x07, 0x07, 0x0F, 0x0F, 0x1F, 0x1F, 0x37, 0x3F, 0x36, 0x3F, 0x1F, 0x1F,
  0x00, 0x40, 0x00, 0x03, 0x00, 0x03, 0x00, 0x03, 0x00, 0x08, 0x00, 0x1C, 0x00, 0x1E, 0x00, 0x0F,
  0x20, 0xE0, 0x40, 0xC0, 0x80, 0x80, 0x80, 0x80, 0xC0, 0xC0, 0x40, 0xC0, 0x80, 0x80, 0x80, 0x80,
  0x00, 0x60, 0x00, 0xC0, 0x00, 0x00, 0x00, 0x00, 0x00, 0x00, 0x00, 0x80, 0x00, 0x80, 0x00, 0x00,
  0x07, 0x07, 0x0F, 0x0F, 0x1C, 0x1F, 0x18, 0x1F, 0x18, 0x1F, 0x08, 0x0F, 0x0C, 0x0F, 0x06, 0x07,
  0x00, 0x00, 0x00, 0x07, 0x00, 0x0F, 0x00, 0x0C, 0x01, 0x08, 0x00, 0x04, 0x00, 0x06, 0x00, 0x03,
  0xF0, 0xD0, 0xE0, 0xE0, 0xE0, 0xE0, 0x70, 0xF0, 0x30, 0xF0, 0x30, 0xF0, 0x18, 0xF8, 0x18, 0xF8,
  0x00, 0x00, 0x00, 0x80, 0x00, 0xC0, 0x00, 0xC0, 0x00, 0x60, 0x00, 0x60, 0x00, 0xF0, 0x00, 0xB0,
  0x00, 0x00, 0x00, 0x00, 0x00, 0x00, 0x00, 0x00, 0x00, 0x00, 0x00, 0x00, 0x00, 0x00, 0x00, 0x00,
  0x00, 0x00, 0x00, 0x00, 0x00, 0x00, 0x00, 0x00, 0x00, 0x00, 0x00, 0x00, 0x00, 0x00, 0x00, 0x00,
  0x00, 0x00, 0x00, 0x00, 0x00, 0x00, 0x00, 0x00, 0x00, 0x00, 0x00, 0x00, 0x00, 0x00, 0x00, 0x00,
  0x00, 0x00, 0x00, 0x00, 0x00, 0x00, 0x00, 0x00, 0x00, 0x00, 0x00, 0x00, 0x00, 0x00, 0x00, 0x00,
  0x00, 0x00, 0x00, 0x00, 0x00, 0x00, 0x00, 0x00, 0x00, 0x00, 0x00, 0x00, 0x00, 0x00, 0x00, 0x00,
  0x00, 0x00, 0x00, 0x00, 0x00, 0x00, 0x00, 0x00, 0x00, 0x00, 0x00, 0x00, 0x00, 0x00, 0x00, 0x00,
  0x00, 0x00, 0x00, 0x00, 0x00, 0x00, 0x00, 0x00, 0x00, 0x00, 0x00, 0x00, 0x00, 0x00, 0x00, 0x00,
  0x00, 0x00, 0x00, 0x00, 0x00, 0x00, 0x00, 0x00, 0x00, 0x00, 0x00, 0x00, 0x00, 0x00, 0x00, 0x00,
  0xE1, 0xFF, 0xE1, 0xFF, 0xF1, 0xFF, 0x72, 0x7F, 0x7A, 0x7F, 0x3E, 0x3F, 0x1F, 0x1F, 0x07, 0x07,
  0x00, 0xFF, 0x00, 0xFF, 0x00, 0xFF, 0x00, 0x7F, 0x00, 0x7F, 0x00, 0x3D, 0x00, 0x1B, 0x00, 0x07,
  0xD7, 0xFF, 0x01, 0xFF, 0x03, 0xFF, 0x02, 0xFE, 0x06, 0xFE, 0x0C, 0xFC, 0xF8, 0xF8, 0xE0, 0xE0,
  0x00, 0xFC, 0x00, 0xC7, 0x00, 0xC7, 0x00, 0xC6, 0x00, 0xEE, 0x00, 0xFC, 0x00, 0xF8, 0x00, 0xE0,
  0x00, 0x00, 0x00, 0x00, 0x00, 0x00, 0x00, 0x00, 0x00, 0x00, 0x00, 0x00, 0x00, 0x00, 0x00, 0x00,
  0x00, 0x00, 0x00, 0x00, 0x00, 0x00, 0x00, 0x00, 0x00, 0x00, 0x00, 0x00, 0x00, 0x00, 0x00, 0x00,
  0x00, 0x00, 0x00, 0x00, 0x00, 0x00, 0x00, 0x00, 0x00, 0x00, 0x00, 0x00, 0x00, 0x00, 0x00, 0x00,
  0x00, 0x00, 0x00, 0x00, 0x00, 0x00, 0x00, 0x00, 0x00, 0x00, 0x00, 0x00, 0x00, 0x00, 0x00, 0x00,
  0x00, 0x00, 0x00, 0x00, 0x00, 0x00, 0x00, 0x00, 0x00, 0x00, 0x00, 0x00, 0x00, 0x00, 0x00, 0x00,
  0x00, 0x00, 0x00, 0x00, 0x00, 0x00, 0x00, 0x00, 0x00, 0x00, 0x00, 0x00, 0x00, 0x00, 0x00, 0x00,
  0x00, 0x00, 0x00, 0x00, 0x00, 0x00, 0x00, 0x00, 0x00, 0x00, 0x00, 0x00, 0x00, 0x00, 0x00, 0x00,
  0x00, 0x00, 0x00, 0x00, 0x00, 0x00, 0x00, 0x00, 0x00, 0x00, 0x00, 0x00, 0x00, 0x00, 0x00, 0x00,
  0x00, 0x00, 0x00, 0x00, 0x00, 0x00, 0x00, 0x00, 0x00, 0x00, 0x00, 0x00, 0x00, 0x00, 0x00, 0x00,
  0x00, 0x00, 0x00, 0x00, 0x00, 0x00, 0x00, 0x00, 0x00, 0x00, 0x00, 0x00, 0x00, 0x00, 0x00, 0x00,
  0x00, 0x00, 0x00, 0x00, 0x00, 0x00, 0x00, 0x00, 0x00, 0x00, 0x00, 0x00, 0x00, 0x00, 0x00, 0x00,
  0x00, 0x00, 0x00, 0x00, 0x00, 0x00, 0x00, 0x00, 0x00, 0x00, 0x00, 0x00, 0x00, 0x00, 0x00, 0x00,
  0x0C, 0x0F, 0x06, 0x07, 0x03, 0x03, 0x00, 0x00, 0x00, 0x00, 0x00, 0x00, 0x00, 0x00, 0x00, 0x00,
  0x00, 0x07, 0x00, 0x03, 0x00, 0x00, 0x00, 0x00, 0x00, 0x00, 0x00, 0x00, 0x00, 0x00, 0x00, 0x00,
  0x80, 0x80, 0x20, 0xE0, 0xE0, 0xE0, 0x00, 0x00, 0x00, 0x00, 0x00, 0x00, 0x00, 0x00, 0x00, 0x00,
  0x00, 0x80, 0x00, 0x60, 0x00, 0x00, 0x00, 0x00, 0x00, 0x00, 0x00, 0x00, 0x00, 0x00, 0x00, 0x00,
  0x73, 0x73, 0x7F, 0x7F, 0x7F, 0x7F, 0x7F, 0x7F, 0xEF, 0xFF, 0xD9, 0xFD, 0xF1, 0xF1, 0xE0, 0xE1,
  0x00, 0x31, 0x00, 0x31, 0x00, 0x2E, 0x00, 0x26, 0x00, 0x71, 0x00, 0x7C, 0x00, 0x41, 0x00, 0x61,
  0x08, 0xF8, 0x08, 0xF8, 0x9E, 0xFE, 0xFC, 0xFE, 0xFC, 0xFE, 0x9E, 0xFE, 0x06, 0xFE, 0x08, 0xF8,
  0x00, 0x18, 0x00, 0x98, 0x00, 0xF8, 0x00, 0x72, 0x00, 0x46, 0x00, 0xFE, 0x00, 0x3C, 0x80, 0x18,
  0x00, 0x00, 0x00, 0x00, 0x00, 0x00, 0x00, 0x00, 0x00, 0x00, 0x00, 0x00, 0x00, 0x00, 0x00, 0x00,
  0x00, 0x00, 0x00, 0x00, 0x00, 0x00, 0x00, 0x00, 0x00, 0x00, 0x00, 0x00, 0x00, 0x00, 0x00, 0x00,
  0x00, 0x00, 0x00, 0x00, 0x00, 0x00, 0x00, 0x00, 0x00, 0x00, 0x00, 0x00, 0x00, 0x00, 0x00, 0x00,
  0x00, 0x00, 0x00, 0x00, 0x00, 0x00, 0x00, 0x00, 0x00, 0x00, 0x00, 0x00, 0x00, 0x00, 0x00, 0x00,
  0x00, 0x00, 0x00, 0x00, 0x00, 0x00, 0x00, 0x00, 0x00, 0x00, 0x00, 0x00, 0x00, 0x00, 0x00, 0x00,
  0x00, 0x00, 0x00, 0x00, 0x00, 0x00, 0x00, 0x00, 0x00, 0x00, 0x00, 0x00, 0x00, 0x00, 0x00, 0x00,
  0x00, 0x00, 0x00, 0x00, 0x00, 0x00, 0x00, 0x00, 0x00, 0x00, 0x00, 0x00, 0x00, 0x00, 0x00, 0x00,
  0x00, 0x00, 0x00, 0x00, 0x00, 0x00, 0x00, 0x00, 0x00, 0x00, 0x00, 0x00, 0x00, 0x00, 0x00, 0x00,
  0x07, 0x07, 0x1C, 0x1F, 0x30, 0x3F, 0x60, 0x7F, 0x60, 0x7F, 0xD0, 0xFF, 0x8C, 0xFF, 0x87, 0xFF,
  0x00, 0x07, 0x00, 0x1F, 0x00, 0x3E, 0x00, 0x7C, 0x00, 0x58, 0x00, 0xF0, 0x00, 0xED, 0x00, 0xC7,
  0xE0, 0xE0, 0x38, 0xF8, 0x0C, 0xFC, 0x0E, 0xFE, 0x06, 0xFE, 0x07, 0xFF, 0x0F, 0xFF, 0x77, 0xFF,
  0x00, 0xE0, 0x00, 0xF8, 0x00, 0x7C, 0x00, 0x3E, 0x00, 0x3E, 0x00, 0x7E, 0x00, 0xF9, 0x00, 0xFF,
  0x00, 0x00, 0x00, 0x00, 0x00, 0x00, 0x00, 0x1C, 0x00, 0x1C, 0x00, 0x1C, 0x00, 0x00, 0x00, 0x00,
  0x00, 0x00, 0x00, 0x00, 0x00, 0x00, 0x08, 0x14, 0x1C, 0x00, 0x08, 0x14, 0x00, 0x00, 0x00, 0x00,
  0x00, 0x00, 0x00, 0x00, 0x00, 0x00, 0x00, 0x00, 0x00, 0x00, 0x00, 0x00, 0x00, 0x00, 0x00, 0x00,
  0x00, 0x00, 0x00, 0x00, 0x00, 0x00, 0x00, 0x00, 0x00, 0x00, 0x00, 0x00, 0x00, 0x00, 0x00, 0x00,
  0x00, 0x00, 0x00, 0x00, 0x00, 0x00, 0x00, 0x00, 0x00, 0x00, 0x00, 0x00, 0x00, 0x00, 0x00, 0x00,
  0x00, 0x00, 0x00, 0x00, 0x00, 0x00, 0x00, 0x00, 0x00, 0x00, 0x00, 0x00, 0x00, 0x00, 0x00, 0x00,
  0x00, 0x00, 0x00, 0x00, 0x00, 0x00, 0x00, 0x00, 0x00, 0x00, 0x00, 0x00, 0x00, 0x00, 0x00, 0x00,
  0x00, 0x00, 0x00, 0x00, 0x00, 0x00, 0x00, 0x00, 0x00, 0x00, 0x00, 0x00, 0x00, 0x00, 0x00, 0x00,
  0x00, 0x00, 0x00, 0x00, 0x00, 0x00, 0x00, 0x00, 0x00, 0x00, 0x00, 0x00, 0x00, 0x00, 0x00, 0x00,
  0x00, 0x00, 0x00, 0x00, 0x00, 0x00, 0x00, 0x00, 0x00, 0x00, 0x00, 0x00, 0x00, 0x00, 0x00, 0x00,
  0x00, 0x00, 0x00, 0x00, 0x00, 0x00, 0x00, 0x00, 0x00, 0x00, 0x00, 0x00, 0x00, 0x00, 0x00, 0x00,
  0x00, 0x00, 0x00, 0x00, 0x00, 0x00, 0x00, 0x00, 0x00, 0x00, 0x00, 0x00, 0x00, 0x00, 0x00, 0x00,
  0x82, 0xC3, 0xC2, 0xC3, 0x07, 0x07, 0x0F, 0x0F, 0x1F, 0x1F, 0x37, 0x3F, 0x36, 0x3F, 0x1F, 0x1F,
  0x00, 0x40, 0x00, 0x03, 0x00, 0x03, 0x00, 0x03, 0x00, 0x08, 0x00, 0x1C, 0x00, 0x1E, 0x00, 0x0F,
  0x20, 0xE0, 0x40, 0xC0, 0x80, 0x80, 0x80, 0x80, 0xC0, 0xC0, 0x40, 0xC0, 0x80, 0x80, 0x80, 0x80,
  0x00, 0x60, 0x00, 0xC0, 0x00, 0x00, 0x00, 0x00, 0x00, 0x00, 0x00, 0x80, 0x00, 0x80, 0x00, 0x00,
  0x07, 0x07, 0x0F, 0x0F, 0x1C, 0x1F, 0x18, 0x1F, 0x18, 0x1F, 0x08, 0x0F, 0x0C, 0x0F, 0x06, 0x07,
  0x00, 0x00, 0x00, 0x07, 0x00, 0x0F, 0x00, 0x0C, 0x01, 0x08, 0x00, 0x04, 0x00, 0x06, 0x00, 0x03,
  0xF0, 0xD0, 0xE0, 0xE0, 0xE0, 0xE0, 0x70, 0xF0, 0x30, 0xF0, 0x30, 0xF0, 0x18, 0xF8, 0x18, 0xF8,
  0x00, 0x00, 0x00, 0x80, 0x00, 0xC0, 0x00, 0xC0, 0x00, 0x60, 0x00, 0x60, 0x00, 0xF0, 0x00, 0xB0,
  0x00, 0x00, 0x00, 0x00, 0x00, 0x00, 0x00, 0x00, 0x00, 0x00, 0x00, 0x00, 0x00, 0x00, 0x00, 0x00,
  0x00, 0x00, 0x00, 0x00, 0x00, 0x00, 0x00, 0x00, 0x00, 0x00, 0x00, 0x00, 0x00, 0x00, 0x00, 0x00,
  0x00, 0x00, 0x00, 0x00, 0x00, 0x00, 0x00, 0x00, 0x00, 0x00, 0x00, 0x00, 0x00, 0x00, 0x00, 0x00,
  0x00, 0x00, 0x00, 0x00, 0x00, 0x00, 0x00, 0x00, 0x00, 0x00, 0x00, 0x00, 0x00, 0x00, 0x00, 0x00,
  0x00, 0x00, 0x00, 0x00, 0x00, 0x00, 0x00, 0x00, 0x00, 0x00, 0x00, 0x00, 0x00, 0x00, 0x00, 0x00,
  0x00, 0x00, 0x00, 0x00, 0x00, 0x00, 0x00, 0x00, 0x00, 0x00, 0x00, 0x00, 0x00, 0x00, 0x00, 0x00,
  0x00, 0x00, 0x00, 0x00, 0x00, 0x00, 0x00, 0x00, 0x00, 0x00, 0x00, 0x00, 0x00, 0x00, 0x00, 0x00,
  0x00, 0x00, 0x00, 0x00, 0x00, 0x00, 0x00, 0x00, 0x00, 0x00, 0x00, 0x00, 0x00, 0x00, 0x00, 0x00,
  0x81, 0xFF, 0x80, 0xFF, 0xC0, 0xFF, 0x41, 0x7F, 0x71, 0x7F, 0x3F, 0x3F, 0x1F, 0x1F, 0x07, 0x07,
  0x00, 0xC3, 0x00, 0xE7, 0x00, 0xFF, 0x00, 0x7F, 0x00, 0x7F, 0x00, 0x3E, 0x00, 0x1E, 0x00, 0x06,
  0x87, 0xFF, 0x8F, 0xFF, 0x8F, 0xFF, 0x1E, 0xFE, 0x7E, 0xFE, 0xFC, 0xFC, 0xF8, 0xF8, 0xE0, 0xE0,
  0x00, 0xFF, 0x00, 0xFF, 0x00, 0xFF, 0x00, 0xFE, 0x00, 0xFE, 0x00, 0xFC, 0x00, 0xF8, 0x00, 0xE0,
  0x00, 0x00, 0x00, 0x00, 0x00, 0x00, 0x00, 0x00, 0x00, 0x00, 0x00, 0x00, 0x00, 0x00, 0x00, 0x00,
  0x00, 0x00, 0x00, 0x00, 0x00, 0x00, 0x00, 0x00, 0x00, 0x00, 0x00, 0x00, 0x00, 0x00, 0x00, 0x00,
  0x00, 0x00, 0x00, 0x00, 0x00, 0x00, 0x00, 0x00, 0x00, 0x00, 0x00, 0x00, 0x00, 0x00, 0x00, 0x00,
  0x00, 0x00, 0x00, 0x00, 0x00, 0x00, 0x00, 0x00, 0x00, 0x00, 0x00, 0x00, 0x00, 0x00, 0x00, 0x00,
  0x00, 0x00, 0x00, 0x00, 0x00, 0x00, 0x00, 0x00, 0x00, 0x00, 0x00, 0x00, 0x00, 0x00, 0x00, 0x00,
  0x00, 0x00, 0x00, 0x00, 0x00, 0x00, 0x00, 0x00, 0x00, 0x00, 0x00, 0x00, 0x00, 0x00, 0x00, 0x00,
  0x00, 0x00, 0x00, 0x00, 0x00, 0x00, 0x00, 0x00, 0x00, 0x00, 0x00, 0x00, 0x00, 0x00, 0x00, 0x00,
  0x00, 0x00, 0x00, 0x00, 0x00, 0x00, 0x00, 0x00, 0x00, 0x00, 0x00, 0x00, 0x00, 0x00, 0x00, 0x00,
  0x00, 0x00, 0x00, 0x00, 0x00, 0x00, 0x00, 0x00, 0x00, 0x00, 0x00, 0x00, 0x00, 0x00, 0x00, 0x00,
  0x00, 0x00, 0x00, 0x00, 0x00, 0x00, 0x00, 0x00, 0x00, 0x00, 0x00, 0x00, 0x00, 0x00, 0x00, 0x00,
  0x00, 0x00, 0x00, 0x00, 0x00, 0x00, 0x00, 0x00, 0x00, 0x00, 0x00, 0x00, 0x00, 0x00, 0x00, 0x00,
  0x00, 0x00, 0x00, 0x00, 0x00, 0x00, 0x00, 0x00, 0x00, 0x00, 0x00, 0x00, 0x00, 0x00, 0x00, 0x00,
  0x0C, 0x0F, 0x06, 0x07, 0x03, 0x03, 0x00, 0x00, 0x00, 0x00, 0x00, 0x00, 0x00, 0x00, 0x00, 0x00,
  0x00, 0x07, 0x00, 0x03, 0x00, 0x00, 0x00, 0x00, 0x00, 0x00, 0x00, 0x00, 0x00, 0x00, 0x00, 0x00,
  0x80, 0x80, 0x20, 0xE0, 0xE0, 0xE0, 0x00, 0x00, 0x00, 0x00, 0x00, 0x00, 0x00, 0x00, 0x00, 0x00,
  0x00, 0x80, 0x00, 0x60, 0x00, 0x00, 0x00, 0x00, 0x00, 0x00, 0x00, 0x00, 0x00, 0x00, 0x00, 0x00,
  0x73, 0x73, 0x7F, 0x7F, 0x7F, 0x7F, 0x7F, 0x7F, 0xEF, 0xFF, 0xD9, 0xFD, 0xF1, 0xF1, 0xE0, 0xE1,
  0x00, 0x31, 0x00, 0x31, 0x00, 0x2E, 0x00, 0x26, 0x00, 0x71, 0x00, 0x7C, 0x00, 0x41, 0x00, 0x61,
  0x08, 0xF8, 0x08, 0xF8, 0x9E, 0xFE, 0xFC, 0xFE, 0xFC, 0xFE, 0x9E, 0xFE, 0x06, 0xFE, 0x08, 0xF8,
  0x00, 0x18, 0x00, 0x98, 0x00, 0xF8, 0x00, 0x72, 0x00, 0x46, 0x00, 0xFE, 0x00, 0x3C, 0x80, 0x18,
  0x00, 0x00, 0x00, 0x00, 0x00, 0x00, 0x00, 0x00, 0x00, 0x00, 0x00, 0x00, 0x00, 0x00, 0x00, 0x00,
  0x00, 0x00, 0x00, 0x00, 0x00, 0x00, 0x00, 0x00, 0x00, 0x00, 0x00, 0x00, 0x00, 0x00, 0x00, 0x00,
  0x00, 0x00, 0x00, 0x00, 0x00, 0x00, 0x00, 0x00, 0x00, 0x00, 0x00, 0x00, 0x00, 0x00, 0x00, 0x00,
  0x00, 0x00, 0x00, 0x00, 0x00, 0x00, 0x00, 0x00, 0x00, 0x00, 0x00, 0x00, 0x00, 0x00, 0x00, 0x00,
  0x00, 0x00, 0x00, 0x00, 0x00, 0x00, 0x00, 0x00, 0x00, 0x00, 0x00, 0x00, 0x00, 0x00, 0x00, 0x00,
  0x00, 0x00, 0x00, 0x00, 0x00, 0x00, 0x00, 0x00, 0x00, 0x00, 0x00, 0x00, 0x00, 0x00, 0x00, 0x00,
  0x00, 0x00, 0x00, 0x00, 0x00, 0x00, 0x00, 0x00, 0x00, 0x00, 0x00, 0x00, 0x00, 0x00, 0x00, 0x00,
  0x00, 0x00, 0x00, 0x00, 0x00, 0x00, 0x00, 0x00, 0x00, 0x00, 0x00, 0x00, 0x00, 0x00, 0x00, 0x00,
  0x07, 0x07, 0x1C, 0x1F, 0x30, 0x3F, 0x60, 0x7F, 0x40, 0x7F, 0xC0, 0xFF, 0xC0, 0xFF, 0xC0, 0xFF,
  0x00, 0x07, 0x00, 0x1F, 0x00, 0x3F, 0x00, 0x70, 0x00, 0x60, 0x00, 0xF0, 0x00, 0xFF, 0x00, 0xFF,
  0xE0, 0xE0, 0xB8, 0xF8, 0x8C, 0xFC, 0x06, 0xFE, 0x82, 0xFE, 0x03, 0xFF, 0x83, 0xFF, 0x83, 0xFF,
  0x00, 0x60, 0x00, 0x78, 0x00, 0xFC, 0x00, 0x8E, 0x00, 0x86, 0x00, 0x8F, 0x00, 0xFF, 0x00, 0xFF,
  0x00, 0x00, 0x00, 0x00, 0x00, 0x00, 0x00, 0x1C, 0x00, 0x1C, 0x00, 0x1C, 0x00, 0x00, 0x00, 0x00,
  0x00, 0x00, 0x00, 0x00, 0x00, 0x00, 0x08, 0x14, 0x1C, 0x00, 0x08, 0x14, 0x00, 0x00, 0x00, 0x00,
  0x00, 0x00, 0x00, 0x00, 0x00, 0x00, 0x00, 0x00, 0x00, 0x00, 0x00, 0x00, 0x00, 0x00, 0x00, 0x00,
  0x00, 0x00, 0x00, 0x00, 0x00, 0x00, 0x00, 0x00, 0x00, 0x00, 0x00, 0x00, 0x00, 0x00, 0x00, 0x00,
  0x00, 0x00, 0x00, 0x00, 0x00, 0x00, 0x00, 0x00, 0x00, 0x00, 0x00, 0x00, 0x00, 0x00, 0x00, 0x00,
  0x00, 0x00, 0x00, 0x00, 0x00, 0x00, 0x00, 0x00, 0x00, 0x00, 0x00, 0x00, 0x00, 0x00, 0x00, 0x00,
  0x00, 0x00, 0x00, 0x00, 0x00, 0x00, 0x00, 0x00, 0x00, 0x00, 0x00, 0x00, 0x00, 0x00, 0x00, 0x00,
  0x00, 0x00, 0x00, 0x00, 0x00, 0x00, 0x00, 0x00, 0x00, 0x00, 0x00, 0x00, 0x00, 0x00, 0x00, 0x00,
  0x00, 0x00, 0x00, 0x00, 0x00, 0x00, 0x00, 0x00, 0x00, 0x00, 0x00, 0x00, 0x00, 0x00, 0x00, 0x00,
  0x00, 0x00, 0x00, 0x00, 0x00, 0x00, 0x00, 0x00, 0x00, 0x00, 0x00, 0x00, 0x00, 0x00, 0x00, 0x00,
  0x00, 0x00, 0x00, 0x00, 0x00, 0x00, 0x00, 0x00, 0x00, 0x00, 0x00, 0x00, 0x00, 0x00, 0x00, 0x00,
  0x00, 0x00, 0x00, 0x00, 0x00, 0x00, 0x00, 0x00, 0x00, 0x00, 0x00, 0x00, 0x00, 0x00, 0x00, 0x00,
  0x82, 0xC3, 0xC2, 0xC3, 0x07, 0x07, 0x0F, 0x0F, 0x1F, 0x1F, 0x37, 0x3F, 0x36, 0x3F, 0x1F, 0x1F,
  0x00, 0x40, 0x00, 0x03, 0x00, 0x03, 0x00, 0x03, 0x00, 0x08, 0x00, 0x1C, 0x00, 0x1E, 0x00, 0x0F,
  0x20, 0xE0, 0x40, 0xC0, 0x80, 0x80, 0x80, 0x80, 0xC0, 0xC0, 0x40, 0xC0, 0x80, 0x80, 0x80, 0x80,
  0x00, 0x60, 0x00, 0xC0, 0x00, 0x00, 0x00, 0x00, 0x00, 0x00, 0x00, 0x80, 0x00, 0x80, 0x00, 0x00,
  0x07, 0x07, 0x0F, 0x0F, 0x1C, 0x1F, 0x18, 0x1F, 0x18, 0x1F, 0x08, 0x0F, 0x0C, 0x0F, 0x06, 0x07,
  0x00, 0x00, 0x00, 0x07, 0x00, 0x0F, 0x00, 0x0C, 0x01, 0x08, 0x00, 0x04, 0x00, 0x06, 0x00, 0x03,
  0xF0, 0xD0, 0xE0, 0xE0, 0xE0, 0xE0, 0x70, 0xF0, 0x30, 0xF0, 0x30, 0xF0, 0x18, 0xF8, 0x18, 0xF8,
  0x00, 0x00, 0x00, 0x80, 0x00, 0xC0, 0x00, 0xC0, 0x00, 0x60, 0x00, 0x60, 0x00, 0xF0, 0x00, 0xB0,
  0x00, 0x00, 0x00, 0x00, 0x00, 0x00, 0x00, 0x00, 0x00, 0x00, 0x00, 0x00, 0x00, 0x00, 0x00, 0x00,
  0x00, 0x00, 0x00, 0x00, 0x00, 0x00, 0x00, 0x00, 0x00, 0x00, 0x00, 0x00, 0x00, 0x00, 0x00, 0x00,
  0x00, 0x00, 0x00, 0x00, 0x00, 0x00, 0x00, 0x00, 0x00, 0x00, 0x00, 0x00, 0x00, 0x00, 0x00, 0x00,
  0x00, 0x00, 0x00, 0x00, 0x00, 0x00, 0x00, 0x00, 0x00, 0x00, 0x00, 0x00, 0x00, 0x00, 0x00, 0x00,
  0x00, 0x00, 0x00, 0x00, 0x00, 0x00, 0x00, 0x00, 0x00, 0x00, 0x00, 0x00, 0x00, 0x00, 0x00, 0x00,
  0x00, 0x00, 0x00, 0x00, 0x00, 0x00, 0x00, 0x00, 0x00, 0x00, 0x00, 0x00, 0x00, 0x00, 0x00, 0x00,
  0x00, 0x00, 0x00, 0x00, 0x00, 0x00, 0x00, 0x00, 0x00, 0x00, 0x00, 0x00, 0x00, 0x00, 0x00, 0x00,
  0x00, 0x00, 0x00, 0x00, 0x00, 0x00, 0x00, 0x00, 0x00, 0x00, 0x00, 0x00, 0x00, 0x00, 0x00, 0x00,
  0xC1, 0xFF, 0xE2, 0xFF, 0xEC, 0xFF, 0x78, 0x7F, 0x7C, 0x7F, 0x3F, 0x3F, 0x1F, 0x1F, 0x07, 0x07,
  0x00, 0xFF, 0x00, 0xFF, 0x00, 0xFF, 0x00, 0x4F, 0x00, 0x3F, 0x00, 0x3F, 0x00, 0x1F, 0x00, 0x07,
  0xE3, 0xFF, 0x1F, 0xFF, 0x07, 0xFF, 0x0E, 0xFE, 0x3E, 0xFE, 0xFC, 0xFC, 0xF8, 0xF8, 0xE0, 0xE0,
  0x00, 0xFF, 0x00, 0xFF, 0x00, 0xFC, 0x00, 0xFE, 0x00, 0xFE, 0x00, 0xFC, 0x00, 0xF8, 0x00, 0xE0,
  0x00, 0x00, 0x00, 0x00, 0x00, 0x00, 0x00, 0x00, 0x00, 0x00, 0x00, 0x00, 0x00, 0x00, 0x00, 0x00,
  0x00, 0x00, 0x00, 0x00, 0x00, 0x00, 0x00, 0x00, 0x00, 0x00, 0x00, 0x00, 0x00, 0x00, 0x00, 0x00,
  0x00, 0x00, 0x00, 0x00, 0x00, 0x00, 0x00, 0x00, 0x00, 0x00, 0x00, 0x00, 0x00, 0x00, 0x00, 0x00,
  0x00, 0x00, 0x00, 0x00, 0x00, 0x00, 0x00, 0x00, 0x00, 0x00, 0x00, 0x00, 0x00, 0x00, 0x00, 0x00,
  0x00, 0x00, 0x00, 0x00, 0x00, 0x00, 0x00, 0x00, 0x00, 0x00, 0x00, 0x00, 0x00, 0x00, 0x00, 0x00,
  0x00, 0x00, 0x00, 0x00, 0x00, 0x00, 0x00, 0x00, 0x00, 0x00, 0x00, 0x00, 0x00, 0x00, 0x00, 0x00,
  0x00, 0x00, 0x00, 0x00, 0x00, 0x00, 0x00, 0x00, 0x00, 0x00, 0x00, 0x00, 0x00, 0x00, 0x00, 0x00,
  0x00, 0x00, 0x00, 0x00, 0x00, 0x00, 0x00, 0x00, 0x00, 0x00, 0x00, 0x00, 0x00, 0x00, 0x00, 0x00,
  0x00, 0x00, 0x00, 0x00, 0x00, 0x00, 0x00, 0x00, 0x00, 0x00, 0x00, 0x00, 0x00, 0x00, 0x00, 0x00,
  0x00, 0x00, 0x00, 0x00, 0x00, 0x00, 0x00, 0x00, 0x00, 0x00, 0x00, 0x00, 0x00, 0x00, 0x00, 0x00,
  0x00, 0x00, 0x00, 0x00, 0x00, 0x00, 0x00, 0x00, 0x00, 0x00, 0x00, 0x00, 0x00, 0x00, 0x00, 0x00,
  0x00, 0x00, 0x00, 0x00, 0x00, 0x00, 0x00, 0x00, 0x00, 0x00, 0x00, 0x00, 0x00, 0x00, 0x00, 0x00,
  0x0C, 0x0F, 0x06, 0x07, 0x03, 0x03, 0x00, 0x00, 0x00, 0x00, 0x00, 0x00, 0x00, 0x00, 0x00, 0x00,
  0x00, 0x07, 0x00, 0x03, 0x00, 0x00, 0x00, 0x00, 0x00, 0x00, 0x00, 0x00, 0x00, 0x00, 0x00, 0x00,
  0x80, 0x80, 0x20, 0xE0, 0xE0, 0xE0, 0x00, 0x00, 0x00, 0x00, 0x00, 0x00, 0x00, 0x00, 0x00, 0x00,
  0x00, 0x80, 0x00, 0x60, 0x00, 0x00, 0x00, 0x00, 0x00, 0x00, 0x00, 0x00, 0x00, 0x00, 0x00, 0x00,
  0x73, 0x73, 0x7F, 0x7F, 0x7F, 0x7F, 0x7F, 0x7F, 0xEF, 0xFF, 0xD9, 0xFD, 0xF1, 0xF1, 0xE0, 0xE1,
  0x00, 0x31, 0x00, 0x31, 0x00, 0x2E, 0x00, 0x26, 0x00, 0x71, 0x00, 0x7C, 0x00, 0x41, 0x00, 0x61,
  0x08, 0xF8, 0x08, 0xF8, 0x9E, 0xFE, 0xFC, 0xFE, 0xFC, 0xFE, 0x9E, 0xFE, 0x06, 0xFE, 0x08, 0xF8,
  0x00, 0x18, 0x00, 0x98, 0x00, 0xF8, 0x00, 0x72, 0x00, 0x46, 0x00, 0xFE, 0x00, 0x3C, 0x80, 0x18,
  0x00, 0x00, 0x00, 0x00, 0x00, 0x00, 0x00, 0x00, 0x00, 0x00, 0x00, 0x00, 0x00, 0x00, 0x00, 0x00,
  0x00, 0x00, 0x00, 0x00, 0x00, 0x00, 0x00, 0x00, 0x00, 0x00, 0x00, 0x00, 0x00, 0x00, 0x00, 0x00,
  0x00, 0x00, 0x00, 0x00, 0x00, 0x00, 0x00, 0x00, 0x00, 0x00, 0x00, 0x00, 0x00, 0x00, 0x00, 0x00,
  0x00, 0x00, 0x00, 0x00, 0x00, 0x00, 0x00, 0x00, 0x00, 0x00, 0x00, 0x00, 0x00, 0x00, 0x00, 0x00,
  0x00, 0x00, 0x00, 0x00, 0x00, 0x00, 0x00, 0x00, 0x00, 0x00, 0x00, 0x00, 0x00, 0x00, 0x00, 0x00,
  0x00, 0x00, 0x00, 0x00, 0x00, 0x00, 0x00, 0x00, 0x00, 0x00, 0x00, 0x00, 0x00, 0x00, 0x00, 0x00,
  0x00, 0x00, 0x00, 0x00, 0x00, 0x00, 0x00, 0x00, 0x00, 0x00, 0x00, 0x00, 0x00, 0x00, 0x00, 0x00,
  0x00, 0x00, 0x00, 0x00, 0x00, 0x00, 0x00, 0x00, 0x00, 0x00, 0x00, 0x00, 0x00, 0x00, 0x00, 0x00,
  0x07, 0x07, 0x1C, 0x1F, 0x30, 0x3F, 0x60, 0x7F, 0x60, 0x7F, 0xD0, 0xFF, 0x8C, 0xFF, 0x87, 0xFF,
  0x00, 0x07, 0x00, 0x1F, 0x00, 0x3E, 0x00, 0x7C, 0x00, 0x58, 0x00, 0xF0, 0x00, 0xED, 0x00, 0xC7,
  0xE0, 0xE0, 0x38, 0xF8, 0x0C, 0xFC, 0x0E, 0xFE, 0x06, 0xFE, 0x07, 0xFF, 0x0F, 0xFF, 0x77, 0xFF,
  0x00, 0xE0, 0x00, 0xF8, 0x00, 0x7C, 0x00, 0x3E, 0x00, 0x3E, 0x00, 0x7E, 0x00, 0xF9, 0x00, 0xFF,
  0x00, 0x00, 0x00, 0x00, 0x00, 0x00, 0x00, 0x1C, 0x00, 0x1C, 0x00, 0x1C, 0x00, 0x00, 0x00, 0x00,
  0x00, 0x00, 0x00, 0x00, 0x00, 0x00, 0x08, 0x14, 0x1C, 0x00, 0x08, 0x14, 0x00, 0x00, 0x00, 0x00,
  0x00, 0x00, 0x00, 0x00, 0x00, 0x00, 0x00, 0x00, 0x00, 0x00, 0x00, 0x00, 0x00, 0x00, 0x00, 0x00,
  0x00, 0x00, 0x00, 0x00, 0x00, 0x00, 0x00, 0x00, 0x00, 0x00, 0x00, 0x00, 0x00, 0x00, 0x00, 0x00,
  0x00, 0x00, 0x00, 0x00, 0x00, 0x00, 0x00, 0x00, 0x00, 0x00, 0x00, 0x00, 0x00, 0x00, 0x00, 0x00,
  0x00, 0x00, 0x00, 0x00, 0x00, 0x00, 0x00, 0x00, 0x00, 0x00, 0x00, 0x00, 0x00, 0x00, 0x00, 0x00,
  0x00, 0x00, 0x00, 0x00, 0x00, 0x00, 0x00, 0x00, 0x00, 0x00, 0x00, 0x00, 0x00, 0x00, 0x00, 0x00,
  0x00, 0x00, 0x00, 0x00, 0x00, 0x00, 0x00, 0x00, 0x00, 0x00, 0x00, 0x00, 0x00, 0x00, 0x00, 0x00,
  0x00, 0x00, 0x00, 0x00, 0x00, 0x00, 0x00, 0x00, 0x00, 0x00, 0x00, 0x00, 0x00, 0x00, 0x00, 0x00,
  0x00, 0x00, 0x00, 0x00, 0x00, 0x00, 0x00, 0x00, 0x00, 0x00, 0x00, 0x00, 0x00, 0x00, 0x00, 0x00,
  0x00, 0x00, 0x00, 0x00, 0x00, 0x00, 0x00, 0x00, 0x00, 0x00, 0x00, 0x00, 0x00, 0x00, 0x00, 0x00,
  0x00, 0x00, 0x00, 0x00, 0x00, 0x00, 0x00, 0x00, 0x00, 0x00, 0x00, 0x00, 0x00, 0x00, 0x00, 0x00,
  0x82, 0xC3, 0xC2, 0xC3, 0x07, 0x07, 0x0F, 0x0F, 0x1F, 0x1F, 0x37, 0x3F, 0x36, 0x3F, 0x1F, 0x1F,
  0x00, 0x40, 0x00, 0x03, 0x00, 0x03, 0x00, 0x03, 0x00, 0x08, 0x00, 0x1C, 0x00, 0x1E, 0x00, 0x0F,
  0x20, 0xE0, 0x40, 0xC0, 0x80, 0x80, 0x80, 0x80, 0xC0, 0xC0, 0x40, 0xC0, 0x80, 0x80, 0x80, 0x80,
  0x00, 0x60, 0x00, 0xC0, 0x00, 0x00, 0x00, 0x00, 0x00, 0x00, 0x00, 0x80, 0x00, 0x80, 0x00, 0x00,
  0x07, 0x07, 0x0F, 0x0F, 0x1C, 0x1F, 0x18, 0x1F, 0x18, 0x1F, 0x08, 0x0F, 0x0C, 0x0F, 0x06, 0x07,
  0x00, 0x00, 0x00, 0x07, 0x00, 0x0F, 0x00, 0x0C, 0x01, 0x08, 0x00, 0x04, 0x00, 0x06, 0x00, 0x03,
  0xF0, 0xD0, 0xE0, 0xE0, 0xE0, 0xE0, 0x70, 0xF0, 0x30, 0xF0, 0x30, 0xF0, 0x18, 0xF8, 0x18, 0xF8,
  0x00, 0x00, 0x00, 0x80, 0x00, 0xC0, 0x00, 0xC0, 0x00, 0x60, 0x00, 0x60, 0x00, 0xF0, 0x00, 0xB0,
  0x00, 0x00, 0x00, 0x00, 0x00, 0x00, 0x00, 0x00, 0x00, 0x00, 0x00, 0x00, 0x00, 0x00, 0x00, 0x00,
  0x00, 0x00, 0x00, 0x00, 0x00, 0x00, 0x00, 0x00, 0x00, 0x00, 0x00, 0x00, 0x00, 0x00, 0x00, 0x00,
  0x00, 0x00, 0x00, 0x00, 0x00, 0x00, 0x00, 0x00, 0x00, 0x00, 0x00, 0x00, 0x00, 0x00, 0x00, 0x00,
  0x00, 0x00, 0x00, 0x00, 0x00, 0x00, 0x00, 0x00, 0x00, 0x00, 0x00, 0x00, 0x00, 0x00, 0x00, 0x00,
  0x00, 0x00, 0x00, 0x00, 0x00, 0x00, 0x00, 0x00, 0x00, 0x00, 0x00, 0x00, 0x00, 0x00, 0x00, 0x00,
  0x00, 0x00, 0x00, 0x00, 0x00, 0x00, 0x00, 0x00, 0x00, 0x00, 0x00, 0x00, 0x00, 0x00, 0x00, 0x00,
  0x00, 0x00, 0x00, 0x00, 0x00, 0x00, 0x00, 0x00, 0x00, 0x00, 0x00, 0x00, 0x00, 0x00, 0x00, 0x00,
  0x00, 0x00, 0x00, 0x00, 0x00, 0x00, 0x00, 0x00, 0x00, 0x00, 0x00, 0x00, 0x00, 0x00, 0x00, 0x00,
  0x81, 0xFF, 0x80, 0xFF, 0xC0, 0xFF, 0x41, 0x7F, 0x71, 0x7F, 0x3F, 0x3F, 0x1F, 0x1F, 0x07, 0x07,
  0x00, 0xC3, 0x00, 0xE7, 0x00, 0xFF, 0x00, 0x7F, 0x00, 0x7F, 0x00, 0x3E, 0x00, 0x1E, 0x00, 0x06,
  0x87, 0xFF, 0x8F, 0xFF, 0x8F, 0xFF, 0x1E, 0xFE, 0x7E, 0xFE, 0xFC, 0xFC, 0xF8, 0xF8, 0xE0, 0xE0,
  0x00, 0xFF, 0x00, 0xFF, 0x00, 0xFF, 0x00, 0xFE, 0x00, 0xFE, 0x00, 0xFC, 0x00, 0xF8, 0x00, 0xE0,
  0x00, 0x00, 0x00, 0x00, 0x00, 0x00, 0x00, 0x00, 0x00, 0x00, 0x00, 0x00, 0x00, 0x00, 0x00, 0x00,
  0x00, 0x00, 0x00, 0x00, 0x00, 0x00, 0x00, 0x00, 0x00, 0x00, 0x00, 0x00, 0x00, 0x00, 0x00, 0x00,
  0x00, 0x00, 0x00, 0x00, 0x00, 0x00, 0x00, 0x00, 0x00, 0x00, 0x00, 0x00, 0x00, 0x00, 0x00, 0x00,
  0x00, 0x00, 0x00, 0x00, 0x00, 0x00, 0x00, 0x00, 0x00, 0x00, 0x00, 0x00, 0x00, 0x00, 0x00, 0x00,
  0x00, 0x00, 0x00, 0x00, 0x00, 0x00, 0x00, 0x00, 0x00, 0x00, 0x00, 0x00, 0x00, 0x00, 0x00, 0x00,
  0x00, 0x00, 0x00, 0x00, 0x00, 0x00, 0x00, 0x00, 0x00, 0x00, 0x00, 0x00, 0x00, 0x00, 0x00, 0x00,
  0x00, 0x00, 0x00, 0x00, 0x00, 0x00, 0x00, 0x00, 0x00, 0x00, 0x00, 0x00, 0x00, 0x00, 0x00, 0x00,
  0x00, 0x00, 0x00, 0x00, 0x00, 0x00, 0x00, 0x00, 0x00, 0x00, 0x00, 0x00, 0x00, 0x00, 0x00, 0x00,
  0x00, 0x00, 0x00, 0x00, 0x00, 0x00, 0x00, 0x00, 0x00, 0x00, 0x00, 0x00, 0x00, 0x00, 0x00, 0x00,
  0x00, 0x00, 0x00, 0x00, 0x00, 0x00, 0x00, 0x00, 0x00, 0x00, 0x00, 0x00, 0x00, 0x00, 0x00, 0x00,
  0x00, 0x00, 0x00, 0x00, 0x00, 0x00, 0x00, 0x00, 0x00, 0x00, 0x00, 0x00, 0x00, 0x00, 0x00, 0x00,
  0x00, 0x00, 0x00, 0x00, 0x00, 0x00, 0x00, 0x00, 0x00, 0x00, 0x00, 0x00, 0x00, 0x00, 0x00, 0x00,
  0x0C, 0x0F, 0x06, 0x07, 0x03, 0x03, 0x00, 0x00, 0x00, 0x00, 0x00, 0x00, 0x00, 0x00, 0x00, 0x00,
  0x00, 0x07, 0x00, 0x03, 0x00, 0x00, 0x00, 0x00, 0x00, 0x00, 0x00, 0x00, 0x00, 0x00, 0x00, 0x00,
  0x80, 0x80, 0x20, 0xE0, 0xE0, 0xE0, 0x00, 0x00, 0x00, 0x00, 0x00, 0x00, 0x00, 0x00, 0x00, 0x00,
  0x00, 0x80, 0x00, 0x60, 0x00, 0x00, 0x00, 0x00, 0x00, 0x00, 0x00, 0x00, 0x00, 0x00, 0x00, 0x00,
  0x73, 0x73, 0x7F, 0x7F, 0x7F, 0x7F, 0x7F, 0x7F, 0xEF, 0xFF, 0xD9, 0xFD, 0xF1, 0xF1, 0xE0, 0xE1,
  0x00, 0x31, 0x00, 0x31, 0x00, 0x2E, 0x00, 0x26, 0x00, 0x71, 0x00, 0x7C, 0x00, 0x41, 0x00, 0x61,
  0x08, 0xF8, 0x08, 0xF8, 0x9E, 0xFE, 0xFC, 0xFE, 0xFC, 0xFE, 0x9E, 0xFE, 0x06, 0xFE, 0x08, 0xF8,
  0x00, 0x18, 0x00, 0x98, 0x00, 0xF8, 0x00, 0x72, 0x00, 0x46, 0x00, 0xFE, 0x00, 0x3C, 0x80, 0x18,
  0x00, 0x00, 0x00, 0x00, 0x00, 0x00, 0x00, 0x00, 0x00, 0x00, 0x00, 0x00, 0x00, 0x00, 0x00, 0x00,
  0x00, 0x00, 0x00, 0x00, 0x00, 0x00, 0x00, 0x00, 0x00, 0x00, 0x00, 0x00, 0x00, 0x00, 0x00, 0x00,
  0x00, 0x00, 0x00, 0x00, 0x00, 0x00, 0x00, 0x00, 0x00, 0x00, 0x00, 0x00, 0x00, 0x00, 0x00, 0x00,
  0x00, 0x00, 0x00, 0x00, 0x00, 0x00, 0x00, 0x00, 0x00, 0x00, 0x00, 0x00, 0x00, 0x00, 0x00, 0x00,
  0x00, 0x00, 0x00, 0x00, 0x00, 0x00, 0x00, 0x00, 0x00, 0x00, 0x00, 0x00, 0x00, 0x00, 0x00, 0x00,
  0x00, 0x00, 0x00, 0x00, 0x00, 0x00, 0x00, 0x00, 0x00, 0x00, 0x00, 0x00, 0x00, 0x00, 0x00, 0x00,
  0x00, 0x00, 0x00, 0x00, 0x00, 0x00, 0x00, 0x00, 0x00, 0x00, 0x00, 0x00, 0x00, 0x00, 0x00, 0x00,
  0x00, 0x00, 0x00, 0x00, 0x00, 0x00, 0x00, 0x00, 0x00, 0x00, 0x00, 0x00, 0x00, 0x00, 0x00, 0x00,
  0x07, 0x07, 0x1F, 0x1F, 0x3E, 0x3F, 0x78, 0x7F, 0x7C, 0x7F, 0xF4, 0xFF, 0xE2, 0xFF, 0xE1, 0xFF,
  0x00, 0x07, 0x00, 0x0F, 0x00, 0x37, 0x00, 0x77, 0x00, 0x7F, 0x00, 0xFF, 0x00, 0xFF, 0x00, 0xFF,
  0xE0, 0xE0, 0xF8, 0xF8, 0x0C, 0xFC, 0x06, 0xFE, 0x02, 0xFE, 0x03, 0xFF, 0x01, 0xFF, 0x01, 0xFF,
  0x00, 0xE0, 0x00, 0xF8, 0x00, 0xFC, 0x00, 0xEE, 0x00, 0xC6, 0x00, 0xC7, 0x00, 0xC7, 0x00, 0xC7,
  0x00, 0x00, 0x00, 0x00, 0x00, 0x00, 0x00, 0x1C, 0x00, 0x1C, 0x00, 0x1C, 0x00, 0x00, 0x00, 0x00,
  0x00, 0x00, 0x00, 0x00, 0x00, 0x00, 0x08, 0x14, 0x1C, 0x00, 0x08, 0x14, 0x00, 0x00, 0x00, 0x00,
  0x00, 0x00, 0x00, 0x00, 0x00, 0x00, 0x00, 0x00, 0x00, 0x00, 0x00, 0x00, 0x00, 0x00, 0x00, 0x00,
  0x00, 0x00, 0x00, 0x00, 0x00, 0x00, 0x00, 0x00, 0x00, 0x00, 0x00, 0x00, 0x00, 0x00, 0x00, 0x00,
  0x00, 0x00, 0x00, 0x00, 0x00, 0x00, 0x00, 0x00, 0x00, 0x00, 0x00, 0x00, 0x00, 0x00, 0x00, 0x00,
  0x00, 0x00, 0x00, 0x00, 0x00, 0x00, 0x00, 0x00, 0x00, 0x00, 0x00, 0x00, 0x00, 0x00, 0x00, 0x00,
  0x00, 0x00, 0x00, 0x00, 0x00, 0x00, 0x00, 0x00, 0x00, 0x00, 0x00, 0x00, 0x00, 0x00, 0x00, 0x00,
  0x00, 0x00, 0x00, 0x00, 0x00, 0x00, 0x00, 0x00, 0x00, 0x00, 0x00, 0x00, 0x00, 0x00, 0x00, 0x00,
  0x00, 0x00, 0x00, 0x00, 0x00, 0x00, 0x00, 0x00, 0x00, 0x00, 0x00, 0x00, 0x00, 0x00, 0x00, 0x00,
  0x00, 0x00, 0x00, 0x00, 0x00, 0x00, 0x00, 0x00, 0x00, 0x00, 0x00, 0x00, 0x00, 0x00, 0x00, 0x00,
  0x00, 0x00, 0x00, 0x00, 0x00, 0x00, 0x00, 0x00, 0x00, 0x00, 0x00, 0x00, 0x00, 0x00, 0x00, 0x00,
  0x00, 0x00, 0x00, 0x00, 0x00, 0x00, 0x00, 0x00, 0x00, 0x00, 0x00, 0x00, 0x00, 0x00, 0x00, 0x00,
  0x82, 0xC3, 0xC2, 0xC3, 0x07, 0x07, 0x0F, 0x0F, 0x1F, 0x1F, 0x37, 0x3F, 0x36, 0x3F, 0x1F, 0x1F,
  0x00, 0x40, 0x00, 0x03, 0x00, 0x03, 0x00, 0x03, 0x00, 0x08, 0x00, 0x1C, 0x00, 0x1E, 0x00, 0x0F,
  0x20, 0xE0, 0x40, 0xC0, 0x80, 0x80, 0x80, 0x80, 0xC0, 0xC0, 0x40, 0xC0, 0x80, 0x80, 0x80, 0x80,
  0x00, 0x60, 0x00, 0xC0, 0x00, 0x00, 0x00, 0x00, 0x00, 0x00, 0x00, 0x80, 0x00, 0x80, 0x00, 0x00,
  0x07, 0x07, 0x0F, 0x0F, 0x1C, 0x1F, 0x18, 0x1F, 0x18, 0x1F, 0x08, 0x0F, 0x0C, 0x0F, 0x06, 0x07,
  0x00, 0x00, 0x00, 0x07, 0x00, 0x0F, 0x00, 0x0C, 0x01, 0x08, 0x00, 0x04, 0x00, 0x06, 0x00, 0x03,
  0xF0, 0xD0, 0xE0, 0xE0, 0xE0, 0xE0, 0x70, 0xF0, 0x30, 0xF0, 0x30, 0xF0, 0x18, 0xF8, 0x18, 0xF8,
  0x00, 0x00, 0x00, 0x80, 0x00, 0xC0, 0x00, 0xC0, 0x00, 0x60, 0x00, 0x60, 0x00, 0xF0, 0x00, 0xB0,
  0x00, 0x00, 0x00, 0x00, 0x00, 0x00, 0x00, 0x00, 0x00, 0x00, 0x00, 0x00, 0x00, 0x00, 0x00, 0x00,
  0x00, 0x00, 0x00, 0x00, 0x00, 0x00, 0x00, 0x00, 0x00, 0x00, 0x00, 0x00, 0x00, 0x00, 0x00, 0x00,
  0x00, 0x00, 0x00, 0x00, 0x00, 0x00, 0x00, 0x00, 0x00, 0x00, 0x00, 0x00, 0x00, 0x00, 0x00, 0x00,
  0x00, 0x00, 0x00, 0x00, 0x00, 0x00, 0x00, 0x00, 0x00, 0x00, 0x00, 0x00, 0x00, 0x00, 0x00, 0x00,
  0x00, 0x00, 0x00, 0x00, 0x00, 0x00, 0x00, 0x00, 0x00, 0x00, 0x00, 0x00, 0x00, 0x00, 0x00, 0x00,
  0x00, 0x00, 0x00, 0x00, 0x00, 0x00, 0x00, 0x00, 0x00, 0x00, 0x00, 0x00, 0x00, 0x00, 0x00, 0x00,
  0x00, 0x00, 0x00, 0x00, 0x00, 0x00, 0x00, 0x00, 0x00, 0x00, 0x00, 0x00, 0x00, 0x00, 0x00, 0x00,
  0x00, 0x00, 0x00, 0x00, 0x00, 0x00, 0x00, 0x00, 0x00, 0x00, 0x00, 0x00, 0x00, 0x00, 0x00, 0x00,
  0xE1, 0xFF, 0xE1, 0xFF, 0xF1, 0xFF, 0x72, 0x7F, 0x7A, 0x7F, 0x3E, 0x3F, 0x1F, 0x1F, 0x07, 0x07,
  0x00, 0xFF, 0x00, 0xFF, 0x00, 0xFF, 0x00, 0x7F, 0x00, 0x7F, 0x00, 0x3D, 0x00, 0x1B, 0x00, 0x07,
  0xD7, 0xFF, 0x01, 0xFF, 0x03, 0xFF, 0x02, 0xFE, 0x06, 0xFE, 0x0C, 0xFC, 0xF8, 0xF8, 0xE0, 0xE0,
  0x00, 0xFC, 0x00, 0xC7, 0x00, 0xC7, 0x00, 0xC6, 0x00, 0xEE, 0x00, 0xFC, 0x00, 0xF8, 0x00, 0xE0,
  0x00, 0x00, 0x00, 0x00, 0x00, 0x00, 0x00, 0x00, 0x00, 0x00, 0x00, 0x00, 0x00, 0x00, 0x00, 0x00,
  0x00, 0x00, 0x00, 0x00, 0x00, 0x00, 0x00, 0x00, 0x00, 0x00, 0x00, 0x00, 0x00, 0x00, 0x00, 0x00,
  0x00, 0x00, 0x00, 0x00, 0x00, 0x00, 0x00, 0x00, 0x00, 0x00, 0x00, 0x00, 0x00, 0x00, 0x00, 0x00,
  0x00, 0x00, 0x00, 0x00, 0x00, 0x00, 0x00, 0x00, 0x00, 0x00, 0x00, 0x00, 0x00, 0x00, 0x00, 0x00,
  0x00, 0x00, 0x00, 0x00, 0x00, 0x00, 0x00, 0x00, 0x00, 0x00, 0x00, 0x00, 0x00, 0x00, 0x00, 0x00,
  0x00, 0x00, 0x00, 0x00, 0x00, 0x00, 0x00, 0x00, 0x00, 0x00, 0x00, 0x00, 0x00, 0x00, 0x00, 0x00,
  0x00, 0x00, 0x00, 0x00, 0x00, 0x00, 0x00, 0x00, 0x00, 0x00, 0x00, 0x00, 0x00, 0x00, 0x00, 0x00,
  0x00, 0x00, 0x00, 0x00, 0x00, 0x00, 0x00, 0x00, 0x00, 0x00, 0x00, 0x00, 0x00, 0x00, 0x00, 0x00,
  0x00, 0x00, 0x00, 0x00, 0x00, 0x00, 0x00, 0x00, 0x00, 0x00, 0x00, 0x00, 0x00, 0x00, 0x00, 0x00,
  0x00, 0x00, 0x00, 0x00, 0x00, 0x00, 0x00, 0x00, 0x00, 0x00, 0x00, 0x00, 0x00, 0x00, 0x00, 0x00,
  0x00, 0x00, 0x00, 0x00, 0x00, 0x00, 0x00, 0x00, 0x00, 0x00, 0x00, 0x00, 0x00, 0x00, 0x00, 0x00,
  0x00, 0x00, 0x00, 0x00, 0x00, 0x00, 0x00, 0x00, 0x00, 0x00, 0x00, 0x00, 0x00, 0x00, 0x00, 0x00,
  0x0C, 0x0F, 0x06, 0x07, 0x03, 0x03, 0x00, 0x00, 0x00, 0x00, 0x00, 0x00, 0x00, 0x00, 0x00, 0x00,
  0x00, 0x07, 0x00, 0x03, 0x00, 0x00, 0x00, 0x00, 0x00, 0x00, 0x00, 0x00, 0x00, 0x00, 0x00, 0x00,
  0x80, 0x80, 0x20, 0xE0, 0xE0, 0xE0, 0x00, 0x00, 0x00, 0x00, 0x00, 0x00, 0x00, 0x00, 0x00, 0x00,
  0x00, 0x80, 0x00, 0x60, 0x00, 0x00, 0x00, 0x00, 0x00, 0x00, 0x00, 0x00, 0x00, 0x00, 0x00, 0x00,
  0x73, 0x73, 0x7F, 0x7F, 0x7F, 0x7F, 0x7F, 0x7F, 0xEF, 0xFF, 0xD9, 0xFD, 0xF1, 0xF1, 0xE0, 0xE1,
  0x00, 0x31, 0x00, 0x31, 0x00, 0x2E, 0x00, 0x26, 0x00, 0x71, 0x00, 0x7C, 0x00, 0x41, 0x00, 0x61,
  0x08, 0xF8, 0x08, 0xF8, 0x9E, 0xFE, 0xFC, 0xFE, 0xFC, 0xFE, 0x9E, 0xFE, 0x06, 0xFE, 0x08, 0xF8,
  0x00, 0x18, 0x00, 0x98, 0x00, 0xF8, 0x00, 0x72, 0x00, 0x46, 0x00, 0xFE, 0x00, 0x3C, 0x80, 0x18,
  0x00, 0x00, 0x00, 0x00, 0x00, 0x00, 0x00, 0x00, 0x00, 0x00, 0x00, 0x00, 0x00, 0x00, 0x00, 0x00,
  0x00, 0x00, 0x00, 0x00, 0x00, 0x00, 0x00, 0x00, 0x00, 0x00, 0x00, 0x00, 0x00, 0x00, 0x00, 0x00,
  0x00, 0x00, 0x00, 0x00, 0x00, 0x00, 0x00, 0x00, 0x00, 0x00, 0x00, 0x00, 0x00, 0x00, 0x00, 0x00,
  0x00, 0x00, 0x00, 0x00, 0x00, 0x00, 0x00, 0x00, 0x00, 0x00, 0x00, 0x00, 0x00, 0x00, 0x00, 0x00,
  0x00, 0x00, 0x00, 0x00, 0x00, 0x00, 0x00, 0x00, 0x00, 0x00, 0x00, 0x00, 0x00, 0x00, 0x00, 0x00,
  0x00, 0x00, 0x00, 0x00, 0x00, 0x00, 0x00, 0x00, 0x00, 0x00, 0x00, 0x00, 0x00, 0x00, 0x00, 0x00,
  0x00, 0x00, 0x00, 0x00, 0x00, 0x00, 0x00, 0x00, 0x00, 0x00, 0x00, 0x00, 0x00, 0x00, 0x00, 0x00,
  0x00, 0x00, 0x00, 0x00, 0x00, 0x00, 0x00, 0x00, 0x00, 0x00, 0x00, 0x00, 0x00, 0x00, 0x00, 0x00,
  0x07, 0x07, 0x1C, 0x1F, 0x30, 0x3F, 0x60, 0x7F, 0x60, 0x7F, 0xD0, 0xFF, 0x8C, 0xFF, 0x87, 0xFF,
  0x00, 0x07, 0x00, 0x1F, 0x00, 0x3E, 0x00, 0x7C, 0x00, 0x58, 0x00, 0xF0, 0x00, 0xED, 0x00, 0xC7,
  0xE0, 0xE0, 0x38, 0xF8, 0x0C, 0xFC, 0x0E, 0xFE, 0x06, 0xFE, 0x07, 0xFF, 0x0F, 0xFF, 0x77, 0xFF,
  0x00, 0xE0, 0x00, 0xF8, 0x00, 0x7C, 0x00, 0x3E, 0x00, 0x3E, 0x00, 0x7E, 0x00, 0xF9, 0x00, 0xFF,
  0x00, 0x00, 0x00, 0x00, 0x00, 0x00, 0x00, 0x1C, 0x00, 0x1C, 0x00, 0x1C, 0x00, 0x00, 0x00, 0x00,
  0x00, 0x00, 0x00, 0x00, 0x00, 0x00, 0x08, 0x14, 0x1C, 0x00, 0x08, 0x14, 0x00, 0x00, 0x00, 0x00,
  0x00, 0x00, 0x00, 0x00, 0x00, 0x00, 0x00, 0x00, 0x00, 0x00, 0x00, 0x00, 0x00, 0x00, 0x00, 0x00,
  0x00, 0x00, 0x00, 0x00, 0x00, 0x00, 0x00, 0x00, 0x00, 0x00, 0x00, 0x00, 0x00, 0x00, 0x00, 0x00,
  0x00, 0x00, 0x00, 0x00, 0x00, 0x00, 0x00, 0x00, 0x00, 0x00, 0x00, 0x00, 0x00, 0x00, 0x00, 0x00,
  0x00, 0x00, 0x00, 0x00, 0x00, 0x00, 0x00, 0x00, 0x00, 0x00, 0x00, 0x00, 0x00, 0x00, 0x00, 0x00,
  0x00, 0x00, 0x00, 0x00, 0x00, 0x00, 0x00, 0x00, 0x00, 0x00, 0x00, 0x00, 0x00, 0x00, 0x00, 0x00,
  0x00, 0x00, 0x00, 0x00, 0x00, 0x00, 0x00, 0x00, 0x00, 0x00, 0x00, 0x00, 0x00, 0x00, 0x00, 0x00,
  0x00, 0x00, 0x00, 0x00, 0x00, 0x00, 0x00, 0x00, 0x00, 0x00, 0x00, 0x00, 0x00, 0x00, 0x00, 0x00,
  0x00, 0x00, 0x00, 0x00, 0x00, 0x00, 0x00, 0x00, 0x00, 0x00, 0x00, 0x00, 0x00, 0x00, 0x00, 0x00,
  0x00, 0x00, 0x00, 0x00, 0x00, 0x00, 0x00, 0x00, 0x00, 0x00, 0x00, 0x00, 0x00, 0x00, 0x00, 0x00,
  0x00, 0x00, 0x00, 0x00, 0x00, 0x00, 0x00, 0x00, 0x00, 0x00, 0x00, 0x00, 0x00, 0x00, 0x00, 0x00,
  0x82, 0xC3, 0xC2, 0xC3, 0x07, 0x07, 0x0F, 0x0F, 0x1F, 0x1F, 0x37, 0x3F, 0x36, 0x3F, 0x1F, 0x1F,
  0x00, 0x40, 0x00, 0x03, 0x00, 0x03, 0x00, 0x03, 0x00, 0x08, 0x00, 0x1C, 0x00, 0x1E, 0x00, 0x0F,
  0x20, 0xE0, 0x40, 0xC0, 0x80, 0x80, 0x80, 0x80, 0xC0, 0xC0, 0x40, 0xC0, 0x80, 0x80, 0x80, 0x80,
  0x00, 0x60, 0x00, 0xC0, 0x00, 0x00, 0x00, 0x00, 0x00, 0x00, 0x00, 0x80, 0x00, 0x80, 0x00, 0x00,
  0x07, 0x07, 0x0F, 0x0F, 0x1C, 0x1F, 0x18, 0x1F, 0x18, 0x1F, 0x08, 0x0F, 0x0C, 0x0F, 0x06, 0x07,
  0x00, 0x00, 0x00, 0x07, 0x00, 0x0F, 0x00, 0x0C, 0x01, 0x08, 0x00, 0x04, 0x00, 0x06, 0x00, 0x03,
  0xF0, 0xD0, 0xE0, 0xE0, 0xE0, 0xE0, 0x70, 0xF0, 0x30, 0xF0, 0x30, 0xF0, 0x18, 0xF8, 0x18, 0xF8,
  0x00, 0x00, 0x00, 0x80, 0x00, 0xC0, 0x00, 0xC0, 0x00, 0x60, 0x00, 0x60, 0x00, 0xF0, 0x00, 0xB0,
  0x00, 0x00, 0x00, 0x00, 0x00, 0x00, 0x00, 0x00, 0x00, 0x00, 0x00, 0x00, 0x00, 0x00, 0x00, 0x00,
  0x00, 0x00, 0x00, 0x00, 0x00, 0x00, 0x00, 0x00, 0x00, 0x00, 0x00, 0x00, 0x00, 0x00, 0x00, 0x00,
  0x00, 0x00, 0x00, 0x00, 0x00, 0x00, 0x00, 0x00, 0x00, 0x00, 0x00, 0x00, 0x00, 0x00, 0x00, 0x00,
  0x00, 0x00, 0x00, 0x00, 0x00, 0x00, 0x00, 0x00, 0x00, 0x00, 0x00, 0x00, 0x00, 0x00, 0x00, 0x00,
  0x00, 0x00, 0x00, 0x00, 0x00, 0x00, 0x00, 0x00, 0x00, 0x00, 0x00, 0x00, 0x00, 0x00, 0x00, 0x00,
  0x00, 0x00, 0x00, 0x00, 0x00, 0x00, 0x00, 0x00, 0x00, 0x00, 0x00, 0x00, 0x00, 0x00, 0x00, 0x00,
  0x00, 0x00, 0x00, 0x00, 0x00, 0x00, 0x00, 0x00, 0x00, 0x00, 0x00, 0x00, 0x00, 0x00, 0x00, 0x00,
  0x00, 0x00, 0x00, 0x00, 0x00, 0x00, 0x00, 0x00, 0x00, 0x00, 0x00, 0x00, 0x00, 0x00, 0x00, 0x00,
  0x81, 0xFF, 0x80, 0xFF, 0xC0, 0xFF, 0x41, 0x7F, 0x71, 0x7F, 0x3F, 0x3F, 0x1F, 0x1F, 0x07, 0x07,
  0x00, 0xC3, 0x00, 0xE7, 0x00, 0xFF, 0x00, 0x7F, 0x00, 0x7F, 0x00, 0x3E, 0x00, 0x1E, 0x00, 0x06,
  0x87, 0xFF, 0x8F, 0xFF, 0x8F, 0xFF, 0x1E, 0xFE, 0x7E, 0xFE, 0xFC, 0xFC, 0xF8, 0xF8, 0xE0, 0xE0,
  0x00, 0xFF, 0x00, 0xFF, 0x00, 0xFF, 0x00, 0xFE, 0x00, 0xFE, 0x00, 0xFC, 0x00, 0xF8, 0x00, 0xE0,
  0x00, 0x00, 0x00, 0x00, 0x00, 0x00, 0x00, 0x00, 0x00, 0x00, 0x00, 0x00, 0x00, 0x00, 0x00, 0x00,
  0x00, 0x00, 0x00, 0x00, 0x00, 0x00, 0x00, 0x00, 0x00, 0x00, 0x00, 0x00, 0x00, 0x00, 0x00, 0x00,
  0x00, 0x00, 0x00, 0x00, 0x00, 0x00, 0x00, 0x00, 0x00, 0x00, 0x00, 0x00, 0x00, 0x00, 0x00, 0x00,
  0x00, 0x00, 0x00, 0x00, 0x00, 0x00, 0x00, 0x00, 0x00, 0x00, 0x00, 0x00, 0x00, 0x00, 0x00, 0x00,
  0x00, 0x00, 0x00, 0x00, 0x00, 0x00, 0x00, 0x00, 0x00, 0x00, 0x00, 0x00, 0x00, 0x00, 0x00, 0x00,
  0x00, 0x00, 0x00, 0x00, 0x00, 0x00, 0x00, 0x00, 0x00, 0x00, 0x00, 0x00, 0x00, 0x00, 0x00, 0x00,
  0x00, 0x00, 0x00, 0x00, 0x00, 0x00, 0x00, 0x00, 0x00, 0x00, 0x00, 0x00, 0x00, 0x00, 0x00, 0x00,
  0x00, 0x00, 0x00, 0x00, 0x00, 0x00, 0x00, 0x00, 0x00, 0x00, 0x00, 0x00, 0x00, 0x00, 0x00, 0x00,
  0x00, 0x00, 0x00, 0x00, 0x00, 0x00, 0x00, 0x00, 0x00, 0x00, 0x00, 0x00, 0x00, 0x00, 0x00, 0x00,
  0x00, 0x00, 0x00, 0x00, 0x00, 0x00, 0x00, 0x00, 0x00, 0x00, 0x00, 0x00, 0x00, 0x00, 0x00, 0x00,
  0x00, 0x00, 0x00, 0x00, 0x00, 0x00, 0x00, 0x00, 0x00, 0x00, 0x00, 0x00, 0x00, 0x00, 0x00, 0x00,
  0x00, 0x00, 0x00, 0x00, 0x00, 0x00, 0x00, 0x00, 0x00, 0x00, 0x00, 0x00, 0x00, 0x00, 0x00, 0x00,
  0x0C, 0x0F, 0x06, 0x07, 0x03, 0x03, 0x00, 0x00, 0x00, 0x00, 0x00, 0x00, 0x00, 0x00, 0x00, 0x00,
  0x00, 0x07, 0x00, 0x03, 0x00, 0x00, 0x00, 0x00, 0x00, 0x00, 0x00, 0x00, 0x00, 0x00, 0x00, 0x00,
  0x80, 0x80, 0x20, 0xE0, 0xE0, 0xE0, 0x00, 0x00, 0x00, 0x00, 0x00, 0x00, 0x00, 0x00, 0x00, 0x00,
  0x00, 0x80, 0x00, 0x60, 0x00, 0x00, 0x00, 0x00, 0x00, 0x00, 0x00, 0x00, 0x00, 0x00, 0x00, 0x00,
  0x73, 0x73, 0x7F, 0x7F, 0x7F, 0x7F, 0x7F, 0x7F, 0xEF, 0xFF, 0xD9, 0xFD, 0xF1, 0xF1, 0xE0, 0xE1,
  0x00, 0x31, 0x00, 0x31, 0x00, 0x2E, 0x00, 0x26, 0x00, 0x71, 0x00, 0x7C, 0x00, 0x41, 0x00, 0x61,
  0x08, 0xF8, 0x08, 0xF8, 0x9E, 0xFE, 0xFC, 0xFE, 0xFC, 0xFE, 0x9E, 0xFE, 0x06, 0xFE, 0x08, 0xF8,
  0x00, 0x18, 0x00, 0x98, 0x00, 0xF8, 0x00, 0x72, 0x00, 0x46, 0x00, 0xFE, 0x00, 0x3C, 0x80, 0x18,
  0x00, 0x00, 0x00, 0x00, 0x00, 0x00, 0x00, 0x00, 0x00, 0x00, 0x00, 0x00, 0x00, 0x00, 0x00, 0x00,
  0x00, 0x00, 0x00, 0x00, 0x00, 0x00, 0x00, 0x00, 0x00, 0x00, 0x00, 0x00, 0x00, 0x00, 0x00, 0x00,
  0x00, 0x00, 0x00, 0x00, 0x00, 0x00, 0x00, 0x00, 0x00, 0x00, 0x00, 0x00, 0x00, 0x00, 0x00, 0x00,
  0x00, 0x00, 0x00, 0x00, 0x00, 0x00, 0x00, 0x00, 0x00, 0x00, 0x00, 0x00, 0x00, 0x00, 0x00, 0x00,
  0x00, 0x00, 0x00, 0x00, 0x00, 0x00, 0x00, 0x00, 0x00, 0x00, 0x00, 0x00, 0x00, 0x00, 0x00, 0x00,
  0x00, 0x00, 0x00, 0x00, 0x00, 0x00, 0x00, 0x00, 0x00, 0x00, 0x00, 0x00, 0x00, 0x00, 0x00, 0x00,
  0x00, 0x00, 0x00, 0x00, 0x00, 0x00, 0x00, 0x00, 0x00, 0x00, 0x00, 0x00, 0x00, 0x00, 0x00, 0x00,
  0x00, 0x00, 0x00, 0x00, 0x00, 0x00, 0x00, 0x00, 0x00, 0x00, 0x00, 0x00, 0x00, 0x00, 0x00, 0x00,
  0x00, 0x00, 0x00, 0x00, 0x00, 0x00, 0x00, 0x1C, 0x00, 0x1C, 0x00, 0x1C, 0x00, 0x00, 0x00, 0x00,
  0x00, 0x00, 0x00, 0x00, 0x00, 0x00, 0x08, 0x14, 0x1C, 0x00, 0x08, 0x14, 0x00, 0x00, 0x00, 0x00,
  0xE3, 0xFF, 0x1F, 0xFF, 0x07, 0xFF, 0x0E, 0xFE, 0x3E, 0xFE, 0xFC, 0xFC, 0xF8, 0xF8, 0xE0, 0xE0,
  0x00, 0xFF, 0x00, 0xFF, 0x00, 0xFC, 0x00, 0xFE, 0x00, 0xFE, 0x00, 0xFC, 0x00, 0xF8, 0x00, 0xE0,
  0xC1, 0xFF, 0xE2, 0xFF, 0xEC, 0xFF, 0x78, 0x7F, 0x7C, 0x7F, 0x3F, 0x3F, 0x1F, 0x1F, 0x07, 0x07,
  0x00, 0xFF, 0x00, 0xFF, 0x00, 0xFF, 0x00, 0x4F, 0x00, 0x3F, 0x00, 0x3F, 0x00, 0x1F, 0x00, 0x07,
  0xE0, 0xE0, 0xB8, 0xF8, 0x8C, 0xFC, 0x06, 0xFE, 0x82, 0xFE, 0x03, 0xFF, 0x83, 0xFF, 0x83, 0xFF,
  0x00, 0x60, 0x00, 0x78, 0x00, 0xFC, 0x00, 0x8E, 0x00, 0x86, 0x00, 0x8F, 0x00, 0xFF, 0x00, 0xFF,
  0x07, 0x07, 0x1C, 0x1F, 0x30, 0x3F, 0x60, 0x7F, 0x40, 0x7F, 0xC0, 0xFF, 0xC0, 0xFF, 0xC0, 0xFF,
  0x00, 0x07, 0x00, 0x1F, 0x00, 0x3F, 0x00, 0x70, 0x00, 0x60, 0x00, 0xF0, 0x00, 0xFF, 0x00, 0xFF,
  0x00, 0x00, 0x00, 0x00, 0x00, 0x00, 0x00, 0x00, 0x00, 0x00, 0x00, 0x00, 0x00, 0x00, 0x00, 0x00,
  0x00, 0x00, 0x00, 0x00, 0x00, 0x00, 0x00, 0x00, 0x00, 0x00, 0x00, 0x00, 0x00, 0x00, 0x00, 0x00,
  0x00, 0x00, 0x00, 0x00, 0x00, 0x00, 0x00, 0x00, 0x00, 0x00, 0x00, 0x00, 0x00, 0x00, 0x00, 0x00,
  0x00, 0x00, 0x00, 0x00, 0x00, 0x00, 0x00, 0x00, 0x00, 0x00, 0x00, 0x00, 0x00, 0x00, 0x00, 0x00,
  0x00, 0x00, 0x00, 0x00, 0x00, 0x00, 0x00, 0x00, 0x00, 0x00, 0x00, 0x00, 0x00, 0x00, 0x00, 0x00,
  0x00, 0x00, 0x00, 0x00, 0x00, 0x00, 0x00, 0x00, 0x00, 0x00, 0x00, 0x00, 0x00, 0x00, 0x00, 0x00,
  0x82, 0xC3, 0xC2, 0xC3, 0x07, 0x07, 0x0F, 0x0F, 0x1F, 0x1F, 0x37, 0x3F, 0x36, 0x3F, 0x1F, 0x1F,
  0x00, 0x40, 0x00, 0x03, 0x00, 0x03, 0x00, 0x03, 0x00, 0x08, 0x00, 0x1C, 0x00, 0x1E, 0x00, 0x0F,
  0x20, 0xE0, 0x40, 0xC0, 0x80, 0x80, 0x80, 0x80, 0xC0, 0xC0, 0x40, 0xC0, 0x80, 0x80, 0x80, 0x80,
  0x00, 0x60, 0x00, 0xC0, 0x00, 0x00, 0x00, 0x00, 0x00, 0x00, 0x00, 0x80, 0x00, 0x80, 0x00, 0x00,
  0x07, 0x07, 0x0F, 0x0F, 0x1C, 0x1F, 0x18, 0x1F, 0x18, 0x1F, 0x08, 0x0F, 0x0C, 0x0F, 0x06, 0x07,
  0x00, 0x00, 0x00, 0x07, 0x00, 0x0F, 0x00, 0x0C, 0x01, 0x08, 0x00, 0x04, 0x00, 0x06, 0x00, 0x03,
  0xF0, 0xD0, 0xE0, 0xE0, 0xE0, 0xE0, 0x70, 0xF0, 0x30, 0xF0, 0x30, 0xF0, 0x18, 0xF8, 0x18, 0xF8,
  0x00, 0x00, 0x00, 0x80, 0x00, 0xC0, 0x00, 0xC0, 0x00, 0x60, 0x00, 0x60, 0x00, 0xF0, 0x00, 0xB0,
  0x00, 0x00, 0x00, 0x00, 0x00, 0x00, 0x00, 0x00, 0x00, 0x00, 0x00, 0x00, 0x00, 0x00, 0x00, 0x00,
  0x00, 0x00, 0x00, 0x00, 0x00, 0x00, 0x00, 0x00, 0x00, 0x00, 0x00, 0x00, 0x00, 0x00, 0x00, 0x00,
  0x00, 0x00, 0x00, 0x00, 0x00, 0x00, 0x00, 0x00, 0x00, 0x00, 0x00, 0x00, 0x00, 0x00, 0x00, 0x00,
  0x00, 0x00, 0x00, 0x00, 0x00, 0x00, 0x00, 0x00, 0x00, 0x00, 0x00, 0x00, 0x00, 0x00, 0x00, 0x00,
  0x00, 0x00, 0x00, 0x00, 0x00, 0x00, 0x00, 0x00, 0x00, 0x00, 0x00, 0x00, 0x00, 0x00, 0x00, 0x00,
  0x00, 0x00, 0x00, 0x00, 0x00, 0x00, 0x00, 0x00, 0x00, 0x00, 0x00, 0x00, 0x00, 0x00, 0x00, 0x00,
  0x00, 0x00, 0x00, 0x00, 0x00, 0x00, 0x00, 0x00, 0x00, 0x00, 0x00, 0x00, 0x00, 0x00, 0x00, 0x00,
  0x00, 0x00, 0x00, 0x00, 0x00, 0x00, 0x00, 0x00, 0x00, 0x00, 0x00, 0x00, 0x00, 0x00, 0x00, 0x00,
  0x00, 0x00, 0x00, 0x00, 0x00, 0x00, 0x00, 0x00, 0x00, 0x00, 0x00, 0x00, 0x00, 0x00, 0x00, 0x00,
  0x00, 0x00, 0x00, 0x00, 0x00, 0x00, 0x00, 0x00, 0x00, 0x00, 0x00, 0x00, 0x00, 0x00, 0x00, 0x00,
  0x00, 0x00, 0x00, 0x00, 0x00, 0x00, 0x00, 0x00, 0x00, 0x00, 0x00, 0x00, 0x00, 0x00, 0x00, 0x00,
  0x00, 0x00, 0x00, 0x00, 0x00, 0x00, 0x00, 0x00, 0x00, 0x00, 0x00, 0x00, 0x00, 0x00, 0x00, 0x00,
  0x00, 0x00, 0x00, 0x00, 0x00, 0x00, 0x00, 0x00, 0x00, 0x00, 0x00, 0x00, 0x00, 0x00, 0x00, 0x00,
  0x00, 0x00, 0x00, 0x00, 0x00, 0x00, 0x00, 0x00, 0x00, 0x00, 0x00, 0x00, 0x00, 0x00, 0x00, 0x00,
  0x00, 0x00, 0x00, 0x00, 0x00, 0x00, 0x00, 0x00, 0x00, 0x00, 0x00, 0x00, 0x00, 0x00, 0x00, 0x00,
  0x00, 0x00, 0x00, 0x00, 0x00, 0x00, 0x00, 0x00, 0x00, 0x00, 0x00, 0x00, 0x00, 0x00, 0x00, 0x00,
  0x00, 0x00, 0x00, 0x00, 0x00, 0x00, 0x00, 0x00, 0x00, 0x00, 0x00, 0x00, 0x00, 0x00, 0x00, 0x00,
  0x00, 0x00, 0x00, 0x00, 0x00, 0x00, 0x00, 0x00, 0x00, 0x00, 0x00, 0x00, 0x00, 0x00, 0x00, 0x00,
  0x00, 0x00, 0x00, 0x00, 0x00, 0x00, 0x00, 0x00, 0x00, 0x00, 0x00, 0x00, 0x00, 0x00, 0x00, 0x00,
  0x00, 0x00, 0x00, 0x00, 0x00, 0x00, 0x00, 0x00, 0x00, 0x00, 0x00, 0x00, 0x00, 0x00, 0x00, 0x00,
  0x00, 0x00, 0x00, 0x00, 0x00, 0x00, 0x00, 0x00, 0x00, 0x00, 0x00, 0x00, 0x00, 0x00, 0x00, 0x00,
  0x00, 0x00, 0x00, 0x00, 0x00, 0x00, 0x00, 0x00, 0x00, 0x00, 0x00, 0x00, 0x00, 0x00, 0x00, 0x00,
  0x00, 0x00, 0x00, 0x00, 0x00, 0x00, 0x00, 0x00, 0x00, 0x00, 0x00, 0x00, 0x00, 0x00, 0x00, 0x00,
  0x00, 0x00, 0x00, 0x00, 0x00, 0x00, 0x00, 0x00, 0x00, 0x00, 0x00, 0x00, 0x00, 0x00, 0x00, 0x00,
  0x0C, 0x0F, 0x06, 0x07, 0x03, 0x03, 0x00, 0x00, 0x00, 0x00, 0x00, 0x00, 0x00, 0x00, 0x00, 0x00,
  0x00, 0x07, 0x00, 0x03, 0x00, 0x00, 0x00, 0x00, 0x00, 0x00, 0x00, 0x00, 0x00, 0x00, 0x00, 0x00,
  0x80, 0x80, 0x20, 0xE0, 0xE0, 0xE0, 0x00, 0x00, 0x00, 0x00, 0x00, 0x00, 0x00, 0x00, 0x00, 0x00,
  0x00, 0x80, 0x00, 0x60, 0x00, 0x00, 0x00, 0x00, 0x00, 0x00, 0x00, 0x00, 0x00, 0x00, 0x00, 0x00,
  0x73, 0x73, 0x7F, 0x7F, 0x7F, 0x7F, 0x7F, 0x7F, 0xEF, 0xFF, 0xD9, 0xFD, 0xF1, 0xF1, 0xE0, 0xE1,
  0x00, 0x31, 0x00, 0x31, 0x00, 0x2E, 0x00, 0x26, 0x00, 0x71, 0x00, 0x7C, 0x00, 0x41, 0x00, 0x61,
  0x08, 0xF8, 0x08, 0xF8, 0x9E, 0xFE, 0xFC, 0xFE, 0xFC, 0xFE, 0x9E, 0xFE, 0x06, 0xFE, 0x08, 0xF8,
  0x00, 0x18, 0x00, 0x98, 0x00, 0xF8, 0x00, 0x72, 0x00, 0x46, 0x00, 0xFE, 0x00, 0x3C, 0x80, 0x18,
  0x00, 0x00, 0x00, 0x00, 0x00, 0x00, 0x00, 0x00, 0x00, 0x00, 0x00, 0x00, 0x00, 0x00, 0x00, 0x00,
  0x00, 0x00, 0x00, 0x00, 0x00, 0x00, 0x00, 0x00, 0x00, 0x00, 0x00, 0x00, 0x00, 0x00, 0x00, 0x00,
  0x00, 0x00, 0x00, 0x00, 0x00, 0x00, 0x00, 0x00, 0x00, 0x00, 0x00, 0x00, 0x00, 0x00, 0x00, 0x00,
  0x00, 0x00, 0x00, 0x00, 0x00, 0x00, 0x00, 0x00, 0x00, 0x00, 0x00, 0x00, 0x00, 0x00, 0x00, 0x00,
  0x00, 0x00, 0x00, 0x00, 0x00, 0x00, 0x00, 0x00, 0x00, 0x00, 0x00, 0x00, 0x00, 0x00, 0x00, 0x00,
  0x00, 0x00, 0x00, 0x00, 0x00, 0x00, 0x00, 0x00, 0x00, 0x00, 0x00, 0x00, 0x00, 0x00, 0x00, 0x00,
  0x00, 0x00, 0x00, 0x00, 0x00, 0x00, 0x00, 0x00, 0x00, 0x00, 0x00, 0x00, 0x00, 0x00, 0x00, 0x00,
  0x00, 0x00, 0x00, 0x00, 0x00, 0x00, 0x00, 0x00, 0x00, 0x00, 0x00, 0x00, 0x00, 0x00, 0x00, 0x00,
  0x07, 0x07, 0x1C, 0x1F, 0x30, 0x3F, 0x60, 0x7F, 0x60, 0x7F, 0xD0, 0xFF, 0x8C, 0xFF, 0x87, 0xFF,
  0x00, 0x07, 0x00, 0x1F, 0x00, 0x3E, 0x00, 0x7C, 0x00, 0x58, 0x00, 0xF0, 0x00, 0xED, 0x00, 0xC7,
  0xE0, 0xE0, 0x38, 0xF8, 0x0C, 0xFC, 0x0E, 0xFE, 0x06, 0xFE, 0x07, 0xFF, 0x0F, 0xFF, 0x77, 0xFF,
  0x00, 0xE0, 0x00, 0xF8, 0x00, 0x7C, 0x00, 0x3E, 0x00, 0x3E, 0x00, 0x7E, 0x00, 0xF9, 0x00, 0xFF,
  0x00, 0x00, 0x00, 0x00, 0x00, 0x00, 0x00, 0x1C, 0x00, 0x1C, 0x00, 0x1C, 0x00, 0x00, 0x00, 0x00,
  0x00, 0x00, 0x00, 0x00, 0x00, 0x00, 0x08, 0x14, 0x1C, 0x00, 0x08, 0x14, 0x00, 0x00, 0x00, 0x00,
  0x00, 0x00, 0x00, 0x00, 0x00, 0x00, 0x00, 0x00, 0x00, 0x00, 0x00, 0x00, 0x00, 0x00, 0x00, 0x00,
  0x00, 0x00, 0x00, 0x00, 0x00, 0x00, 0x00, 0x00, 0x00, 0x00, 0x00, 0x00, 0x00, 0x00, 0x00, 0x00,
  0x00, 0x00, 0x00, 0x00, 0x00, 0x00, 0x00, 0x00, 0x00, 0x00, 0x00, 0x00, 0x00, 0x00, 0x00, 0x00,
  0x00, 0x00, 0x00, 0x00, 0x00, 0x00, 0x00, 0x00, 0x00, 0x00, 0x00, 0x00, 0x00, 0x00, 0x00, 0x00,
  0x00, 0x00, 0x00, 0x00, 0x00, 0x00, 0x00, 0x00, 0x00, 0x00, 0x00, 0x00, 0x00, 0x00, 0x00, 0x00,
  0x00, 0x00, 0x00, 0x00, 0x00, 0x00, 0x00, 0x00, 0x00, 0x00, 0x00, 0x00, 0x00, 0x00, 0x00, 0x00,
  0x00, 0x00, 0x00, 0x00, 0x00, 0x00, 0x00, 0x00, 0x00, 0x00, 0x00, 0x00, 0x00, 0x00, 0x00, 0x00,
  0x00, 0x00, 0x00, 0x00, 0x00, 0x00, 0x00, 0x00, 0x00, 0x00, 0x00, 0x00, 0x00, 0x00, 0x00, 0x00,
  0x00, 0x00, 0x00, 0x00, 0x00, 0x00, 0x00, 0x00, 0x00, 0x00, 0x00, 0x00, 0x00, 0x00, 0x00, 0x00,
  0x00, 0x00, 0x00, 0x00, 0x00, 0x00, 0x00, 0x00, 0x00, 0x00, 0x00, 0x00, 0x00, 0x00, 0x00, 0x00,
  0x82, 0xC3, 0xC2, 0xC3, 0x07, 0x07, 0x0F, 0x0F, 0x1F, 0x1F, 0x37, 0x3F, 0x36, 0x3F, 0x1F, 0x1F,
  0x00, 0x40, 0x00, 0x03, 0x00, 0x03, 0x00, 0x03, 0x00, 0x08, 0x00, 0x1C, 0x00, 0x1E, 0x00, 0x0F,
  0x20, 0xE0, 0x40, 0xC0, 0x80, 0x80, 0x80, 0x80, 0xC0, 0xC0, 0x40, 0xC0, 0x80, 0x80, 0x80, 0x80,
  0x00, 0x60, 0x00, 0xC0, 0x00, 0x00, 0x00, 0x00, 0x00, 0x00, 0x00, 0x80, 0x00, 0x80, 0x00, 0x00,
  0x07, 0x07, 0x0F, 0x0F, 0x1C, 0x1F, 0x18, 0x1F, 0x18, 0x1F, 0x08, 0x0F, 0x0C, 0x0F, 0x06, 0x07,
  0x00, 0x00, 0x00, 0x07, 0x00, 0x0F, 0x00, 0x0C, 0x01, 0x08, 0x00, 0x04, 0x00, 0x06, 0x00, 0x03,
  0xF0, 0xD0, 0xE0, 0xE0, 0xE0, 0xE0, 0x70, 0xF0, 0x30, 0xF0, 0x30, 0xF0, 0x18, 0xF8, 0x18, 0xF8,
  0x00, 0x00, 0x00, 0x80, 0x00, 0xC0, 0x00, 0xC0, 0x00, 0x60, 0x00, 0x60, 0x00, 0xF0, 0x00, 0xB0,
  0x00, 0x00, 0x00, 0x00, 0x00, 0x00, 0x00, 0x00, 0x00, 0x00, 0x00, 0x00, 0x00, 0x00, 0x00, 0x00,
  0x00, 0x00, 0x00, 0x00, 0x00, 0x00, 0x00, 0x00, 0x00, 0x00, 0x00, 0x00, 0x00, 0x00, 0x00, 0x00,
  0x00, 0x00, 0x00, 0x00, 0x00, 0x00, 0x00, 0x00, 0x00, 0x00, 0x00, 0x00, 0x00, 0x00, 0x00, 0x00,
  0x00, 0x00, 0x00, 0x00, 0x00, 0x00, 0x00, 0x00, 0x00, 0x00, 0x00, 0x00, 0x00, 0x00, 0x00, 0x00,
  0x00, 0x00, 0x00, 0x00, 0x00, 0x00, 0x00, 0x00, 0x00, 0x00, 0x00, 0x00, 0x00, 0x00, 0x00, 0x00,
  0x00, 0x00, 0x00, 0x00, 0x00, 0x00, 0x00, 0x00, 0x00, 0x00, 0x00, 0x00, 0x00, 0x00, 0x00, 0x00,
  0x00, 0x00, 0x00, 0x00, 0x00, 0x00, 0x00, 0x00, 0x00, 0x00, 0x00, 0x00, 0x00, 0x00, 0x00, 0x00,
  0x00, 0x00, 0x00, 0x00, 0x00, 0x00, 0x00, 0x00, 0x00, 0x00, 0x00, 0x00, 0x00, 0x00, 0x00, 0x00,
  0x81, 0xFF, 0x80, 0xFF, 0xC0, 0xFF, 0x41, 0x7F, 0x71, 0x7F, 0x3F, 0x3F, 0x1F, 0x1F, 0x07, 0x07,
  0x00, 0xC3, 0x00, 0xE7, 0x00, 0xFF, 0x00, 0x7F, 0x00, 0x7F, 0x00, 0x3E, 0x00, 0x1E, 0x00, 0x06,
  0x87, 0xFF, 0x8F, 0xFF, 0x8F, 0xFF, 0x1E, 0xFE, 0x7E, 0xFE, 0xFC, 0xFC, 0xF8, 0xF8, 0xE0, 0xE0,
  0x00, 0xFF, 0x00, 0xFF, 0x00, 0xFF, 0x00, 0xFE, 0x00, 0xFE, 0x00, 0xFC, 0x00, 0xF8, 0x00, 0xE0,
  0x00, 0x00, 0x00, 0x00, 0x00, 0x00, 0x00, 0x00, 0x00, 0x00, 0x00, 0x00, 0x00, 0x00, 0x00, 0x00,
  0x00, 0x00, 0x00, 0x00, 0x00, 0x00, 0x00, 0x00, 0x00, 0x00, 0x00, 0x00, 0x00, 0x00, 0x00, 0x00,
  0x00, 0x00, 0x00, 0x00, 0x00, 0x00, 0x00, 0x00, 0x00, 0x00, 0x00, 0x00, 0x00, 0x00, 0x00, 0x00,
  0x00, 0x00, 0x00, 0x00, 0x00, 0x00, 0x00, 0x00, 0x00, 0x00, 0x00, 0x00, 0x00, 0x00, 0x00, 0x00,
  0x00, 0x00, 0x00, 0x00, 0x00, 0x00, 0x00, 0x00, 0x00, 0x00, 0x00, 0x00, 0x00, 0x00, 0x00, 0x00,
  0x00, 0x00, 0x00, 0x00, 0x00, 0x00, 0x00, 0x00, 0x00, 0x00, 0x00, 0x00, 0x00, 0x00, 0x00, 0x00,
  0x00, 0x00, 0x00, 0x00, 0x00, 0x00, 0x00, 0x00, 0x00, 0x00, 0x00, 0x00, 0x00, 0x00, 0x00, 0x00,
  0x00, 0x00, 0x00, 0x00, 0x00, 0x00, 0x00, 0x00, 0x00, 0x00, 0x00, 0x00, 0x00, 0x00, 0x00, 0x00,
  0x00, 0x00, 0x00, 0x00, 0x00, 0x00, 0x00, 0x00, 0x00, 0x00, 0x00, 0x00, 0x00, 0x00, 0x00, 0x00,
  0x00, 0x00, 0x00, 0x00, 0x00, 0x00, 0x00, 0x00, 0x00, 0x00, 0x00, 0x00, 0x00, 0x00, 0x00, 0x00,
  0x00, 0x00, 0x00, 0x00, 0x00, 0x00, 0x00, 0x00, 0x00, 0x00, 0x00, 0x00, 0x00, 0x00, 0x00, 0x00,
  0x00, 0x00, 0x00, 0x00, 0x00, 0x00, 0x00, 0x00, 0x00, 0x00, 0x00, 0x00, 0x00, 0x00, 0x00, 0x00,
  0x0C, 0x0F, 0x06, 0x07, 0x03, 0x03, 0x00, 0x00, 0x00, 0x00, 0x00, 0x00, 0x00, 0x00, 0x00, 0x00,
  0x00, 0x07, 0x00, 0x03, 0x00, 0x00, 0x00, 0x00, 0x00, 0x00, 0x00, 0x00, 0x00, 0x00, 0x00, 0x00,
  0x80, 0x80, 0x20, 0xE0, 0xE0, 0xE0, 0x00, 0x00, 0x00, 0x00, 0x00, 0x00, 0x00, 0x00, 0x00, 0x00,
  0x00, 0x80, 0x00, 0x60, 0x00, 0x00, 0x00, 0x00, 0x00, 0x00, 0x00, 0x00, 0x00, 0x00, 0x00, 0x00,
  0x73, 0x73, 0x7F, 0x7F, 0x7F, 0x7F, 0x7F, 0x7F, 0xEF, 0xFF, 0xD9, 0xFD, 0xF1, 0xF1, 0xE0, 0xE1,
  0x00, 0x31, 0x00, 0x31, 0x00, 0x2E, 0x00, 0x26, 0x00, 0x71, 0x00, 0x7C, 0x00, 0x41, 0x00, 0x61,
  0x08, 0xF8, 0x08, 0xF8, 0x9E, 0xFE, 0xFC, 0xFE, 0xFC, 0xFE, 0x9E, 0xFE, 0x06, 0xFE, 0x08, 0xF8,
  0x00, 0x18, 0x00, 0x98, 0x00, 0xF8, 0x00, 0x72, 0x00, 0x46, 0x00, 0xFE, 0x00, 0x3C, 0x80, 0x18,
  0x00, 0x00, 0x00, 0x00, 0x00, 0x00, 0x00, 0x00, 0x00, 0x00, 0x00, 0x00, 0x00, 0x00, 0x00, 0x00,
  0x00, 0x00, 0x00, 0x00, 0x00, 0x00, 0x00, 0x00, 0x00, 0x00, 0x00, 0x00, 0x00, 0x00, 0x00, 0x00,
  0x00, 0x00, 0x00, 0x00, 0x00, 0x00, 0x00, 0x00, 0x00, 0x00, 0x00, 0x00, 0x00, 0x00, 0x00, 0x00,
  0x00, 0x00, 0x00, 0x00, 0x00, 0x00, 0x00, 0x00, 0x00, 0x00, 0x00, 0x00, 0x00, 0x00, 0x00, 0x00,
  0x00, 0x00, 0x00, 0x00, 0x00, 0x00, 0x00, 0x00, 0x00, 0x00, 0x00, 0x00, 0x00, 0x00, 0x00, 0x00,
  0x00, 0x00, 0x00, 0x00, 0x00, 0x00, 0x00, 0x00, 0x00, 0x00, 0x00, 0x00, 0x00, 0x00, 0x00, 0x00,
  0x00, 0x00, 0x00, 0x00, 0x00, 0x00, 0x00, 0x00, 0x00, 0x00, 0x00, 0x00, 0x00, 0x00, 0x00, 0x00,
  0x00, 0x00, 0x00, 0x00, 0x00, 0x00, 0x00, 0x00, 0x00, 0x00, 0x00, 0x00, 0x00, 0x00, 0x00, 0x00,
  0x07, 0x07, 0x1F, 0x1F, 0x3E, 0x3F, 0x78, 0x7F, 0x7C, 0x7F, 0xF4, 0xFF, 0xE2, 0xFF, 0xE1, 0xFF,
  0x00, 0x07, 0x00, 0x0F, 0x00, 0x37, 0x00, 0x77, 0x00, 0x7F, 0x00, 0xFF, 0x00, 0xFF, 0x00, 0xFF,
  0xE0, 0xE0, 0xF8, 0xF8, 0x0C, 0xFC, 0x06, 0xFE, 0x02, 0xFE, 0x03, 0xFF, 0x01, 0xFF, 0x01, 0xFF,
  0x00, 0xE0, 0x00, 0xF8, 0x00, 0xFC, 0x00, 0xEE, 0x00, 0xC6, 0x00, 0xC7, 0x00, 0xC7, 0x00, 0xC7,
  0x00, 0x00, 0x00, 0x00, 0x00, 0x00, 0x00, 0x1C, 0x00, 0x1C, 0x00, 0x1C, 0x00, 0x00, 0x00, 0x00,
  0x00, 0x00, 0x00, 0x00, 0x00, 0x00, 0x08, 0x14, 0x1C, 0x00, 0x08, 0x14, 0x00, 0x00, 0x00, 0x00,
  0x00, 0x00, 0x00, 0x00, 0x00, 0x00, 0x00, 0x00, 0x00, 0x00, 0x00, 0x00, 0x00, 0x00, 0x00, 0x00,
  0x00, 0x00, 0x00, 0x00, 0x00, 0x00, 0x00, 0x00, 0x00, 0x00, 0x00, 0x00, 0x00, 0x00, 0x00, 0x00,
  0x00, 0x00, 0x00, 0x00, 0x00, 0x00, 0x00, 0x00, 0x00, 0x00, 0x00, 0x00, 0x00, 0x00, 0x00, 0x00,
  0x00, 0x00, 0x00, 0x00, 0x00, 0x00, 0x00, 0x00, 0x00, 0x00, 0x00, 0x00, 0x00, 0x00, 0x00, 0x00,
  0x00, 0x00, 0x00, 0x00, 0x00, 0x00, 0x00, 0x00, 0x00, 0x00, 0x00, 0x00, 0x00, 0x00, 0x00, 0x00,
  0x00, 0x00, 0x00, 0x00, 0x00, 0x00, 0x00, 0x00, 0x00, 0x00, 0x00, 0x00, 0x00, 0x00, 0x00, 0x00,
  0x00, 0x00, 0x00, 0x00, 0x00, 0x00, 0x00, 0x00, 0x00, 0x00, 0x00, 0x00, 0x00, 0x00, 0x00, 0x00,
  0x00, 0x00, 0x00, 0x00, 0x00, 0x00, 0x00, 0x00, 0x00, 0x00, 0x00, 0x00, 0x00, 0x00, 0x00, 0x00,
  0x00, 0x00, 0x00, 0x00, 0x00, 0x00, 0x00, 0x00, 0x00, 0x00, 0x00, 0x00, 0x00, 0x00, 0x00, 0x00,
  0x00, 0x00, 0x00, 0x00, 0x00, 0x00, 0x00, 0x00, 0x00, 0x00, 0x00, 0x00, 0x00, 0x00, 0x00, 0x00,
  0x82, 0xC3, 0xC2, 0xC3, 0x07, 0x07, 0x0F, 0x0F, 0x1F, 0x1F, 0x37, 0x3F, 0x36, 0x3F, 0x1F, 0x1F,
  0x00, 0x40, 0x00, 0x03, 0x00, 0x03, 0x00, 0x03, 0x00, 0x08, 0x00, 0x1C, 0x00, 0x1E, 0x00, 0x0F,
  0x20, 0xE0, 0x40, 0xC0, 0x80, 0x80, 0x80, 0x80, 0xC0, 0xC0, 0x40, 0xC0, 0x80, 0x80, 0x80, 0x80,
  0x00, 0x60, 0x00, 0xC0, 0x00, 0x00, 0x00, 0x00, 0x00, 0x00, 0x00, 0x80, 0x00, 0x80, 0x00, 0x00,
  0x07, 0x07, 0x0F, 0x0F, 0x1C, 0x1F, 0x18, 0x1F, 0x18, 0x1F, 0x08, 0x0F, 0x0C, 0x0F, 0x06, 0x07,
  0x00, 0x00, 0x00, 0x07, 0x00, 0x0F, 0x00, 0x0C, 0x01, 0x08, 0x00, 0x04, 0x00, 0x06, 0x00, 0x03,
  0xF0, 0xD0, 0xE0, 0xE0, 0xE0, 0xE0, 0x70, 0xF0, 0x30, 0xF0, 0x30, 0xF0, 0x18, 0xF8, 0x18, 0xF8,
  0x00, 0x00, 0x00, 0x80, 0x00, 0xC0, 0x00, 0xC0, 0x00, 0x60, 0x00, 0x60, 0x00, 0xF0, 0x00, 0xB0,
  0x00, 0x00, 0x00, 0x00, 0x00, 0x00, 0x00, 0x00, 0x00, 0x00, 0x00, 0x00, 0x00, 0x00, 0x00, 0x00,
  0x00, 0x00, 0x00, 0x00, 0x00, 0x00, 0x00, 0x00, 0x00, 0x00, 0x00, 0x00, 0x00, 0x00, 0x00, 0x00,
  0x00, 0x00, 0x00, 0x00, 0x00, 0x00, 0x00, 0x00, 0x00, 0x00, 0x00, 0x00, 0x00, 0x00, 0x00, 0x00,
  0x00, 0x00, 0x00, 0x00, 0x00, 0x00, 0x00, 0x00, 0x00, 0x00, 0x00, 0x00, 0x00, 0x00, 0x00, 0x00,
  0x00, 0x00, 0x00, 0x00, 0x00, 0x00, 0x00, 0x00, 0x00, 0x00, 0x00, 0x00, 0x00, 0x00, 0x00, 0x00,
  0x00, 0x00, 0x00, 0x00, 0x00, 0x00, 0x00, 0x00, 0x00, 0x00, 0x00, 0x00, 0x00, 0x00, 0x00, 0x00,
  0x00, 0x00, 0x00, 0x00, 0x00, 0x00, 0x00, 0x00, 0x00, 0x00, 0x00, 0x00, 0x00, 0x00, 0x00, 0x00,
  0x00, 0x00, 0x00, 0x00, 0x00, 0x00, 0x00, 0x00, 0x00, 0x00, 0x00, 0x00, 0x00, 0x00, 0x00, 0x00,
  0xE1, 0xFF, 0xE1, 0xFF, 0xF1, 0xFF, 0x72, 0x7F, 0x7A, 0x7F, 0x3E, 0x3F, 0x1F, 0x1F, 0x07, 0x07,
  0x00, 0xFF, 0x00, 0xFF, 0x00, 0xFF, 0x00, 0x7F, 0x00, 0x7F, 0x00, 0x3D, 0x00, 0x1B, 0x00, 0x07,
  0xD7, 0xFF, 0x01, 0xFF, 0x03, 0xFF, 0x02, 0xFE, 0x06, 0xFE, 0x0C, 0xFC, 0xF8, 0xF8, 0xE0, 0xE0,
  0x00, 0xFC, 0x00, 0xC7, 0x00, 0xC7, 0x00, 0xC6, 0x00, 0xEE, 0x00, 0xFC, 0x00, 0xF8, 0x00, 0xE0,
  0x00, 0x00, 0x00, 0x00, 0x00, 0x00, 0x00, 0x00, 0x00, 0x00, 0x00, 0x00, 0x00, 0x00, 0x00, 0x00,
  0x00, 0x00, 0x00, 0x00, 0x00, 0x00, 0x00, 0x00, 0x00, 0x00, 0x00, 0x00, 0x00, 0x00, 0x00, 0x00,
  0x00, 0x00, 0x00, 0x00, 0x00, 0x00, 0x00, 0x00, 0x00, 0x00, 0x00, 0x00, 0x00, 0x00, 0x00, 0x00,
  0x00, 0x00, 0x00, 0x00, 0x00, 0x00, 0x00, 0x00, 0x00, 0x00, 0x00, 0x00, 0x00, 0x00, 0x00, 0x00,
  0x00, 0x00, 0x00, 0x00, 0x00, 0x00, 0x00, 0x00, 0x00, 0x00, 0x00, 0x00, 0x00, 0x00, 0x00, 0x00,
  0x00, 0x00, 0x00, 0x00, 0x00, 0x00, 0x00, 0x00, 0x00, 0x00, 0x00, 0x00, 0x00, 0x00, 0x00, 0x00,
  0x00, 0x00, 0x00, 0x00, 0x00, 0x00, 0x00, 0x00, 0x00, 0x00, 0x00, 0x00, 0x00, 0x00, 0x00, 0x00,
  0x00, 0x00, 0x00, 0x00, 0x00, 0x00, 0x00, 0x00, 0x00, 0x00, 0x00, 0x00, 0x00, 0x00, 0x00, 0x00,
  0x00, 0x00, 0x00, 0x00, 0x00, 0x00, 0x00, 0x00, 0x00, 0x00, 0x00, 0x00, 0x00, 0x00, 0x00, 0x00,
  0x00, 0x00, 0x00, 0x00, 0x00, 0x00, 0x00, 0x00, 0x00, 0x00, 0x00, 0x00, 0x00, 0x00, 0x00, 0x00,
  0x00, 0x00, 0x00, 0x00, 0x00, 0x00, 0x00, 0x00, 0x00, 0x00, 0x00, 0x00, 0x00, 0x00, 0x00, 0x00,
  0x00, 0x00, 0x00, 0x00, 0x00, 0x00, 0x00, 0x00, 0x00, 0x00, 0x00, 0x00, 0x00, 0x00, 0x00, 0x00,
  0x0C, 0x0F, 0x06, 0x07, 0x03, 0x03, 0x00, 0x00, 0x00, 0x00, 0x00, 0x00, 0x00, 0x00, 0x00, 0x00,
  0x00, 0x07, 0x00, 0x03, 0x00, 0x00, 0x00, 0x00, 0x00, 0x00, 0x00, 0x00, 0x00, 0x00, 0x00, 0x00,
  0x80, 0x80, 0x20, 0xE0, 0xE0, 0xE0, 0x00, 0x00, 0x00, 0x00, 0x00, 0x00, 0x00, 0x00, 0x00, 0x00,
  0x00, 0x80, 0x00, 0x60, 0x00, 0x00, 0x00, 0x00, 0x00, 0x00, 0x00, 0x00, 0x00, 0x00, 0x00, 0x00,
  0x73, 0x73, 0x7F, 0x7F, 0x7F, 0x7F, 0x7F, 0x7F, 0xEF, 0xFF, 0xD9, 0xFD, 0xF1, 0xF1, 0xE0, 0xE1,
  0x00, 0x31, 0x00, 0x31, 0x00, 0x2E, 0x00, 0x26, 0x00, 0x71, 0x00, 0x7C, 0x00, 0x41, 0x00, 0x61,
  0x08, 0xF8, 0x08, 0xF8, 0x9E, 0xFE, 0xFC, 0xFE, 0xFC, 0xFE, 0x9E, 0xFE, 0x06, 0xFE, 0x08, 0xF8,
  0x00, 0x18, 0x00, 0x98, 0x00, 0xF8, 0x00, 0x72, 0x00, 0x46, 0x00, 0xFE, 0x00, 0x3C, 0x80, 0x18,
  0x00, 0x00, 0x00, 0x00, 0x00, 0x00, 0x00, 0x00, 0x00, 0x00, 0x00, 0x00, 0x00, 0x00, 0x00, 0x00,
  0x00, 0x00, 0x00, 0x00, 0x00, 0x00, 0x00, 0x00, 0x00, 0x00, 0x00, 0x00, 0x00, 0x00, 0x00, 0x00,
  0x00, 0x00, 0x00, 0x00, 0x00, 0x00, 0x00, 0x00, 0x00, 0x00, 0x00, 0x00, 0x00, 0x00, 0x00, 0x00,
  0x00, 0x00, 0x00, 0x00, 0x00, 0x00, 0x00, 0x00, 0x00, 0x00, 0x00, 0x00, 0x00, 0x00, 0x00, 0x00,
  0x00, 0x00, 0x00, 0x00, 0x00, 0x00, 0x00, 0x00, 0x00, 0x00, 0x00, 0x00, 0x00, 0x00, 0x00, 0x00,
  0x00, 0x00, 0x00, 0x00, 0x00, 0x00, 0x00, 0x00, 0x00, 0x00, 0x00, 0x00, 0x00, 0x00, 0x00, 0x00,
  0x00, 0x00, 0x00, 0x00, 0x00, 0x00, 0x00, 0x00, 0x00, 0x00, 0x00, 0x00, 0x00, 0x00, 0x00, 0x00,
  0x00, 0x00, 0x00, 0x00, 0x00, 0x00, 0x00, 0x00, 0x00, 0x00, 0x00, 0x00, 0x00, 0x00, 0x00, 0x00,
  0x07, 0x07, 0x1C, 0x1F, 0x30, 0x3F, 0x60, 0x7F, 0x60, 0x7F, 0xD0, 0xFF, 0x8C, 0xFF, 0x87, 0xFF,
  0x00, 0x07, 0x00, 0x1F, 0x00, 0x3E, 0x00, 0x7C, 0x00, 0x58, 0x00, 0xF0, 0x00, 0xED, 0x00, 0xC7,
  0xE0, 0xE0, 0x38, 0xF8, 0x0C, 0xFC, 0x0E, 0xFE, 0x06, 0xFE, 0x07, 0xFF, 0x0F, 0xFF, 0x77, 0xFF,
  0x00, 0xE0, 0x00, 0xF8, 0x00, 0x7C, 0x00, 0x3E, 0x00, 0x3E, 0x00, 0x7E, 0x00, 0xF9, 0x00, 0xFF,
  0x00, 0x00, 0x00, 0x00, 0x00, 0x00, 0x00, 0x1C, 0x00, 0x1C, 0x00, 0x1C, 0x00, 0x00, 0x00, 0x00,
  0x00, 0x00, 0x00, 0x00, 0x00, 0x00, 0x08, 0x14, 0x1C, 0x00, 0x08, 0x14, 0x00, 0x00, 0x00, 0x00,
  0x00, 0x00, 0x00, 0x00, 0x00, 0x00, 0x00, 0x00, 0x00, 0x00, 0x00, 0x00, 0x00, 0x00, 0x00, 0x00,
  0x00, 0x00, 0x00, 0x00, 0x00, 0x00, 0x00, 0x00, 0x00, 0x00, 0x00, 0x00, 0x00, 0x00, 0x00, 0x00,
  0x00, 0x00, 0x00, 0x00, 0x00, 0x00, 0x00, 0x00, 0x00, 0x00, 0x00, 0x00, 0x00, 0x00, 0x00, 0x00,
  0x00, 0x00, 0x00, 0x00, 0x00, 0x00, 0x00, 0x00, 0x00, 0x00, 0x00, 0x00, 0x00, 0x00, 0x00, 0x00,
  0x00, 0x00, 0x00, 0x00, 0x00, 0x00, 0x00, 0x00, 0x00, 0x00, 0x00, 0x00, 0x00, 0x00, 0x00, 0x00,
  0x00, 0x00, 0x00, 0x00, 0x00, 0x00, 0x00, 0x00, 0x00, 0x00, 0x00, 0x00, 0x00, 0x00, 0x00, 0x00,
  0x00, 0x00, 0x00, 0x00, 0x00, 0x00, 0x00, 0x00, 0x00, 0x00, 0x00, 0x00, 0x00, 0x00, 0x00, 0x00,
  0x00, 0x00, 0x00, 0x00, 0x00, 0x00, 0x00, 0x00, 0x00, 0x00, 0x00, 0x00, 0x00, 0x00, 0x00, 0x00,
  0x00, 0x00, 0x00, 0x00, 0x00, 0x00, 0x00, 0x00, 0x00, 0x00, 0x00, 0x00, 0x00, 0x00, 0x00, 0x00,
  0x00, 0x00, 0x00, 0x00, 0x00, 0x00, 0x00, 0x00, 0x00, 0x00, 0x00, 0x00, 0x00, 0x00, 0x00, 0x00,
  0x82, 0xC3, 0xC2, 0xC3, 0x07, 0x07, 0x0F, 0x0F, 0x1F, 0x1F, 0x37, 0x3F, 0x36, 0x3F, 0x1F, 0x1F,
  0x00, 0x40, 0x00, 0x03, 0x00, 0x03, 0x00, 0x03, 0x00, 0x08, 0x00, 0x1C, 0x00, 0x1E, 0x00, 0x0F,
  0x20, 0xE0, 0x40, 0xC0, 0x80, 0x80, 0x80, 0x80, 0xC0, 0xC0, 0x40, 0xC0, 0x80, 0x80, 0x80, 0x80,
  0x00, 0x60, 0x00, 0xC0, 0x00, 0x00, 0x00, 0x00, 0x00, 0x00, 0x00, 0x80, 0x00, 0x80, 0x00, 0x00,
  0x07, 0x07, 0x0F, 0x0F, 0x1C, 0x1F, 0x18, 0x1F, 0x18, 0x1F, 0x08, 0x0F, 0x0C, 0x0F, 0x06, 0x07,
  0x00, 0x00, 0x00, 0x07, 0x00, 0x0F, 0x00, 0x0C, 0x01, 0x08, 0x00, 0x04, 0x00, 0x06, 0x00, 0x03,
  0xF0, 0xD0, 0xE0, 0xE0, 0xE0, 0xE0, 0x70, 0xF0, 0x30, 0xF0, 0x30, 0xF0, 0x18, 0xF8, 0x18, 0xF8,
  0x00, 0x00, 0x00, 0x80, 0x00, 0xC0, 0x00, 0xC0, 0x00, 0x60, 0x00, 0x60, 0x00, 0xF0, 0x00, 0xB0,
  0x00, 0x00, 0x00, 0x00, 0x00, 0x00, 0x00, 0x00, 0x00, 0x00, 0x00, 0x00, 0x00, 0x00, 0x00, 0x00,
  0x00, 0x00, 0x00, 0x00, 0x00, 0x00, 0x00, 0x00, 0x00, 0x00, 0x00, 0x00, 0x00, 0x00, 0x00, 0x00,
  0x00, 0x00, 0x00, 0x00, 0x00, 0x00, 0x00, 0x00, 0x00, 0x00, 0x00, 0x00, 0x00, 0x00, 0x00, 0x00,
  0x00, 0x00, 0x00, 0x00, 0x00, 0x00, 0x00, 0x00, 0x00, 0x00, 0x00, 0x00, 0x00, 0x00, 0x00, 0x00,
  0x00, 0x00, 0x00, 0x00, 0x00, 0x00, 0x00, 0x00, 0x00, 0x00, 0x00, 0x00, 0x00, 0x00, 0x00, 0x00,
  0x00, 0x00, 0x00, 0x00, 0x00, 0x00, 0x00, 0x00, 0x00, 0x00, 0x00, 0x00, 0x00, 0x00, 0x00, 0x00,
  0x00, 0x00, 0x00, 0x00, 0x00, 0x00, 0x00, 0x00, 0x00, 0x00, 0x00, 0x00, 0x00, 0x00, 0x00, 0x00,
  0x00, 0x00, 0x00, 0x00, 0x00, 0x00, 0x00, 0x00, 0x00, 0x00, 0x00, 0x00, 0x00, 0x00, 0x00, 0x00,
  0x81, 0xFF, 0x80, 0xFF, 0xC0, 0xFF, 0x41, 0x7F, 0x71, 0x7F, 0x3F, 0x3F, 0x1F, 0x1F, 0x07, 0x07,
  0x00, 0xC3, 0x00, 0xE7, 0x00, 0xFF, 0x00, 0x7F, 0x00, 0x7F, 0x00, 0x3E, 0x00, 0x1E, 0x00, 0x06,
  0x87, 0xFF, 0x8F, 0xFF, 0x8F, 0xFF, 0x1E, 0xFE, 0x7E, 0xFE, 0xFC, 0xFC, 0xF8, 0xF8, 0xE0, 0xE0,
  0x00, 0xFF, 0x00, 0xFF, 0x00, 0xFF, 0x00, 0xFE, 0x00, 0xFE, 0x00, 0xFC, 0x00, 0xF8, 0x00, 0xE0,
  0x00, 0x00, 0x00, 0x00, 0x00, 0x00, 0x00, 0x00, 0x00, 0x00, 0x00, 0x00, 0x00, 0x00, 0x00, 0x00,
  0x00, 0x00, 0x00, 0x00, 0x00, 0x00, 0x00, 0x00, 0x00, 0x00, 0x00, 0x00, 0x00, 0x00, 0x00, 0x00,
  0x00, 0x00, 0x00, 0x00, 0x00, 0x00, 0x00, 0x00, 0x00, 0x00, 0x00, 0x00, 0x00, 0x00, 0x00, 0x00,
  0x00, 0x00, 0x00, 0x00, 0x00, 0x00, 0x00, 0x00, 0x00, 0x00, 0x00, 0x00, 0x00, 0x00, 0x00, 0x00,
  0x00, 0x00, 0x00, 0x00, 0x00, 0x00, 0x00, 0x00, 0x00, 0x00, 0x00, 0x00, 0x00, 0x00, 0x00, 0x00,
  0x00, 0x00, 0x00, 0x00, 0x00, 0x00, 0x00, 0x00, 0x00, 0x00, 0x00, 0x00, 0x00, 0x00, 0x00, 0x00,
  0x00, 0x00, 0x00, 0x00, 0x00, 0x00, 0x00, 0x00, 0x00, 0x00, 0x00, 0x00, 0x00, 0x00, 0x00, 0x00,
  0x00, 0x00, 0x00, 0x00, 0x00, 0x00, 0x00, 0x00, 0x00, 0x00, 0x00, 0x00, 0x00, 0x00, 0x00, 0x00,
  0x00, 0x00, 0x00, 0x00, 0x00, 0x00, 0x00, 0x00, 0x00, 0x00, 0x00, 0x00, 0x00, 0x00, 0x00, 0x00,
  0x00, 0x00, 0x00, 0x00, 0x00, 0x00, 0x00, 0x00, 0x00, 0x00, 0x00, 0x00, 0x00, 0x00, 0x00, 0x00,
  0x00, 0x00, 0x00, 0x00, 0x00, 0x00, 0x00, 0x00, 0x00, 0x00, 0x00, 0x00, 0x00, 0x00, 0x00, 0x00,
  0x00, 0x00, 0x00, 0x00, 0x00, 0x00, 0x00, 0x00, 0x00, 0x00, 0x00, 0x00, 0x00, 0x00, 0x00, 0x00,
  0x0C, 0x0F, 0x06, 0x07, 0x03, 0x03, 0x00, 0x00, 0x00, 0x00, 0x00, 0x00, 0x00, 0x00, 0x00, 0x00,
  0x00, 0x07, 0x00, 0x03, 0x00, 0x00, 0x00, 0x00, 0x00, 0x00, 0x00, 0x00, 0x00, 0x00, 0x00, 0x00,
  0x80, 0x80, 0x20, 0xE0, 0xE0, 0xE0, 0x00, 0x00, 0x00, 0x00, 0x00, 0x00, 0x00, 0x00, 0x00, 0x00,
  0x00, 0x80, 0x00, 0x60, 0x00, 0x00, 0x00, 0x00, 0x00, 0x00, 0x00, 0x00, 0x00, 0x00, 0x00, 0x00,
  0x73, 0x73, 0x7F, 0x7F, 0x7F, 0x7F, 0x7F, 0x7F, 0xEF, 0xFF, 0xD9, 0xFD, 0xF1, 0xF1, 0xE0, 0xE1,
  0x00, 0x31, 0x00, 0x31, 0x00, 0x2E, 0x00, 0x26, 0x00, 0x71, 0x00, 0x7C, 0x00, 0x41, 0x00, 0x61,
  0x08, 0xF8, 0x08, 0xF8, 0x9E, 0xFE, 0xFC, 0xFE, 0xFC, 0xFE, 0x9E, 0xFE, 0x06, 0xFE, 0x08, 0xF8,
  0x00, 0x18, 0x00, 0x98, 0x00, 0xF8, 0x00, 0x72, 0x00, 0x46, 0x00, 0xFE, 0x00, 0x3C, 0x80, 0x18,
  0x00, 0x00, 0x00, 0x00, 0x00, 0x00, 0x00, 0x00, 0x00, 0x00, 0x00, 0x00, 0x00, 0x00, 0x00, 0x00,
  0x00, 0x00, 0x00, 0x00, 0x00, 0x00, 0x00, 0x00, 0x00, 0x00, 0x00, 0x00, 0x00, 0x00, 0x00, 0x00,
  0x00, 0x00, 0x00, 0x00, 0x00, 0x00, 0x00, 0x00, 0x00, 0x00, 0x00, 0x00, 0x00, 0x00, 0x00, 0x00,
  0x00, 0x00, 0x00, 0x00, 0x00, 0x00, 0x00, 0x00, 0x00, 0x00, 0x00, 0x00, 0x00, 0x00, 0x00, 0x00,
  0x00, 0x00, 0x00, 0x00, 0x00, 0x00, 0x00, 0x00, 0x00, 0x00, 0x00, 0x00, 0x00, 0x00, 0x00, 0x00,
  0x00, 0x00, 0x00, 0x00, 0x00, 0x00, 0x00, 0x00, 0x00, 0x00, 0x00, 0x00, 0x00, 0x00, 0x00, 0x00,
  0x00, 0x00, 0x00, 0x00, 0x00, 0x00, 0x00, 0x00, 0x00, 0x00, 0x00, 0x00, 0x00, 0x00, 0x00, 0x00,
  0x00, 0x00, 0x00, 0x00, 0x00, 0x00, 0x00, 0x00, 0x00, 0x00, 0x00, 0x00, 0x00, 0x00, 0x00, 0x00,
  0x07, 0x07, 0x1C, 0x1F, 0x30, 0x3F, 0x60, 0x7F, 0x40, 0x7F, 0xC0, 0xFF, 0xC0, 0xFF, 0xC0, 0xFF,
  0x00, 0x07, 0x00, 0x1F, 0x00, 0x3F, 0x00, 0x70, 0x00, 0x60, 0x00, 0xF0, 0x00, 0xFF, 0x00, 0xFF,
  0xE0, 0xE0, 0xB8, 0xF8, 0x8C, 0xFC, 0x06, 0xFE, 0x82, 0xFE, 0x03, 0xFF, 0x83, 0xFF, 0x83, 0xFF,
  0x00, 0x60, 0x00, 0x78, 0x00, 0xFC, 0x00, 0x8E, 0x00, 0x86, 0x00, 0x8F, 0x00, 0xFF, 0x00, 0xFF,
  0x00, 0x00, 0x00, 0x00, 0x00, 0x00, 0x00, 0x1C, 0x00, 0x1C, 0x00, 0x1C, 0x00, 0x00, 0x00, 0x00,
  0x00, 0x00, 0x00, 0x00, 0x00, 0x00, 0x08, 0x14, 0x1C, 0x00, 0x08, 0x14, 0x00, 0x00, 0x00, 0x00,
  0x00, 0x00, 0x00, 0x00, 0x00, 0x00, 0x00, 0x00, 0x00, 0x00, 0x00, 0x00, 0x00, 0x00, 0x00, 0x00,
  0x00, 0x00, 0x00, 0x00, 0x00, 0x00, 0x00, 0x00, 0x00, 0x00, 0x00, 0x00, 0x00, 0x00, 0x00, 0x00,
  0x00, 0x00, 0x00, 0x00, 0x00, 0x00, 0x00, 0x00, 0x00, 0x00, 0x00, 0x00, 0x00, 0x00, 0x00, 0x00,
  0x00, 0x00, 0x00, 0x00, 0x00, 0x00, 0x00, 0x00, 0x00, 0x00, 0x00, 0x00, 0x00, 0x00, 0x00, 0x00,
  0x00, 0x00, 0x00, 0x00, 0x00, 0x00, 0x00, 0x00, 0x00, 0x00, 0x00, 0x00, 0x00, 0x00, 0x00, 0x00,
  0x00, 0x00, 0x00, 0x00, 0x00, 0x00, 0x00, 0x00, 0x00, 0x00, 0x00, 0x00, 0x00, 0x00, 0x00, 0x00,
  0x00, 0x00, 0x00, 0x00, 0x00, 0x00, 0x00, 0x00, 0x00, 0x00, 0x00, 0x00, 0x00, 0x00, 0x00, 0x00,
  0x00, 0x00, 0x00, 0x00, 0x00, 0x00, 0x00, 0x00, 0x00, 0x00, 0x00, 0x00, 0x00, 0x00, 0x00, 0x00,
  0x00, 0x00, 0x00, 0x00, 0x00, 0x00, 0x00, 0x00, 0x00, 0x00, 0x00, 0x00, 0x00, 0x00, 0x00, 0x00,
  0x00, 0x00, 0x00, 0x00, 0x00, 0x00, 0x00, 0x00, 0x00, 0x00, 0x00, 0x00, 0x00, 0x00, 0x00, 0x00,
  0x82, 0xC3, 0xC2, 0xC3, 0x07, 0x07, 0x0F, 0x0F, 0x1F, 0x1F, 0x37, 0x3F, 0x36, 0x3F, 0x1F, 0x1F,
  0x00, 0x40, 0x00, 0x03, 0x00, 0x03, 0x00, 0x03, 0x00, 0x08, 0x00, 0x1C, 0x00, 0x1E, 0x00, 0x0F,
  0x20, 0xE0, 0x40, 0xC0, 0x80, 0x80, 0x80, 0x80, 0xC0, 0xC0, 0x40, 0xC0, 0x80, 0x80, 0x80, 0x80,
  0x00, 0x60, 0x00, 0xC0, 0x00, 0x00, 0x00, 0x00, 0x00, 0x00, 0x00, 0x80, 0x00, 0x80, 0x00, 0x00,
  0x07, 0x07, 0x0F, 0x0F, 0x1C, 0x1F, 0x18, 0x1F, 0x18, 0x1F, 0x08, 0x0F, 0x0C, 0x0F, 0x06, 0x07,
  0x00, 0x00, 0x00, 0x07, 0x00, 0x0F, 0x00, 0x0C, 0x01, 0x08, 0x00, 0x04, 0x00, 0x06, 0x00, 0x03,
  0xF0, 0xD0, 0xE0, 0xE0, 0xE0, 0xE0, 0x70, 0xF0, 0x30, 0xF0, 0x30, 0xF0, 0x18, 0xF8, 0x18, 0xF8,
  0x00, 0x00, 0x00, 0x80, 0x00, 0xC0, 0x00, 0xC0, 0x00, 0x60, 0x00, 0x60, 0x00, 0xF0, 0x00, 0xB0,
  0x00, 0x00, 0x00, 0x00, 0x00, 0x00, 0x00, 0x00, 0x00, 0x00, 0x00, 0x00, 0x00, 0x00, 0x00, 0x00,
  0x00, 0x00, 0x00, 0x00, 0x00, 0x00, 0x00, 0x00, 0x00, 0x00, 0x00, 0x00, 0x00, 0x00, 0x00, 0x00,
  0x00, 0x00, 0x00, 0x00, 0x00, 0x00, 0x00, 0x00, 0x00, 0x00, 0x00, 0x00, 0x00, 0x00, 0x00, 0x00,
  0x00, 0x00, 0x00, 0x00, 0x00, 0x00, 0x00, 0x00, 0x00, 0x00, 0x00, 0x00, 0x00, 0x00, 0x00, 0x00,
  0x00, 0x00, 0x00, 0x00, 0x00, 0x00, 0x00, 0x00, 0x00, 0x00, 0x00, 0x00, 0x00, 0x00, 0x00, 0x00,
  0x00, 0x00, 0x00, 0x00, 0x00, 0x00, 0x00, 0x00, 0x00, 0x00, 0x00, 0x00, 0x00, 0x00, 0x00, 0x00,
  0x00, 0x00, 0x00, 0x00, 0x00, 0x00, 0x00, 0x00, 0x00, 0x00, 0x00, 0x00, 0x00, 0x00, 0x00, 0x00,
  0x00, 0x00, 0x00, 0x00, 0x00, 0x00, 0x00, 0x00, 0x00, 0x00, 0x00, 0x00, 0x00, 0x00, 0x00, 0x00,
  0xC1, 0xFF, 0xE2, 0xFF, 0xEC, 0xFF, 0x78, 0x7F, 0x7C, 0x7F, 0x3F, 0x3F, 0x1F, 0x1F, 0x07, 0x07,
  0x00, 0xFF, 0x00, 0xFF, 0x00, 0xFF, 0x00, 0x4F, 0x00, 0x3F, 0x00, 0x3F, 0x00, 0x1F, 0x00, 0x07,
  0xE3, 0xFF, 0x1F, 0xFF, 0x07, 0xFF, 0x0E, 0xFE, 0x3E, 0xFE, 0xFC, 0xFC, 0xF8, 0xF8, 0xE0, 0xE0,
  0x00, 0xFF, 0x00, 0xFF, 0x00, 0xFC, 0x00, 0xFE, 0x00, 0xFE, 0x00, 0xFC, 0x00, 0xF8, 0x00, 0xE0,
  0x00, 0x00, 0x00, 0x00, 0x00, 0x00, 0x00, 0x00, 0x00, 0x00, 0x00, 0x00, 0x00, 0x00, 0x00, 0x00,
  0x00, 0x00, 0x00, 0x00, 0x00, 0x00, 0x00, 0x00, 0x00, 0x00, 0x00, 0x00, 0x00, 0x00, 0x00, 0x00,
  0x00, 0x00, 0x00, 0x00, 0x00, 0x00, 0x00, 0x00, 0x00, 0x00, 0x00, 0x00, 0x00, 0x00, 0x00, 0x00,
  0x00, 0x00, 0x00, 0x00, 0x00, 0x00, 0x00, 0x00, 0x00, 0x00, 0x00, 0x00, 0x00, 0x00, 0x00, 0x00,
  0x00, 0x00, 0x00, 0x00, 0x00, 0x00, 0x00, 0x00, 0x00, 0x00, 0x00, 0x00, 0x00, 0x00, 0x00, 0x00,
  0x00, 0x00, 0x00, 0x00, 0x00, 0x00, 0x00, 0x00, 0x00, 0x00, 0x00, 0x00, 0x00, 0x00, 0x00, 0x00,
  0x00, 0x00, 0x00, 0x00, 0x00, 0x00, 0x00, 0x00, 0x00, 0x00, 0x00, 0x00, 0x00, 0x00, 0x00, 0x00,
  0x00, 0x00, 0x00, 0x00, 0x00, 0x00, 0x00, 0x00, 0x00, 0x00, 0x00, 0x00, 0x00, 0x00, 0x00, 0x00,
  0x00, 0x00, 0x00, 0x00, 0x00, 0x00, 0x00, 0x00, 0x00, 0x00, 0x00, 0x00, 0x00, 0x00, 0x00, 0x00,
  0x00, 0x00, 0x00, 0x00, 0x00, 0x00, 0x00, 0x00, 0x00, 0x00, 0x00, 0x00, 0x00, 0x00, 0x00, 0x00,
  0x00, 0x00, 0x00, 0x00, 0x00, 0x00, 0x00, 0x00, 0x00, 0x00, 0x00, 0x00, 0x00, 0x00, 0x00, 0x00,
  0x00, 0x00, 0x00, 0x00, 0x00, 0x00, 0x00, 0x00, 0x00, 0x00, 0x00, 0x00, 0x00, 0x00, 0x00, 0x00,
  0x0C, 0x0F, 0x06, 0x07, 0x03, 0x03, 0x00, 0x00, 0x00, 0x00, 0x00, 0x00, 0x00, 0x00, 0x00, 0x00,
  0x00, 0x07, 0x00, 0x03, 0x00, 0x00, 0x00, 0x00, 0x00, 0x00, 0x00, 0x00, 0x00, 0x00, 0x00, 0x00,
  0x80, 0x80, 0x20, 0xE0, 0xE0, 0xE0, 0x00, 0x00, 0x00, 0x00, 0x00, 0x00, 0x00, 0x00, 0x00, 0x00,
  0x00, 0x80, 0x00, 0x60, 0x00, 0x00, 0x00, 0x00, 0x00, 0x00, 0x00, 0x00, 0x00, 0x00, 0x00, 0x00,
  0x73, 0x73, 0x7F, 0x7F, 0x7F, 0x7F, 0x7F, 0x7F, 0xEF, 0xFF, 0xD9, 0xFD, 0xF1, 0xF1, 0xE0, 0xE1,
  0x00, 0x31, 0x00, 0x31, 0x00, 0x2E, 0x00, 0x26, 0x00, 0x71, 0x00, 0x7C, 0x00, 0x41, 0x00, 0x61,
  0x08, 0xF8, 0x08, 0xF8, 0x9E, 0xFE, 0xFC, 0xFE, 0xFC, 0xFE, 0x9E, 0xFE, 0x06, 0xFE, 0x08, 0xF8,
  0x00, 0x18, 0x00, 0x98, 0x00, 0xF8, 0x00, 0x72, 0x00, 0x46, 0x00, 0xFE, 0x00, 0x3C, 0x80, 0x18,
  0x00, 0x00, 0x00, 0x00, 0x00, 0x00, 0x00, 0x00, 0x00, 0x00, 0x00, 0x00, 0x00, 0x00, 0x00, 0x00,
  0x00, 0x00, 0x00, 0x00, 0x00, 0x00, 0x00, 0x00, 0x00, 0x00, 0x00, 0x00, 0x00, 0x00, 0x00, 0x00,
  0x00, 0x00, 0x00, 0x00, 0x00, 0x00, 0x00, 0x00, 0x00, 0x00, 0x00, 0x00, 0x00, 0x00, 0x00, 0x00,
  0x00, 0x00, 0x00, 0x00, 0x00, 0x00, 0x00, 0x00, 0x00, 0x00, 0x00, 0x00, 0x00, 0x00, 0x00, 0x00,
  0x00, 0x00, 0x00, 0x00, 0x00, 0x00, 0x00, 0x00, 0x00, 0x00, 0x00, 0x00, 0x00, 0x00, 0x00, 0x00,
  0x00, 0x00, 0x00, 0x00, 0x00, 0x00, 0x00, 0x00, 0x00, 0x00, 0x00, 0x00, 0x00, 0x00, 0x00, 0x00,
  0x00, 0x00, 0x00, 0x00, 0x00, 0x00, 0x00, 0x00, 0x00, 0x00, 0x00, 0x00, 0x00, 0x00, 0x00, 0x00,
  0x00, 0x00, 0x00, 0x00, 0x00, 0x00, 0x00, 0x00, 0x00, 0x00, 0x00, 0x00, 0x00, 0x00, 0x00, 0x00,
  0x07, 0x07, 0x1C, 0x1F, 0x30, 0x3F, 0x60, 0x7F, 0x60, 0x7F, 0xD0, 0xFF, 0x8C, 0xFF, 0x87, 0xFF,
  0x00, 0x07, 0x00, 0x1F, 0x00, 0x3E, 0x00, 0x7C, 0x00, 0x58, 0x00, 0xF0, 0x00, 0xED, 0x00, 0xC7,
  0xE0, 0xE0, 0x38, 0xF8, 0x0C, 0xFC, 0x0E, 0xFE, 0x06, 0xFE, 0x07, 0xFF, 0x0F, 0xFF, 0x77, 0xFF,
  0x00, 0xE0, 0x00, 0xF8, 0x00, 0x7C, 0x00, 0x3E, 0x00, 0x3E, 0x00, 0x7E, 0x00, 0xF9, 0x00, 0xFF,
  0x00, 0x00, 0x00, 0x00, 0x00, 0x00, 0x00, 0x1C, 0x00, 0x1C, 0x00, 0x1C, 0x00, 0x00, 0x00, 0x00,
  0x00, 0x00, 0x00, 0x00, 0x00, 0x00, 0x08, 0x14, 0x1C, 0x00, 0x08, 0x14, 0x00, 0x00, 0x00, 0x00,
  0x00, 0x00, 0x00, 0x00, 0x00, 0x00, 0x00, 0x00, 0x00, 0x00, 0x00, 0x00, 0x00, 0x00, 0x00, 0x00,
  0x00, 0x00, 0x00, 0x00, 0x00, 0x00, 0x00, 0x00, 0x00, 0x00, 0x00, 0x00, 0x00, 0x00, 0x00, 0x00,
  0x00, 0x00, 0x00, 0x00, 0x00, 0x00, 0x00, 0x00, 0x00, 0x00, 0x00, 0x00, 0x00, 0x00, 0x00, 0x00,
  0x00, 0x00, 0x00, 0x00, 0x00, 0x00, 0x00, 0x00, 0x00, 0x00, 0x00, 0x00, 0x00, 0x00, 0x00, 0x00,
  0x00, 0x00, 0x00, 0x00, 0x00, 0x00, 0x00, 0x00, 0x00, 0x00, 0x00, 0x00, 0x00, 0x00, 0x00, 0x00,
  0x00, 0x00, 0x00, 0x00, 0x00, 0x00, 0x00, 0x00, 0x00, 0x00, 0x00, 0x00, 0x00, 0x00, 0x00, 0x00,
  0x00, 0x00, 0x00, 0x00, 0x00, 0x00, 0x00, 0x00, 0x00, 0x00, 0x00, 0x00, 0x00, 0x00, 0x00, 0x00,
  0x00, 0x00, 0x00, 0x00, 0x00, 0x00, 0x00, 0x00, 0x00, 0x00, 0x00, 0x00, 0x00, 0x00, 0x00, 0x00,
  0x00, 0x00, 0x00, 0x00, 0x00, 0x00, 0x00, 0x00, 0x00, 0x00, 0x00, 0x00, 0x00, 0x00, 0x00, 0x00,
  0x00, 0x00, 0x00, 0x00, 0x00, 0x00, 0x00, 0x00, 0x00, 0x00, 0x00, 0x00, 0x00, 0x00, 0x00, 0x00,
  0x82, 0xC3, 0xC2, 0xC3, 0x07, 0x07, 0x0F, 0x0F, 0x1F, 0x1F, 0x37, 0x3F, 0x36, 0x3F, 0x1F, 0x1F,
  0x00, 0x40, 0x00, 0x03, 0x00, 0x03, 0x00, 0x03, 0x00, 0x08, 0x00, 0x1C, 0x00, 0x1E, 0x00, 0x0F,
  0x20, 0xE0, 0x40, 0xC0, 0x80, 0x80, 0x80, 0x80, 0xC0, 0xC0, 0x40, 0xC0, 0x80, 0x80, 0x80, 0x80,
  0x00, 0x60, 0x00, 0xC0, 0x00, 0x00, 0x00, 0x00, 0x00, 0x00, 0x00, 0x80, 0x00, 0x80, 0x00, 0x00,
  0x07, 0x07, 0x0F, 0x0F, 0x1C, 0x1F, 0x18, 0x1F, 0x18, 0x1F, 0x08, 0x0F, 0x0C, 0x0F, 0x06, 0x07,
  0x00, 0x00, 0x00, 0x07, 0x00, 0x0F, 0x00, 0x0C, 0x01, 0x08, 0x00, 0x04, 0x00, 0x06, 0x00, 0x03,
  0xF0, 0xD0, 0xE0, 0xE0, 0xE0, 0xE0, 0x70, 0xF0, 0x30, 0xF0, 0x30, 0xF0, 0x18, 0xF8, 0x18, 0xF8,
  0x00, 0x00, 0x00, 0x80, 0x00, 0xC0, 0x00, 0xC0, 0x00, 0x60, 0x00, 0x60, 0x00, 0xF0, 0x00, 0xB0,
  0x00, 0x00, 0x00, 0x00, 0x00, 0x00, 0x00, 0x00, 0x00, 0x00, 0x00, 0x00, 0x00, 0x00, 0x00, 0x00,
  0x00, 0x00, 0x00, 0x00, 0x00, 0x00, 0x00, 0x00, 0x00, 0x00, 0x00, 0x00, 0x00, 0x00, 0x00, 0x00,
  0x00, 0x00, 0x00, 0x00, 0x00, 0x00, 0x00, 0x00, 0x00, 0x00, 0x00, 0x00, 0x00, 0x00, 0x00, 0x00,
  0x00, 0x00, 0x00, 0x00, 0x00, 0x00, 0x00, 0x00, 0x00, 0x00, 0x00, 0x00, 0x00, 0x00, 0x00, 0x00,
  0x00, 0x00, 0x00, 0x00, 0x00, 0x00, 0x00, 0x00, 0x00, 0x00, 0x00, 0x00, 0x00, 0x00, 0x00, 0x00,
  0x00, 0x00, 0x00, 0x00, 0x00, 0x00, 0x00, 0x00, 0x00, 0x00, 0x00, 0x00, 0x00, 0x00, 0x00, 0x00,
  0x00, 0x00, 0x00, 0x00, 0x00, 0x00, 0x00, 0x00, 0x00, 0x00, 0x00, 0x00, 0x00, 0x00, 0x00, 0x00,
  0x00, 0x00, 0x00, 0x00, 0x00, 0x00, 0x00, 0x00, 0x00, 0x00, 0x00, 0x00, 0x00, 0x00, 0x00, 0x00,
  0x81, 0xFF, 0x80, 0xFF, 0xC0, 0xFF, 0x41, 0x7F, 0x71, 0x7F, 0x3F, 0x3F, 0x1F, 0x1F, 0x07, 0x07,
  0x00, 0xC3, 0x00, 0xE7, 0x00, 0xFF, 0x00, 0x7F, 0x00, 0x7F, 0x00, 0x3E, 0x00, 0x1E, 0x00, 0x06,
  0x87, 0xFF, 0x8F, 0xFF, 0x8F, 0xFF, 0x1E, 0xFE, 0x7E, 0xFE, 0xFC, 0xFC, 0xF8, 0xF8, 0xE0, 0xE0,
  0x00, 0xFF, 0x00, 0xFF, 0x00, 0xFF, 0x00, 0xFE, 0x00, 0xFE, 0x00, 0xFC, 0x00, 0xF8, 0x00, 0xE0,
  0x00, 0x00, 0x00, 0x00, 0x00, 0x00, 0x00, 0x00, 0x00, 0x00, 0x00, 0x00, 0x00, 0x00, 0x00, 0x00,
  0x00, 0x00, 0x00, 0x00, 0x00, 0x00, 0x00, 0x00, 0x00, 0x00, 0x00, 0x00, 0x00, 0x00, 0x00, 0x00,
  0x00, 0x00, 0x00, 0x00, 0x00, 0x00, 0x00, 0x00, 0x00, 0x00, 0x00, 0x00, 0x00, 0x00, 0x00, 0x00,
  0x00, 0x00, 0x00, 0x00, 0x00, 0x00, 0x00, 0x00, 0x00, 0x00, 0x00, 0x00, 0x00, 0x00, 0x00, 0x00,
  0x00, 0x00, 0x00, 0x00, 0x00, 0x00, 0x00, 0x00, 0x00, 0x00, 0x00, 0x00, 0x00, 0x00, 0x00, 0x00,
  0x00, 0x00, 0x00, 0x00, 0x00, 0x00, 0x00, 0x00, 0x00, 0x00, 0x00, 0x00, 0x00, 0x00, 0x00, 0x00,
  0x00, 0x00, 0x00, 0x00, 0x00, 0x00, 0x00, 0x00, 0x00, 0x00, 0x00, 0x00, 0x00, 0x00, 0x00, 0x00,
  0x00, 0x00, 0x00, 0x00, 0x00, 0x00, 0x00, 0x00, 0x00, 0x00, 0x00, 0x00, 0x00, 0x00, 0x00, 0x00,
  0x00, 0x00, 0x00, 0x00, 0x00, 0x00, 0x00, 0x00, 0x00, 0x00, 0x00, 0x00, 0x00, 0x00, 0x00, 0x00,
  0x00, 0x00, 0x00, 0x00, 0x00, 0x00, 0x00, 0x00, 0x00, 0x00, 0x00, 0x00, 0x00, 0x00, 0x00, 0x00,
  0x00, 0x00, 0x00, 0x00, 0x00, 0x00, 0x00, 0x00, 0x00, 0x00, 0x00, 0x00, 0x00, 0x00, 0x00, 0x00,
  0x00, 0x00, 0x00, 0x00, 0x00, 0x00, 0x00, 0x00, 0x00, 0x00, 0x00, 0x00, 0x00, 0x00, 0x00, 0x00,
  0x0C, 0x0F, 0x06, 0x07, 0x03, 0x03, 0x00, 0x00, 0x00, 0x00, 0x00, 0x00, 0x00, 0x00, 0x00, 0x00,
  0x00, 0x07, 0x00, 0x03, 0x00, 0x00, 0x00, 0x00, 0x00, 0x00, 0x00, 0x00, 0x00, 0x00, 0x00, 0x00,
  0x80, 0x80, 0x20, 0xE0, 0xE0, 0xE0, 0x00, 0x00, 0x00, 0x00, 0x00, 0x00, 0x00, 0x00, 0x00, 0x00,
  0x00, 0x80, 0x00, 0x60, 0x00, 0x00, 0x00, 0x00, 0x00, 0x00, 0x00, 0x00, 0x00, 0x00, 0x00, 0x00,
  0x73, 0x73, 0x7F, 0x7F, 0x7F, 0x7F, 0x7F, 0x7F, 0xEF, 0xFF, 0xD9, 0xFD, 0xF1, 0xF1, 0xE0, 0xE1,
  0x00, 0x31, 0x00, 0x31, 0x00, 0x2E, 0x00, 0x26, 0x00, 0x71, 0x00, 0x7C, 0x00, 0x41, 0x00, 0x61,
  0x08, 0xF8, 0x08, 0xF8, 0x9E, 0xFE, 0xFC, 0xFE, 0xFC, 0xFE, 0x9E, 0xFE, 0x06, 0xFE, 0x08, 0xF8,
  0x00, 0x18, 0x00, 0x98, 0x00, 0xF8, 0x00, 0x72, 0x00, 0x46, 0x00, 0xFE, 0x00, 0x3C, 0x80, 0x18,
  0x00, 0x00, 0x00, 0x00, 0x00, 0x00, 0x00, 0x00, 0x00, 0x00, 0x00, 0x00, 0x00, 0x00, 0x00, 0x00,
  0x00, 0x00, 0x00, 0x00, 0x00, 0x00, 0x00, 0x00, 0x00, 0x00, 0x00, 0x00, 0x00, 0x00, 0x00, 0x00,
  0x00, 0x00, 0x00, 0x00, 0x00, 0x00, 0x00, 0x00, 0x00, 0x00, 0x00, 0x00, 0x00, 0x00, 0x00, 0x00,
  0x00, 0x00, 0x00, 0x00, 0x00, 0x00, 0x00, 0x00, 0x00, 0x00, 0x00, 0x00, 0x00, 0x00, 0x00, 0x00,
  0x00, 0x00, 0x00, 0x00, 0x00, 0x00, 0x00, 0x00, 0x00, 0x00, 0x00, 0x00, 0x00, 0x00, 0x00, 0x00,
  0x00, 0x00, 0x00, 0x00, 0x00, 0x00, 0x00, 0x00, 0x00, 0x00, 0x00, 0x00, 0x00, 0x00, 0x00, 0x00,
  0x00, 0x00, 0x00, 0x00, 0x00, 0x00, 0x00, 0x00, 0x00, 0x00, 0x00, 0x00, 0x00, 0x00, 0x00, 0x00,
  0x00, 0x00, 0x00, 0x00, 0x00, 0x00, 0x00, 0x00, 0x00, 0x00, 0x00, 0x00, 0x00, 0x00, 0x00, 0x00,
  0x07, 0x07, 0x1F, 0x1F, 0x3E, 0x3F, 0x78, 0x7F, 0x7C, 0x7F, 0xF4, 0xFF, 0xE2, 0xFF, 0xE1, 0xFF,
  0x00, 0x07, 0x00, 0x0F, 0x00, 0x37, 0x00, 0x77, 0x00, 0x7F, 0x00, 0xFF, 0x00, 0xFF, 0x00, 0xFF,
  0xE0, 0xE0, 0xF8, 0xF8, 0x0C, 0xFC, 0x06, 0xFE, 0x02, 0xFE, 0x03, 0xFF, 0x01, 0xFF, 0x01, 0xFF,
  0x00, 0xE0, 0x00, 0xF8, 0x00, 0xFC, 0x00, 0xEE, 0x00, 0xC6, 0x00, 0xC7, 0x00, 0xC7, 0x00, 0xC7,
  0x00, 0x00, 0x00, 0x00, 0x00, 0x00, 0x00, 0x1C, 0x00, 0x1C, 0x00, 0x1C, 0x00, 0x00, 0x00, 0x00,
  0x00, 0x00, 0x00, 0x00, 0x00, 0x00, 0x08, 0x14, 0x1C, 0x00, 0x08, 0x14, 0x00, 0x00, 0x00, 0x00,
  0x00, 0x00, 0x00, 0x00, 0x00, 0x00, 0x00, 0x00, 0x00, 0x00, 0x00, 0x00, 0x00, 0x00, 0x00, 0x00,
  0x00, 0x00, 0x00, 0x00, 0x00, 0x00, 0x00, 0x00, 0x00, 0x00, 0x00, 0x00, 0x00, 0x00, 0x00, 0x00,
  0x00, 0x00, 0x00, 0x00, 0x00, 0x00, 0x00, 0x00, 0x00, 0x00, 0x00, 0x00, 0x00, 0x00, 0x00, 0x00,
  0x00, 0x00, 0x00, 0x00, 0x00, 0x00, 0x00, 0x00, 0x00, 0x00, 0x00, 0x00, 0x00, 0x00, 0x00, 0x00,
  0x00, 0x00, 0x00, 0x00, 0x00, 0x00, 0x00, 0x00, 0x00, 0x00, 0x00, 0x00, 0x00, 0x00, 0x00, 0x00,
  0x00, 0x00, 0x00, 0x00, 0x00, 0x00, 0x00, 0x00, 0x00, 0x00, 0x00, 0x00, 0x00, 0x00, 0x00, 0x00,
  0x00, 0x00, 0x00, 0x00, 0x00, 0x00, 0x00, 0x00, 0x00, 0x00, 0x00, 0x00, 0x00, 0x00, 0x00, 0x00,
  0x00, 0x00, 0x00, 0x00, 0x00, 0x00, 0x00, 0x00, 0x00, 0x00, 0x00, 0x00, 0x00, 0x00, 0x00, 0x00,
  0x00, 0x00, 0x00, 0x00, 0x00, 0x00, 0x00, 0x00, 0x00, 0x00, 0x00, 0x00, 0x00, 0x00, 0x00, 0x00,
  0x00, 0x00, 0x00, 0x00, 0x00, 0x00, 0x00, 0x00, 0x00, 0x00, 0x00, 0x00, 0x00, 0x00, 0x00, 0x00,
  0x82, 0xC3, 0xC2, 0xC3, 0x07, 0x07, 0x0F, 0x0F, 0x1F, 0x1F, 0x37, 0x3F, 0x36, 0x3F, 0x1F, 0x1F,
  0x00, 0x40, 0x00, 0x03, 0x00, 0x03, 0x00, 0x03, 0x00, 0x08, 0x00, 0x1C, 0x00, 0x1E, 0x00, 0x0F,
  0x20, 0xE0, 0x40, 0xC0, 0x80, 0x80, 0x80, 0x80, 0xC0, 0xC0, 0x40, 0xC0, 0x80, 0x80, 0x80, 0x80,
  0x00, 0x60, 0x00, 0xC0, 0x00, 0x00, 0x00, 0x00, 0x00, 0x00, 0x00, 0x80, 0x00, 0x80, 0x00, 0x00,
  0x07, 0x07, 0x0F, 0x0F, 0x1C, 0x1F, 0x18, 0x1F, 0x18, 0x1F, 0x08, 0x0F, 0x0C, 0x0F, 0x06, 0x07,
  0x00, 0x00, 0x00, 0x07, 0x00, 0x0F, 0x00, 0x0C, 0x01, 0x08, 0x00, 0x04, 0x00, 0x06, 0x00, 0x03,
  0xF0, 0xD0, 0xE0, 0xE0, 0xE0, 0xE0, 0x70, 0xF0, 0x30, 0xF0, 0x30, 0xF0, 0x18, 0xF8, 0x18, 0xF8,
  0x00, 0x00, 0x00, 0x80, 0x00, 0xC0, 0x00, 0xC0, 0x00, 0x60, 0x00, 0x60, 0x00, 0xF0, 0x00, 0xB0,
  0x00, 0x00, 0x00, 0x00, 0x00, 0x00, 0x00, 0x00, 0x00, 0x00, 0x00, 0x00, 0x00, 0x00, 0x00, 0x00,
  0x00, 0x00, 0x00, 0x00, 0x00, 0x00, 0x00, 0x00, 0x00, 0x00, 0x00, 0x00, 0x00, 0x00, 0x00, 0x00,
  0x00, 0x00, 0x00, 0x00, 0x00, 0x00, 0x00, 0x00, 0x00, 0x00, 0x00, 0x00, 0x00, 0x00, 0x00, 0x00,
  0x00, 0x00, 0x00, 0x00, 0x00, 0x00, 0x00, 0x00, 0x00, 0x00, 0x00, 0x00, 0x00, 0x00, 0x00, 0x00,
  0x00, 0x00, 0x00, 0x00, 0x00, 0x00, 0x00, 0x00, 0x00, 0x00, 0x00, 0x00, 0x00, 0x00, 0x00, 0x00,
  0x00, 0x00, 0x00, 0x00, 0x00, 0x00, 0x00, 0x00, 0x00, 0x00, 0x00, 0x00, 0x00, 0x00, 0x00, 0x00,
  0x00, 0x00, 0x00, 0x00, 0x00, 0x00, 0x00, 0x00, 0x00, 0x00, 0x00, 0x00, 0x00, 0x00, 0x00, 0x00,
  0x00, 0x00, 0x00, 0x00, 0x00, 0x00, 0x00, 0x00, 0x00, 0x00, 0x00, 0x00, 0x00, 0x00, 0x00, 0x00,
  0xE1, 0xFF, 0xE1, 0xFF, 0xF1, 0xFF, 0x72, 0x7F, 0x7A, 0x7F, 0x3E, 0x3F, 0x1F, 0x1F, 0x07, 0x07,
  0x00, 0xFF, 0x00, 0xFF, 0x00, 0xFF, 0x00, 0x7F, 0x00, 0x7F, 0x00, 0x3D, 0x00, 0x1B, 0x00, 0x07,
  0xD7, 0xFF, 0x01, 0xFF, 0x03, 0xFF, 0x02, 0xFE, 0x06, 0xFE, 0x0C, 0xFC, 0xF8, 0xF8, 0xE0, 0xE0,
  0x00, 0xFC, 0x00, 0xC7, 0x00, 0xC7, 0x00, 0xC6, 0x00, 0xEE, 0x00, 0xFC, 0x00, 0xF8, 0x00, 0xE0,
  0x00, 0x00, 0x00, 0x00, 0x00, 0x00, 0x00, 0x00, 0x00, 0x00, 0x00, 0x00, 0x00, 0x00, 0x00, 0x00,
  0x00, 0x00, 0x00, 0x00, 0x00, 0x00, 0x00, 0x00, 0x00, 0x00, 0x00, 0x00, 0x00, 0x00, 0x00, 0x00,
  0x00, 0x00, 0x00, 0x00, 0x00, 0x00, 0x00, 0x00, 0x00, 0x00, 0x00, 0x00, 0x00, 0x00, 0x00, 0x00,
  0x00, 0x00, 0x00, 0x00, 0x00, 0x00, 0x00, 0x00, 0x00, 0x00, 0x00, 0x00, 0x00, 0x00, 0x00, 0x00,
  0x00, 0x00, 0x00, 0x00, 0x00, 0x00, 0x00, 0x00, 0x00, 0x00, 0x00, 0x00, 0x00, 0x00, 0x00, 0x00,
  0x00, 0x00, 0x00, 0x00, 0x00, 0x00, 0x00, 0x00, 0x00, 0x00, 0x00, 0x00, 0x00, 0x00, 0x00, 0x00,
  0x00, 0x00, 0x00, 0x00, 0x00, 0x00, 0x00, 0x00, 0x00, 0x00, 0x00, 0x00, 0x00, 0x00, 0x00, 0x00,
  0x00, 0x00, 0x00, 0x00, 0x00, 0x00, 0x00, 0x00, 0x00, 0x00, 0x00, 0x00, 0x00, 0x00, 0x00, 0x00,
  0x00, 0x00, 0x00, 0x00, 0x00, 0x00, 0x00, 0x00, 0x00, 0x00, 0x00, 0x00, 0x00, 0x00, 0x00, 0x00,
  0x00, 0x00, 0x00, 0x00, 0x00, 0x00, 0x00, 0x00, 0x00, 0x00, 0x00, 0x00, 0x00, 0x00, 0x00, 0x00,
  0x00, 0x00, 0x00, 0x00, 0x00, 0x00, 0x00, 0x00, 0x00, 0x00, 0x00, 0x00, 0x00, 0x00, 0x00, 0x00,
  0x00, 0x00, 0x00, 0x00, 0x00, 0x00, 0x00, 0x00, 0x00, 0x00, 0x00, 0x00, 0x00, 0x00, 0x00, 0x00,
  0x0C, 0x0F, 0x06, 0x07, 0x03, 0x03, 0x00, 0x00, 0x00, 0x00, 0x00, 0x00, 0x00, 0x00, 0x00, 0x00,
  0x00, 0x07, 0x00, 0x03, 0x00, 0x00, 0x00, 0x00, 0x00, 0x00, 0x00, 0x00, 0x00, 0x00, 0x00, 0x00,
  0x80, 0x80, 0x20, 0xE0, 0xE0, 0xE0, 0x00, 0x00, 0x00, 0x00, 0x00, 0x00, 0x00, 0x00, 0x00, 0x00,
  0x00, 0x80, 0x00, 0x60, 0x00, 0x00, 0x00, 0x00, 0x00, 0x00, 0x00, 0x00, 0x00, 0x00, 0x00, 0x00,
  0x73, 0x73, 0x7F, 0x7F, 0x7F, 0x7F, 0x7F, 0x7F, 0xEF, 0xFF, 0xD9, 0xFD, 0xF1, 0xF1, 0xE0, 0xE1,
  0x00, 0x31, 0x00, 0x31, 0x00, 0x2E, 0x00, 0x26, 0x00, 0x71, 0x00, 0x7C, 0x00, 0x41, 0x00, 0x61,
  0x08, 0xF8, 0x08, 0xF8, 0x9E, 0xFE, 0xFC, 0xFE, 0xFC, 0xFE, 0x9E, 0xFE, 0x06, 0xFE, 0x08, 0xF8,
  0x00, 0x18, 0x00, 0x98, 0x00, 0xF8, 0x00, 0x72, 0x00, 0x46, 0x00, 0xFE, 0x00, 0x3C, 0x80, 0x18,
  0x00, 0x00, 0x00, 0x00, 0x00, 0x00, 0x00, 0x00, 0x00, 0x00, 0x00, 0x00, 0x00, 0x00, 0x00, 0x00,
  0x00, 0x00, 0x00, 0x00, 0x00, 0x00, 0x00, 0x00, 0x00, 0x00, 0x00, 0x00, 0x00, 0x00, 0x00, 0x00,
  0x00, 0x00, 0x00, 0x00, 0x00, 0x00, 0x00, 0x00, 0x00, 0x00, 0x00, 0x00, 0x00, 0x00, 0x00, 0x00,
  0x00, 0x00, 0x00, 0x00, 0x00, 0x00, 0x00, 0x00, 0x00, 0x00, 0x00, 0x00, 0x00, 0x00, 0x00, 0x00,
  0x00, 0x00, 0x00, 0x00, 0x00, 0x00, 0x00, 0x00, 0x00, 0x00, 0x00, 0x00, 0x00, 0x00, 0x00, 0x00,
  0x00, 0x00, 0x00, 0x00, 0x00, 0x00, 0x00, 0x00, 0x00, 0x00, 0x00, 0x00, 0x00, 0x00, 0x00, 0x00,
  0x00, 0x00, 0x00, 0x00, 0x00, 0x00, 0x00, 0x00, 0x00, 0x00, 0x00, 0x00, 0x00, 0x00, 0x00, 0x00,
  0x00, 0x00, 0x00, 0x00, 0x00, 0x00, 0x00, 0x00, 0x00, 0x00, 0x00, 0x00, 0x00, 0x00, 0x00, 0x00,
  0x07, 0x07, 0x1F, 0x1F, 0x3E, 0x3F, 0x78, 0x7F, 0x7C, 0x7F, 0xF4, 0xFF, 0xE2, 0xFF, 0xE1, 0xFF,
  0x00, 0x07, 0x00, 0x0F, 0x00, 0x37, 0x00, 0x77, 0x00, 0x7F, 0x00, 0xFF, 0x00, 0xFF, 0x00, 0xFF,
  0xE0, 0xE0, 0xF8, 0xF8, 0x0C, 0xFC, 0x06, 0xFE, 0x02, 0xFE, 0x03, 0xFF, 0x01, 0xFF, 0x01, 0xFF,
  0x00, 0xE0, 0x00, 0xF8, 0x00, 0xFC, 0x00, 0xEE, 0x00, 0xC6, 0x00, 0xC7, 0x00, 0xC7, 0x00, 0xC7,
  0x00, 0x00, 0x00, 0x00, 0x00, 0x00, 0x00, 0x1C, 0x00, 0x1C, 0x00, 0x1C, 0x00, 0x00, 0x00, 0x00,
  0x00, 0x00, 0x00, 0x00, 0x00, 0x00, 0x08, 0x14, 0x1C, 0x00, 0x08, 0x14, 0x00, 0x00, 0x00, 0x00,
  0x00, 0x00, 0x00, 0x00, 0x00, 0x00, 0x00, 0x00, 0x00, 0x00, 0x00, 0x00, 0x00, 0x00, 0x00, 0x00,
  0x00, 0x00, 0x00, 0x00, 0x00, 0x00, 0x00, 0x00, 0x00, 0x00, 0x00, 0x00, 0x00, 0x00, 0x00, 0x00,
  0x00, 0x00, 0x00, 0x00, 0x00, 0x00, 0x00, 0x00, 0x00, 0x00, 0x00, 0x00, 0x00, 0x00, 0x00, 0x00,
  0x00, 0x00, 0x00, 0x00, 0x00, 0x00, 0x00, 0x00, 0x00, 0x00, 0x00, 0x00, 0x00, 0x00, 0x00, 0x00,
  0x00, 0x00, 0x00, 0x00, 0x00, 0x00, 0x00, 0x00, 0x00, 0x00, 0x00, 0x00, 0x00, 0x00, 0x00, 0x00,
  0x00, 0x00, 0x00, 0x00, 0x00, 0x00, 0x00, 0x00, 0x00, 0x00, 0x00, 0x00, 0x00, 0x00, 0x00, 0x00,
  0x00, 0x00, 0x00, 0x00, 0x00, 0x00, 0x00, 0x00, 0x00, 0x00, 0x00, 0x00, 0x00, 0x00, 0x00, 0x00,
  0x00, 0x00, 0x00, 0x00, 0x00, 0x00, 0x00, 0x00, 0x00, 0x00, 0x00, 0x00, 0x00, 0x00, 0x00, 0x00,
  0x00, 0x00, 0x00, 0x00, 0x00, 0x00, 0x00, 0x00, 0x00, 0x00, 0x00, 0x00, 0x00, 0x00, 0x00, 0x00,
  0x00, 0x00, 0x00, 0x00, 0x00, 0x00, 0x00, 0x00, 0x00, 0x00, 0x00, 0x00, 0x00, 0x00, 0x00, 0x00,
  0x82, 0xC3, 0xC2, 0xC3, 0x07, 0x07, 0x0F, 0x0F, 0x1F, 0x1F, 0x37, 0x3F, 0x36, 0x3F, 0x1F, 0x1F,
  0x00, 0x40, 0x00, 0x03, 0x00, 0x03, 0x00, 0x03, 0x00, 0x08, 0x00, 0x1C, 0x00, 0x1E, 0x00, 0x0F,
  0x20, 0xE0, 0x40, 0xC0, 0x80, 0x80, 0x80, 0x80, 0xC0, 0xC0, 0x40, 0xC0, 0x80, 0x80, 0x80, 0x80,
  0x00, 0x60, 0x00, 0xC0, 0x00, 0x00, 0x00, 0x00, 0x00, 0x00, 0x00, 0x80, 0x00, 0x80, 0x00, 0x00,
  0x07, 0x07, 0x0F, 0x0F, 0x1C, 0x1F, 0x18, 0x1F, 0x18, 0x1F, 0x08, 0x0F, 0x0C, 0x0F, 0x06, 0x07,
  0x00, 0x00, 0x00, 0x07, 0x00, 0x0F, 0x00, 0x0C, 0x01, 0x08, 0x00, 0x04, 0x00, 0x06, 0x00, 0x03,
  0xF0, 0xD0, 0xE0, 0xE0, 0xE0, 0xE0, 0x70, 0xF0, 0x30, 0xF0, 0x30, 0xF0, 0x18, 0xF8, 0x18, 0xF8,
  0x00, 0x00, 0x00, 0x80, 0x00, 0xC0, 0x00, 0xC0, 0x00, 0x60, 0x00, 0x60, 0x00, 0xF0, 0x00, 0xB0,
  0x00, 0x00, 0x00, 0x00, 0x00, 0x00, 0x00, 0x00, 0x00, 0x00, 0x00, 0x00, 0x00, 0x00, 0x00, 0x00,
  0x00, 0x00, 0x00, 0x00, 0x00, 0x00, 0x00, 0x00, 0x00, 0x00, 0x00, 0x00, 0x00, 0x00, 0x00, 0x00,
  0x00, 0x00, 0x00, 0x00, 0x00, 0x00, 0x00, 0x00, 0x00, 0x00, 0x00, 0x00, 0x00, 0x00, 0x00, 0x00,
  0x00, 0x00, 0x00, 0x00, 0x00, 0x00, 0x00, 0x00, 0x00, 0x00, 0x00, 0x00, 0x00, 0x00, 0x00, 0x00,
  0x00, 0x00, 0x00, 0x00, 0x00, 0x00, 0x00, 0x00, 0x00, 0x00, 0x00, 0x00, 0x00, 0x00, 0x00, 0x00,
  0x00, 0x00, 0x00, 0x00, 0x00, 0x00, 0x00, 0x00, 0x00, 0x00, 0x00, 0x00, 0x00, 0x00, 0x00, 0x00,
  0x00, 0x00, 0x00, 0x00, 0x00, 0x00, 0x00, 0x00, 0x00, 0x00, 0x00, 0x00, 0x00, 0x00, 0x00, 0x00,
  0x00, 0x00, 0x00, 0x00, 0x00, 0x00, 0x00, 0x00, 0x00, 0x00, 0x00, 0x00, 0x00, 0x00, 0x00, 0x00,
  0xE1, 0xFF, 0xE1, 0xFF, 0xF1, 0xFF, 0x72, 0x7F, 0x7A, 0x7F, 0x3E, 0x3F, 0x1F, 0x1F, 0x07, 0x07,
  0x00, 0xFF, 0x00, 0xFF, 0x00, 0xFF, 0x00, 0x7F, 0x00, 0x7F, 0x00, 0x3D, 0x00, 0x1B, 0x00, 0x07,
  0xD7, 0xFF, 0x01, 0xFF, 0x03, 0xFF, 0x02, 0xFE, 0x06, 0xFE, 0x0C, 0xFC, 0xF8, 0xF8, 0xE0, 0xE0,
  0x00, 0xFC, 0x00, 0xC7, 0x00, 0xC7, 0x00, 0xC6, 0x00, 0xEE, 0x00, 0xFC, 0x00, 0xF8, 0x00, 0xE0,
  0x00, 0x00, 0x00, 0x00, 0x00, 0x00, 0x00, 0x00, 0x00, 0x00, 0x00, 0x00, 0x00, 0x00, 0x00, 0x00,
  0x00, 0x00, 0x00, 0x00, 0x00, 0x00, 0x00, 0x00, 0x00, 0x00, 0x00, 0x00, 0x00, 0x00, 0x00, 0x00,
  0x00, 0x00, 0x00, 0x00, 0x00, 0x00, 0x00, 0x00, 0x00, 0x00, 0x00, 0x00, 0x00, 0x00, 0x00, 0x00,
  0x00, 0x00, 0x00, 0x00, 0x00, 0x00, 0x00, 0x00, 0x00, 0x00, 0x00, 0x00, 0x00, 0x00, 0x00, 0x00,
  0x00, 0x00, 0x00, 0x00, 0x00, 0x00, 0x00, 0x00, 0x00, 0x00, 0x00, 0x00, 0x00, 0x00, 0x00, 0x00,
  0x00, 0x00, 0x00, 0x00, 0x00, 0x00, 0x00, 0x00, 0x00, 0x00, 0x00, 0x00, 0x00, 0x00, 0x00, 0x00,
  0x00, 0x00, 0x00, 0x00, 0x00, 0x00, 0x00, 0x00, 0x00, 0x00, 0x00, 0x00, 0x00, 0x00, 0x00, 0x00,
  0x00, 0x00, 0x00, 0x00, 0x00, 0x00, 0x00, 0x00, 0x00, 0x00, 0x00, 0x00, 0x00, 0x00, 0x00, 0x00,
  0x00, 0x00, 0x00, 0x00, 0x00, 0x00, 0x00, 0x00, 0x00, 0x00, 0x00, 0x00, 0x00, 0x00, 0x00, 0x00,
  0x00, 0x00, 0x00, 0x00, 0x00, 0x00, 0x00, 0x00, 0x00, 0x00, 0x00, 0x00, 0x00, 0x00, 0x00, 0x00,
  0x00, 0x00, 0x00, 0x00, 0x00, 0x00, 0x00, 0x00, 0x00, 0x00, 0x00, 0x00, 0x00, 0x00, 0x00, 0x00,
  0x00, 0x00, 0x00, 0x00, 0x00, 0x00, 0x00, 0x00, 0x00, 0x00, 0x00, 0x00, 0x00, 0x00, 0x00, 0x00,
  0x0C, 0x0F, 0x06, 0x07, 0x03, 0x03, 0x00, 0x00, 0x00, 0x00, 0x00, 0x00, 0x00, 0x00, 0x00, 0x00,
  0x00, 0x07, 0x00, 0x03, 0x00, 0x00, 0x00, 0x00, 0x00, 0x00, 0x00, 0x00, 0x00, 0x00, 0x00, 0x00,
  0x80, 0x80, 0x20, 0xE0, 0xE0, 0xE0, 0x00, 0x00, 0x00, 0x00, 0x00, 0x00, 0x00, 0x00, 0x00, 0x00,
  0x00, 0x80, 0x00, 0x60, 0x00, 0x00, 0x00, 0x00, 0x00, 0x00, 0x00, 0x00, 0x00, 0x00, 0x00, 0x00,
  0x73, 0x73, 0x7F, 0x7F, 0x7F, 0x7F, 0x7F, 0x7F, 0xEF, 0xFF, 0xD9, 0xFD, 0xF1, 0xF1, 0xE0, 0xE1,
  0x00, 0x31, 0x00, 0x31, 0x00, 0x2E, 0x00, 0x26, 0x00, 0x71, 0x00, 0x7C, 0x00, 0x41, 0x00, 0x61,
  0x08, 0xF8, 0x08, 0xF8, 0x9E, 0xFE, 0xFC, 0xFE, 0xFC, 0xFE, 0x9E, 0xFE, 0x06, 0xFE, 0x08, 0xF8,
  0x00, 0x18, 0x00, 0x98, 0x00, 0xF8, 0x00, 0x72, 0x00, 0x46, 0x00, 0xFE, 0x00, 0x3C, 0x80, 0x18,
  0x00, 0x00, 0x00, 0x00, 0x00, 0x00, 0x00, 0x00, 0x00, 0x00, 0x00, 0x00, 0x00, 0x00, 0x00, 0x00,
  0x00, 0x00, 0x00, 0x00, 0x00, 0x00, 0x00, 0x00, 0x00, 0x00, 0x00, 0x00, 0x00, 0x00, 0x00, 0x00,
  0x00, 0x00, 0x00, 0x00, 0x00, 0x00, 0x00, 0x00, 0x00, 0x00, 0x00, 0x00, 0x00, 0x00, 0x00, 0x00,
  0x00, 0x00, 0x00, 0x00, 0x00, 0x00, 0x00, 0x00, 0x00, 0x00, 0x00, 0x00, 0x00, 0x00, 0x00, 0x00,
  0x00, 0x00, 0x00, 0x00, 0x00, 0x00, 0x00, 0x00, 0x00, 0x00, 0x00, 0x00, 0x00, 0x00, 0x00, 0x00,
  0x00, 0x00, 0x00, 0x00, 0x00, 0x00, 0x00, 0x00, 0x00, 0x00, 0x00, 0x00, 0x00, 0x00, 0x00, 0x00,
  0x00, 0x00, 0x00, 0x00, 0x00, 0x00, 0x00, 0x00, 0x00, 0x00, 0x00, 0x00, 0x00, 0x00, 0x00, 0x00,
  0x00, 0x00, 0x00, 0x00, 0x00, 0x00, 0x00, 0x00, 0x00, 0x00, 0x00, 0x00, 0x00, 0x00, 0x00, 0x00,
  0x07, 0x07, 0x1C, 0x1F, 0x30, 0x3F, 0x60, 0x7F, 0x60, 0x7F, 0xD0, 0xFF, 0x8C, 0xFF, 0x87, 0xFF,
  0x00, 0x07, 0x00, 0x1F, 0x00, 0x3E, 0x00, 0x7C, 0x00, 0x58, 0x00, 0xF0, 0x00, 0xED, 0x00, 0xC7,
  0xE0, 0xE0, 0x38, 0xF8, 0x0C, 0xFC, 0x0E, 0xFE, 0x06, 0xFE, 0x07, 0xFF, 0x0F, 0xFF, 0x77, 0xFF,
  0x00, 0xE0, 0x00, 0xF8, 0x00, 0x7C, 0x00, 0x3E, 0x00, 0x3E, 0x00, 0x7E, 0x00, 0xF9, 0x00, 0xFF,
  0x00, 0x00, 0x00, 0x00, 0x00, 0x00, 0x00, 0x1C, 0x00, 0x1C, 0x00, 0x1C, 0x00, 0x00, 0x00, 0x00,
  0x00, 0x00, 0x00, 0x00, 0x00, 0x00, 0x08, 0x14, 0x1C, 0x00, 0x08, 0x14, 0x00, 0x00, 0x00, 0x00,
  0x00, 0x00, 0x00, 0x00, 0x00, 0x00, 0x00, 0x00, 0x00, 0x00, 0x00, 0x00, 0x00, 0x00, 0x00, 0x00,
  0x00, 0x00, 0x00, 0x00, 0x00, 0x00, 0x00, 0x00, 0x00, 0x00, 0x00, 0x00, 0x00, 0x00, 0x00, 0x00,
  0x00, 0x00, 0x00, 0x00, 0x00, 0x00, 0x00, 0x00, 0x00, 0x00, 0x00, 0x00, 0x00, 0x00, 0x00, 0x00,
  0x00, 0x00, 0x00, 0x00, 0x00, 0x00, 0x00, 0x00, 0x00, 0x00, 0x00, 0x00, 0x00, 0x00, 0x00, 0x00,
  0x00, 0x00, 0x00, 0x00, 0x00, 0x00, 0x00, 0x00, 0x00, 0x00, 0x00, 0x00, 0x00, 0x00, 0x00, 0x00,
  0x00, 0x00, 0x00, 0x00, 0x00, 0x00, 0x00, 0x00, 0x00, 0x00, 0x00, 0x00, 0x00, 0x00, 0x00, 0x00,
  0x00, 0x00, 0x00, 0x00, 0x00, 0x00, 0x00, 0x00, 0x00, 0x00, 0x00, 0x00, 0x00, 0x00, 0x00, 0x00,
  0x00, 0x00, 0x00, 0x00, 0x00, 0x00, 0x00, 0x00, 0x00, 0x00, 0x00, 0x00, 0x00, 0x00, 0x00, 0x00,
  0x00, 0x00, 0x00, 0x00, 0x00, 0x00, 0x00, 0x00, 0x00, 0x00, 0x00, 0x00, 0x00, 0x00, 0x00, 0x00,
  0x00, 0x00, 0x00, 0x00, 0x00, 0x00, 0x00, 0x00, 0x00, 0x00, 0x00, 0x00, 0x00, 0x00, 0x00, 0x00,
  0x82, 0xC3, 0xC2, 0xC3, 0x07, 0x07, 0x0F, 0x0F, 0x1F, 0x1F, 0x37, 0x3F, 0x36, 0x3F, 0x1F, 0x1F,
  0x00, 0x40, 0x00, 0x03, 0x00, 0x03, 0x00, 0x03, 0x00, 0x08, 0x00, 0x1C, 0x00, 0x1E, 0x00, 0x0F,
  0x20, 0xE0, 0x40, 0xC0, 0x80, 0x80, 0x80, 0x80, 0xC0, 0xC0, 0x40, 0xC0, 0x80, 0x80, 0x80, 0x80,
  0x00, 0x60, 0x00, 0xC0, 0x00, 0x00, 0x00, 0x00, 0x00, 0x00, 0x00, 0x80, 0x00, 0x80, 0x00, 0x00,
  0x07, 0x07, 0x0F, 0x0F, 0x1C, 0x1F, 0x18, 0x1F, 0x18, 0x1F, 0x08, 0x0F, 0x0C, 0x0F, 0x06, 0x07,
  0x00, 0x00, 0x00, 0x07, 0x00, 0x0F, 0x00, 0x0C, 0x01, 0x08, 0x00, 0x04, 0x00, 0x06, 0x00, 0x03,
  0xF0, 0xD0, 0xE0, 0xE0, 0xE0, 0xE0, 0x70, 0xF0, 0x30, 0xF0, 0x30, 0xF0, 0x18, 0xF8, 0x18, 0xF8,
  0x00, 0x00, 0x00, 0x80, 0x00, 0xC0, 0x00, 0xC0, 0x00, 0x60, 0x00, 0x60, 0x00, 0xF0, 0x00, 0xB0,
  0x00, 0x00, 0x00, 0x00, 0x00, 0x00, 0x00, 0x00, 0x00, 0x00, 0x00, 0x00, 0x00, 0x00, 0x00, 0x00,
  0x00, 0x00, 0x00, 0x00, 0x00, 0x00, 0x00, 0x00, 0x00, 0x00, 0x00, 0x00, 0x00, 0x00, 0x00, 0x00,
  0x00, 0x00, 0x00, 0x00, 0x00, 0x00, 0x00, 0x00, 0x00, 0x00, 0x00, 0x00, 0x00, 0x00, 0x00, 0x00,
  0x00, 0x00, 0x00, 0x00, 0x00, 0x00, 0x00, 0x00, 0x00, 0x00, 0x00, 0x00, 0x00, 0x00, 0x00, 0x00,
  0x00, 0x00, 0x00, 0x00, 0x00, 0x00, 0x00, 0x00, 0x00, 0x00, 0x00, 0x00, 0x00, 0x00, 0x00, 0x00,
  0x00, 0x00, 0x00, 0x00, 0x00, 0x00, 0x00, 0x00, 0x00, 0x00, 0x00, 0x00, 0x00, 0x00, 0x00, 0x00,
  0x00, 0x00, 0x00, 0x00, 0x00, 0x00, 0x00, 0x00, 0x00, 0x00, 0x00, 0x00, 0x00, 0x00, 0x00, 0x00,
  0x00, 0x00, 0x00, 0x00, 0x00, 0x00, 0x00, 0x00, 0x00, 0x00, 0x00, 0x00, 0x00, 0x00, 0x00, 0x00,
  0x81, 0xFF, 0x80, 0xFF, 0xC0, 0xFF, 0x41, 0x7F, 0x71, 0x7F, 0x3F, 0x3F, 0x1F, 0x1F, 0x07, 0x07,
  0x00, 0xC3, 0x00, 0xE7, 0x00, 0xFF, 0x00, 0x7F, 0x00, 0x7F, 0x00, 0x3E, 0x00, 0x1E, 0x00, 0x06,
  0x87, 0xFF, 0x8F, 0xFF, 0x8F, 0xFF, 0x1E, 0xFE, 0x7E, 0xFE, 0xFC, 0xFC, 0xF8, 0xF8, 0xE0, 0xE0,
  0x00, 0xFF, 0x00, 0xFF, 0x00, 0xFF, 0x00, 0xFE, 0x00, 0xFE, 0x00, 0xFC, 0x00, 0xF8, 0x00, 0xE0,
  0x00, 0x00, 0x00, 0x00, 0x00, 0x00, 0x00, 0x00, 0x00, 0x00, 0x00, 0x00, 0x00, 0x00, 0x00, 0x00,
  0x00, 0x00, 0x00, 0x00, 0x00, 0x00, 0x00, 0x00, 0x00, 0x00, 0x00, 0x00, 0x00, 0x00, 0x00, 0x00,
  0x00, 0x00, 0x00, 0x00, 0x00, 0x00, 0x00, 0x00, 0x00, 0x00, 0x00, 0x00, 0x00, 0x00, 0x00, 0x00,
  0x00, 0x00, 0x00, 0x00, 0x00, 0x00, 0x00, 0x00, 0x00, 0x00, 0x00, 0x00, 0x00, 0x00, 0x00, 0x00,
  0x00, 0x00, 0x00, 0x00, 0x00, 0x00, 0x00, 0x00, 0x00, 0x00, 0x00, 0x00, 0x00, 0x00, 0x00, 0x00,
  0x00, 0x00, 0x00, 0x00, 0x00, 0x00, 0x00, 0x00, 0x00, 0x00, 0x00, 0x00, 0x00, 0x00, 0x00, 0x00,
  0x00, 0x00, 0x00, 0x00, 0x00, 0x00, 0x00, 0x00, 0x00, 0x00, 0x00, 0x00, 0x00, 0x00, 0x00, 0x00,
  0x00, 0x00, 0x00, 0x00, 0x00, 0x00, 0x00, 0x00, 0x00, 0x00, 0x00, 0x00, 0x00, 0x00, 0x00, 0x00,
  0x00, 0x00, 0x00, 0x00, 0x00, 0x00, 0x00, 0x00, 0x00, 0x00, 0x00, 0x00, 0x00, 0x00, 0x00, 0x00,
  0x00, 0x00, 0x00, 0x00, 0x00, 0x00, 0x00, 0x00, 0x00, 0x00, 0x00, 0x00, 0x00, 0x00, 0x00, 0x00,
  0x00, 0x00, 0x00, 0x00, 0x00, 0x00, 0x00, 0x00, 0x00, 0x00, 0x00, 0x00, 0x00, 0x00, 0x00, 0x00,
  0x00, 0x00, 0x00, 0x00, 0x00, 0x00, 0x00, 0x00, 0x00, 0x00, 0x00, 0x00, 0x00, 0x00, 0x00, 0x00,
  0x0C, 0x0F, 0x06, 0x07, 0x03, 0x03, 0x00, 0x00, 0x00, 0x00, 0x00, 0x00, 0x00, 0x00, 0x00, 0x00,
  0x00, 0x07, 0x00, 0x03, 0x00, 0x00, 0x00, 0x00, 0x00, 0x00, 0x00, 0x00, 0x00, 0x00, 0x00, 0x00,
  0x80, 0x80, 0x20, 0xE0, 0xE0, 0xE0, 0x00, 0x00, 0x00, 0x00, 0x00, 0x00, 0x00, 0x00, 0x00, 0x00,
  0x00, 0x80, 0x00, 0x60, 0x00, 0x00, 0x00, 0x00, 0x00, 0x00, 0x00, 0x00, 0x00, 0x00, 0x00, 0x00,
  0x73, 0x73, 0x7F, 0x7F, 0x7F, 0x7F, 0x7F, 0x7F, 0xEF, 0xFF, 0xD9, 0xFD, 0xF1, 0xF1, 0xE0, 0xE1,
  0x00, 0x31, 0x00, 0x31, 0x00, 0x2E, 0x00, 0x26, 0x00, 0x71, 0x00, 0x7C, 0x00, 0x41, 0x00, 0x61,
  0x08, 0xF8, 0x08, 0xF8, 0x9E, 0xFE, 0xFC, 0xFE, 0xFC, 0xFE, 0x9E, 0xFE, 0x06, 0xFE, 0x08, 0xF8,
  0x00, 0x18, 0x00, 0x98, 0x00, 0xF8, 0x00, 0x72, 0x00, 0x46, 0x00, 0xFE, 0x00, 0x3C, 0x80, 0x18,
  0x00, 0x00, 0x00, 0x00, 0x00, 0x00, 0x00, 0x00, 0x00, 0x00, 0x00, 0x00, 0x00, 0x00, 0x00, 0x00,
  0x00, 0x00, 0x00, 0x00, 0x00, 0x00, 0x00, 0x00, 0x00, 0x00, 0x00, 0x00, 0x00, 0x00, 0x00, 0x00,
  0x00, 0x00, 0x00, 0x00, 0x00, 0x00, 0x00, 0x00, 0x00, 0x00, 0x00, 0x00, 0x00, 0x00, 0x00, 0x00,
  0x00, 0x00, 0x00, 0x00, 0x00, 0x00, 0x00, 0x00, 0x00, 0x00, 0x00, 0x00, 0x00, 0x00, 0x00, 0x00,
  0x00, 0x00, 0x00, 0x00, 0x00, 0x00, 0x00, 0x00, 0x00, 0x00, 0x00, 0x00, 0x00, 0x00, 0x00, 0x00,
  0x00, 0x00, 0x00, 0x00, 0x00, 0x00, 0x00, 0x00, 0x00, 0x00, 0x00, 0x00, 0x00, 0x00, 0x00, 0x00,
  0x00, 0x00, 0x00, 0x00, 0x00, 0x00, 0x00, 0x00, 0x00, 0x00, 0x00, 0x00, 0x00, 0x00, 0x00, 0x00,
  0x00, 0x00, 0x00, 0x00, 0x00, 0x00, 0x00, 0x00, 0x00, 0x00, 0x00, 0x00, 0x00, 0x00, 0x00, 0x00,
  0x07, 0x07, 0x1C, 0x1F, 0x30, 0x3F, 0x60, 0x7F, 0x40, 0x7F, 0xC0, 0xFF, 0xC0, 0xFF, 0xC0, 0xFF,
  0x00, 0x07, 0x00, 0x1F, 0x00, 0x3F, 0x00, 0x70, 0x00, 0x60, 0x00, 0xF0, 0x00, 0xFF, 0x00, 0xFF,
  0xE0, 0xE0, 0xB8, 0xF8, 0x8C, 0xFC, 0x06, 0xFE, 0x82, 0xFE, 0x03, 0xFF, 0x83, 0xFF, 0x83, 0xFF,
  0x00, 0x60, 0x00, 0x78, 0x00, 0xFC, 0x00, 0x8E, 0x00, 0x86, 0x00, 0x8F, 0x00, 0xFF, 0x00, 0xFF,
  0x00, 0x00, 0x00, 0x00, 0x00, 0x00, 0x00, 0x1C, 0x00, 0x1C, 0x00, 0x1C, 0x00, 0x00, 0x00, 0x00,
  0x00, 0x00, 0x00, 0x00, 0x00, 0x00, 0x08, 0x14, 0x1C, 0x00, 0x08, 0x14, 0x00, 0x00, 0x00, 0x00,
  0x00, 0x00, 0x00, 0x00, 0x00, 0x00, 0x00, 0x00, 0x00, 0x00, 0x00, 0x00, 0x00, 0x00, 0x00, 0x00,
  0x00, 0x00, 0x00, 0x00, 0x00, 0x00, 0x00, 0x00, 0x00, 0x00, 0x00, 0x00, 0x00, 0x00, 0x00, 0x00,
  0x00, 0x00, 0x00, 0x00, 0x00, 0x00, 0x00, 0x00, 0x00, 0x00, 0x00, 0x00, 0x00, 0x00, 0x00, 0x00,
  0x00, 0x00, 0x00, 0x00, 0x00, 0x00, 0x00, 0x00, 0x00, 0x00, 0x00, 0x00, 0x00, 0x00, 0x00, 0x00,
  0x00, 0x00, 0x00, 0x00, 0x00, 0x00, 0x00, 0x00, 0x00, 0x00, 0x00, 0x00, 0x00, 0x00, 0x00, 0x00,
  0x00, 0x00, 0x00, 0x00, 0x00, 0x00, 0x00, 0x00, 0x00, 0x00, 0x00, 0x00, 0x00, 0x00, 0x00, 0x00,
  0x00, 0x00, 0x00, 0x00, 0x00, 0x00, 0x00, 0x00, 0x00, 0x00, 0x00, 0x00, 0x00, 0x00, 0x00, 0x00,
  0x00, 0x00, 0x00, 0x00, 0x00, 0x00, 0x00, 0x00, 0x00, 0x00, 0x00, 0x00, 0x00, 0x00, 0x00, 0x00,
  0x00, 0x00, 0x00, 0x00, 0x00, 0x00, 0x00, 0x00, 0x00, 0x00, 0x00, 0x00, 0x00, 0x00, 0x00, 0x00,
  0x00, 0x00, 0x00, 0x00, 0x00, 0x00, 0x00, 0x00, 0x00, 0x00, 0x00, 0x00, 0x00, 0x00, 0x00, 0x00,
  0x82, 0xC3, 0xC2, 0xC3, 0x07, 0x07, 0x0F, 0x0F, 0x1F, 0x1F, 0x37, 0x3F, 0x36, 0x3F, 0x1F, 0x1F,
  0x00, 0x40, 0x00, 0x03, 0x00, 0x03, 0x00, 0x03, 0x00, 0x08, 0x00, 0x1C, 0x00, 0x1E, 0x00, 0x0F,
  0x20, 0xE0, 0x40, 0xC0, 0x80, 0x80, 0x80, 0x80, 0xC0, 0xC0, 0x40, 0xC0, 0x80, 0x80, 0x80, 0x80,
  0x00, 0x60, 0x00, 0xC0, 0x00, 0x00, 0x00, 0x00, 0x00, 0x00, 0x00, 0x80, 0x00, 0x80, 0x00, 0x00,
  0x07, 0x07, 0x0F, 0x0F, 0x1C, 0x1F, 0x18, 0x1F, 0x18, 0x1F, 0x08, 0x0F, 0x0C, 0x0F, 0x06, 0x07,
  0x00, 0x00, 0x00, 0x07, 0x00, 0x0F, 0x00, 0x0C, 0x01, 0x08, 0x00, 0x04, 0x00, 0x06, 0x00, 0x03,
  0xF0, 0xD0, 0xE0, 0xE0, 0xE0, 0xE0, 0x70, 0xF0, 0x30, 0xF0, 0x30, 0xF0, 0x18, 0xF8, 0x18, 0xF8,
  0x00, 0x00, 0x00, 0x80, 0x00, 0xC0, 0x00, 0xC0, 0x00, 0x60, 0x00, 0x60, 0x00, 0xF0, 0x00, 0xB0,
  0x00, 0x00, 0x00, 0x00, 0x00, 0x00, 0x00, 0x00, 0x00, 0x00, 0x00, 0x00, 0x00, 0x00, 0x00, 0x00,
  0x00, 0x00, 0x00, 0x00, 0x00, 0x00, 0x00, 0x00, 0x00, 0x00, 0x00, 0x00, 0x00, 0x00, 0x00, 0x00,
  0x00, 0x00, 0x00, 0x00, 0x00, 0x00, 0x00, 0x00, 0x00, 0x00, 0x00, 0x00, 0x00, 0x00, 0x00, 0x00,
  0x00, 0x00, 0x00, 0x00, 0x00, 0x00, 0x00, 0x00, 0x00, 0x00, 0x00, 0x00, 0x00, 0x00, 0x00, 0x00,
  0x00, 0x00, 0x00, 0x00, 0x00, 0x00, 0x00, 0x00, 0x00, 0x00, 0x00, 0x00, 0x00, 0x00, 0x00, 0x00,
  0x00, 0x00, 0x00, 0x00, 0x00, 0x00, 0x00, 0x00, 0x00, 0x00, 0x00, 0x00, 0x00, 0x00, 0x00, 0x00,
  0x00, 0x00, 0x00, 0x00, 0x00, 0x00, 0x00, 0x00, 0x00, 0x00, 0x00, 0x00, 0x00, 0x00, 0x00, 0x00,
  0x00, 0x00, 0x00, 0x00, 0x00, 0x00, 0x00, 0x00, 0x00, 0x00, 0x00, 0x00, 0x00, 0x00, 0x00, 0x00,
  0xC1, 0xFF, 0xE2, 0xFF, 0xEC, 0xFF, 0x78, 0x7F, 0x7C, 0x7F, 0x3F, 0x3F, 0x1F, 0x1F, 0x07, 0x07,
  0x00, 0xFF, 0x00, 0xFF, 0x00, 0xFF, 0x00, 0x4F, 0x00, 0x3F, 0x00, 0x3F, 0x00, 0x1F, 0x00, 0x07,
  0xE3, 0xFF, 0x1F, 0xFF, 0x07, 0xFF, 0x0E, 0xFE, 0x3E, 0xFE, 0xFC, 0xFC, 0xF8, 0xF8, 0xE0, 0xE0,
  0x00, 0xFF, 0x00, 0xFF, 0x00, 0xFC, 0x00, 0xFE, 0x00, 0xFE, 0x00, 0xFC, 0x00, 0xF8, 0x00, 0xE0,
  0x00, 0x00, 0x00, 0x00, 0x00, 0x00, 0x00, 0x00, 0x00, 0x00, 0x00, 0x00, 0x00, 0x00, 0x00, 0x00,
  0x00, 0x00, 0x00, 0x00, 0x00, 0x00, 0x00, 0x00, 0x00, 0x00, 0x00, 0x00, 0x00, 0x00, 0x00, 0x00,
  0x00, 0x00, 0x00, 0x00, 0x00, 0x00, 0x00, 0x00, 0x00, 0x00, 0x00, 0x00, 0x00, 0x00, 0x00, 0x00,
  0x00, 0x00, 0x00, 0x00, 0x00, 0x00, 0x00, 0x00, 0x00, 0x00, 0x00, 0x00, 0x00, 0x00, 0x00, 0x00,
  0x00, 0x00, 0x00, 0x00, 0x00, 0x00, 0x00, 0x00, 0x00, 0x00, 0x00, 0x00, 0x00, 0x00, 0x00, 0x00,
  0x00, 0x00, 0x00, 0x00, 0x00, 0x00, 0x00, 0x00, 0x00, 0x00, 0x00, 0x00, 0x00, 0x00, 0x00, 0x00,
  0x00, 0x00, 0x00, 0x00, 0x00, 0x00, 0x00, 0x00, 0x00, 0x00, 0x00, 0x00, 0x00, 0x00, 0x00, 0x00,
  0x00, 0x00, 0x00, 0x00, 0x00, 0x00, 0x00, 0x00, 0x00, 0x00, 0x00, 0x00, 0x00, 0x00, 0x00, 0x00,
  0x00, 0x00, 0x00, 0x00, 0x00, 0x00, 0x00, 0x00, 0x00, 0x00, 0x00, 0x00, 0x00, 0x00, 0x00, 0x00,
  0x00, 0x00, 0x00, 0x00, 0x00, 0x00, 0x00, 0x00, 0x00, 0x00, 0x00, 0x00, 0x00, 0x00, 0x00, 0x00,
  0x00, 0x00, 0x00, 0x00, 0x00, 0x00, 0x00, 0x00, 0x00, 0x00, 0x00, 0x00, 0x00, 0x00, 0x00, 0x00,
  0x00, 0x00, 0x00, 0x00, 0x00, 0x00, 0x00, 0x00, 0x00, 0x00, 0x00, 0x00, 0x00, 0x00, 0x00, 0x00,
  0x0C, 0x0F, 0x06, 0x07, 0x03, 0x03, 0x00, 0x00, 0x00, 0x00, 0x00, 0x00, 0x00, 0x00, 0x00, 0x00,
  0x00, 0x07, 0x00, 0x03, 0x00, 0x00, 0x00, 0x00, 0x00, 0x00, 0x00, 0x00, 0x00, 0x00, 0x00, 0x00,
  0x80, 0x80, 0x20, 0xE0, 0xE0, 0xE0, 0x00, 0x00, 0x00, 0x00, 0x00, 0x00, 0x00, 0x00, 0x00, 0x00,
  0x00, 0x80, 0x00, 0x60, 0x00, 0x00, 0x00, 0x00, 0x00, 0x00, 0x00, 0x00, 0x00, 0x00, 0x00, 0x00,
  0x73, 0x73, 0x7F, 0x7F, 0x7F, 0x7F, 0x7F, 0x7F, 0xEF, 0xFF, 0xD9, 0xFD, 0xF1, 0xF1, 0xE0, 0xE1,
  0x00, 0x31, 0x00, 0x31, 0x00, 0x2E, 0x00, 0x26, 0x00, 0x71, 0x00, 0x7C, 0x00, 0x41, 0x00, 0x61,
  0x08, 0xF8, 0x08, 0xF8, 0x9E, 0xFE, 0xFC, 0xFE, 0xFC, 0xFE, 0x9E, 0xFE, 0x06, 0xFE, 0x08, 0xF8,
  0x00, 0x18, 0x00, 0x98, 0x00, 0xF8, 0x00, 0x72, 0x00, 0x46, 0x00, 0xFE, 0x00, 0x3C, 0x80, 0x18,
  0x00, 0x00, 0x00, 0x00, 0x00, 0x00, 0x00, 0x00, 0x00, 0x00, 0x00, 0x00, 0x00, 0x00, 0x00, 0x00,
  0x00, 0x00, 0x00, 0x00, 0x00, 0x00, 0x00, 0x00, 0x00, 0x00, 0x00, 0x00, 0x00, 0x00, 0x00, 0x00,
  0x00, 0x00, 0x00, 0x00, 0x00, 0x00, 0x00, 0x00, 0x00, 0x00, 0x00, 0x00, 0x00, 0x00, 0x00, 0x00,
  0x00, 0x00, 0x00, 0x00, 0x00, 0x00, 0x00, 0x00, 0x00, 0x00, 0x00, 0x00, 0x00, 0x00, 0x00, 0x00,
  0x00, 0x00, 0x00, 0x00, 0x00, 0x00, 0x00, 0x00, 0x00, 0x00, 0x00, 0x00, 0x00, 0x00, 0x00, 0x00,
  0x00, 0x00, 0x00, 0x00, 0x00, 0x00, 0x00, 0x00, 0x00, 0x00, 0x00, 0x00, 0x00, 0x00, 0x00, 0x00,
  0x00, 0x00, 0x00, 0x00, 0x00, 0x00, 0x00, 0x00, 0x00, 0x00, 0x00, 0x00, 0x00, 0x00, 0x00, 0x00,
  0x00, 0x00, 0x00, 0x00, 0x00, 0x00, 0x00, 0x00, 0x00, 0x00, 0x00, 0x00, 0x00, 0x00, 0x00, 0x00,
  0x07, 0x07, 0x1C, 0x1F, 0x30, 0x3F, 0x60, 0x7F, 0x60, 0x7F, 0xD0, 0xFF, 0x8C, 0xFF, 0x87, 0xFF,
  0x00, 0x07, 0x00, 0x1F, 0x00, 0x3E, 0x00, 0x7C, 0x00, 0x58, 0x00, 0xF0, 0x00, 0xED, 0x00, 0xC7,
  0xE0, 0xE0, 0x38, 0xF8, 0x0C, 0xFC, 0x0E, 0xFE, 0x06, 0xFE, 0x07, 0xFF, 0x0F, 0xFF, 0x77, 0xFF,
  0x00, 0xE0, 0x00, 0xF8, 0x00, 0x7C, 0x00, 0x3E, 0x00, 0x3E, 0x00, 0x7E, 0x00, 0xF9, 0x00, 0xFF,
  0x00, 0x00, 0x00, 0x00, 0x00, 0x00, 0x00, 0x1C, 0x00, 0x1C, 0x00, 0x1C, 0x00, 0x00, 0x00, 0x00,
  0x00, 0x00, 0x00, 0x00, 0x00, 0x00, 0x08, 0x14, 0x1C, 0x00, 0x08, 0x14, 0x00, 0x00, 0x00, 0x00,
  0x00, 0x00, 0x00, 0x00, 0x00, 0x00, 0x00, 0x00, 0x00, 0x00, 0x00, 0x00, 0x00, 0x00, 0x00, 0x00,
  0x00, 0x00, 0x00, 0x00, 0x00, 0x00, 0x00, 0x00, 0x00, 0x00, 0x00, 0x00, 0x00, 0x00, 0x00, 0x00,
  0x00, 0x00, 0x00, 0x00, 0x00, 0x00, 0x00, 0x00, 0x00, 0x00, 0x00, 0x00, 0x00, 0x00, 0x00, 0x00,
  0x00, 0x00, 0x00, 0x00, 0x00, 0x00, 0x00, 0x00, 0x00, 0x00, 0x00, 0x00, 0x00, 0x00, 0x00, 0x00,
  0x00, 0x00, 0x00, 0x00, 0x00, 0x00, 0x00, 0x00, 0x00, 0x00, 0x00, 0x00, 0x00, 0x00, 0x00, 0x00,
  0x00, 0x00, 0x00, 0x00, 0x00, 0x00, 0x00, 0x00, 0x00, 0x00, 0x00, 0x00, 0x00, 0x00, 0x00, 0x00,
  0x00, 0x00, 0x00, 0x00, 0x00, 0x00, 0x00, 0x00, 0x00, 0x00, 0x00, 0x00, 0x00, 0x00, 0x00, 0x00,
  0x00, 0x00, 0x00, 0x00, 0x00, 0x00, 0x00, 0x00, 0x00, 0x00, 0x00, 0x00, 0x00, 0x00, 0x00, 0x00,
  0x00, 0x00, 0x00, 0x00, 0x00, 0x00, 0x00, 0x00, 0x00, 0x00, 0x00, 0x00, 0x00, 0x00, 0x00, 0x00,
  0x00, 0x00, 0x00, 0x00, 0x00, 0x00, 0x00, 0x00, 0x00, 0x00, 0x00, 0x00, 0x00, 0x00, 0x00, 0x00,
  0x82, 0xC3, 0xC2, 0xC3, 0x07, 0x07, 0x0F, 0x0F, 0x1F, 0x1F, 0x37, 0x3F, 0x36, 0x3F, 0x1F, 0x1F,
  0x00, 0x40, 0x00, 0x03, 0x00, 0x03, 0x00, 0x03, 0x00, 0x08, 0x00, 0x1C, 0x00, 0x1E, 0x00, 0x0F,
  0x20, 0xE0, 0x40, 0xC0, 0x80, 0x80, 0x80, 0x80, 0xC0, 0xC0, 0x40, 0xC0, 0x80, 0x80, 0x80, 0x80,
  0x00, 0x60, 0x00, 0xC0, 0x00, 0x00, 0x00, 0x00, 0x00, 0x00, 0x00, 0x80, 0x00, 0x80, 0x00, 0x00,
  0x07, 0x07, 0x0F, 0x0F, 0x1C, 0x1F, 0x18, 0x1F, 0x18, 0x1F, 0x08, 0x0F, 0x0C, 0x0F, 0x06, 0x07,
  0x00, 0x00, 0x00, 0x07, 0x00, 0x0F, 0x00, 0x0C, 0x01, 0x08, 0x00, 0x04, 0x00, 0x06, 0x00, 0x03,
  0xF0, 0xD0, 0xE0, 0xE0, 0xE0, 0xE0, 0x70, 0xF0, 0x30, 0xF0, 0x30, 0xF0, 0x18, 0xF8, 0x18, 0xF8,
  0x00, 0x00, 0x00, 0x80, 0x00, 0xC0, 0x00, 0xC0, 0x00, 0x60, 0x00, 0x60, 0x00, 0xF0, 0x00, 0xB0,
  0x00, 0x00, 0x00, 0x00, 0x00, 0x00, 0x00, 0x00, 0x00, 0x00, 0x00, 0x00, 0x00, 0x00, 0x00, 0x00,
  0x00, 0x00, 0x00, 0x00, 0x00, 0x00, 0x00, 0x00, 0x00, 0x00, 0x00, 0x00, 0x00, 0x00, 0x00, 0x00,
  0x00, 0x00, 0x00, 0x00, 0x00, 0x00, 0x00, 0x00, 0x00, 0x00, 0x00, 0x00, 0x00, 0x00, 0x00, 0x00,
  0x00, 0x00, 0x00, 0x00, 0x00, 0x00, 0x00, 0x00, 0x00, 0x00, 0x00, 0x00, 0x00, 0x00, 0x00, 0x00,
  0x00, 0x00, 0x00, 0x00, 0x00, 0x00, 0x00, 0x00, 0x00, 0x00, 0x00, 0x00, 0x00, 0x00, 0x00, 0x00,
  0x00, 0x00, 0x00, 0x00, 0x00, 0x00, 0x00, 0x00, 0x00, 0x00, 0x00, 0x00, 0x00, 0x00, 0x00, 0x00,
  0x00, 0x00, 0x00, 0x00, 0x00, 0x00, 0x00, 0x00, 0x00, 0x00, 0x00, 0x00, 0x00, 0x00, 0x00, 0x00,
  0x00, 0x00, 0x00, 0x00, 0x00, 0x00, 0x00, 0x00, 0x00, 0x00, 0x00, 0x00, 0x00, 0x00, 0x00, 0x00,
  0x81, 0xFF, 0x80, 0xFF, 0xC0, 0xFF, 0x41, 0x7F, 0x71, 0x7F, 0x3F, 0x3F, 0x1F, 0x1F, 0x07, 0x07,
  0x00, 0xC3, 0x00, 0xE7, 0x00, 0xFF, 0x00, 0x7F, 0x00, 0x7F, 0x00, 0x3E, 0x00, 0x1E, 0x00, 0x06,
  0x87, 0xFF, 0x8F, 0xFF, 0x8F, 0xFF, 0x1E, 0xFE, 0x7E, 0xFE, 0xFC, 0xFC, 0xF8, 0xF8, 0xE0, 0xE0,
  0x00, 0xFF, 0x00, 0xFF, 0x00, 0xFF, 0x00, 0xFE, 0x00, 0xFE, 0x00, 0xFC, 0x00, 0xF8, 0x00, 0xE0,
  0x00, 0x00, 0x00, 0x00, 0x00, 0x00, 0x00, 0x00, 0x00, 0x00, 0x00, 0x00, 0x00, 0x00, 0x00, 0x00,
  0x00, 0x00, 0x00, 0x00, 0x00, 0x00, 0x00, 0x00, 0x00, 0x00, 0x00, 0x00, 0x00, 0x00, 0x00, 0x00,
  0x00, 0x00, 0x00, 0x00, 0x00, 0x00, 0x00, 0x00, 0x00, 0x00, 0x00, 0x00, 0x00, 0x00, 0x00, 0x00,
  0x00, 0x00, 0x00, 0x00, 0x00, 0x00, 0x00, 0x00, 0x00, 0x00, 0x00, 0x00, 0x00, 0x00, 0x00, 0x00,
  0x00, 0x00, 0x00, 0x00, 0x00, 0x00, 0x00, 0x00, 0x00, 0x00, 0x00, 0x00, 0x00, 0x00, 0x00, 0x00,
  0x00, 0x00, 0x00, 0x00, 0x00, 0x00, 0x00, 0x00, 0x00, 0x00, 0x00, 0x00, 0x00, 0x00, 0x00, 0x00,
  0x00, 0x00, 0x00, 0x00, 0x00, 0x00, 0x00, 0x00, 0x00, 0x00, 0x00, 0x00, 0x00, 0x00, 0x00, 0x00,
  0x00, 0x00, 0x00, 0x00, 0x00, 0x00, 0x00, 0x00, 0x00, 0x00, 0x00, 0x00, 0x00, 0x00, 0x00, 0x00,
  0x00, 0x00, 0x00, 0x00, 0x00, 0x00, 0x00, 0x00, 0x00, 0x00, 0x00, 0x00, 0x00, 0x00, 0x00, 0x00,
  0x00, 0x00, 0x00, 0x00, 0x00, 0x00, 0x00, 0x00, 0x00, 0x00, 0x00, 0x00, 0x00, 0x00, 0x00, 0x00,
  0x00, 0x00, 0x00, 0x00, 0x00, 0x00, 0x00, 0x00, 0x00, 0x00, 0x00, 0x00, 0x00, 0x00, 0x00, 0x00,
  0x00, 0x00, 0x00, 0x00, 0x00, 0x00, 0x00, 0x00, 0x00, 0x00, 0x00, 0x00, 0x00, 0x00, 0x00, 0x00,
  0x0C, 0x0F, 0x06, 0x07, 0x03, 0x03, 0x00, 0x00, 0x00, 0x00, 0x00, 0x00, 0x00, 0x00, 0x00, 0x00,
  0x00, 0x07, 0x00, 0x03, 0x00, 0x00, 0x00, 0x00, 0x00, 0x00, 0x00, 0x00, 0x00, 0x00, 0x00, 0x00,
  0x80, 0x80, 0x20, 0xE0, 0xE0, 0xE0, 0x00, 0x00, 0x00, 0x00, 0x00, 0x00, 0x00, 0x00, 0x00, 0x00,
  0x00, 0x80, 0x00, 0x60, 0x00, 0x00, 0x00, 0x00, 0x00, 0x00, 0x00, 0x00, 0x00, 0x00, 0x00, 0x00,
  0x73, 0x73, 0x7F, 0x7F, 0x7F, 0x7F, 0x7F, 0x7F, 0xEF, 0xFF, 0xD9, 0xFD, 0xF1, 0xF1, 0xE0, 0xE1,
  0x00, 0x31, 0x00, 0x31, 0x00, 0x2E, 0x00, 0x26, 0x00, 0x71, 0x00, 0x7C, 0x00, 0x41, 0x00, 0x61,
  0x08, 0xF8, 0x08, 0xF8, 0x9E, 0xFE, 0xFC, 0xFE, 0xFC, 0xFE, 0x9E, 0xFE, 0x06, 0xFE, 0x08, 0xF8,
  0x00, 0x18, 0x00, 0x98, 0x00, 0xF8, 0x00, 0x72, 0x00, 0x46, 0x00, 0xFE, 0x00, 0x3C, 0x80, 0x18,
  0x00, 0x00, 0x00, 0x00, 0x00, 0x00, 0x00, 0x00, 0x00, 0x00, 0x00, 0x00, 0x00, 0x00, 0x00, 0x00,
  0x00, 0x00, 0x00, 0x00, 0x00, 0x00, 0x00, 0x00, 0x00, 0x00, 0x00, 0x00, 0x00, 0x00, 0x00, 0x00,
  0x00, 0x00, 0x00, 0x00, 0x00, 0x00, 0x00, 0x00, 0x00, 0x00, 0x00, 0x00, 0x00, 0x00, 0x00, 0x00,
  0x00, 0x00, 0x00, 0x00, 0x00, 0x00, 0x00, 0x00, 0x00, 0x00, 0x00, 0x00, 0x00, 0x00, 0x00, 0x00,
  0x00, 0x00, 0x00, 0x00, 0x00, 0x00, 0x00, 0x00, 0x00, 0x00, 0x00, 0x00, 0x00, 0x00, 0x00, 0x00,
  0x00, 0x00, 0x00, 0x00, 0x00, 0x00, 0x00, 0x00, 0x00, 0x00, 0x00, 0x00, 0x00, 0x00, 0x00, 0x00,
  0x00, 0x00, 0x00, 0x00, 0x00, 0x00, 0x00, 0x00, 0x00, 0x00, 0x00, 0x00, 0x00, 0x00, 0x00, 0x00,
  0x00, 0x00, 0x00, 0x00, 0x00, 0x00, 0x00, 0x00, 0x00, 0x00, 0x00, 0x00, 0x00, 0x00, 0x00, 0x00,
  0x07, 0x07, 0x1F, 0x1F, 0x3E, 0x3F, 0x78, 0x7F, 0x7C, 0x7F, 0xF4, 0xFF, 0xE2, 0xFF, 0xE1, 0xFF,
  0x00, 0x07, 0x00, 0x0F, 0x00, 0x37, 0x00, 0x77, 0x00, 0x7F, 0x00, 0xFF, 0x00, 0xFF, 0x00, 0xFF,
  0xE0, 0xE0, 0xF8, 0xF8, 0x0C, 0xFC, 0x06, 0xFE, 0x02, 0xFE, 0x03, 0xFF, 0x01, 0xFF, 0x01, 0xFF,
  0x00, 0xE0, 0x00, 0xF8, 0x00, 0xFC, 0x00, 0xEE, 0x00, 0xC6, 0x00, 0xC7, 0x00, 0xC7, 0x00, 0xC7,
  0x00, 0x00, 0x00, 0x00, 0x00, 0x00, 0x00, 0x1C, 0x00, 0x1C, 0x00, 0x1C, 0x00, 0x00, 0x00, 0x00,
  0x00, 0x00, 0x00, 0x00, 0x00, 0x00, 0x08, 0x14, 0x1C, 0x00, 0x08, 0x14, 0x00, 0x00, 0x00, 0x00,
  0x00, 0x00, 0x00, 0x00, 0x00, 0x00, 0x00, 0x00, 0x00, 0x00, 0x00, 0x00, 0x00, 0x00, 0x00, 0x00,
  0x00, 0x00, 0x00, 0x00, 0x00, 0x00, 0x00, 0x00, 0x00, 0x00, 0x00, 0x00, 0x00, 0x00, 0x00, 0x00,
  0x00, 0x00, 0x00, 0x00, 0x00, 0x00, 0x00, 0x00, 0x00, 0x00, 0x00, 0x00, 0x00, 0x00, 0x00, 0x00,
  0x00, 0x00, 0x00, 0x00, 0x00, 0x00, 0x00, 0x00, 0x00, 0x00, 0x00, 0x00, 0x00, 0x00, 0x00, 0x00,
  0x00, 0x00, 0x00, 0x00, 0x00, 0x00, 0x00, 0x00, 0x00, 0x00, 0x00, 0x00, 0x00, 0x00, 0x00, 0x00,
  0x00, 0x00, 0x00, 0x00, 0x00, 0x00, 0x00, 0x00, 0x00, 0x00, 0x00, 0x00, 0x00, 0x00, 0x00, 0x00,
  0x00, 0x00, 0x00, 0x00, 0x00, 0x00, 0x00, 0x00, 0x00, 0x00, 0x00, 0x00, 0x00, 0x00, 0x00, 0x00,
  0x00, 0x00, 0x00, 0x00, 0x00, 0x00, 0x00, 0x00, 0x00, 0x00, 0x00, 0x00, 0x00, 0x00, 0x00, 0x00,
  0x00, 0x00, 0x00, 0x00, 0x00, 0x00, 0x00, 0x00, 0x00, 0x00, 0x00, 0x00, 0x00, 0x00, 0x00, 0x00,
  0x00, 0x00, 0x00, 0x00, 0x00, 0x00, 0x00, 0x00, 0x00, 0x00, 0x00, 0x00, 0x00, 0x00, 0x00, 0x00,
  0x82, 0xC3, 0xC2, 0xC3, 0x07, 0x07, 0x0F, 0x0F, 0x1F, 0x1F, 0x37, 0x3F, 0x36, 0x3F, 0x1F, 0x1F,
  0x00, 0x40, 0x00, 0x03, 0x00, 0x03, 0x00, 0x03, 0x00, 0x08, 0x00, 0x1C, 0x00, 0x1E, 0x00, 0x0F,
  0x20, 0xE0, 0x40, 0xC0, 0x80, 0x80, 0x80, 0x80, 0xC0, 0xC0, 0x40, 0xC0, 0x80, 0x80, 0x80, 0x80,
  0x00, 0x60, 0x00, 0xC0, 0x00, 0x00, 0x00, 0x00, 0x00, 0x00, 0x00, 0x80, 0x00, 0x80, 0x00, 0x00,
  0x07, 0x07, 0x0F, 0x0F, 0x1C, 0x1F, 0x18, 0x1F, 0x18, 0x1F, 0x08, 0x0F, 0x0C, 0x0F, 0x06, 0x07,
  0x00, 0x00, 0x00, 0x07, 0x00, 0x0F, 0x00, 0x0C, 0x01, 0x08, 0x00, 0x04, 0x00, 0x06, 0x00, 0x03,
  0xF0, 0xD0, 0xE0, 0xE0, 0xE0, 0xE0, 0x70, 0xF0, 0x30, 0xF0, 0x30, 0xF0, 0x18, 0xF8, 0x18, 0xF8,
  0x00, 0x00, 0x00, 0x80, 0x00, 0xC0, 0x00, 0xC0, 0x00, 0x60, 0x00, 0x60, 0x00, 0xF0, 0x00, 0xB0,
  0x00, 0x00, 0x00, 0x00, 0x00, 0x00, 0x00, 0x00, 0x00, 0x00, 0x00, 0x00, 0x00, 0x00, 0x00, 0x00,
  0x00, 0x00, 0x00, 0x00, 0x00, 0x00, 0x00, 0x00, 0x00, 0x00, 0x00, 0x00, 0x00, 0x00, 0x00, 0x00,
  0x00, 0x00, 0x00, 0x00, 0x00, 0x00, 0x00, 0x00, 0x00, 0x00, 0x00, 0x00, 0x00, 0x00, 0x00, 0x00,
  0x00, 0x00, 0x00, 0x00, 0x00, 0x00, 0x00, 0x00, 0x00, 0x00, 0x00, 0x00, 0x00, 0x00, 0x00, 0x00,
  0x00, 0x00, 0x00, 0x00, 0x00, 0x00, 0x00, 0x00, 0x00, 0x00, 0x00, 0x00, 0x00, 0x00, 0x00, 0x00,
  0x00, 0x00, 0x00, 0x00, 0x00, 0x00, 0x00, 0x00, 0x00, 0x00, 0x00, 0x00, 0x00, 0x00, 0x00, 0x00,
  0x00, 0x00, 0x00, 0x00, 0x00, 0x00, 0x00, 0x00, 0x00, 0x00, 0x00, 0x00, 0x00, 0x00, 0x00, 0x00,
  0x00, 0x00, 0x00, 0x00, 0x00, 0x00, 0x00, 0x00, 0x00, 0x00, 0x00, 0x00, 0x00, 0x00, 0x00, 0x00,
  0xE1, 0xFF, 0xE1, 0xFF, 0xF1, 0xFF, 0x72, 0x7F, 0x7A, 0x7F, 0x3E, 0x3F, 0x1F, 0x1F, 0x07, 0x07,
  0x00, 0xFF, 0x00, 0xFF, 0x00, 0xFF, 0x00, 0x7F, 0x00, 0x7F, 0x00, 0x3D, 0x00, 0x1B, 0x00, 0x07,
  0xD7, 0xFF, 0x01, 0xFF, 0x03, 0xFF, 0x02, 0xFE, 0x06, 0xFE, 0x0C, 0xFC, 0xF8, 0xF8, 0xE0, 0xE0,
  0x00, 0xFC, 0x00, 0xC7, 0x00, 0xC7, 0x00, 0xC6, 0x00, 0xEE, 0x00, 0xFC, 0x00, 0xF8, 0x00, 0xE0,
  0x00, 0x00, 0x00, 0x00, 0x00, 0x00, 0x00, 0x00, 0x00, 0x00, 0x00, 0x00, 0x00, 0x00, 0x00, 0x00,
  0x00, 0x00, 0x00, 0x00, 0x00, 0x00, 0x00, 0x00, 0x00, 0x00, 0x00, 0x00, 0x00, 0x00, 0x00, 0x00,
  0x00, 0x00, 0x00, 0x00, 0x00, 0x00, 0x00, 0x00, 0x00, 0x00, 0x00, 0x00, 0x00, 0x00, 0x00, 0x00,
  0x00, 0x00, 0x00, 0x00, 0x00, 0x00, 0x00, 0x00, 0x00, 0x00, 0x00, 0x00, 0x00, 0x00, 0x00, 0x00,
  0x00, 0x00, 0x00, 0x00, 0x00, 0x00, 0x00, 0x00, 0x00, 0x00, 0x00, 0x00, 0x00, 0x00, 0x00, 0x00,
  0x00, 0x00, 0x00, 0x00, 0x00, 0x00, 0x00, 0x00, 0x00, 0x00, 0x00, 0x00, 0x00, 0x00, 0x00, 0x00,
  0x00, 0x00, 0x00, 0x00, 0x00, 0x00, 0x00, 0x00, 0x00, 0x00, 0x00, 0x00, 0x00, 0x00, 0x00, 0x00,
  0x00, 0x00, 0x00, 0x00, 0x00, 0x00, 0x00, 0x00, 0x00, 0x00, 0x00, 0x00, 0x00, 0x00, 0x00, 0x00,
  0x00, 0x00, 0x00, 0x00, 0x00, 0x00, 0x00, 0x00, 0x00, 0x00, 0x00, 0x00, 0x00, 0x00, 0x00, 0x00,
  0x00, 0x00, 0x00, 0x00, 0x00, 0x00, 0x00, 0x00, 0x00, 0x00, 0x00, 0x00, 0x00, 0x00, 0x00, 0x00,
  0x00, 0x00, 0x00, 0x00, 0x00, 0x00, 0x00, 0x00, 0x00, 0x00, 0x00, 0x00, 0x00, 0x00, 0x00, 0x00,
  0x00, 0x00, 0x00, 0x00, 0x00, 0x00, 0x00, 0x00, 0x00, 0x00, 0x00, 0x00, 0x00, 0x00, 0x00, 0x00,
  0x0C, 0x0F, 0x06, 0x07, 0x03, 0x03, 0x00, 0x00, 0x00, 0x00, 0x00, 0x00, 0x00, 0x00, 0x00, 0x00,
  0x00, 0x07, 0x00, 0x03, 0x00, 0x00, 0x00, 0x00, 0x00, 0x00, 0x00, 0x00, 0x00, 0x00, 0x00, 0x00,
  0x80, 0x80, 0x20, 0xE0, 0xE0, 0xE0, 0x00, 0x00, 0x00, 0x00, 0x00, 0x00, 0x00, 0x00, 0x00, 0x00,
  0x00, 0x80, 0x00, 0x60, 0x00, 0x00, 0x00, 0x00, 0x00, 0x00, 0x00, 0x00, 0x00, 0x00, 0x00, 0x00,
  0x73, 0x73, 0x7F, 0x7F, 0x7F, 0x7F, 0x7F, 0x7F, 0xEF, 0xFF, 0xD9, 0xFD, 0xF1, 0xF1, 0xE0, 0xE1,
  0x00, 0x31, 0x00, 0x31, 0x00, 0x2E, 0x00, 0x26, 0x00, 0x71, 0x00, 0x7C, 0x00, 0x41, 0x00, 0x61,
  0x08, 0xF8, 0x08, 0xF8, 0x9E, 0xFE, 0xFC, 0xFE, 0xFC, 0xFE, 0x9E, 0xFE, 0x06, 0xFE, 0x08, 0xF8,
  0x00, 0x18, 0x00, 0x98, 0x00, 0xF8, 0x00, 0x72, 0x00, 0x46, 0x00, 0xFE, 0x00, 0x3C, 0x80, 0x18,
  0x00, 0x00, 0x00, 0x00, 0x00, 0x00, 0x00, 0x00, 0x00, 0x00, 0x00, 0x00, 0x00, 0x00, 0x00, 0x00,
  0x00, 0x00, 0x00, 0x00, 0x00, 0x00, 0x00, 0x00, 0x00, 0x00, 0x00, 0x00, 0x00, 0x00, 0x00, 0x00,
  0x00, 0x00, 0x00, 0x00, 0x00, 0x00, 0x00, 0x00, 0x00, 0x00, 0x00, 0x00, 0x00, 0x00, 0x00, 0x00,
  0x00, 0x00, 0x00, 0x00, 0x00, 0x00, 0x00, 0x00, 0x00, 0x00, 0x00, 0x00, 0x00, 0x00, 0x00, 0x00,
  0x00, 0x00, 0x00, 0x00, 0x00, 0x00, 0x00, 0x00, 0x00, 0x00, 0x00, 0x00, 0x00, 0x00, 0x00, 0x00,
  0x00, 0x00, 0x00, 0x00, 0x00, 0x00, 0x00, 0x00, 0x00, 0x00, 0x00, 0x00, 0x00, 0x00, 0x00, 0x00,
  0x00, 0x00, 0x00, 0x00, 0x00, 0x00, 0x00, 0x00, 0x00, 0x00, 0x00, 0x00, 0x00, 0x00, 0x00, 0x00,
  0x00, 0x00, 0x00, 0x00, 0x00, 0x00, 0x00, 0x00, 0x00, 0x00, 0x00, 0x00, 0x00, 0x00, 0x00, 0x00,
  0x07, 0x07, 0x1C, 0x1F, 0x30, 0x3F, 0x60, 0x7F, 0x60, 0x7F, 0xD0, 0xFF, 0x8C, 0xFF, 0x87, 0xFF,
  0x00, 0x07, 0x00, 0x1F, 0x00, 0x3E, 0x00, 0x7C, 0x00, 0x58, 0x00, 0xF0, 0x00, 0xED, 0x00, 0xC7,
  0xE0, 0xE0, 0x38, 0xF8, 0x0C, 0xFC, 0x0E, 0xFE, 0x06, 0xFE, 0x07, 0xFF, 0x0F, 0xFF, 0x77, 0xFF,
  0x00, 0xE0, 0x00, 0xF8, 0x00, 0x7C, 0x00, 0x3E, 0x00, 0x3E, 0x00, 0x7E, 0x00, 0xF9, 0x00, 0xFF,
  0x00, 0x00, 0x00, 0x00, 0x00, 0x00, 0x00, 0x1C, 0x00, 0x1C, 0x00, 0x1C, 0x00, 0x00, 0x00, 0x00,
  0x00, 0x00, 0x00, 0x00, 0x00, 0x00, 0x08, 0x14, 0x1C, 0x00, 0x08, 0x14, 0x00, 0x00, 0x00, 0x00,
  0x00, 0x00, 0x00, 0x00, 0x00, 0x00, 0x00, 0x00, 0x00, 0x00, 0x00, 0x00, 0x00, 0x00, 0x00, 0x00,
  0x00, 0x00, 0x00, 0x00, 0x00, 0x00, 0x00, 0x00, 0x00, 0x00, 0x00, 0x00, 0x00, 0x00, 0x00, 0x00,
  0x00, 0x00, 0x00, 0x00, 0x00, 0x00, 0x00, 0x00, 0x00, 0x00, 0x00, 0x00, 0x00, 0x00, 0x00, 0x00,
  0x00, 0x00, 0x00, 0x00, 0x00, 0x00, 0x00, 0x00, 0x00, 0x00, 0x00, 0x00, 0x00, 0x00, 0x00, 0x00,
  0x00, 0x00, 0x00, 0x00, 0x00, 0x00, 0x00, 0x00, 0x00, 0x00, 0x00, 0x00, 0x00, 0x00, 0x00, 0x00,
  0x00, 0x00, 0x00, 0x00, 0x00, 0x00, 0x00, 0x00, 0x00, 0x00, 0x00, 0x00, 0x00, 0x00, 0x00, 0x00,
  0x00, 0x00, 0x00, 0x00, 0x00, 0x00, 0x00, 0x00, 0x00, 0x00, 0x00, 0x00, 0x00, 0x00, 0x00, 0x00,
  0x00, 0x00, 0x00, 0x00, 0x00, 0x00, 0x00, 0x00, 0x00, 0x00, 0x00, 0x00, 0x00, 0x00, 0x00, 0x00,
  0x00, 0x00, 0x00, 0x00, 0x00, 0x00, 0x00, 0x00, 0x00, 0x00, 0x00, 0x00, 0x00, 0x00, 0x00, 0x00,
  0x00, 0x00, 0x00, 0x00, 0x00, 0x00, 0x00, 0x00, 0x00, 0x00, 0x00, 0x00, 0x00, 0x00, 0x00, 0x00,
  0x82, 0xC3, 0xC2, 0xC3, 0x07, 0x07, 0x0F, 0x0F, 0x1F, 0x1F, 0x37, 0x3F, 0x36, 0x3F, 0x1F, 0x1F,
  0x00, 0x40, 0x00, 0x03, 0x00, 0x03, 0x00, 0x03, 0x00, 0x08, 0x00, 0x1C, 0x00, 0x1E, 0x00, 0x0F,
  0x20, 0xE0, 0x40, 0xC0, 0x80, 0x80, 0x80, 0x80, 0xC0, 0xC0, 0x40, 0xC0, 0x80, 0x80, 0x80, 0x80,
  0x00, 0x60, 0x00, 0xC0, 0x00, 0x00, 0x00, 0x00, 0x00, 0x00, 0x00, 0x80, 0x00, 0x80, 0x00, 0x00,
  0x07, 0x07, 0x0F, 0x0F, 0x1C, 0x1F, 0x18, 0x1F, 0x18, 0x1F, 0x08, 0x0F, 0x0C, 0x0F, 0x06, 0x07,
  0x00, 0x00, 0x00, 0x07, 0x00, 0x0F, 0x00, 0x0C, 0x01, 0x08, 0x00, 0x04, 0x00, 0x06, 0x00, 0x03,
  0xF0, 0xD0, 0xE0, 0xE0, 0xE0, 0xE0, 0x70, 0xF0, 0x30, 0xF0, 0x30, 0xF0, 0x18, 0xF8, 0x18, 0xF8,
  0x00, 0x00, 0x00, 0x80, 0x00, 0xC0, 0x00, 0xC0, 0x00, 0x60, 0x00, 0x60, 0x00, 0xF0, 0x00, 0xB0,
  0x00, 0x00, 0x00, 0x00, 0x00, 0x00, 0x00, 0x00, 0x00, 0x00, 0x00, 0x00, 0x00, 0x00, 0x00, 0x00,
  0x00, 0x00, 0x00, 0x00, 0x00, 0x00, 0x00, 0x00, 0x00, 0x00, 0x00, 0x00, 0x00, 0x00, 0x00, 0x00,
  0x00, 0x00, 0x00, 0x00, 0x00, 0x00, 0x00, 0x00, 0x00, 0x00, 0x00, 0x00, 0x00, 0x00, 0x00, 0x00,
  0x00, 0x00, 0x00, 0x00, 0x00, 0x00, 0x00, 0x00, 0x00, 0x00, 0x00, 0x00, 0x00, 0x00, 0x00, 0x00,
  0x00, 0x00, 0x00, 0x00, 0x00, 0x00, 0x00, 0x00, 0x00, 0x00, 0x00, 0x00, 0x00, 0x00, 0x00, 0x00,
  0x00, 0x00, 0x00, 0x00, 0x00, 0x00, 0x00, 0x00, 0x00, 0x00, 0x00, 0x00, 0x00, 0x00, 0x00, 0x00,
  0x00, 0x00, 0x00, 0x00, 0x00, 0x00, 0x00, 0x00, 0x00, 0x00, 0x00, 0x00, 0x00, 0x00, 0x00, 0x00,
  0x00, 0x00, 0x00, 0x00, 0x00, 0x00, 0x00, 0x00, 0x00, 0x00, 0x00, 0x00, 0x00, 0x00, 0x00, 0x00,
  0x81, 0xFF, 0x80, 0xFF, 0xC0, 0xFF, 0x41, 0x7F, 0x71, 0x7F, 0x3F, 0x3F, 0x1F, 0x1F, 0x07, 0x07,
  0x00, 0xC3, 0x00, 0xE7, 0x00, 0xFF, 0x00, 0x7F, 0x00, 0x7F, 0x00, 0x3E, 0x00, 0x1E, 0x00, 0x06,
  0x87, 0xFF, 0x8F, 0xFF, 0x8F, 0xFF, 0x1E, 0xFE, 0x7E, 0xFE, 0xFC, 0xFC, 0xF8, 0xF8, 0xE0, 0xE0,
  0x00, 0xFF, 0x00, 0xFF, 0x00, 0xFF, 0x00, 0xFE, 0x00, 0xFE, 0x00, 0xFC, 0x00, 0xF8, 0x00, 0xE0,
  0x00, 0x00, 0x00, 0x00, 0x00, 0x00, 0x00, 0x00, 0x00, 0x00, 0x00, 0x00, 0x00, 0x00, 0x00, 0x00,
  0x00, 0x00, 0x00, 0x00, 0x00, 0x00, 0x00, 0x00, 0x00, 0x00, 0x00, 0x00, 0x00, 0x00, 0x00, 0x00,
  0x00, 0x00, 0x00, 0x00, 0x00, 0x00, 0x00, 0x00, 0x00, 0x00, 0x00, 0x00, 0x00, 0x00, 0x00, 0x00,
  0x00, 0x00, 0x00, 0x00, 0x00, 0x00, 0x00, 0x00, 0x00, 0x00, 0x00, 0x00, 0x00, 0x00, 0x00, 0x00,
  0x00, 0x00, 0x00, 0x00, 0x00, 0x00, 0x00, 0x00, 0x00, 0x00, 0x00, 0x00, 0x00, 0x00, 0x00, 0x00,
  0x00, 0x00, 0x00, 0x00, 0x00, 0x00, 0x00, 0x00, 0x00, 0x00, 0x00, 0x00, 0x00, 0x00, 0x00, 0x00,
  0x00, 0x00, 0x00, 0x00, 0x00, 0x00, 0x00, 0x00, 0x00, 0x00, 0x00, 0x00, 0x00, 0x00, 0x00, 0x00,
  0x00, 0x00, 0x00, 0x00, 0x00, 0x00, 0x00, 0x00, 0x00, 0x00, 0x00, 0x00, 0x00, 0x00, 0x00, 0x00,
  0x00, 0x00, 0x00, 0x00, 0x00, 0x00, 0x00, 0x00, 0x00, 0x00, 0x00, 0x00, 0x00, 0x00, 0x00, 0x00,
  0x00, 0x00, 0x00, 0x00, 0x00, 0x00, 0x00, 0x00, 0x00, 0x00, 0x00, 0x00, 0x00, 0x00, 0x00, 0x00,
  0x00, 0x00, 0x00, 0x00, 0x00, 0x00, 0x00, 0x00, 0x00, 0x00, 0x00, 0x00, 0x00, 0x00, 0x00, 0x00,
  0x00, 0x00, 0x00, 0x00, 0x00, 0x00, 0x00, 0x00, 0x00, 0x00, 0x00, 0x00, 0x00, 0x00, 0x00, 0x00,
  0x0C, 0x0F, 0x06, 0x07, 0x03, 0x03, 0x00, 0x00, 0x00, 0x00, 0x00, 0x00, 0x00, 0x00, 0x00, 0x00,
  0x00, 0x07, 0x00, 0x03, 0x00, 0x00, 0x00, 0x00, 0x00, 0x00, 0x00, 0x00, 0x00, 0x00, 0x00, 0x00,
  0x80, 0x80, 0x20, 0xE0, 0xE0, 0xE0, 0x00, 0x00, 0x00, 0x00, 0x00, 0x00, 0x00, 0x00, 0x00, 0x00,
  0x00, 0x80, 0x00, 0x60, 0x00, 0x00, 0x00, 0x00, 0x00, 0x00, 0x00, 0x00, 0x00, 0x00, 0x00, 0x00,
  0x73, 0x73, 0x7F, 0x7F, 0x7F, 0x7F, 0x7F, 0x7F, 0xEF, 0xFF, 0xD9, 0xFD, 0xF1, 0xF1, 0xE0, 0xE1,
  0x00, 0x31, 0x00, 0x31, 0x00, 0x2E, 0x00, 0x26, 0x00, 0x71, 0x00, 0x7C, 0x00, 0x41, 0x00, 0x61,
  0x08, 0xF8, 0x08, 0xF8, 0x9E, 0xFE, 0xFC, 0xFE, 0xFC, 0xFE, 0x9E, 0xFE, 0x06, 0xFE, 0x08, 0xF8,
  0x00, 0x18, 0x00, 0x98, 0x00, 0xF8, 0x00, 0x72, 0x00, 0x46, 0x00, 0xFE, 0x00, 0x3C, 0x80, 0x18,
  0x00, 0x00, 0x00, 0x00, 0x00, 0x00, 0x00, 0x00, 0x00, 0x00, 0x00, 0x00, 0x00, 0x00, 0x00, 0x00,
  0x00, 0x00, 0x00, 0x00, 0x00, 0x00, 0x00, 0x00, 0x00, 0x00, 0x00, 0x00, 0x00, 0x00, 0x00, 0x00,
  0x00, 0x00, 0x00, 0x00, 0x00, 0x00, 0x00, 0x00, 0x00, 0x00, 0x00, 0x00, 0x00, 0x00, 0x00, 0x00,
  0x00, 0x00, 0x00, 0x00, 0x00, 0x00, 0x00, 0x00, 0x00, 0x00, 0x00, 0x00, 0x00, 0x00, 0x00, 0x00,
  0x00, 0x00, 0x00, 0x00, 0x00, 0x00, 0x00, 0x00, 0x00, 0x00, 0x00, 0x00, 0x00, 0x00, 0x00, 0x00,
  0x00, 0x00, 0x00, 0x00, 0x00, 0x00, 0x00, 0x00, 0x00, 0x00, 0x00, 0x00, 0x00, 0x00, 0x00, 0x00,
  0x00, 0x00, 0x00, 0x00, 0x00, 0x00, 0x00, 0x00, 0x00, 0x00, 0x00, 0x00, 0x00, 0x00, 0x00, 0x00,
  0x00, 0x00, 0x00, 0x00, 0x00, 0x00, 0x00, 0x00, 0x00, 0x00, 0x00, 0x00, 0x00, 0x00, 0x00, 0x00,
  0x00, 0x00, 0x00, 0x00, 0x00, 0x00, 0x00, 0x1C, 0x00, 0x1C, 0x00, 0x1C, 0x00, 0x00, 0x00, 0x00,
  0x00, 0x00, 0x00, 0x00, 0x00, 0x00, 0x08, 0x14, 0x1C, 0x00, 0x08, 0x14, 0x00, 0x00, 0x00, 0x00,
  0xE3, 0xFF, 0x1F, 0xFF, 0x07, 0xFF, 0x0E, 0xFE, 0x3E, 0xFE, 0xFC, 0xFC, 0xF8, 0xF8, 0xE0, 0xE0,
  0x00, 0xFF, 0x00, 0xFF, 0x00, 0xFC, 0x00, 0xFE, 0x00, 0xFE, 0x00, 0xFC, 0x00, 0xF8, 0x00, 0xE0,
  0xC1, 0xFF, 0xE2, 0xFF, 0xEC, 0xFF, 0x78, 0x7F, 0x7C, 0x7F, 0x3F, 0x3F, 0x1F, 0x1F, 0x07, 0x07,
  0x00, 0xFF, 0x00, 0xFF, 0x00, 0xFF, 0x00, 0x4F, 0x00, 0x3F, 0x00, 0x3F, 0x00, 0x1F, 0x00, 0x07,
  0xE0, 0xE0, 0xB8, 0xF8, 0x8C, 0xFC, 0x06, 0xFE, 0x82, 0xFE, 0x03, 0xFF, 0x83, 0xFF, 0x83, 0xFF,
  0x00, 0x60, 0x00, 0x78, 0x00, 0xFC, 0x00, 0x8E, 0x00, 0x86, 0x00, 0x8F, 0x00, 0xFF, 0x00, 0xFF,
  0x07, 0x07, 0x1C, 0x1F, 0x30, 0x3F, 0x60, 0x7F, 0x40, 0x7F, 0xC0, 0xFF, 0xC0, 0xFF, 0xC0, 0xFF,
  0x00, 0x07, 0x00, 0x1F, 0x00, 0x3F, 0x00, 0x70, 0x00, 0x60, 0x00, 0xF0, 0x00, 0xFF, 0x00, 0xFF,
  0x00, 0x00, 0x00, 0x00, 0x00, 0x00, 0x00, 0x00, 0x00, 0x00, 0x00, 0x00, 0x00, 0x00, 0x00, 0x00,
  0x00, 0x00, 0x00, 0x00, 0x00, 0x00, 0x00, 0x00, 0x00, 0x00, 0x00, 0x00, 0x00, 0x00, 0x00, 0x00,
  0x00, 0x00, 0x00, 0x00, 0x00, 0x00, 0x00, 0x00, 0x00, 0x00, 0x00, 0x00, 0x00, 0x00, 0x00, 0x00,
  0x00, 0x00, 0x00, 0x00, 0x00, 0x00, 0x00, 0x00, 0x00, 0x00, 0x00, 0x00, 0x00, 0x00, 0x00, 0x00,
  0x00, 0x00, 0x00, 0x00, 0x00, 0x00, 0x00, 0x00, 0x00, 0x00, 0x00, 0x00, 0x00, 0x00, 0x00, 0x00,
  0x00, 0x00, 0x00, 0x00, 0x00, 0x00, 0x00, 0x00, 0x00, 0x00, 0x00, 0x00, 0x00, 0x00, 0x00, 0x00,
  0x82, 0xC3, 0xC2, 0xC3, 0x07, 0x07, 0x0F, 0x0F, 0x1F, 0x1F, 0x37, 0x3F, 0x36, 0x3F, 0x1F, 0x1F,
  0x00, 0x40, 0x00, 0x03, 0x00, 0x03, 0x00, 0x03, 0x00, 0x08, 0x00, 0x1C, 0x00, 0x1E, 0x00, 0x0F,
  0x20, 0xE0, 0x40, 0xC0, 0x80, 0x80, 0x80, 0x80, 0xC0, 0xC0, 0x40, 0xC0, 0x80, 0x80, 0x80, 0x80,
  0x00, 0x60, 0x00, 0xC0, 0x00, 0x00, 0x00, 0x00, 0x00, 0x00, 0x00, 0x80, 0x00, 0x80, 0x00, 0x00,
  0x07, 0x07, 0x0F, 0x0F, 0x1C, 0x1F, 0x18, 0x1F, 0x18, 0x1F, 0x08, 0x0F, 0x0C, 0x0F, 0x06, 0x07,
  0x00, 0x00, 0x00, 0x07, 0x00, 0x0F, 0x00, 0x0C, 0x01, 0x08, 0x00, 0x04, 0x00, 0x06, 0x00, 0x03,
  0xF0, 0xD0, 0xE0, 0xE0, 0xE0, 0xE0, 0x70, 0xF0, 0x30, 0xF0, 0x30, 0xF0, 0x18, 0xF8, 0x18, 0xF8,
  0x00, 0x00, 0x00, 0x80, 0x00, 0xC0, 0x00, 0xC0, 0x00, 0x60, 0x00, 0x60, 0x00, 0xF0, 0x00, 0xB0,
  0x00, 0x00, 0x00, 0x00, 0x00, 0x00, 0x00, 0x00, 0x00, 0x00, 0x00, 0x00, 0x00, 0x00, 0x00, 0x00,
  0x00, 0x00, 0x00, 0x00, 0x00, 0x00, 0x00, 0x00, 0x00, 0x00, 0x00, 0x00, 0x00, 0x00, 0x00, 0x00,
  0x00, 0x00, 0x00, 0x00, 0x00, 0x00, 0x00, 0x00, 0x00, 0x00, 0x00, 0x00, 0x00, 0x00, 0x00, 0x00,
  0x00, 0x00, 0x00, 0x00, 0x00, 0x00, 0x00, 0x00, 0x00, 0x00, 0x00, 0x00, 0x00, 0x00, 0x00, 0x00,
  0x00, 0x00, 0x00, 0x00, 0x00, 0x00, 0x00, 0x00, 0x00, 0x00, 0x00, 0x00, 0x00, 0x00, 0x00, 0x00,
  0x00, 0x00, 0x00, 0x00, 0x00, 0x00, 0x00, 0x00, 0x00, 0x00, 0x00, 0x00, 0x00, 0x00, 0x00, 0x00,
  0x00, 0x00, 0x00, 0x00, 0x00, 0x00, 0x00, 0x00, 0x00, 0x00, 0x00, 0x00, 0x00, 0x00, 0x00, 0x00,
  0x00, 0x00, 0x00, 0x00, 0x00, 0x00, 0x00, 0x00, 0x00, 0x00, 0x00, 0x00, 0x00, 0x00, 0x00, 0x00,
  0x00, 0x00, 0x00, 0x00, 0x00, 0x00, 0x00, 0x00, 0x00, 0x00, 0x00, 0x00, 0x00, 0x00, 0x00, 0x00,
  0x00, 0x00, 0x00, 0x00, 0x00, 0x00, 0x00, 0x00, 0x00, 0x00, 0x00, 0x00, 0x00, 0x00, 0x00, 0x00,
  0x00, 0x00, 0x00, 0x00, 0x00, 0x00, 0x00, 0x00, 0x00, 0x00, 0x00, 0x00, 0x00, 0x00, 0x00, 0x00,
  0x00, 0x00, 0x00, 0x00, 0x00, 0x00, 0x00, 0x00, 0x00, 0x00, 0x00, 0x00, 0x00, 0x00, 0x00, 0x00,
  0x00, 0x00, 0x00, 0x00, 0x00, 0x00, 0x00, 0x00, 0x00, 0x00, 0x00, 0x00, 0x00, 0x00, 0x00, 0x00,
  0x00, 0x00, 0x00, 0x00, 0x00, 0x00, 0x00, 0x00, 0x00, 0x00, 0x00, 0x00, 0x00, 0x00, 0x00, 0x00,
  0x00, 0x00, 0x00, 0x00, 0x00, 0x00, 0x00, 0x00, 0x00, 0x00, 0x00, 0x00, 0x00, 0x00, 0x00, 0x00,
  0x00, 0x00, 0x00, 0x00, 0x00, 0x00, 0x00, 0x00, 0x00, 0x00, 0x00, 0x00, 0x00, 0x00, 0x00, 0x00,
  0x00, 0x00, 0x00, 0x00, 0x00, 0x00, 0x00, 0x00, 0x00, 0x00, 0x00, 0x00, 0x00, 0x00, 0x00, 0x00,
  0x00, 0x00, 0x00, 0x00, 0x00, 0x00, 0x00, 0x00, 0x00, 0x00, 0x00, 0x00, 0x00, 0x00, 0x00, 0x00,
  0x00, 0x00, 0x00, 0x00, 0x00, 0x00, 0x00, 0x00, 0x00, 0x00, 0x00, 0x00, 0x00, 0x00, 0x00, 0x00,
  0x00, 0x00, 0x00, 0x00, 0x00, 0x00, 0x00, 0x00, 0x00, 0x00, 0x00, 0x00, 0x00, 0x00, 0x00, 0x00,
  0x00, 0x00, 0x00, 0x00, 0x00, 0x00, 0x00, 0x00, 0x00, 0x00, 0x00, 0x00, 0x00, 0x00, 0x00, 0x00,
  0x00, 0x00, 0x00, 0x00, 0x00, 0x00, 0x00, 0x00, 0x00, 0x00, 0x00, 0x00, 0x00, 0x00, 0x00, 0x00,
  0x00, 0x00, 0x00, 0x00, 0x00, 0x00, 0x00, 0x00, 0x00, 0x00, 0x00, 0x00, 0x00, 0x00, 0x00, 0x00,
  0x00, 0x00, 0x00, 0x00, 0x00, 0x00, 0x00, 0x00, 0x00, 0x00, 0x00, 0x00, 0x00, 0x00, 0x00, 0x00,
  0x0C, 0x0F, 0x06, 0x07, 0x03, 0x03, 0x00, 0x00, 0x00, 0x00, 0x00, 0x00, 0x00, 0x00, 0x00, 0x00,
  0x00, 0x07, 0x00, 0x03, 0x00, 0x00, 0x00, 0x00, 0x00, 0x00, 0x00, 0x00, 0x00, 0x00, 0x00, 0x00,
  0x80, 0x80, 0x20, 0xE0, 0xE0, 0xE0, 0x00, 0x00, 0x00, 0x00, 0x00, 0x00, 0x00, 0x00, 0x00, 0x00,
  0x00, 0x80, 0x00, 0x60, 0x00, 0x00, 0x00, 0x00, 0x00, 0x00, 0x00, 0x00, 0x00, 0x00, 0x00, 0x00,
  0x73, 0x73, 0x7F, 0x7F, 0x7F, 0x7F, 0x7F, 0x7F, 0xEF, 0xFF, 0xD9, 0xFD, 0xF1, 0xF1, 0xE0, 0xE1,
  0x00, 0x31, 0x00, 0x31, 0x00, 0x2E, 0x00, 0x26, 0x00, 0x71, 0x00, 0x7C, 0x00, 0x41, 0x00, 0x61,
  0x08, 0xF8, 0x08, 0xF8, 0x9E, 0xFE, 0xFC, 0xFE, 0xFC, 0xFE, 0x9E, 0xFE, 0x06, 0xFE, 0x08, 0xF8,
  0x00, 0x18, 0x00, 0x98, 0x00, 0xF8, 0x00, 0x72, 0x00, 0x46, 0x00, 0xFE, 0x00, 0x3C, 0x80, 0x18,
  0x00, 0x00, 0x00, 0x00, 0x00, 0x00, 0x00, 0x00, 0x00, 0x00, 0x00, 0x00, 0x00, 0x00, 0x00, 0x00,
  0x00, 0x00, 0x00, 0x00, 0x00, 0x00, 0x00, 0x00, 0x00, 0x00, 0x00, 0x00, 0x00, 0x00, 0x00, 0x00,
  0x00, 0x00, 0x00, 0x00, 0x00, 0x00, 0x00, 0x00, 0x00, 0x00, 0x00, 0x00, 0x00, 0x00, 0x00, 0x00,
  0x00, 0x00, 0x00, 0x00, 0x00, 0x00, 0x00, 0x00, 0x00, 0x00, 0x00, 0x00, 0x00, 0x00, 0x00, 0x00,
  0x00, 0x00, 0x00, 0x00, 0x00, 0x00, 0x00, 0x00, 0x00, 0x00, 0x00, 0x00, 0x00, 0x00, 0x00, 0x00,
  0x00, 0x00, 0x00, 0x00, 0x00, 0x00, 0x00, 0x00, 0x00, 0x00, 0x00, 0x00, 0x00, 0x00, 0x00, 0x00,
  0x00, 0x00, 0x00, 0x00, 0x00, 0x00, 0x00, 0x00, 0x00, 0x00, 0x00, 0x00, 0x00, 0x00, 0x00, 0x00,
  0x00, 0x00, 0x00, 0x00, 0x00, 0x00, 0x00, 0x00, 0x00, 0x00, 0x00, 0x00, 0x00, 0x00, 0x00, 0x00,
  0x07, 0x07, 0x1C, 0x1F, 0x30, 0x3F, 0x60, 0x7F, 0x60, 0x7F, 0xD0, 0xFF, 0x8C, 0xFF, 0x87, 0xFF,
  0x00, 0x07, 0x00, 0x1F, 0x00, 0x3E, 0x00, 0x7C, 0x00, 0x58, 0x00, 0xF0, 0x00, 0xED, 0x00, 0xC7,
  0xE0, 0xE0, 0x38, 0xF8, 0x0C, 0xFC, 0x0E, 0xFE, 0x06, 0xFE, 0x07, 0xFF, 0x0F, 0xFF, 0x77, 0xFF,
  0x00, 0xE0, 0x00, 0xF8, 0x00, 0x7C, 0x00, 0x3E, 0x00, 0x3E, 0x00, 0x7E, 0x00, 0xF9, 0x00, 0xFF,
  0x00, 0x00, 0x00, 0x00, 0x00, 0x00, 0x00, 0x1C, 0x00, 0x1C, 0x00, 0x1C, 0x00, 0x00, 0x00, 0x00,
  0x00, 0x00, 0x00, 0x00, 0x00, 0x00, 0x08, 0x14, 0x1C, 0x00, 0x08, 0x14, 0x00, 0x00, 0x00, 0x00,
  0x00, 0x00, 0x00, 0x00, 0x00, 0x00, 0x00, 0x00, 0x00, 0x00, 0x00, 0x00, 0x00, 0x00, 0x00, 0x00,
  0x00, 0x00, 0x00, 0x00, 0x00, 0x00, 0x00, 0x00, 0x00, 0x00, 0x00, 0x00, 0x00, 0x00, 0x00, 0x00,
  0x00, 0x00, 0x00, 0x00, 0x00, 0x00, 0x00, 0x00, 0x00, 0x00, 0x00, 0x00, 0x00, 0x00, 0x00, 0x00,
  0x00, 0x00, 0x00, 0x00, 0x00, 0x00, 0x00, 0x00, 0x00, 0x00, 0x00, 0x00, 0x00, 0x00, 0x00, 0x00,
  0x00, 0x00, 0x00, 0x00, 0x00, 0x00, 0x00, 0x00, 0x00, 0x00, 0x00, 0x00, 0x00, 0x00, 0x00, 0x00,
  0x00, 0x00, 0x00, 0x00, 0x00, 0x00, 0x00, 0x00, 0x00, 0x00, 0x00, 0x00, 0x00, 0x00, 0x00, 0x00,
  0x00, 0x00, 0x00, 0x00, 0x00, 0x00, 0x00, 0x00, 0x00, 0x00, 0x00, 0x00, 0x00, 0x00, 0x00, 0x00,
  0x00, 0x00, 0x00, 0x00, 0x00, 0x00, 0x00, 0x00, 0x00, 0x00, 0x00, 0x00, 0x00, 0x00, 0x00, 0x00,
  0x00, 0x00, 0x00, 0x00, 0x00, 0x00, 0x00, 0x00, 0x00, 0x00, 0x00, 0x00, 0x00, 0x00, 0x00, 0x00,
  0x00, 0x00, 0x00, 0x00, 0x00, 0x00, 0x00, 0x00, 0x00, 0x00, 0x00, 0x00, 0x00, 0x00, 0x00, 0x00,
  0x82, 0xC3, 0xC2, 0xC3, 0x07, 0x07, 0x0F, 0x0F, 0x1F, 0x1F, 0x37, 0x3F, 0x36, 0x3F, 0x1F, 0x1F,
  0x00, 0x40, 0x00, 0x03, 0x00, 0x03, 0x00, 0x03, 0x00, 0x08, 0x00, 0x1C, 0x00, 0x1E, 0x00, 0x0F,
  0x20, 0xE0, 0x40, 0xC0, 0x80, 0x80, 0x80, 0x80, 0xC0, 0xC0, 0x40, 0xC0, 0x80, 0x80, 0x80, 0x80,
  0x00, 0x60, 0x00, 0xC0, 0x00, 0x00, 0x00, 0x00, 0x00, 0x00, 0x00, 0x80, 0x00, 0x80, 0x00, 0x00,
  0x07, 0x07, 0x0F, 0x0F, 0x1C, 0x1F, 0x18, 0x1F, 0x18, 0x1F, 0x08, 0x0F, 0x0C, 0x0F, 0x06, 0x07,
  0x00, 0x00, 0x00, 0x07, 0x00, 0x0F, 0x00, 0x0C, 0x01, 0x08, 0x00, 0x04, 0x00, 0x06, 0x00, 0x03,
  0xF0, 0xD0, 0xE0, 0xE0, 0xE0, 0xE0, 0x70, 0xF0, 0x30, 0xF0, 0x30, 0xF0, 0x18, 0xF8, 0x18, 0xF8,
  0x00, 0x00, 0x00, 0x80, 0x00, 0xC0, 0x00, 0xC0, 0x00, 0x60, 0x00, 0x60, 0x00, 0xF0, 0x00, 0xB0,
  0x00, 0x00, 0x00, 0x00, 0x00, 0x00, 0x00, 0x00, 0x00, 0x00, 0x00, 0x00, 0x00, 0x00, 0x00, 0x00,
  0x00, 0x00, 0x00, 0x00, 0x00, 0x00, 0x00, 0x00, 0x00, 0x00, 0x00, 0x00, 0x00, 0x00, 0x00, 0x00,
  0x00, 0x00, 0x00, 0x00, 0x00, 0x00, 0x00, 0x00, 0x00, 0x00, 0x00, 0x00, 0x00, 0x00, 0x00, 0x00,
  0x00, 0x00, 0x00, 0x00, 0x00, 0x00, 0x00, 0x00, 0x00, 0x00, 0x00, 0x00, 0x00, 0x00, 0x00, 0x00,
  0x00, 0x00, 0x00, 0x00, 0x00, 0x00, 0x00, 0x00, 0x00, 0x00, 0x00, 0x00, 0x00, 0x00, 0x00, 0x00,
  0x00, 0x00, 0x00, 0x00, 0x00, 0x00, 0x00, 0x00, 0x00, 0x00, 0x00, 0x00, 0x00, 0x00, 0x00, 0x00,
  0x00, 0x00, 0x00, 0x00, 0x00, 0x00, 0x00, 0x00, 0x00, 0x00, 0x00, 0x00, 0x00, 0x00, 0x00, 0x00,
  0x00, 0x00, 0x00, 0x00, 0x00, 0x00, 0x00, 0x00, 0x00, 0x00, 0x00, 0x00, 0x00, 0x00, 0x00, 0x00,
  0x81, 0xFF, 0x80, 0xFF, 0xC0, 0xFF, 0x41, 0x7F, 0x71, 0x7F, 0x3F, 0x3F, 0x1F, 0x1F, 0x07, 0x07,
  0x00, 0xC3, 0x00, 0xE7, 0x00, 0xFF, 0x00, 0x7F, 0x00, 0x7F, 0x00, 0x3E, 0x00, 0x1E, 0x00, 0x06,
  0x87, 0xFF, 0x8F, 0xFF, 0x8F, 0xFF, 0x1E, 0xFE, 0x7E, 0xFE, 0xFC, 0xFC, 0xF8, 0xF8, 0xE0, 0xE0,
  0x00, 0xFF, 0x00, 0xFF, 0x00, 0xFF, 0x00, 0xFE, 0x00, 0xFE, 0x00, 0xFC, 0x00, 0xF8, 0x00, 0xE0,
  0x00, 0x00, 0x00, 0x00, 0x00, 0x00, 0x00, 0x00, 0x00, 0x00, 0x00, 0x00, 0x00, 0x00, 0x00, 0x00,
  0x00, 0x00, 0x00, 0x00, 0x00, 0x00, 0x00, 0x00, 0x00, 0x00, 0x00, 0x00, 0x00, 0x00, 0x00, 0x00,
  0x00, 0x00, 0x00, 0x00, 0x00, 0x00, 0x00, 0x00, 0x00, 0x00, 0x00, 0x00, 0x00, 0x00, 0x00, 0x00,
  0x00, 0x00, 0x00, 0x00, 0x00, 0x00, 0x00, 0x00, 0x00, 0x00, 0x00, 0x00, 0x00, 0x00, 0x00, 0x00,
  0x00, 0x00, 0x00, 0x00, 0x00, 0x00, 0x00, 0x00, 0x00, 0x00, 0x00, 0x00, 0x00, 0x00, 0x00, 0x00,
  0x00, 0x00, 0x00, 0x00, 0x00, 0x00, 0x00, 0x00, 0x00, 0x00, 0x00, 0x00, 0x00, 0x00, 0x00, 0x00,
  0x00, 0x00, 0x00, 0x00, 0x00, 0x00, 0x00, 0x00, 0x00, 0x00, 0x00, 0x00, 0x00, 0x00, 0x00, 0x00,
  0x00, 0x00, 0x00, 0x00, 0x00, 0x00, 0x00, 0x00, 0x00, 0x00, 0x00, 0x00, 0x00, 0x00, 0x00, 0x00,
  0x00, 0x00, 0x00, 0x00, 0x00, 0x00, 0x00, 0x00, 0x00, 0x00, 0x00, 0x00, 0x00, 0x00, 0x00, 0x00,
  0x00, 0x00, 0x00, 0x00, 0x00, 0x00, 0x00, 0x00, 0x00, 0x00, 0x00, 0x00, 0x00, 0x00, 0x00, 0x00,
  0x00, 0x00, 0x00, 0x00, 0x00, 0x00, 0x00, 0x00, 0x00, 0x00, 0x00, 0x00, 0x00, 0x00, 0x00, 0x00,
  0x00, 0x00, 0x00, 0x00, 0x00, 0x00, 0x00, 0x00, 0x00, 0x00, 0x00, 0x00, 0x00, 0x00, 0x00, 0x00,
  0x0C, 0x0F, 0x06, 0x07, 0x03, 0x03, 0x00, 0x00, 0x00, 0x00, 0x00, 0x00, 0x00, 0x00, 0x00, 0x00,
  0x00, 0x07, 0x00, 0x03, 0x00, 0x00, 0x00, 0x00, 0x00, 0x00, 0x00, 0x00, 0x00, 0x00, 0x00, 0x00,
  0x80, 0x80, 0x20, 0xE0, 0xE0, 0xE0, 0x00, 0x00, 0x00, 0x00, 0x00, 0x00, 0x00, 0x00, 0x00, 0x00,
  0x00, 0x80, 0x00, 0x60, 0x00, 0x00, 0x00, 0x00, 0x00, 0x00, 0x00, 0x00, 0x00, 0x00, 0x00, 0x00,
  0x73, 0x73, 0x7F, 0x7F, 0x7F, 0x7F, 0x7F, 0x7F, 0xEF, 0xFF, 0xD9, 0xFD, 0xF1, 0xF1, 0xE0, 0xE1,
  0x00, 0x31, 0x00, 0x31, 0x00, 0x2E, 0x00, 0x26, 0x00, 0x71, 0x00, 0x7C, 0x00, 0x41, 0x00, 0x61,
  0x08, 0xF8, 0x08, 0xF8, 0x9E, 0xFE, 0xFC, 0xFE, 0xFC, 0xFE, 0x9E, 0xFE, 0x06, 0xFE, 0x08, 0xF8,
  0x00, 0x18, 0x00, 0x98, 0x00, 0xF8, 0x00, 0x72, 0x00, 0x46, 0x00, 0xFE, 0x00, 0x3C, 0x80, 0x18,
  0x00, 0x00, 0x00, 0x00, 0x00, 0x00, 0x00, 0x00, 0x00, 0x00, 0x00, 0x00, 0x00, 0x00, 0x00, 0x00,
  0x00, 0x00, 0x00, 0x00, 0x00, 0x00, 0x00, 0x00, 0x00, 0x00, 0x00, 0x00, 0x00, 0x00, 0x00, 0x00,
  0x00, 0x00, 0x00, 0x00, 0x00, 0x00, 0x00, 0x00, 0x00, 0x00, 0x00, 0x00, 0x00, 0x00, 0x00, 0x00,
  0x00, 0x00, 0x00, 0x00, 0x00, 0x00, 0x00, 0x00, 0x00, 0x00, 0x00, 0x00, 0x00, 0x00, 0x00, 0x00,
  0x00, 0x00, 0x00, 0x00, 0x00, 0x00, 0x00, 0x00, 0x00, 0x00, 0x00, 0x00, 0x00, 0x00, 0x00, 0x00,
  0x00, 0x00, 0x00, 0x00, 0x00, 0x00, 0x00, 0x00, 0x00, 0x00, 0x00, 0x00, 0x00, 0x00, 0x00, 0x00,
  0x00, 0x00, 0x00, 0x00, 0x00, 0x00, 0x00, 0x00, 0x00, 0x00, 0x00, 0x00, 0x00, 0x00, 0x00, 0x00,
  0x00, 0x00, 0x00, 0x00, 0x00, 0x00, 0x00, 0x00, 0x00, 0x00, 0x00, 0x00, 0x00, 0x00, 0x00, 0x00,
  0xE5, 0xFF, 0xF5, 0xFF, 0xFF, 0xFE, 0xF5, 0xE4, 0xFF, 0x67, 0x7C, 0x1F, 0x38, 0x1F, 0x38, 0x3F,
  0x80, 0xB5, 0x80, 0xBF, 0x81, 0x87, 0xD5, 0xCA, 0xD8, 0x58, 0x40, 0xC7, 0x02, 0x0C, 0x00, 0x0C,
  0x70, 0xF0, 0xF0, 0xF0, 0xE0, 0x30, 0xF8, 0xF8, 0xF8, 0xF8, 0xFE, 0xFE, 0x7D, 0xFF, 0x68, 0xEF,
  0x20, 0xE0, 0x30, 0xB0, 0xF0, 0x70, 0x30, 0x38, 0x20, 0xA0, 0x00, 0xCE, 0x00, 0xC7, 0x01, 0xC4,
  0x07, 0x07, 0x15, 0x1E, 0x3F, 0x3F, 0x7F, 0x7F, 0x75, 0x7F, 0x70, 0x7F, 0xE0, 0xFF, 0xE4, 0xFF,
  0x07, 0x07, 0x0E, 0x0D, 0x1F, 0x1F, 0x30, 0x30, 0x40, 0x4F, 0x00, 0x15, 0x80, 0xB4, 0x02, 0x25,
  0xC0, 0xC0, 0xA0, 0x60, 0xF0, 0xF0, 0xD0, 0xD0, 0xC0, 0xC0, 0xE0, 0xE0, 0x70, 0xD0, 0x70, 0xF0,
  0xC0, 0xC0, 0x60, 0xE0, 0xF0, 0xF0, 0x30, 0x10, 0x30, 0x00, 0x50, 0x80, 0x20, 0xC0, 0x10, 0xD0,
  0x00, 0x00, 0xE0, 0x60, 0xF0, 0x50, 0xD0, 0xD0, 0xF0, 0x50, 0xF0, 0x50, 0xE0, 0xE0, 0x00, 0x00,
  0x00, 0x00, 0x80, 0x80, 0xA0, 0x20, 0x80, 0x20, 0xA0, 0x00, 0xA0, 0xA0, 0x00, 0x00, 0x00, 0x00,
  0x00, 0x00, 0xFF, 0x81, 0xFF, 0x81, 0x83, 0x83, 0xFF, 0x81, 0xFF, 0x81, 0xFF, 0xFF, 0x00, 0x00,
  0x00, 0x00, 0x7E, 0x7E, 0x7E, 0x00, 0x02, 0x7C, 0x7E, 0x00, 0x7E, 0x7E, 0x00, 0x00, 0x00, 0x00,
  0x00, 0x00, 0x00, 0x00, 0x00, 0x00, 0x00, 0x00, 0x00, 0x00, 0x00, 0x00, 0x00, 0x00, 0x00, 0x00,
  0x00, 0x00, 0x00, 0x00, 0x00, 0x00, 0x00, 0x00, 0x00, 0x00, 0x00, 0x00, 0x00, 0x00, 0x00, 0x00,
  0x00, 0x00, 0x00, 0x00, 0x00, 0x00, 0x00, 0x00, 0x00, 0x00, 0x00, 0x00, 0x00, 0x00, 0x00, 0x00,
  0x00, 0x00, 0x00, 0x00, 0x00, 0x00, 0x00, 0x00, 0x00, 0x00, 0x00, 0x00, 0x00, 0x00, 0x00, 0x00,
  0x03, 0x03, 0x02, 0x03, 0x03, 0x03, 0x01, 0x01, 0x01, 0x01, 0x01, 0x01, 0x00, 0x00, 0x00, 0x00,
  0x00, 0x01, 0x00, 0x01, 0x00, 0x01, 0x00, 0x00, 0x00, 0x00, 0x00, 0x00, 0x00, 0x00, 0x00, 0x00,
  0xC6, 0xFE, 0xFF, 0xFE, 0xFF, 0x9F, 0xFF, 0xC3, 0xFF, 0xF3, 0xFE, 0xFF, 0xFE, 0xFF, 0xFC, 0xFF,
  0x01, 0x7D, 0x00, 0x7C, 0x00, 0x1D, 0x00, 0x01, 0x00, 0x81, 0x00, 0xE3, 0x00, 0x77, 0x00, 0x66,
  0xC6, 0xFE, 0xFF, 0xFE, 0xFF, 0x9F, 0xFF, 0xC3, 0xFF, 0xF3, 0xFE, 0xFF, 0xFE, 0xFF, 0xFC, 0xFF,
  0x01, 0x7D, 0x00, 0x7C, 0x00, 0x1D, 0x00, 0x01, 0x00, 0x81, 0x00, 0xE3, 0x00, 0x77, 0x00, 0x66,
  0xF8, 0x38, 0xF8, 0xF8, 0x8C, 0xFC, 0x04, 0xFC, 0x04, 0xFC, 0x84, 0xFC, 0x8C, 0xFC, 0x5E, 0xFE,
  0x00, 0x00, 0x00, 0x70, 0x00, 0xF8, 0x00, 0xCC, 0x20, 0x8C, 0x00, 0x88, 0x00, 0xD8, 0x00, 0x70,
  0x00, 0x00, 0x00, 0x00, 0x00, 0x00, 0x00, 0x00, 0x00, 0x00, 0x00, 0x00, 0x00, 0x00, 0x00, 0x00,
  0x00, 0x00, 0x00, 0x00, 0x00, 0x00, 0x00, 0x00, 0x00, 0x00, 0x00, 0x00, 0x00, 0x00, 0x00, 0x00,
  0x00, 0x00, 0x00, 0x00, 0x00, 0x00, 0x00, 0x00, 0x00, 0x00, 0x00, 0x00, 0x00, 0x00, 0x00, 0x00,
  0x00, 0x00, 0x00, 0x00, 0x00, 0x00, 0x00, 0x00, 0x00, 0x00, 0x00, 0x00, 0x00, 0x00, 0x00, 0x00,
  0x00, 0x00, 0x00, 0x00, 0x00, 0x00, 0x00, 0x00, 0x00, 0x00, 0x00, 0x00, 0x00, 0x00, 0x00, 0x00,
  0x00, 0x00, 0x00, 0x00, 0x00, 0x00, 0x00, 0x00, 0x00, 0x00, 0x00, 0x00, 0x00, 0x00, 0x00, 0x00,
  0x00, 0x00, 0x00, 0x00, 0x00, 0x00, 0x00, 0x00, 0x00, 0x00, 0x00, 0x00, 0x00, 0x00, 0x00, 0x00,
  0x00, 0x00, 0x00, 0x00, 0x00, 0x00, 0x00, 0x00, 0x00, 0x00, 0x00, 0x00, 0x00, 0x00, 0x00, 0x00,
  0x1C, 0x1F, 0x07, 0x07, 0x04, 0x07, 0x03, 0x03, 0x00, 0x00, 0x00, 0x00, 0x00, 0x00, 0x00, 0x00,
  0x00, 0x0F, 0x00, 0x04, 0x00, 0x03, 0x00, 0x03, 0x00, 0x00, 0x00, 0x00, 0x00, 0x00, 0x00, 0x00,
  0x6C, 0xEF, 0xC7, 0xC7, 0xC3, 0xC3, 0xC0, 0xC0, 0x00, 0x00, 0x00, 0x00, 0x00, 0x00, 0x00, 0x00,
  0x00, 0xC7, 0x00, 0xC3, 0x00, 0x00, 0x00, 0x00, 0x00, 0x00, 0x00, 0x00, 0x00, 0x00, 0x00, 0x00,
  0xE5, 0xFF, 0xF5, 0xFF, 0xFF, 0xFE, 0xF5, 0xE4, 0xFF, 0x67, 0x7C, 0x1F, 0x38, 0x1F, 0x38, 0x3F,
  0x80, 0xB5, 0x80, 0xBF, 0x81, 0x87, 0xD5, 0xCA, 0xD8, 0x58, 0x40, 0xC7, 0x02, 0x0C, 0x00, 0x0C,
  0x70, 0xF0, 0xF0, 0xF0, 0xE0, 0x30, 0xF8, 0xF8, 0xF8, 0xF8, 0xFE, 0xFE, 0x7D, 0xFF, 0x68, 0xEF,
  0x20, 0xE0, 0x30, 0xB0, 0xF0, 0x70, 0x30, 0x38, 0x20, 0xA0, 0x00, 0xCE, 0x00, 0xC7, 0x01, 0xC4,
  0x00, 0x00, 0x00, 0x00, 0x00, 0x00, 0x00, 0x00, 0x00, 0x00, 0x00, 0x00, 0x00, 0x00, 0x00, 0x00,
  0x00, 0x00, 0x00, 0x00, 0x00, 0x00, 0x00, 0x00, 0x00, 0x00, 0x00, 0x00, 0x00, 0x00, 0x00, 0x00,
  0x00, 0x00, 0x00, 0x00, 0x00, 0x00, 0x00, 0x00, 0x00, 0x00, 0x00, 0x00, 0x00, 0x00, 0x00, 0x00,
  0x00, 0x00, 0x00, 0x00, 0x00, 0x00, 0x00, 0x00, 0x00, 0x00, 0x00, 0x00, 0x00, 0x00, 0x00, 0x00,
  0x00, 0x00, 0x00, 0x00, 0x00, 0x00, 0x00, 0x00, 0x00, 0x00, 0x00, 0x00, 0x00, 0x00, 0x00, 0x00,
  0x00, 0x00, 0x00, 0x00, 0x00, 0x00, 0x00, 0x00, 0x00, 0x00, 0x00, 0x00, 0x00, 0x00, 0x00, 0x00,
  0x00, 0x00, 0x00, 0x00, 0x00, 0x00, 0x00, 0x00, 0x00, 0x00, 0x00, 0x00, 0x00, 0x00, 0x00, 0x00,
  0x00, 0x00, 0x00, 0x00, 0x00, 0x00, 0x00, 0x00, 0x00, 0x00, 0x00, 0x00, 0x00, 0x00, 0x00, 0x00,
  0x00, 0x00, 0x00, 0x00, 0x00, 0x00, 0x00, 0x00, 0x00, 0x00, 0x01, 0x01, 0x02, 0x03, 0x03, 0x03,
  0x00, 0x00, 0x00, 0x00, 0x00, 0x00, 0x00, 0x00, 0x00, 0x00, 0x00, 0x01, 0x00, 0x03, 0x00, 0x00,
  0x7C, 0x7F, 0xFE, 0xFF, 0x7F, 0xFF, 0x3B, 0x7F, 0x7D, 0x7F, 0xBF, 0xFF, 0x7F, 0xFF, 0xFF, 0xFF,
  0x00, 0x2E, 0x00, 0x87, 0x00, 0xC1, 0x00, 0x6E, 0x00, 0x27, 0x00, 0xD0, 0x00, 0xE8, 0x00, 0x00,
  0x7C, 0x7F, 0xFE, 0xFF, 0x7F, 0xFF, 0x3B, 0x7F, 0x7D, 0x7F, 0xBF, 0xFF, 0x7F, 0xFF, 0xFF, 0xFF,
  0x00, 0x2E, 0x00, 0x87, 0x00, 0xC1, 0x00, 0x6E, 0x00, 0x27, 0x00, 0xD0, 0x00, 0xE8, 0x00, 0x00,
  0x7F, 0xFF, 0xFF, 0xFF, 0xD9, 0xFF, 0xBD, 0xFF, 0xFF, 0xFF, 0xFB, 0xFF, 0xCE, 0xFE, 0xFE, 0xFE,
  0x00, 0xE0, 0x00, 0x8A, 0x00, 0x2E, 0x00, 0xCE, 0x00, 0x90, 0x00, 0x06, 0x00, 0x7C, 0x00, 0x00,
  0x00, 0x00, 0x00, 0x00, 0x00, 0x00, 0x00, 0x00, 0x00, 0x00, 0x00, 0x00, 0x00, 0x00, 0x00, 0x00,
  0x00, 0x00, 0x00, 0x00, 0x00, 0x00, 0x00, 0x00, 0x00, 0x00, 0x00, 0x00, 0x00, 0x00, 0x00, 0x00,
  0x00, 0x00, 0x00, 0x00, 0x00, 0x00, 0x00, 0x00, 0x00, 0x00, 0x00, 0x00, 0x00, 0x00, 0x00, 0x00,
  0x00, 0x00, 0x00, 0x00, 0x00, 0x00, 0x00, 0x00, 0x00, 0x00, 0x00, 0x00, 0x00, 0x00, 0x00, 0x00,
  0x00, 0x00, 0x00, 0x00, 0x00, 0x00, 0x00, 0x00, 0x00, 0x00, 0x00, 0x00, 0x00, 0x00, 0x00, 0x00,
  0x00, 0x00, 0x00, 0x00, 0x00, 0x00, 0x00, 0x00, 0x00, 0x00, 0x00, 0x00, 0x00, 0x00, 0x00, 0x00,
  0x00, 0x00, 0x00, 0x00, 0x00, 0x00, 0x00, 0x00, 0x00, 0x00, 0x00, 0x00, 0x00, 0x00, 0x00, 0x00,
  0x00, 0x00, 0x00, 0x00, 0x00, 0x00, 0x00, 0x00, 0x00, 0x00, 0x00, 0x00, 0x00, 0x00, 0x00, 0x00,
  0xE5, 0xFF, 0xFF, 0xFF, 0xFF, 0xFC, 0xF5, 0xE4, 0x7F, 0x7F, 0xFC, 0x1F, 0x78, 0x5F, 0x38, 0x3F,
  0x80, 0xB5, 0x80, 0xBF, 0x83, 0x82, 0x95, 0x8B, 0x40, 0xC7, 0xC0, 0x47, 0x02, 0x0C, 0x00, 0x0C,
  0x70, 0xF0, 0xE0, 0xF0, 0xE0, 0x30, 0xF8, 0xF8, 0xF8, 0xF8, 0x7E, 0xFE, 0x7D, 0xFF, 0x68, 0xEF,
  0x20, 0xE0, 0x30, 0xF0, 0xF0, 0x70, 0x30, 0x38, 0x20, 0xA0, 0x00, 0xCE, 0x00, 0xC7, 0x01, 0xC0,
  0x07, 0x07, 0x15, 0x1E, 0x3F, 0x3F, 0x7F, 0x7F, 0x75, 0x7F, 0x70, 0x7F, 0xE0, 0xFF, 0xE4, 0xFF,
  0x07, 0x07, 0x1C, 0x1D, 0x30, 0x30, 0x40, 0x4F, 0x40, 0x5F, 0x00, 0x35, 0x80, 0xB4, 0x02, 0x25,
  0x40, 0xC0, 0x80, 0x60, 0xE0, 0xF0, 0xD0, 0xD0, 0xE0, 0xE0, 0xE0, 0xE0, 0x70, 0xD0, 0x70, 0xF0,
  0xC0, 0xC0, 0x60, 0xE0, 0xF0, 0xF0, 0x30, 0x10, 0x10, 0x80, 0x50, 0x80, 0x20, 0xC0, 0x10, 0xD0,
  0x00, 0x00, 0xE0, 0x60, 0xF0, 0x50, 0x50, 0x50, 0xF0, 0x50, 0xF0, 0x50, 0xE0, 0xE0, 0x00, 0x00,
  0x00, 0x00, 0x80, 0x80, 0xA0, 0x20, 0x00, 0xA0, 0xA0, 0x20, 0xA0, 0xA0, 0x00, 0x00, 0x00, 0x00,
  0x00, 0x00, 0xFF, 0x81, 0xFF, 0x81, 0xCB, 0x81, 0xFF, 0x81, 0xFF, 0x81, 0xFF, 0xFF, 0x00, 0x00,
  0x00, 0x00, 0x7E, 0x7E, 0x7E, 0x08, 0x4A, 0x34, 0x7E, 0x20, 0x7E, 0x7E, 0x00, 0x00, 0x00, 0x00,
  0x00, 0x00, 0x00, 0x00, 0x00, 0x00, 0x00, 0x00, 0x00, 0x00, 0x00, 0x00, 0x00, 0x00, 0x00, 0x00,
  0x00, 0x00, 0x00, 0x00, 0x00, 0x00, 0x00, 0x00, 0x00, 0x00, 0x00, 0x00, 0x00, 0x00, 0x00, 0x00,
  0x00, 0x00, 0x00, 0x00, 0x00, 0x00, 0x00, 0x00, 0x00, 0x00, 0x00, 0x00, 0x00, 0x00, 0x00, 0x00,
  0x00, 0x00, 0x00, 0x00, 0x00, 0x00, 0x00, 0x00, 0x00, 0x00, 0x00, 0x00, 0x00, 0x00, 0x00, 0x00,
  0x03, 0x03, 0x02, 0x03, 0x03, 0x03, 0x01, 0x01, 0x01, 0x01, 0x01, 0x01, 0x00, 0x00, 0x00, 0x00,
  0x00, 0x01, 0x00, 0x01, 0x00, 0x01, 0x00, 0x00, 0x00, 0x00, 0x00, 0x00, 0x00, 0x00, 0x00, 0x00,
  0xC6, 0xFE, 0xFF, 0xFE, 0xFF, 0x9F, 0xFF, 0xC3, 0xFF, 0xF3, 0xFE, 0xFF, 0xFE, 0xFF, 0xFC, 0xFF,
  0x01, 0x7D, 0x00, 0x7C, 0x00, 0x1D, 0x00, 0x01, 0x00, 0x81, 0x00, 0xE3, 0x00, 0x77, 0x00, 0x66,
  0xC6, 0xFE, 0xFF, 0xFE, 0xFF, 0x9F, 0xFF, 0xC3, 0xFF, 0xF3, 0xFE, 0xFF, 0xFE, 0xFF, 0xFC, 0xFF,
  0x01, 0x7D, 0x00, 0x7C, 0x00, 0x1D, 0x00, 0x01, 0x00, 0x81, 0x00, 0xE3, 0x00, 0x77, 0x00, 0x66,
  0xF8, 0x38, 0xF8, 0xF8, 0x8C, 0xFC, 0x04, 0xFC, 0x04, 0xFC, 0x84, 0xFC, 0x8C, 0xFC, 0x5E, 0xFE,
  0x00, 0x00, 0x00, 0x70, 0x00, 0xF8, 0x00, 0xCC, 0x20, 0x8C, 0x00, 0x88, 0x00, 0xD8, 0x00, 0x70,
  0x00, 0x00, 0x00, 0x00, 0x00, 0x00, 0x00, 0x00, 0x00, 0x00, 0x00, 0x00, 0x00, 0x00, 0x00, 0x00,
  0x00, 0x00, 0x00, 0x00, 0x00, 0x00, 0x00, 0x00, 0x00, 0x00, 0x00, 0x00, 0x00, 0x00, 0x00, 0x00,
  0x00, 0x00, 0x00, 0x00, 0x00, 0x00, 0x00, 0x00, 0x00, 0x00, 0x00, 0x00, 0x00, 0x00, 0x00, 0x00,
  0x00, 0x00, 0x00, 0x00, 0x00, 0x00, 0x00, 0x00, 0x00, 0x00, 0x00, 0x00, 0x00, 0x00, 0x00, 0x00,
  0x00, 0x00, 0x00, 0x00, 0x00, 0x00, 0x00, 0x00, 0x00, 0x00, 0x00, 0x00, 0x00, 0x00, 0x00, 0x00,
  0x00, 0x00, 0x00, 0x00, 0x00, 0x00, 0x00, 0x00, 0x00, 0x00, 0x00, 0x00, 0x00, 0x00, 0x00, 0x00,
  0x00, 0x00, 0x00, 0x00, 0x00, 0x00, 0x00, 0x00, 0x00, 0x00, 0x00, 0x00, 0x00, 0x00, 0x00, 0x00,
  0x00, 0x00, 0x00, 0x00, 0x00, 0x00, 0x00, 0x00, 0x00, 0x00, 0x00, 0x00, 0x00, 0x00, 0x00, 0x00,
  0x1C, 0x1F, 0x07, 0x07, 0x06, 0x07, 0x03, 0x03, 0x00, 0x00, 0x00, 0x00, 0x00, 0x00, 0x00, 0x00,
  0x00, 0x17, 0x00, 0x00, 0x00, 0x03, 0x00, 0x01, 0x00, 0x00, 0x00, 0x00, 0x00, 0x00, 0x00, 0x00,
  0x6C, 0xEF, 0xC7, 0xC7, 0xC3, 0xC3, 0xC0, 0xC0, 0x00, 0x00, 0x00, 0x00, 0x00, 0x00, 0x00, 0x00,
  0x00, 0xC6, 0x00, 0x03, 0x00, 0x00, 0x00, 0x00, 0x00, 0x00, 0x00, 0x00, 0x00, 0x00, 0x00, 0x00,
  0xE5, 0xFF, 0xFF, 0xFF, 0xFF, 0xFC, 0xF5, 0xE4, 0x7F, 0x7F, 0xFC, 0x1F, 0x78, 0x5F, 0x38, 0x3F,
  0x80, 0xB5, 0x80, 0xBF, 0x83, 0x82, 0x95, 0x8B, 0x40, 0xC7, 0xC0, 0x47, 0x02, 0x0C, 0x00, 0x0C,
  0x70, 0xF0, 0xE0, 0xF0, 0xE0, 0x30, 0xF8, 0xF8, 0xF8, 0xF8, 0x7E, 0xFE, 0x7D, 0xFF, 0x68, 0xEF,
  0x20, 0xE0, 0x30, 0xF0, 0xF0, 0x70, 0x30, 0x38, 0x20, 0xA0, 0x00, 0xCE, 0x00, 0xC7, 0x01, 0xC0,
  0x00, 0x00, 0x00, 0x00, 0x00, 0x00, 0x00, 0x00, 0x00, 0x00, 0x00, 0x00, 0x00, 0x00, 0x00, 0x00,
  0x00, 0x00, 0x00, 0x00, 0x00, 0x00, 0x00, 0x00, 0x00, 0x00, 0x00, 0x00, 0x00, 0x00, 0x00, 0x00,
  0x00, 0x00, 0x00, 0x00, 0x00, 0x00, 0x00, 0x00, 0x00, 0x00, 0x00, 0x00, 0x00, 0x00, 0x00, 0x00,
  0x00, 0x00, 0x00, 0x00, 0x00, 0x00, 0x00, 0x00, 0x00, 0x00, 0x00, 0x00, 0x00, 0x00, 0x00, 0x00,
  0x00, 0x00, 0x00, 0x00, 0x00, 0x00, 0x00, 0x00, 0x00, 0x00, 0x00, 0x00, 0x00, 0x00, 0x00, 0x00,
  0x00, 0x00, 0x00, 0x00, 0x00, 0x00, 0x00, 0x00, 0x00, 0x00, 0x00, 0x00, 0x00, 0x00, 0x00, 0x00,
  0x00, 0x00, 0x00, 0x00, 0x00, 0x00, 0x00, 0x00, 0x00, 0x00, 0x00, 0x00, 0x00, 0x00, 0x00, 0x00,
  0x00, 0x00, 0x00, 0x00, 0x00, 0x00, 0x00, 0x00, 0x00, 0x00, 0x00, 0x00, 0x00, 0x00, 0x00, 0x00,
  0x00, 0x00, 0x00, 0x00, 0x00, 0x00, 0x00, 0x00, 0x00, 0x00, 0x01, 0x01, 0x02, 0x03, 0x03, 0x03,
  0x00, 0x00, 0x00, 0x00, 0x00, 0x00, 0x00, 0x00, 0x00, 0x00, 0x00, 0x01, 0x00, 0x03, 0x00, 0x00,
  0x7C, 0x7F, 0xFE, 0xFF, 0x7F, 0xFF, 0x3B, 0x7F, 0x7D, 0x7F, 0xBF, 0xFF, 0x7F, 0xFF, 0xFF, 0xFF,
  0x00, 0x2E, 0x00, 0x87, 0x00, 0xC1, 0x00, 0x6E, 0x00, 0x27, 0x00, 0xD0, 0x00, 0xE8, 0x00, 0x00,
  0x7C, 0x7F, 0xFE, 0xFF, 0x7F, 0xFF, 0x3B, 0x7F, 0x7D, 0x7F, 0xBF, 0xFF, 0x7F, 0xFF, 0xFF, 0xFF,
  0x00, 0x2E, 0x00, 0x87, 0x00, 0xC1, 0x00, 0x6E, 0x00, 0x27, 0x00, 0xD0, 0x00, 0xE8, 0x00, 0x00,
  0x7F, 0xFF, 0xFF, 0xFF, 0xD9, 0xFF, 0xBD, 0xFF, 0xFF, 0xFF, 0xFB, 0xFF, 0xCE, 0xFE, 0xFE, 0xFE,
  0x00, 0xE0, 0x00, 0x8A, 0x00, 0x2E, 0x00, 0xCE, 0x00, 0x90, 0x00, 0x06, 0x00, 0x7C, 0x00, 0x00,
  0x00, 0x00, 0x00, 0x00, 0x00, 0x00, 0x00, 0x00, 0x00, 0x00, 0x00, 0x00, 0x00, 0x00, 0x00, 0x00,
  0x00, 0x00, 0x00, 0x00, 0x00, 0x00, 0x00, 0x00, 0x00, 0x00, 0x00, 0x00, 0x00, 0x00, 0x00, 0x00,
  0x00, 0x00, 0x00, 0x00, 0x00, 0x00, 0x00, 0x00, 0x00, 0x00, 0x00, 0x00, 0x00, 0x00, 0x00, 0x00,
  0x00, 0x00, 0x00, 0x00, 0x00, 0x00, 0x00, 0x00, 0x00, 0x00, 0x00, 0x00, 0x00, 0x00, 0x00, 0x00,
  0x00, 0x00, 0x00, 0x00, 0x00, 0x00, 0x00, 0x00, 0x00, 0x00, 0x00, 0x00, 0x00, 0x00, 0x00, 0x00,
  0x00, 0x00, 0x00, 0x00, 0x00, 0x00, 0x00, 0x00, 0x00, 0x00, 0x00, 0x00, 0x00, 0x00, 0x00, 0x00,
  0x00, 0x00, 0x00, 0x00, 0x00, 0x00, 0x00, 0x00, 0x00, 0x00, 0x00, 0x00, 0x00, 0x00, 0x00, 0x00,
  0x00, 0x00, 0x00, 0x00, 0x00, 0x00, 0x00, 0x00, 0x00, 0x00, 0x00, 0x00, 0x00, 0x00, 0x00, 0x00,
  0xE5, 0xFF, 0xFF, 0xFF, 0xFE, 0xFC, 0xF6, 0x66, 0x7F, 0x1F, 0xFC, 0x1F, 0x38, 0x1F, 0x18, 0x1F,
  0x80, 0xB5, 0x80, 0xBF, 0x82, 0x83, 0xD6, 0x49, 0x40, 0xC7, 0xC0, 0x4F, 0x02, 0x0C, 0x00, 0x0C,
  0x70, 0xF0, 0xE0, 0xF0, 0x60, 0x30, 0xF8, 0xF8, 0xF8, 0xF8, 0x7E, 0xFE, 0x7D, 0xFF, 0x68, 0xEF,
  0x20, 0xE0, 0x30, 0xB0, 0x70, 0xB0, 0x30, 0x38, 0x20, 0xA0, 0x00, 0xCE, 0x00, 0xC7, 0x01, 0xC0,
  0x07, 0x07, 0x15, 0x1E, 0x3F, 0x3F, 0x7F, 0x7F, 0x75, 0x7F, 0x60, 0x7F, 0xE0, 0xFF, 0xE4, 0xFF,
  0x07, 0x07, 0x1C, 0x1F, 0x31, 0x31, 0x00, 0x0E, 0x40, 0x5F, 0x00, 0x35, 0x80, 0xB4, 0x02, 0x25,
  0x00, 0xC0, 0x80, 0x60, 0xE0, 0xD0, 0xD0, 0xD0, 0xE0, 0xA0, 0xE0, 0xE0, 0x60, 0xD0, 0x70, 0xF0,
  0xC0, 0xC0, 0x60, 0xE0, 0xF0, 0xD0, 0xB0, 0x90, 0x50, 0x00, 0x50, 0x80, 0x30, 0xD0, 0x00, 0xC0,
  0x00, 0x00, 0xE0, 0x60, 0xF0, 0x50, 0x50, 0x50, 0xF0, 0x50, 0xF0, 0x50, 0xE0, 0xE0, 0x00, 0x00,
  0x00, 0x00, 0x80, 0x80, 0xA0, 0x20, 0x00, 0xA0, 0xA0, 0x80, 0xA0, 0xA0, 0x00, 0x00, 0x00, 0x00,
  0x00, 0x00, 0xFF, 0x81, 0xFF, 0x81, 0xCB, 0x81, 0xFF, 0x81, 0xFF, 0x81, 0xFF, 0xFF, 0x00, 0x00,
  0x00, 0x00, 0x7E, 0x7E, 0x7E, 0x78, 0x4A, 0x34, 0x7E, 0x6A, 0x7E, 0x7E, 0x00, 0x00, 0x00, 0x00,
  0x00, 0x00, 0x00, 0x00, 0x00, 0x00, 0x00, 0x00, 0x00, 0x00, 0x00, 0x00, 0x00, 0x00, 0x00, 0x00,
  0x00, 0x00, 0x00, 0x00, 0x00, 0x00, 0x00, 0x00, 0x00, 0x00, 0x00, 0x00, 0x00, 0x00, 0x00, 0x00,
  0x00, 0x00, 0x00, 0x00, 0x00, 0x00, 0x00, 0x00, 0x00, 0x00, 0x00, 0x00, 0x00, 0x00, 0x00, 0x00,
  0x00, 0x00, 0x00, 0x00, 0x00, 0x00, 0x00, 0x00, 0x00, 0x00, 0x00, 0x00, 0x00, 0x00, 0x00, 0x00,
  0x03, 0x03, 0x02, 0x03, 0x03, 0x03, 0x01, 0x01, 0x01, 0x01, 0x01, 0x01, 0x00, 0x00, 0x00, 0x00,
  0x00, 0x01, 0x00, 0x01, 0x00, 0x01, 0x00, 0x00, 0x00, 0x00, 0x00, 0x00, 0x00, 0x00, 0x00, 0x00,
  0xC6, 0xFE, 0xFF, 0xFE, 0xFF, 0x9F, 0xFF, 0xC3, 0xFF, 0xF3, 0xFE, 0xFF, 0xFE, 0xFF, 0xFC, 0xFF,
  0x01, 0x7D, 0x00, 0x7C, 0x00, 0x1D, 0x00, 0x01, 0x00, 0x81, 0x00, 0xE3, 0x00, 0x77, 0x00, 0x66,
  0xC6, 0xFE, 0xFF, 0xFE, 0xFF, 0x9F, 0xFF, 0xC3, 0xFF, 0xF3, 0xFE, 0xFF, 0xFE, 0xFF, 0xFC, 0xFF,
  0x01, 0x7D, 0x00, 0x7C, 0x00, 0x1D, 0x00, 0x01, 0x00, 0x81, 0x00, 0xE3, 0x00, 0x77, 0x00, 0x66,
  0xF8, 0x38, 0xF8, 0xF8, 0x8C, 0xFC, 0x04, 0xFC, 0x04, 0xFC, 0x84, 0xFC, 0x8C, 0xFC, 0x5E, 0xFE,
  0x00, 0x00, 0x00, 0x70, 0x00, 0xF8, 0x00, 0xCC, 0x20, 0x8C, 0x00, 0x88, 0x00, 0xD8, 0x00, 0x70,
  0x00, 0x00, 0x00, 0x00, 0x00, 0x00, 0x00, 0x00, 0x00, 0x00, 0x00, 0x00, 0x00, 0x00, 0x00, 0x00,
  0x00, 0x00, 0x00, 0x00, 0x00, 0x00, 0x00, 0x00, 0x00, 0x00, 0x00, 0x00, 0x00, 0x00, 0x00, 0x00,
  0x00, 0x00, 0x00, 0x00, 0x00, 0x00, 0x00, 0x00, 0x00, 0x00, 0x00, 0x00, 0x00, 0x00, 0x00, 0x00,
  0x00, 0x00, 0x00, 0x00, 0x00, 0x00, 0x00, 0x00, 0x00, 0x00, 0x00, 0x00, 0x00, 0x00, 0x00, 0x00,
  0x00, 0x00, 0x00, 0x00, 0x00, 0x00, 0x00, 0x00, 0x00, 0x00, 0x00, 0x00, 0x00, 0x00, 0x00, 0x00,
  0x00, 0x00, 0x00, 0x00, 0x00, 0x00, 0x00, 0x00, 0x00, 0x00, 0x00, 0x00, 0x00, 0x00, 0x00, 0x00,
  0x00, 0x00, 0x00, 0x00, 0x00, 0x00, 0x00, 0x00, 0x00, 0x00, 0x00, 0x00, 0x00, 0x00, 0x00, 0x00,
  0x00, 0x00, 0x00, 0x00, 0x00, 0x00, 0x00, 0x00, 0x00, 0x00, 0x00, 0x00, 0x00, 0x00, 0x00, 0x00,
  0x1C, 0x1F, 0x07, 0x07, 0x06, 0x07, 0x03, 0x03, 0x00, 0x00, 0x00, 0x00, 0x00, 0x00, 0x00, 0x00,
  0x00, 0x17, 0x00, 0x00, 0x00, 0x03, 0x00, 0x01, 0x00, 0x00, 0x00, 0x00, 0x00, 0x00, 0x00, 0x00,
  0x6C, 0xEF, 0xC7, 0xC7, 0xC3, 0xC3, 0xC0, 0xC0, 0x00, 0x00, 0x00, 0x00, 0x00, 0x00, 0x00, 0x00,
  0x00, 0xC6, 0x00, 0x03, 0x00, 0x80, 0x00, 0x80, 0x00, 0x00, 0x00, 0x00, 0x00, 0x00, 0x00, 0x00,
  0xE5, 0xFF, 0xFF, 0xFF, 0xFE, 0xFC, 0xF6, 0x66, 0x7F, 0x1F, 0xFC, 0x1F, 0x38, 0x1F, 0x18, 0x1F,
  0x80, 0xB5, 0x80, 0xBF, 0x82, 0x83, 0xD6, 0x49, 0x40, 0xC7, 0xC0, 0x4F, 0x02, 0x0C, 0x00, 0x0C,
  0x70, 0xF0, 0xE0, 0xF0, 0x60, 0x30, 0xF8, 0xF8, 0xF8, 0xF8, 0x7E, 0xFE, 0x7D, 0xFF, 0x68, 0xEF,
  0x20, 0xE0, 0x30, 0xB0, 0x70, 0xB0, 0x30, 0x38, 0x20, 0xA0, 0x00, 0xCE, 0x00, 0xC7, 0x01, 0xC0,
  0x00, 0x00, 0x00, 0x00, 0x00, 0x00, 0x00, 0x00, 0x00, 0x00, 0x00, 0x00, 0x00, 0x00, 0x00, 0x00,
  0x00, 0x00, 0x00, 0x00, 0x00, 0x00, 0x00, 0x00, 0x00, 0x00, 0x00, 0x00, 0x00, 0x00, 0x00, 0x00,
  0x00, 0x00, 0x00, 0x00, 0x00, 0x00, 0x00, 0x00, 0x00, 0x00, 0x00, 0x00, 0x00, 0x00, 0x00, 0x00,
  0x00, 0x00, 0x00, 0x00, 0x00, 0x00, 0x00, 0x00, 0x00, 0x00, 0x00, 0x00, 0x00, 0x00, 0x00, 0x00,
  0x00, 0x00, 0x00, 0x00, 0x00, 0x00, 0x00, 0x00, 0x00, 0x00, 0x00, 0x00, 0x00, 0x00, 0x00, 0x00,
  0x00, 0x00, 0x00, 0x00, 0x00, 0x00, 0x00, 0x00, 0x00, 0x00, 0x00, 0x00, 0x00, 0x00, 0x00, 0x00,
  0x00, 0x00, 0x00, 0x00, 0x00, 0x00, 0x00, 0x00, 0x00, 0x00, 0x00, 0x00, 0x00, 0x00, 0x00, 0x00,
  0x00, 0x00, 0x00, 0x00, 0x00, 0x00, 0x00, 0x00, 0x00, 0x00, 0x00, 0x00, 0x00, 0x00, 0x00, 0x00,
  0x00, 0x00, 0x00, 0x00, 0x00, 0x00, 0x00, 0x00, 0x00, 0x00, 0x01, 0x01, 0x02, 0x03, 0x03, 0x03,
  0x00, 0x00, 0x00, 0x00, 0x00, 0x00, 0x00, 0x00, 0x00, 0x00, 0x00, 0x01, 0x00, 0x03, 0x00, 0x00,
  0x7C, 0x7F, 0xFE, 0xFF, 0x7F, 0xFF, 0x3B, 0x7F, 0x7D, 0x7F, 0xBF, 0xFF, 0x7F, 0xFF, 0xFF, 0xFF,
  0x00, 0x2E, 0x00, 0x87, 0x00, 0xC1, 0x00, 0x6E, 0x00, 0x27, 0x00, 0xD0, 0x00, 0xE8, 0x00, 0x00,
  0x7C, 0x7F, 0xFE, 0xFF, 0x7F, 0xFF, 0x3B, 0x7F, 0x7D, 0x7F, 0xBF, 0xFF, 0x7F, 0xFF, 0xFF, 0xFF,
  0x00, 0x2E, 0x00, 0x87, 0x00, 0xC1, 0x00, 0x6E, 0x00, 0x27, 0x00, 0xD0, 0x00, 0xE8, 0x00, 0x00,
  0x7F, 0xFF, 0xFF, 0xFF, 0xD9, 0xFF, 0xBD, 0xFF, 0xFF, 0xFF, 0xFB, 0xFF, 0xCE, 0xFE, 0xFE, 0xFE,
  0x00, 0xE0, 0x00, 0x8A, 0x00, 0x2E, 0x00, 0xCE, 0x00, 0x90, 0x00, 0x06, 0x00, 0x7C, 0x00, 0x00,
  0x00, 0x00, 0x00, 0x00, 0x00, 0x00, 0x00, 0x00, 0x00, 0x00, 0x00, 0x00, 0x00, 0x00, 0x00, 0x00,
  0x00, 0x00, 0x00, 0x00, 0x00, 0x00, 0x00, 0x00, 0x00, 0x00, 0x00, 0x00, 0x00, 0x00, 0x00, 0x00,
  0x00, 0x00, 0x00, 0x00, 0x00, 0x00, 0x00, 0x00, 0x00, 0x00, 0x00, 0x00, 0x00, 0x00, 0x00, 0x00,
  0x00, 0x00, 0x00, 0x00, 0x00, 0x00, 0x00, 0x00, 0x00, 0x00, 0x00, 0x00, 0x00, 0x00, 0x00, 0x00,
  0x00, 0x00, 0x00, 0x00, 0x00, 0x00, 0x00, 0x00, 0x00, 0x00, 0x00, 0x00, 0x00, 0x00, 0x00, 0x00,
  0x00, 0x00, 0x00, 0x00, 0x00, 0x00, 0x00, 0x00, 0x00, 0x00, 0x00, 0x00, 0x00, 0x00, 0x00, 0x00,
  0x00, 0x00, 0x00, 0x00, 0x00, 0x00, 0x00, 0x00, 0x00, 0x00, 0x00, 0x00, 0x00, 0x00, 0x00, 0x00,
  0x00, 0x00, 0x00, 0x00, 0x00, 0x00, 0x00, 0x00, 0x00, 0x00, 0x00, 0x00, 0x00, 0x00, 0x00, 0x00,
  0xE5, 0xFF, 0xFF, 0xFF, 0xFF, 0xFC, 0xF5, 0xE4, 0x7F, 0x7F, 0xFC, 0x1F, 0x78, 0x5F, 0x38, 0x3F,
  0x80, 0xB5, 0x80, 0xBF, 0x83, 0x82, 0x95, 0x8B, 0x40, 0xC7, 0xC0, 0x47, 0x02, 0x0C, 0x00, 0x0C,
  0x70, 0xF0, 0xE0, 0xF0, 0xE0, 0x30, 0xF8, 0xF8, 0xF8, 0xF8, 0x7E, 0xFE, 0x7D, 0xFF, 0x68, 0xEF,
  0x20, 0xE0, 0x30, 0xF0, 0xF0, 0x70, 0x30, 0x38, 0x20, 0xA0, 0x00, 0xCE, 0x00, 0xC7, 0x01, 0xC0,
  0x07, 0x07, 0x15, 0x1E, 0x3F, 0x3F, 0x7F, 0x7F, 0x75, 0x7F, 0x70, 0x7F, 0xE0, 0xFF, 0xE4, 0xFF,
  0x07, 0x07, 0x1C, 0x1D, 0x30, 0x30, 0x40, 0x4F, 0x40, 0x5F, 0x00, 0x35, 0x80, 0xB4, 0x02, 0x25,
  0x40, 0xC0, 0x80, 0x60, 0xE0, 0xF0, 0xD0, 0xD0, 0xE0, 0xE0, 0xE0, 0xE0, 0x70, 0xD0, 0x70, 0xF0,
  0xC0, 0xC0, 0x60, 0xE0, 0xF0, 0xF0, 0x30, 0x10, 0x10, 0x80, 0x50, 0x80, 0x20, 0xC0, 0x10, 0xD0,
  0x00, 0x00, 0xE0, 0x60, 0xF0, 0x50, 0x50, 0x50, 0xF0, 0x50, 0xF0, 0x50, 0xE0, 0xE0, 0x00, 0x00,
  0x00, 0x00, 0x80, 0x80, 0xA0, 0x20, 0x00, 0xA0, 0xA0, 0x20, 0xA0, 0xA0, 0x00, 0x00, 0x00, 0x00,
  0x00, 0x00, 0xFF, 0x81, 0xFF, 0x81, 0xCB, 0x81, 0xFF, 0x81, 0xFF, 0x81, 0xFF, 0xFF, 0x00, 0x00,
  0x00, 0x00, 0x7E, 0x7E, 0x7E, 0x08, 0x4A, 0x34, 0x7E, 0x20, 0x7E, 0x7E, 0x00, 0x00, 0x00, 0x00,
  0x00, 0x00, 0x00, 0x00, 0x00, 0x00, 0x00, 0x00, 0x00, 0x00, 0x00, 0x00, 0x00, 0x00, 0x00, 0x00,
  0x00, 0x00, 0x00, 0x00, 0x00, 0x00, 0x00, 0x00, 0x00, 0x00, 0x00, 0x00, 0x00, 0x00, 0x00, 0x00,
  0x00, 0x00, 0x00, 0x00, 0x00, 0x00, 0x00, 0x00, 0x00, 0x00, 0x00, 0x00, 0x00, 0x00, 0x00, 0x00,
  0x00, 0x00, 0x00, 0x00, 0x00, 0x00, 0x00, 0x00, 0x00, 0x00, 0x00, 0x00, 0x00, 0x00, 0x00, 0x00,
  0x03, 0x03, 0x02, 0x03, 0x03, 0x03, 0x01, 0x01, 0x01, 0x01, 0x01, 0x01, 0x00, 0x00, 0x00, 0x00,
  0x00, 0x01, 0x00, 0x01, 0x00, 0x01, 0x00, 0x00, 0x00, 0x00, 0x00, 0x00, 0x00, 0x00, 0x00, 0x00,
  0xC6, 0xFE, 0xFF, 0xFE, 0xFF, 0x9F, 0xFF, 0xC3, 0xFF, 0xF3, 0xFE, 0xFF, 0xFE, 0xFF, 0xFC, 0xFF,
  0x01, 0x7D, 0x00, 0x7C, 0x00, 0x1D, 0x00, 0x01, 0x00, 0x81, 0x00, 0xE3, 0x00, 0x77, 0x00, 0x66,
  0xC6, 0xFE, 0xFF, 0xFE, 0xFF, 0x9F, 0xFF, 0xC3, 0xFF, 0xF3, 0xFE, 0xFF, 0xFE, 0xFF, 0xFC, 0xFF,
  0x01, 0x7D, 0x00, 0x7C, 0x00, 0x1D, 0x00, 0x01, 0x00, 0x81, 0x00, 0xE3, 0x00, 0x77, 0x00, 0x66,
  0xF8, 0x38, 0xF8, 0xF8, 0x8C, 0xFC, 0x04, 0xFC, 0x04, 0xFC, 0x84, 0xFC, 0x8C, 0xFC, 0x5E, 0xFE,
  0x00, 0x00, 0x00, 0x70, 0x00, 0xF8, 0x00, 0xCC, 0x20, 0x8C, 0x00, 0x88, 0x00, 0xD8, 0x00, 0x70,
  0x00, 0x00, 0x00, 0x00, 0x00, 0x00, 0x00, 0x00, 0x00, 0x00, 0x00, 0x00, 0x00, 0x00, 0x00, 0x00,
  0x00, 0x00, 0x00, 0x00, 0x00, 0x00, 0x00, 0x00, 0x00, 0x00, 0x00, 0x00, 0x00, 0x00, 0x00, 0x00,
  0x00, 0x00, 0x00, 0x00, 0x00, 0x00, 0x00, 0x00, 0x00, 0x00, 0x00, 0x00, 0x00, 0x00, 0x00, 0x00,
  0x00, 0x00, 0x00, 0x00, 0x00, 0x00, 0x00, 0x00, 0x00, 0x00, 0x00, 0x00, 0x00, 0x00, 0x00, 0x00,
  0x00, 0x00, 0x00, 0x00, 0x00, 0x00, 0x00, 0x00, 0x00, 0x00, 0x00, 0x00, 0x00, 0x00, 0x00, 0x00,
  0x00, 0x00, 0x00, 0x00, 0x00, 0x00, 0x00, 0x00, 0x00, 0x00, 0x00, 0x00, 0x00, 0x00, 0x00, 0x00,
  0x00, 0x00, 0x00, 0x00, 0x00, 0x00, 0x00, 0x00, 0x00, 0x00, 0x00, 0x00, 0x00, 0x00, 0x00, 0x00,
  0x00, 0x00, 0x00, 0x00, 0x00, 0x00, 0x00, 0x00, 0x00, 0x00, 0x00, 0x00, 0x00, 0x00, 0x00, 0x00,
  0x1C, 0x1F, 0x07, 0x07, 0x06, 0x07, 0x03, 0x03, 0x00, 0x00, 0x00, 0x00, 0x00, 0x00, 0x00, 0x00,
  0x00, 0x17, 0x00, 0x00, 0x00, 0x03, 0x00, 0x01, 0x00, 0x00, 0x00, 0x00, 0x00, 0x00, 0x00, 0x00,
  0x6C, 0xEF, 0xC7, 0xC7, 0xC3, 0xC3, 0xC0, 0xC0, 0x00, 0x00, 0x00, 0x00, 0x00, 0x00, 0x00, 0x00,
  0x00, 0xC6, 0x00, 0x03, 0x00, 0x00, 0x00, 0x00, 0x00, 0x00, 0x00, 0x00, 0x00, 0x00, 0x00, 0x00,
  0xE5, 0xFF, 0xFF, 0xFF, 0xFF, 0xFC, 0xF5, 0xE4, 0x7F, 0x7F, 0xFC, 0x1F, 0x78, 0x5F, 0x38, 0x3F,
  0x80, 0xB5, 0x80, 0xBF, 0x83, 0x82, 0x95, 0x8B, 0x40, 0xC7, 0xC0, 0x47, 0x02, 0x0C, 0x00, 0x0C,
  0x70, 0xF0, 0xE0, 0xF0, 0xE0, 0x30, 0xF8, 0xF8, 0xF8, 0xF8, 0x7E, 0xFE, 0x7D, 0xFF, 0x68, 0xEF,
  0x20, 0xE0, 0x30, 0xF0, 0xF0, 0x70, 0x30, 0x38, 0x20, 0xA0, 0x00, 0xCE, 0x00, 0xC7, 0x01, 0xC0,
  0x00, 0x00, 0x00, 0x00, 0x00, 0x00, 0x00, 0x00, 0x00, 0x00, 0x00, 0x00, 0x00, 0x00, 0x00, 0x00,
  0x00, 0x00, 0x00, 0x00, 0x00, 0x00, 0x00, 0x00, 0x00, 0x00, 0x00, 0x00, 0x00, 0x00, 0x00, 0x00,
  0x00, 0x00, 0x00, 0x00, 0x00, 0x00, 0x00, 0x00, 0x00, 0x00, 0x00, 0x00, 0x00, 0x00, 0x00, 0x00,
  0x00, 0x00, 0x00, 0x00, 0x00, 0x00, 0x00, 0x00, 0x00, 0x00, 0x00, 0x00, 0x00, 0x00, 0x00, 0x00,
  0x00, 0x00, 0x00, 0x00, 0x00, 0x00, 0x00, 0x00, 0x00, 0x00, 0x00, 0x00, 0x00, 0x00, 0x00, 0x00,
  0x00, 0x00, 0x00, 0x00, 0x00, 0x00, 0x00, 0x00, 0x00, 0x00, 0x00, 0x00, 0x00, 0x00, 0x00, 0x00,
  0x00, 0x00, 0x00, 0x00, 0x00, 0x00, 0x00, 0x00, 0x00, 0x00, 0x00, 0x00, 0x00, 0x00, 0x00, 0x00,
  0x00, 0x00, 0x00, 0x00, 0x00, 0x00, 0x00, 0x00, 0x00, 0x00, 0x00, 0x00, 0x00, 0x00, 0x00, 0x00,
  0x00, 0x00, 0x00, 0x00, 0x00, 0x00, 0x00, 0x00, 0x00, 0x00, 0x01, 0x01, 0x02, 0x03, 0x03, 0x03,
  0x00, 0x00, 0x00, 0x00, 0x00, 0x00, 0x00, 0x00, 0x00, 0x00, 0x00, 0x01, 0x00, 0x03, 0x00, 0x00,
  0x7C, 0x7F, 0xFE, 0xFF, 0x7F, 0xFF, 0x3B, 0x7F, 0x7D, 0x7F, 0xBF, 0xFF, 0x7F, 0xFF, 0xFF, 0xFF,
  0x00, 0x2E, 0x00, 0x87, 0x00, 0xC1, 0x00, 0x6E, 0x00, 0x27, 0x00, 0xD0, 0x00, 0xE8, 0x00, 0x00,
  0x7C, 0x7F, 0xFE, 0xFF, 0x7F, 0xFF, 0x3B, 0x7F, 0x7D, 0x7F, 0xBF, 0xFF, 0x7F, 0xFF, 0xFF, 0xFF,
  0x00, 0x2E, 0x00, 0x87, 0x00, 0xC1, 0x00, 0x6E, 0x00, 0x27, 0x00, 0xD0, 0x00, 0xE8, 0x00, 0x00,
  0x7F, 0xFF, 0xFF, 0xFF, 0xD9, 0xFF, 0xBD, 0xFF, 0xFF, 0xFF, 0xFB, 0xFF, 0xCE, 0xFE, 0xFE, 0xFE,
  0x00, 0xE0, 0x00, 0x8A, 0x00, 0x2E, 0x00, 0xCE, 0x00, 0x90, 0x00, 0x06, 0x00, 0x7C, 0x00, 0x00,
  0x00, 0x00, 0x00, 0x00, 0x00, 0x00, 0x00, 0x00, 0x00, 0x00, 0x00, 0x00, 0x00, 0x00, 0x00, 0x00,
  0x00, 0x00, 0x00, 0x00, 0x00, 0x00, 0x00, 0x00, 0x00, 0x00, 0x00, 0x00, 0x00, 0x00, 0x00, 0x00,
  0x00, 0x00, 0x00, 0x00, 0x00, 0x00, 0x00, 0x00, 0x00, 0x00, 0x00, 0x00, 0x00, 0x00, 0x00, 0x00,
  0x00, 0x00, 0x00, 0x00, 0x00, 0x00, 0x00, 0x00, 0x00, 0x00, 0x00, 0x00, 0x00, 0x00, 0x00, 0x00,
  0x00, 0x00, 0x00, 0x00, 0x00, 0x00, 0x00, 0x00, 0x00, 0x00, 0x00, 0x00, 0x00, 0x00, 0x00, 0x00,
  0x00, 0x00, 0x00, 0x00, 0x00, 0x00, 0x00, 0x00, 0x00, 0x00, 0x00, 0x00, 0x00, 0x00, 0x00, 0x00,
  0x00, 0x00, 0x00, 0x00, 0x00, 0x00, 0x00, 0x00, 0x00, 0x00, 0x00, 0x00, 0x00, 0x00, 0x00, 0x00,
  0x00, 0x00, 0x00, 0x00, 0x00, 0x00, 0x00, 0x00, 0x00, 0x00, 0x00, 0x00, 0x00, 0x00, 0x00, 0x00,
  0x0E, 0x0F, 0x0F, 0x0F, 0x07, 0x0E, 0x07, 0x0F, 0x0F, 0x0F, 0x7E, 0x7F, 0x9C, 0xFF, 0x2C, 0xFF,
  0x00, 0x03, 0x0C, 0x0D, 0x0D, 0x0C, 0x0C, 0x0C, 0x04, 0x05, 0x00, 0x63, 0x00, 0xA2, 0x00, 0xDA,
  0xAF, 0xFF, 0xAF, 0xFF, 0xFF, 0x7F, 0xAF, 0x23, 0xFF, 0xFC, 0x1E, 0xFA, 0x1C, 0xF8, 0x1C, 0xFC,
  0x01, 0xAD, 0x01, 0xFD, 0x81, 0xF1, 0xAD, 0x55, 0x03, 0x03, 0x00, 0xF1, 0x40, 0x30, 0x00, 0x20,
  0x02, 0x03, 0x05, 0x06, 0x0F, 0x0F, 0x0B, 0x0B, 0x03, 0x03, 0x07, 0x07, 0x0E, 0x0B, 0x0E, 0x0F,
  0x03, 0x03, 0x06, 0x07, 0x0F, 0x0F, 0x0C, 0x08, 0x0C, 0x01, 0x08, 0x03, 0x04, 0x03, 0x08, 0x0B,
  0xE0, 0xE0, 0xA8, 0x78, 0xFC, 0xFC, 0xFE, 0xFE, 0xAE, 0xFE, 0x0F, 0xFF, 0x07, 0xFF, 0x27, 0xFF,
  0xE0, 0xE0, 0x70, 0xB0, 0xF8, 0xF8, 0x0C, 0x0C, 0x02, 0xF2, 0x00, 0xA8, 0x01, 0x2D, 0x40, 0xAC,
  0x00, 0x00, 0xE0, 0x60, 0xF0, 0x50, 0xD0, 0xD0, 0xF0, 0x50, 0xF0, 0x50, 0xE0, 0xE0, 0x00, 0x00,
  0x00, 0x00, 0x80, 0x80, 0xA0, 0x20, 0x80, 0x20, 0xA0, 0x00, 0xA0, 0xA0, 0x00, 0x00, 0x00, 0x00,
  0x00, 0x00, 0xFF, 0x81, 0xFF, 0x81, 0x83, 0x83, 0xFF, 0x81, 0xFF, 0x81, 0xFF, 0xFF, 0x00, 0x00,
  0x00, 0x00, 0x7E, 0x7E, 0x7E, 0x00, 0x02, 0x7C, 0x7E, 0x00, 0x7E, 0x7E, 0x00, 0x00, 0x00, 0x00,
  0x00, 0x00, 0x00, 0x00, 0x00, 0x00, 0x00, 0x00, 0x00, 0x00, 0x00, 0x00, 0x00, 0x00, 0x00, 0x00,
  0x00, 0x00, 0x00, 0x00, 0x00, 0x00, 0x00, 0x00, 0x00, 0x00, 0x00, 0x00, 0x00, 0x00, 0x00, 0x00,
  0x00, 0x00, 0x00, 0x00, 0x00, 0x00, 0x00, 0x00, 0x00, 0x00, 0x00, 0x00, 0x00, 0x00, 0x00, 0x00,
  0x00, 0x00, 0x00, 0x00, 0x00, 0x00, 0x00, 0x00, 0x00, 0x00, 0x00, 0x00, 0x00, 0x00, 0x00, 0x00,
  0x03, 0x03, 0x02, 0x03, 0x03, 0x03, 0x01, 0x01, 0x01, 0x01, 0x01, 0x01, 0x00, 0x00, 0x00, 0x00,
  0x00, 0x01, 0x00, 0x01, 0x00, 0x01, 0x00, 0x00, 0x00, 0x00, 0x00, 0x00, 0x00, 0x00, 0x00, 0x00,
  0xC6, 0xFE, 0xFF, 0xFE, 0xFF, 0x9F, 0xFF, 0xC3, 0xFF, 0xF3, 0xFE, 0xFF, 0xFE, 0xFF, 0xFC, 0xFF,
  0x01, 0x7D, 0x00, 0x7C, 0x00, 0x1D, 0x00, 0x01, 0x00, 0x81, 0x00, 0xE3, 0x00, 0x77, 0x00, 0x66,
  0xC6, 0xFE, 0xFF, 0xFE, 0xFF, 0x9F, 0xFF, 0xC3, 0xFF, 0xF3, 0xFE, 0xFF, 0xFE, 0xFF, 0xFC, 0xFF,
  0x01, 0x7D, 0x00, 0x7C, 0x00, 0x1D, 0x00, 0x01, 0x00, 0x81, 0x00, 0xE3, 0x00, 0x77, 0x00, 0x66,
  0xF8, 0x38, 0xF8, 0xF8, 0x8C, 0xFC, 0x04, 0xFC, 0x04, 0xFC, 0x84, 0xFC, 0x8C, 0xFC, 0x5E, 0xFE,
  0x00, 0x00, 0x00, 0x70, 0x00, 0xF8, 0x00, 0xCC, 0x20, 0x8C, 0x00, 0x88, 0x00, 0xD8, 0x00, 0x70,
  0x00, 0x00, 0x00, 0x00, 0x00, 0x00, 0x00, 0x00, 0x00, 0x00, 0x00, 0x00, 0x00, 0x00, 0x00, 0x00,
  0x00, 0x00, 0x00, 0x00, 0x00, 0x00, 0x00, 0x00, 0x00, 0x00, 0x00, 0x00, 0x00, 0x00, 0x00, 0x00,
  0x00, 0x00, 0x00, 0x00, 0x00, 0x00, 0x00, 0x00, 0x00, 0x00, 0x00, 0x00, 0x00, 0x00, 0x00, 0x00,
  0x00, 0x00, 0x00, 0x00, 0x00, 0x00, 0x00, 0x00, 0x00, 0x00, 0x00, 0x00, 0x00, 0x00, 0x00, 0x00,
  0x00, 0x00, 0x00, 0x00, 0x00, 0x00, 0x00, 0x00, 0x00, 0x00, 0x00, 0x00, 0x00, 0x00, 0x00, 0x00,
  0x00, 0x00, 0x00, 0x00, 0x00, 0x00, 0x00, 0x00, 0x00, 0x00, 0x00, 0x00, 0x00, 0x00, 0x00, 0x00,
  0x00, 0x00, 0x00, 0x00, 0x00, 0x00, 0x00, 0x00, 0x00, 0x00, 0x00, 0x00, 0x00, 0x00, 0x00, 0x00,
  0x00, 0x00, 0x00, 0x00, 0x00, 0x00, 0x00, 0x00, 0x00, 0x00, 0x00, 0x00, 0x00, 0x00, 0x00, 0x00,
  0xC6, 0xFF, 0xC7, 0xFF, 0xE7, 0xFF, 0x7D, 0x7F, 0x0F, 0x0F, 0x00, 0x00, 0x00, 0x00, 0x00, 0x00,
  0x10, 0x8D, 0x00, 0x69, 0x00, 0x3A, 0x00, 0x1B, 0x00, 0x03, 0x00, 0x00, 0x00, 0x00, 0x00, 0x00,
  0x38, 0xF0, 0x60, 0xE0, 0xC0, 0xC0, 0x80, 0x80, 0x00, 0x00, 0x00, 0x00, 0x00, 0x00, 0x00, 0x00,
  0x00, 0x60, 0x00, 0xC0, 0x00, 0x80, 0x00, 0x00, 0x00, 0x00, 0x00, 0x00, 0x00, 0x00, 0x00, 0x00,
  0x0E, 0x0F, 0x0F, 0x0F, 0x07, 0x0E, 0x07, 0x0F, 0x0F, 0x0F, 0x7E, 0x7F, 0x9C, 0xFF, 0x2C, 0xFF,
  0x00, 0x03, 0x0C, 0x0D, 0x0D, 0x0C, 0x0C, 0x0C, 0x04, 0x05, 0x00, 0x63, 0x00, 0xA2, 0x00, 0xDA,
  0xAF, 0xFF, 0xAF, 0xFF, 0xFF, 0x7F, 0xAF, 0x23, 0xFF, 0xFC, 0x1E, 0xFA, 0x1C, 0xF8, 0x1C, 0xFC,
  0x01, 0xAD, 0x01, 0xFD, 0x81, 0xF1, 0xAD, 0x55, 0x03, 0x03, 0x00, 0xF1, 0x40, 0x30, 0x00, 0x20,
  0x00, 0x00, 0x00, 0x00, 0x00, 0x00, 0x00, 0x00, 0x00, 0x00, 0x00, 0x00, 0x00, 0x00, 0x00, 0x00,
  0x00, 0x00, 0x00, 0x00, 0x00, 0x00, 0x00, 0x00, 0x00, 0x00, 0x00, 0x00, 0x00, 0x00, 0x00, 0x00,
  0x00, 0x00, 0x00, 0x00, 0x00, 0x00, 0x00, 0x00, 0x00, 0x00, 0x00, 0x00, 0x00, 0x00, 0x00, 0x00,
  0x00, 0x00, 0x00, 0x00, 0x00, 0x00, 0x00, 0x00, 0x00, 0x00, 0x00, 0x00, 0x00, 0x00, 0x00, 0x00,
  0x00, 0x00, 0x00, 0x00, 0x00, 0x00, 0x00, 0x00, 0x00, 0x00, 0x00, 0x00, 0x00, 0x00, 0x00, 0x00,
  0x00, 0x00, 0x00, 0x00, 0x00, 0x00, 0x00, 0x00, 0x00, 0x00, 0x00, 0x00, 0x00, 0x00, 0x00, 0x00,
  0x00, 0x00, 0x00, 0x00, 0x00, 0x00, 0x00, 0x00, 0x00, 0x00, 0x00, 0x00, 0x00, 0x00, 0x00, 0x00,
  0x00, 0x00, 0x00, 0x00, 0x00, 0x00, 0x00, 0x00, 0x00, 0x00, 0x00, 0x00, 0x00, 0x00, 0x00, 0x00,
  0x00, 0x00, 0x00, 0x00, 0x00, 0x00, 0x00, 0x00, 0x00, 0x00, 0x01, 0x01, 0x02, 0x03, 0x03, 0x03,
  0x00, 0x00, 0x00, 0x00, 0x00, 0x00, 0x00, 0x00, 0x00, 0x00, 0x00, 0x01, 0x00, 0x03, 0x00, 0x00,
  0x7C, 0x7F, 0xFE, 0xFF, 0x7F, 0xFF, 0x3B, 0x7F, 0x7D, 0x7F, 0xBF, 0xFF, 0x7F, 0xFF, 0xFF, 0xFF,
  0x00, 0x2E, 0x00, 0x87, 0x00, 0xC1, 0x00, 0x6E, 0x00, 0x27, 0x00, 0xD0, 0x00, 0xE8, 0x00, 0x00,
  0x7C, 0x7F, 0xFE, 0xFF, 0x7F, 0xFF, 0x3B, 0x7F, 0x7D, 0x7F, 0xBF, 0xFF, 0x7F, 0xFF, 0xFF, 0xFF,
  0x00, 0x2E, 0x00, 0x87, 0x00, 0xC1, 0x00, 0x6E, 0x00, 0x27, 0x00, 0xD0, 0x00, 0xE8, 0x00, 0x00,
  0x7F, 0xFF, 0xFF, 0xFF, 0xD9, 0xFF, 0xBD, 0xFF, 0xFF, 0xFF, 0xFB, 0xFF, 0xCE, 0xFE, 0xFE, 0xFE,
  0x00, 0xE0, 0x00, 0x8A, 0x00, 0x2E, 0x00, 0xCE, 0x00, 0x90, 0x00, 0x06, 0x00, 0x7C, 0x00, 0x00,
  0x00, 0x00, 0x00, 0x00, 0x00, 0x00, 0x00, 0x00, 0x00, 0x00, 0x00, 0x00, 0x00, 0x00, 0x00, 0x00,
  0x00, 0x00, 0x00, 0x00, 0x00, 0x00, 0x00, 0x00, 0x00, 0x00, 0x00, 0x00, 0x00, 0x00, 0x00, 0x00,
  0x00, 0x00, 0x00, 0x00, 0x00, 0x00, 0x00, 0x00, 0x00, 0x00, 0x00, 0x00, 0x00, 0x00, 0x00, 0x00,
  0x00, 0x00, 0x00, 0x00, 0x00, 0x00, 0x00, 0x00, 0x00, 0x00, 0x00, 0x00, 0x00, 0x00, 0x00, 0x00,
  0x00, 0x00, 0x00, 0x00, 0x00, 0x00, 0x00, 0x00, 0x00, 0x00, 0x00, 0x00, 0x00, 0x00, 0x00, 0x00,
  0x00, 0x00, 0x00, 0x00, 0x00, 0x00, 0x00, 0x00, 0x00, 0x00, 0x00, 0x00, 0x00, 0x00, 0x00, 0x00,
  0x00, 0x00, 0x00, 0x00, 0x00, 0x00, 0x00, 0x00, 0x00, 0x00, 0x00, 0x00, 0x00, 0x00, 0x00, 0x00,
  0x00, 0x00, 0x00, 0x00, 0x00, 0x00, 0x00, 0x00, 0x00, 0x00, 0x00, 0x00, 0x00, 0x00, 0x00, 0x00,
  0x0E, 0x0F, 0x0F, 0x0F, 0x07, 0x0E, 0x0F, 0x0F, 0x0F, 0x0F, 0x7E, 0x7F, 0x9C, 0xFF, 0x6C, 0xFF,
  0x00, 0x03, 0x0C, 0x0D, 0x0D, 0x0C, 0x0C, 0x0C, 0x04, 0x05, 0x00, 0x63, 0x00, 0xA3, 0x00, 0xDA,
  0xAF, 0xFF, 0xAF, 0xFF, 0xFF, 0x7F, 0x8F, 0x03, 0xFE, 0xFE, 0x3F, 0xFA, 0x1C, 0xF8, 0x1C, 0xFC,
  0x01, 0xAD, 0x01, 0xFD, 0x81, 0xE1, 0x8D, 0x75, 0x00, 0xC1, 0x01, 0xF0, 0x40, 0x30, 0x00, 0x20,
  0x02, 0x03, 0x01, 0x06, 0x07, 0x0F, 0x0B, 0x0B, 0x07, 0x03, 0x07, 0x07, 0x0E, 0x0B, 0x0E, 0x0F,
  0x03, 0x03, 0x06, 0x07, 0x0E, 0x0E, 0x0C, 0x08, 0x0C, 0x01, 0x08, 0x03, 0x04, 0x03, 0x08, 0x0B,
  0xE0, 0xE0, 0xA8, 0x78, 0xFC, 0xFC, 0xFE, 0xFE, 0xAE, 0xFE, 0x0F, 0xFF, 0x07, 0xFF, 0x27, 0xFF,
  0xE0, 0xE0, 0x38, 0xB8, 0x04, 0x04, 0x04, 0xF4, 0x02, 0xFA, 0x00, 0xBC, 0x01, 0x2D, 0x40, 0xAC,
  0x00, 0x00, 0xE0, 0x60, 0xF0, 0x50, 0x50, 0x50, 0xF0, 0x50, 0xF0, 0x50, 0xE0, 0xE0, 0x00, 0x00,
  0x00, 0x00, 0x80, 0x80, 0xA0, 0x20, 0x00, 0xA0, 0xA0, 0x20, 0xA0, 0xA0, 0x00, 0x00, 0x00, 0x00,
  0x00, 0x00, 0xFF, 0x81, 0xFF, 0x81, 0x83, 0x83, 0xFF, 0x81, 0xFF, 0x81, 0xFF, 0xFF, 0x00, 0x00,
  0x00, 0x00, 0x7E, 0x7E, 0x7E, 0x00, 0x02, 0x7C, 0x7E, 0x00, 0x7E, 0x7E, 0x00, 0x00, 0x00, 0x00,
  0x00, 0x00, 0x00, 0x00, 0x00, 0x00, 0x00, 0x00, 0x00, 0x00, 0x00, 0x00, 0x00, 0x00, 0x00, 0x00,
  0x00, 0x00, 0x00, 0x00, 0x00, 0x00, 0x00, 0x00, 0x00, 0x00, 0x00, 0x00, 0x00, 0x00, 0x00, 0x00,
  0x00, 0x00, 0x00, 0x00, 0x00, 0x00, 0x00, 0x00, 0x00, 0x00, 0x00, 0x00, 0x00, 0x00, 0x00, 0x00,
  0x00, 0x00, 0x00, 0x00, 0x00, 0x00, 0x00, 0x00, 0x00, 0x00, 0x00, 0x00, 0x00, 0x00, 0x00, 0x00,
  0x03, 0x03, 0x02, 0x03, 0x03, 0x03, 0x01, 0x01, 0x01, 0x01, 0x01, 0x01, 0x00, 0x00, 0x00, 0x00,
  0x00, 0x01, 0x00, 0x01, 0x00, 0x01, 0x00, 0x00, 0x00, 0x00, 0x00, 0x00, 0x00, 0x00, 0x00, 0x00,
  0xC6, 0xFE, 0xFF, 0xFE, 0xFF, 0x9F, 0xFF, 0xC3, 0xFF, 0xF3, 0xFE, 0xFF, 0xFE, 0xFF, 0xFC, 0xFF,
  0x01, 0x7D, 0x00, 0x7C, 0x00, 0x1D, 0x00, 0x01, 0x00, 0x81, 0x00, 0xE3, 0x00, 0x77, 0x00, 0x66,
  0xC6, 0xFE, 0xFF, 0xFE, 0xFF, 0x9F, 0xFF, 0xC3, 0xFF, 0xF3, 0xFE, 0xFF, 0xFE, 0xFF, 0xFC, 0xFF,
  0x01, 0x7D, 0x00, 0x7C, 0x00, 0x1D, 0x00, 0x01, 0x00, 0x81, 0x00, 0xE3, 0x00, 0x77, 0x00, 0x66,
  0xF8, 0x38, 0xF8, 0xF8, 0x8C, 0xFC, 0x04, 0xFC, 0x04, 0xFC, 0x84, 0xFC, 0x8C, 0xFC, 0x5E, 0xFE,
  0x00, 0x00, 0x00, 0x70, 0x00, 0xF8, 0x00, 0xCC, 0x20, 0x8C, 0x00, 0x88, 0x00, 0xD8, 0x00, 0x70,
  0x00, 0x00, 0x00, 0x00, 0x00, 0x00, 0x00, 0x00, 0x00, 0x00, 0x00, 0x00, 0x00, 0x00, 0x00, 0x00,
  0x00, 0x00, 0x00, 0x00, 0x00, 0x00, 0x00, 0x00, 0x00, 0x00, 0x00, 0x00, 0x00, 0x00, 0x00, 0x00,
  0x00, 0x00, 0x00, 0x00, 0x00, 0x00, 0x00, 0x00, 0x00, 0x00, 0x00, 0x00, 0x00, 0x00, 0x00, 0x00,
  0x00, 0x00, 0x00, 0x00, 0x00, 0x00, 0x00, 0x00, 0x00, 0x00, 0x00, 0x00, 0x00, 0x00, 0x00, 0x00,
  0x00, 0x00, 0x00, 0x00, 0x00, 0x00, 0x00, 0x00, 0x00, 0x00, 0x00, 0x00, 0x00, 0x00, 0x00, 0x00,
  0x00, 0x00, 0x00, 0x00, 0x00, 0x00, 0x00, 0x00, 0x00, 0x00, 0x00, 0x00, 0x00, 0x00, 0x00, 0x00,
  0x00, 0x00, 0x00, 0x00, 0x00, 0x00, 0x00, 0x00, 0x00, 0x00, 0x00, 0x00, 0x00, 0x00, 0x00, 0x00,
  0x00, 0x00, 0x00, 0x00, 0x00, 0x00, 0x00, 0x00, 0x00, 0x00, 0x00, 0x00, 0x00, 0x00, 0x00, 0x00,
  0xC6, 0xFF, 0xC7, 0xFF, 0x6D, 0x7F, 0x3D, 0x3F, 0x0F, 0x0F, 0x00, 0x00, 0x00, 0x00, 0x00, 0x00,
  0x10, 0x8D, 0x00, 0x69, 0x00, 0x3A, 0x00, 0x0B, 0x00, 0x00, 0x00, 0x00, 0x00, 0x00, 0x00, 0x00,
  0x38, 0xF0, 0x60, 0xE0, 0xC0, 0xC0, 0x80, 0x80, 0x00, 0x00, 0x00, 0x00, 0x00, 0x00, 0x00, 0x00,
  0x00, 0x60, 0x00, 0xC0, 0x00, 0x80, 0x00, 0x00, 0x00, 0x00, 0x00, 0x00, 0x00, 0x00, 0x00, 0x00,
  0x0E, 0x0F, 0x0F, 0x0F, 0x07, 0x0E, 0x0F, 0x0F, 0x0F, 0x0F, 0x7E, 0x7F, 0x9C, 0xFF, 0x6C, 0xFF,
  0x00, 0x03, 0x0C, 0x0D, 0x0D, 0x0C, 0x0C, 0x0C, 0x04, 0x05, 0x00, 0x63, 0x00, 0xA3, 0x00, 0xDA,
  0xAF, 0xFF, 0xAF, 0xFF, 0xFF, 0x7F, 0x8F, 0x03, 0xFE, 0xFE, 0x3F, 0xFA, 0x1C, 0xF8, 0x1C, 0xFC,
  0x01, 0xAD, 0x01, 0xFD, 0x81, 0xE1, 0x8D, 0x75, 0x00, 0xC1, 0x01, 0xF0, 0x40, 0x30, 0x00, 0x20,
  0x00, 0x00, 0x00, 0x00, 0x00, 0x00, 0x00, 0x00, 0x00, 0x00, 0x00, 0x00, 0x00, 0x00, 0x00, 0x00,
  0x00, 0x00, 0x00, 0x00, 0x00, 0x00, 0x00, 0x00, 0x00, 0x00, 0x00, 0x00, 0x00, 0x00, 0x00, 0x00,
  0x00, 0x00, 0x00, 0x00, 0x00, 0x00, 0x00, 0x00, 0x00, 0x00, 0x00, 0x00, 0x00, 0x00, 0x00, 0x00,
  0x00, 0x00, 0x00, 0x00, 0x00, 0x00, 0x00, 0x00, 0x00, 0x00, 0x00, 0x00, 0x00, 0x00, 0x00, 0x00,
  0x00, 0x00, 0x00, 0x00, 0x00, 0x00, 0x00, 0x00, 0x00, 0x00, 0x00, 0x00, 0x00, 0x00, 0x00, 0x00,
  0x00, 0x00, 0x00, 0x00, 0x00, 0x00, 0x00, 0x00, 0x00, 0x00, 0x00, 0x00, 0x00, 0x00, 0x00, 0x00,
  0x00, 0x00, 0x00, 0x00, 0x00, 0x00, 0x00, 0x00, 0x00, 0x00, 0x00, 0x00, 0x00, 0x00, 0x00, 0x00,
  0x00, 0x00, 0x00, 0x00, 0x00, 0x00, 0x00, 0x00, 0x00, 0x00, 0x00, 0x00, 0x00, 0x00, 0x00, 0x00,
  0x00, 0x00, 0x00, 0x00, 0x00, 0x00, 0x00, 0x00, 0x00, 0x00, 0x01, 0x01, 0x02, 0x03, 0x03, 0x03,
  0x00, 0x00, 0x00, 0x00, 0x00, 0x00, 0x00, 0x00, 0x00, 0x00, 0x00, 0x01, 0x00, 0x03, 0x00, 0x00,
  0x7C, 0x7F, 0xFE, 0xFF, 0x7F, 0xFF, 0x3B, 0x7F, 0x7D, 0x7F, 0xBF, 0xFF, 0x7F, 0xFF, 0xFF, 0xFF,
  0x00, 0x2E, 0x00, 0x87, 0x00, 0xC1, 0x00, 0x6E, 0x00, 0x27, 0x00, 0xD0, 0x00, 0xE8, 0x00, 0x00,
  0x7C, 0x7F, 0xFE, 0xFF, 0x7F, 0xFF, 0x3B, 0x7F, 0x7D, 0x7F, 0xBF, 0xFF, 0x7F, 0xFF, 0xFF, 0xFF,
  0x00, 0x2E, 0x00, 0x87, 0x00, 0xC1, 0x00, 0x6E, 0x00, 0x27, 0x00, 0xD0, 0x00, 0xE8, 0x00, 0x00,
  0x7F, 0xFF, 0xFF, 0xFF, 0xD9, 0xFF, 0xBD, 0xFF, 0xFF, 0xFF, 0xFB, 0xFF, 0xCE, 0xFE, 0xFE, 0xFE,
  0x00, 0xE0, 0x00, 0x8A, 0x00, 0x2E, 0x00, 0xCE, 0x00, 0x90, 0x00, 0x06, 0x00, 0x7C, 0x00, 0x00,
  0x00, 0x00, 0x00, 0x00, 0x00, 0x00, 0x00, 0x00, 0x00, 0x00, 0x00, 0x00, 0x00, 0x00, 0x00, 0x00,
  0x00, 0x00, 0x00, 0x00, 0x00, 0x00, 0x00, 0x00, 0x00, 0x00, 0x00, 0x00, 0x00, 0x00, 0x00, 0x00,
  0x00, 0x00, 0x00, 0x00, 0x00, 0x00, 0x00, 0x00, 0x00, 0x00, 0x00, 0x00, 0x00, 0x00, 0x00, 0x00,
  0x00, 0x00, 0x00, 0x00, 0x00, 0x00, 0x00, 0x00, 0x00, 0x00, 0x00, 0x00, 0x00, 0x00, 0x00, 0x00,
  0x00, 0x00, 0x00, 0x00, 0x00, 0x00, 0x00, 0x00, 0x00, 0x00, 0x00, 0x00, 0x00, 0x00, 0x00, 0x00,
  0x00, 0x00, 0x00, 0x00, 0x00, 0x00, 0x00, 0x00, 0x00, 0x00, 0x00, 0x00, 0x00, 0x00, 0x00, 0x00,
  0x00, 0x00, 0x00, 0x00, 0x00, 0x00, 0x00, 0x00, 0x00, 0x00, 0x00, 0x00, 0x00, 0x00, 0x00, 0x00,
  0x00, 0x00, 0x00, 0x00, 0x00, 0x00, 0x00, 0x00, 0x00, 0x00, 0x00, 0x00, 0x00, 0x00, 0x00, 0x00,
  0x0E, 0x0F, 0x07, 0x0F, 0x07, 0x0E, 0x0F, 0x0F, 0x0F, 0x0F, 0x7F, 0x7F, 0x9E, 0xFF, 0x6C, 0xFF,
  0x08, 0x09, 0x0C, 0x0D, 0x0D, 0x0C, 0x0C, 0x0C, 0x04, 0x05, 0x00, 0x63, 0x00, 0xAB, 0x00, 0xDE,
  0xAF, 0xFF, 0xAF, 0xFF, 0xFF, 0x3F, 0xCF, 0x02, 0xFE, 0xFC, 0x1F, 0xFA, 0x1C, 0xF8, 0x1C, 0xFC,
  0x01, 0xAD, 0x01, 0xFD, 0xC1, 0xC1, 0xCD, 0xB4, 0x02, 0x03, 0x01, 0xF1, 0x40, 0x30, 0x00, 0x20,
  0x00, 0x03, 0x01, 0x06, 0x07, 0x0B, 0x09, 0x09, 0x07, 0x03, 0x07, 0x07, 0x06, 0x0B, 0x0E, 0x0F,
  0x03, 0x03, 0x06, 0x07, 0x0E, 0x0A, 0x0C, 0x08, 0x0C, 0x01, 0x08, 0x03, 0x0C, 0x0B, 0x00, 0x03,
  0xE0, 0xE0, 0xA8, 0x78, 0xFC, 0xFC, 0xFE, 0xFE, 0xAE, 0xFE, 0x07, 0xFF, 0x07, 0xFF, 0x27, 0xFF,
  0xE0, 0xE0, 0x38, 0xF8, 0x04, 0x04, 0x06, 0xF6, 0x02, 0xFA, 0x00, 0xFC, 0x01, 0x2D, 0x40, 0xAC,
  0x00, 0x00, 0xE0, 0x60, 0xF0, 0x50, 0x50, 0x50, 0xF0, 0x50, 0xF0, 0x50, 0xE0, 0xE0, 0x00, 0x00,
  0x00, 0x00, 0x80, 0x80, 0xA0, 0x20, 0x00, 0xA0, 0xA0, 0x80, 0xA0, 0xA0, 0x00, 0x00, 0x00, 0x00,
  0x00, 0x00, 0xFF, 0x81, 0xFF, 0x81, 0x83, 0x83, 0xFF, 0x81, 0xFF, 0x81, 0xFF, 0xFF, 0x00, 0x00,
  0x00, 0x00, 0x7E, 0x7E, 0x7E, 0x00, 0x02, 0x7C, 0x7E, 0x00, 0x7E, 0x7E, 0x00, 0x00, 0x00, 0x00,
  0x00, 0x00, 0x00, 0x00, 0x00, 0x00, 0x00, 0x00, 0x00, 0x00, 0x00, 0x00, 0x00, 0x00, 0x00, 0x00,
  0x00, 0x00, 0x00, 0x00, 0x00, 0x00, 0x00, 0x00, 0x00, 0x00, 0x00, 0x00, 0x00, 0x00, 0x00, 0x00,
  0x00, 0x00, 0x00, 0x00, 0x00, 0x00, 0x00, 0x00, 0x00, 0x00, 0x00, 0x00, 0x00, 0x00, 0x00, 0x00,
  0x00, 0x00, 0x00, 0x00, 0x00, 0x00, 0x00, 0x00, 0x00, 0x00, 0x00, 0x00, 0x00, 0x00, 0x00, 0x00,
  0x03, 0x03, 0x02, 0x03, 0x03, 0x03, 0x01, 0x01, 0x01, 0x01, 0x01, 0x01, 0x00, 0x00, 0x00, 0x00,
  0x00, 0x01, 0x00, 0x01, 0x00, 0x01, 0x00, 0x00, 0x00, 0x00, 0x00, 0x00, 0x00, 0x00, 0x00, 0x00,
  0xC6, 0xFE, 0xFF, 0xFE, 0xFF, 0x9F, 0xFF, 0xC3, 0xFF, 0xF3, 0xFE, 0xFF, 0xFE, 0xFF, 0xFC, 0xFF,
  0x01, 0x7D, 0x00, 0x7C, 0x00, 0x1D, 0x00, 0x01, 0x00, 0x81, 0x00, 0xE3, 0x00, 0x77, 0x00, 0x66,
  0xC6, 0xFE, 0xFF, 0xFE, 0xFF, 0x9F, 0xFF, 0xC3, 0xFF, 0xF3, 0xFE, 0xFF, 0xFE, 0xFF, 0xFC, 0xFF,
  0x01, 0x7D, 0x00, 0x7C, 0x00, 0x1D, 0x00, 0x01, 0x00, 0x81, 0x00, 0xE3, 0x00, 0x77, 0x00, 0x66,
  0xF8, 0x38, 0xF8, 0xF8, 0x8C, 0xFC, 0x04, 0xFC, 0x04, 0xFC, 0x84, 0xFC, 0x8C, 0xFC, 0x5E, 0xFE,
  0x00, 0x00, 0x00, 0x70, 0x00, 0xF8, 0x00, 0xCC, 0x20, 0x8C, 0x00, 0x88, 0x00, 0xD8, 0x00, 0x70,
  0x00, 0x00, 0x00, 0x00, 0x00, 0x00, 0x00, 0x00, 0x00, 0x00, 0x00, 0x00, 0x00, 0x00, 0x00, 0x00,
  0x00, 0x00, 0x00, 0x00, 0x00, 0x00, 0x00, 0x00, 0x00, 0x00, 0x00, 0x00, 0x00, 0x00, 0x00, 0x00,
  0x00, 0x00, 0x00, 0x00, 0x00, 0x00, 0x00, 0x00, 0x00, 0x00, 0x00, 0x00, 0x00, 0x00, 0x00, 0x00,
  0x00, 0x00, 0x00, 0x00, 0x00, 0x00, 0x00, 0x00, 0x00, 0x00, 0x00, 0x00, 0x00, 0x00, 0x00, 0x00,
  0x00, 0x00, 0x00, 0x00, 0x00, 0x00, 0x00, 0x00, 0x00, 0x00, 0x00, 0x00, 0x00, 0x00, 0x00, 0x00,
  0x00, 0x00, 0x00, 0x00, 0x00, 0x00, 0x00, 0x00, 0x00, 0x00, 0x00, 0x00, 0x00, 0x00, 0x00, 0x00,
  0x00, 0x00, 0x00, 0x00, 0x00, 0x00, 0x00, 0x00, 0x00, 0x00, 0x00, 0x00, 0x00, 0x00, 0x00, 0x00,
  0x00, 0x00, 0x00, 0x00, 0x00, 0x00, 0x00, 0x00, 0x00, 0x00, 0x00, 0x00, 0x00, 0x00, 0x00, 0x00,
  0xC6, 0xFF, 0xCF, 0xFF, 0x6D, 0x7F, 0x3F, 0x3F, 0x0F, 0x0F, 0x00, 0x00, 0x00, 0x00, 0x00, 0x00,
  0x00, 0x89, 0x00, 0x69, 0x00, 0x3A, 0x00, 0x0B, 0x00, 0x00, 0x00, 0x00, 0x00, 0x00, 0x00, 0x00,
  0x30, 0xF0, 0x60, 0xE0, 0xC0, 0xC0, 0x80, 0x80, 0x00, 0x00, 0x00, 0x00, 0x00, 0x00, 0x00, 0x00,
  0x00, 0x60, 0x00, 0xC0, 0x00, 0x80, 0x00, 0x00, 0x00, 0x00, 0x00, 0x00, 0x00, 0x00, 0x00, 0x00,
  0x0E, 0x0F, 0x07, 0x0F, 0x07, 0x0E, 0x0F, 0x0F, 0x0F, 0x0F, 0x7F, 0x7F, 0x9E, 0xFF, 0x6C, 0xFF,
  0x08, 0x09, 0x0C, 0x0D, 0x0D, 0x0C, 0x0C, 0x0C, 0x04, 0x05, 0x00, 0x63, 0x00, 0xAB, 0x00, 0xDE,
  0xAF, 0xFF, 0xAF, 0xFF, 0xFF, 0x3F, 0xCF, 0x02, 0xFE, 0xFC, 0x1F, 0xFA, 0x1C, 0xF8, 0x1C, 0xFC,
  0x01, 0xAD, 0x01, 0xFD, 0xC1, 0xC1, 0xCD, 0xB4, 0x02, 0x03, 0x01, 0xF1, 0x40, 0x30, 0x00, 0x20,
  0x00, 0x00, 0x00, 0x00, 0x00, 0x00, 0x00, 0x00, 0x00, 0x00, 0x00, 0x00, 0x00, 0x00, 0x00, 0x00,
  0x00, 0x00, 0x00, 0x00, 0x00, 0x00, 0x00, 0x00, 0x00, 0x00, 0x00, 0x00, 0x00, 0x00, 0x00, 0x00,
  0x00, 0x00, 0x00, 0x00, 0x00, 0x00, 0x00, 0x00, 0x00, 0x00, 0x00, 0x00, 0x00, 0x00, 0x00, 0x00,
  0x00, 0x00, 0x00, 0x00, 0x00, 0x00, 0x00, 0x00, 0x00, 0x00, 0x00, 0x00, 0x00, 0x00, 0x00, 0x00,
  0x00, 0x00, 0x00, 0x00, 0x00, 0x00, 0x00, 0x00, 0x00, 0x00, 0x00, 0x00, 0x00, 0x00, 0x00, 0x00,
  0x00, 0x00, 0x00, 0x00, 0x00, 0x00, 0x00, 0x00, 0x00, 0x00, 0x00, 0x00, 0x00, 0x00, 0x00, 0x00,
  0x00, 0x00, 0x00, 0x00, 0x00, 0x00, 0x00, 0x00, 0x00, 0x00, 0x00, 0x00, 0x00, 0x00, 0x00, 0x00,
  0x00, 0x00, 0x00, 0x00, 0x00, 0x00, 0x00, 0x00, 0x00, 0x00, 0x00, 0x00, 0x00, 0x00, 0x00, 0x00,
  0x00, 0x00, 0x00, 0x00, 0x00, 0x00, 0x00, 0x00, 0x00, 0x00, 0x01, 0x01, 0x02, 0x03, 0x03, 0x03,
  0x00, 0x00, 0x00, 0x00, 0x00, 0x00, 0x00, 0x00, 0x00, 0x00, 0x00, 0x01, 0x00, 0x03, 0x00, 0x00,
  0x7C, 0x7F, 0xFE, 0xFF, 0x7F, 0xFF, 0x3B, 0x7F, 0x7D, 0x7F, 0xBF, 0xFF, 0x7F, 0xFF, 0xFF, 0xFF,
  0x00, 0x2E, 0x00, 0x87, 0x00, 0xC1, 0x00, 0x6E, 0x00, 0x27, 0x00, 0xD0, 0x00, 0xE8, 0x00, 0x00,
  0x7C, 0x7F, 0xFE, 0xFF, 0x7F, 0xFF, 0x3B, 0x7F, 0x7D, 0x7F, 0xBF, 0xFF, 0x7F, 0xFF, 0xFF, 0xFF,
  0x00, 0x2E, 0x00, 0x87, 0x00, 0xC1, 0x00, 0x6E, 0x00, 0x27, 0x00, 0xD0, 0x00, 0xE8, 0x00, 0x00,
  0x7F, 0xFF, 0xFF, 0xFF, 0xD9, 0xFF, 0xBD, 0xFF, 0xFF, 0xFF, 0xFB, 0xFF, 0xCE, 0xFE, 0xFE, 0xFE,
  0x00, 0xE0, 0x00, 0x8A, 0x00, 0x2E, 0x00, 0xCE, 0x00, 0x90, 0x00, 0x06, 0x00, 0x7C, 0x00, 0x00,
  0x00, 0x00, 0x00, 0x00, 0x00, 0x00, 0x00, 0x00, 0x00, 0x00, 0x00, 0x00, 0x00, 0x00, 0x00, 0x00,
  0x00, 0x00, 0x00, 0x00, 0x00, 0x00, 0x00, 0x00, 0x00, 0x00, 0x00, 0x00, 0x00, 0x00, 0x00, 0x00,
  0x00, 0x00, 0x00, 0x00, 0x00, 0x00, 0x00, 0x00, 0x00, 0x00, 0x00, 0x00, 0x00, 0x00, 0x00, 0x00,
  0x00, 0x00, 0x00, 0x00, 0x00, 0x00, 0x00, 0x00, 0x00, 0x00, 0x00, 0x00, 0x00, 0x00, 0x00, 0x00,
  0x00, 0x00, 0x00, 0x00, 0x00, 0x00, 0x00, 0x00, 0x00, 0x00, 0x00, 0x00, 0x00, 0x00, 0x00, 0x00,
  0x00, 0x00, 0x00, 0x00, 0x00, 0x00, 0x00, 0x00, 0x00, 0x00, 0x00, 0x00, 0x00, 0x00, 0x00, 0x00,
  0x00, 0x00, 0x00, 0x00, 0x00, 0x00, 0x00, 0x00, 0x00, 0x00, 0x00, 0x00, 0x00, 0x00, 0x00, 0x00,
  0x00, 0x00, 0x00, 0x00, 0x00, 0x00, 0x00, 0x00, 0x00, 0x00, 0x00, 0x00, 0x00, 0x00, 0x00, 0x00,
  0x0E, 0x0F, 0x0F, 0x0F, 0x07, 0x0E, 0x0F, 0x0F, 0x0F, 0x0F, 0x7E, 0x7F, 0x9C, 0xFF, 0x6C, 0xFF,
  0x00, 0x03, 0x0C, 0x0D, 0x0D, 0x0C, 0x0C, 0x0C, 0x04, 0x05, 0x00, 0x63, 0x00, 0xA3, 0x00, 0xDA,
  0xAF, 0xFF, 0xAF, 0xFF, 0xFF, 0x7F, 0x8F, 0x03, 0xFE, 0xFE, 0x3F, 0xFA, 0x1C, 0xF8, 0x1C, 0xFC,
  0x01, 0xAD, 0x01, 0xFD, 0x81, 0xE1, 0x8D, 0x75, 0x00, 0xC1, 0x01, 0xF0, 0x40, 0x30, 0x00, 0x20,
  0x02, 0x03, 0x01, 0x06, 0x07, 0x0F, 0x0B, 0x0B, 0x07, 0x03, 0x07, 0x07, 0x0E, 0x0B, 0x0E, 0x0F,
  0x03, 0x03, 0x06, 0x07, 0x0E, 0x0E, 0x0C, 0x08, 0x0C, 0x01, 0x08, 0x03, 0x04, 0x03, 0x08, 0x0B,
  0xE0, 0xE0, 0xA8, 0x78, 0xFC, 0xFC, 0xFE, 0xFE, 0xAE, 0xFE, 0x0F, 0xFF, 0x07, 0xFF, 0x27, 0xFF,
  0xE0, 0xE0, 0x38, 0xB8, 0x04, 0x04, 0x04, 0xF4, 0x02, 0xFA, 0x00, 0xBC, 0x01, 0x2D, 0x40, 0xAC,
  0x00, 0x00, 0xE0, 0x60, 0xF0, 0x50, 0x50, 0x50, 0xF0, 0x50, 0xF0, 0x50, 0xE0, 0xE0, 0x00, 0x00,
  0x00, 0x00, 0x80, 0x80, 0xA0, 0x20, 0x00, 0xA0, 0xA0, 0x20, 0xA0, 0xA0, 0x00, 0x00, 0x00, 0x00,
  0x00, 0x00, 0xFF, 0x81, 0xFF, 0x81, 0x83, 0x83, 0xFF, 0x81, 0xFF, 0x81, 0xFF, 0xFF, 0x00, 0x00,
  0x00, 0x00, 0x7E, 0x7E, 0x7E, 0x00, 0x02, 0x7C, 0x7E, 0x00, 0x7E, 0x7E, 0x00, 0x00, 0x00, 0x00,
  0x00, 0x00, 0x00, 0x00, 0x00, 0x00, 0x00, 0x00, 0x00, 0x00, 0x00, 0x00, 0x00, 0x00, 0x00, 0x00,
  0x00, 0x00, 0x00, 0x00, 0x00, 0x00, 0x00, 0x00, 0x00, 0x00, 0x00, 0x00, 0x00, 0x00, 0x00, 0x00,
  0x00, 0x00, 0x00, 0x00, 0x00, 0x00, 0x00, 0x00, 0x00, 0x00, 0x00, 0x00, 0x00, 0x00, 0x00, 0x00,
  0x00, 0x00, 0x00, 0x00, 0x00, 0x00, 0x00, 0x00, 0x00, 0x00, 0x00, 0x00, 0x00, 0x00, 0x00, 0x00,
  0x03, 0x03, 0x02, 0x03, 0x03, 0x03, 0x01, 0x01, 0x01, 0x01, 0x01, 0x01, 0x00, 0x00, 0x00, 0x00,
  0x00, 0x01, 0x00, 0x01, 0x00, 0x01, 0x00, 0x00, 0x00, 0x00, 0x00, 0x00, 0x00, 0x00, 0x00, 0x00,
  0xC6, 0xFE, 0xFF, 0xFE, 0xFF, 0x9F, 0xFF, 0xC3, 0xFF, 0xF3, 0xFE, 0xFF, 0xFE, 0xFF, 0xFC, 0xFF,
  0x01, 0x7D, 0x00, 0x7C, 0x00, 0x1D, 0x00, 0x01, 0x00, 0x81, 0x00, 0xE3, 0x00, 0x77, 0x00, 0x66,
  0xC6, 0xFE, 0xFF, 0xFE, 0xFF, 0x9F, 0xFF, 0xC3, 0xFF, 0xF3, 0xFE, 0xFF, 0xFE, 0xFF, 0xFC, 0xFF,
  0x01, 0x7D, 0x00, 0x7C, 0x00, 0x1D, 0x00, 0x01, 0x00, 0x81, 0x00, 0xE3, 0x00, 0x77, 0x00, 0x66,
  0xF8, 0x38, 0xF8, 0xF8, 0x8C, 0xFC, 0x04, 0xFC, 0x04, 0xFC, 0x84, 0xFC, 0x8C, 0xFC, 0x5E, 0xFE,
  0x00, 0x00, 0x00, 0x70, 0x00, 0xF8, 0x00, 0xCC, 0x20, 0x8C, 0x00, 0x88, 0x00, 0xD8, 0x00, 0x70,
  0x00, 0x00, 0x00, 0x00, 0x00, 0x00, 0x00, 0x00, 0x00, 0x00, 0x00, 0x00, 0x00, 0x00, 0x00, 0x00,
  0x00, 0x00, 0x00, 0x00, 0x00, 0x00, 0x00, 0x00, 0x00, 0x00, 0x00, 0x00, 0x00, 0x00, 0x00, 0x00,
  0x00, 0x00, 0x00, 0x00, 0x00, 0x00, 0x00, 0x00, 0x00, 0x00, 0x00, 0x00, 0x00, 0x00, 0x00, 0x00,
  0x00, 0x00, 0x00, 0x00, 0x00, 0x00, 0x00, 0x00, 0x00, 0x00, 0x00, 0x00, 0x00, 0x00, 0x00, 0x00,
  0x00, 0x00, 0x00, 0x00, 0x00, 0x00, 0x00, 0x00, 0x00, 0x00, 0x00, 0x00, 0x00, 0x00, 0x00, 0x00,
  0x00, 0x00, 0x00, 0x00, 0x00, 0x00, 0x00, 0x00, 0x00, 0x00, 0x00, 0x00, 0x00, 0x00, 0x00, 0x00,
  0x00, 0x00, 0x00, 0x00, 0x00, 0x00, 0x00, 0x00, 0x00, 0x00, 0x00, 0x00, 0x00, 0x00, 0x00, 0x00,
  0x00, 0x00, 0x00, 0x00, 0x00, 0x00, 0x00, 0x00, 0x00, 0x00, 0x00, 0x00, 0x00, 0x00, 0x00, 0x00,
  0xC6, 0xFF, 0xC7, 0xFF, 0x6D, 0x7F, 0x3D, 0x3F, 0x0F, 0x0F, 0x00, 0x00, 0x00, 0x00, 0x00, 0x00,
  0x10, 0x8D, 0x00, 0x69, 0x00, 0x3A, 0x00, 0x0B, 0x00, 0x00, 0x00, 0x00, 0x00, 0x00, 0x00, 0x00,
  0x38, 0xF0, 0x60, 0xE0, 0xC0, 0xC0, 0x80, 0x80, 0x00, 0x00, 0x00, 0x00, 0x00, 0x00, 0x00, 0x00,
  0x00, 0x60, 0x00, 0xC0, 0x00, 0x80, 0x00, 0x00, 0x00, 0x00, 0x00, 0x00, 0x00, 0x00, 0x00, 0x00,
  0x0E, 0x0F, 0x0F, 0x0F, 0x07, 0x0E, 0x0F, 0x0F, 0x0F, 0x0F, 0x7E, 0x7F, 0x9C, 0xFF, 0x6C, 0xFF,
  0x00, 0x03, 0x0C, 0x0D, 0x0D, 0x0C, 0x0C, 0x0C, 0x04, 0x05, 0x00, 0x63, 0x00, 0xA3, 0x00, 0xDA,
  0xAF, 0xFF, 0xAF, 0xFF, 0xFF, 0x7F, 0x8F, 0x03, 0xFE, 0xFE, 0x3F, 0xFA, 0x1C, 0xF8, 0x1C, 0xFC,
  0x01, 0xAD, 0x01, 0xFD, 0x81, 0xE1, 0x8D, 0x75, 0x00, 0xC1, 0x01, 0xF0, 0x40, 0x30, 0x00, 0x20,
  0x00, 0x00, 0x00, 0x00, 0x00, 0x00, 0x00, 0x00, 0x00, 0x00, 0x00, 0x00, 0x00, 0x00, 0x00, 0x00,
  0x00, 0x00, 0x00, 0x00, 0x00, 0x00, 0x00, 0x00, 0x00, 0x00, 0x00, 0x00, 0x00, 0x00, 0x00, 0x00,
  0x00, 0x00, 0x00, 0x00, 0x00, 0x00, 0x00, 0x00, 0x00, 0x00, 0x00, 0x00, 0x00, 0x00, 0x00, 0x00,
  0x00, 0x00, 0x00, 0x00, 0x00, 0x00, 0x00, 0x00, 0x00, 0x00, 0x00, 0x00, 0x00, 0x00, 0x00, 0x00,
  0x00, 0x00, 0x00, 0x00, 0x00, 0x00, 0x00, 0x00, 0x00, 0x00, 0x00, 0x00, 0x00, 0x00, 0x00, 0x00,
  0x00, 0x00, 0x00, 0x00, 0x00, 0x00, 0x00, 0x00, 0x00, 0x00, 0x00, 0x00, 0x00, 0x00, 0x00, 0x00,
  0x00, 0x00, 0x00, 0x00, 0x00, 0x00, 0x00, 0x00, 0x00, 0x00, 0x00, 0x00, 0x00, 0x00, 0x00, 0x00,
  0x00, 0x00, 0x00, 0x00, 0x00, 0x00, 0x00, 0x00, 0x00, 0x00, 0x00, 0x00, 0x00, 0x00, 0x00, 0x00,
  0x00, 0x00, 0x00, 0x00, 0x00, 0x00, 0x00, 0x00, 0x00, 0x00, 0x01, 0x01, 0x02, 0x03, 0x03, 0x03,
  0x00, 0x00, 0x00, 0x00, 0x00, 0x00, 0x00, 0x00, 0x00, 0x00, 0x00, 0x01, 0x00, 0x03, 0x00, 0x00,
  0x7C, 0x7F, 0xFE, 0xFF, 0x7F, 0xFF, 0x3B, 0x7F, 0x7D, 0x7F, 0xBF, 0xFF, 0x7F, 0xFF, 0xFF, 0xFF,
  0x00, 0x2E, 0x00, 0x87, 0x00, 0xC1, 0x00, 0x6E, 0x00, 0x27, 0x00, 0xD0, 0x00, 0xE8, 0x00, 0x00,
  0x7C, 0x7F, 0xFE, 0xFF, 0x7F, 0xFF, 0x3B, 0x7F, 0x7D, 0x7F, 0xBF, 0xFF, 0x7F, 0xFF, 0xFF, 0xFF,
  0x00, 0x2E, 0x00, 0x87, 0x00, 0xC1, 0x00, 0x6E, 0x00, 0x27, 0x00, 0xD0, 0x00, 0xE8, 0x00, 0x00,
  0x7F, 0xFF, 0xFF, 0xFF, 0xD9, 0xFF, 0xBD, 0xFF, 0xFF, 0xFF, 0xFB, 0xFF, 0xCE, 0xFE, 0xFE, 0xFE,
  0x00, 0xE0, 0x00, 0x8A, 0x00, 0x2E, 0x00, 0xCE, 0x00, 0x90, 0x00, 0x06, 0x00, 0x7C, 0x00, 0x00,
  0x00, 0x00, 0x00, 0x00, 0x00, 0x00, 0x00, 0x00, 0x00, 0x00, 0x00, 0x00, 0x00, 0x00, 0x00, 0x00,
  0x00, 0x00, 0x00, 0x00, 0x00, 0x00, 0x00, 0x00, 0x00, 0x00, 0x00, 0x00, 0x00, 0x00, 0x00, 0x00,
  0x00, 0x00, 0x00, 0x00, 0x00, 0x00, 0x00, 0x00, 0x00, 0x00, 0x00, 0x00, 0x00, 0x00, 0x00, 0x00,
  0x00, 0x00, 0x00, 0x00, 0x00, 0x00, 0x00, 0x00, 0x00, 0x00, 0x00, 0x00, 0x00, 0x00, 0x00, 0x00,
  0x00, 0x00, 0x00, 0x00, 0x00, 0x00, 0x00, 0x00, 0x00, 0x00, 0x00, 0x00, 0x00, 0x00, 0x00, 0x00,
  0x00, 0x00, 0x00, 0x00, 0x00, 0x00, 0x00, 0x00, 0x00, 0x00, 0x00, 0x00, 0x00, 0x00, 0x00, 0x00,
  0x00, 0x00, 0x00, 0x00, 0x00, 0x00, 0x00, 0x00, 0x00, 0x00, 0x00, 0x00, 0x00, 0x00, 0x00, 0x00,
  0x00, 0x00, 0x00, 0x00, 0x00, 0x00, 0x00, 0x00, 0x00, 0x00, 0x00, 0x00, 0x00, 0x00, 0x00, 0x00,
  0x07, 0x07, 0x15, 0x1E, 0x3F, 0x3F, 0x7F, 0x7F, 0x75, 0x7F, 0x70, 0x7F, 0xE0, 0xFF, 0xE4, 0xFF,
  0x07, 0x07, 0x0E, 0x0D, 0x1F, 0x1F, 0x30, 0x30, 0x40, 0x4F, 0x00, 0x15, 0x80, 0xB4, 0x02, 0x25,
  0xC0, 0xC0, 0xA0, 0x60, 0xF0, 0xF0, 0xD0, 0xD0, 0xC0, 0xC0, 0xE0, 0xE0, 0x70, 0xD0, 0x70, 0xF0,
  0xC0, 0xC0, 0x60, 0xE0, 0xF0, 0xF0, 0x30, 0x10, 0x30, 0x00, 0x50, 0x80, 0x20, 0xC0, 0x10, 0xD0,
  0x6C, 0xEF, 0xC7, 0xC7, 0xC3, 0xC3, 0xC0, 0xC0, 0x00, 0x00, 0x00, 0x00, 0x00, 0x00, 0x00, 0x00,
  0x00, 0xC7, 0x00, 0xC3, 0x00, 0x00, 0x00, 0x00, 0x00, 0x00, 0x00, 0x00, 0x00, 0x00, 0x00, 0x00,
  0x1C, 0x1F, 0x07, 0x07, 0x04, 0x07, 0x03, 0x03, 0x00, 0x00, 0x00, 0x00, 0x00, 0x00, 0x00, 0x00,
  0x00, 0x0F, 0x00, 0x04, 0x00, 0x03, 0x00, 0x03, 0x00, 0x00, 0x00, 0x00, 0x00, 0x00, 0x00, 0x00,
  0x00, 0x00, 0xE0, 0x60, 0xF0, 0x50, 0xD0, 0xD0, 0xF0, 0x50, 0xF0, 0x50, 0xE0, 0xE0, 0x00, 0x00,
  0x00, 0x00, 0x80, 0x80, 0xA0, 0x20, 0x80, 0x20, 0xA0, 0x00, 0xA0, 0xA0, 0x00, 0x00, 0x00, 0x00,
  0x00, 0x00, 0xFF, 0x81, 0xFF, 0x81, 0x83, 0x83, 0xFF, 0x81, 0xFF, 0x81, 0xFF, 0xFF, 0x00, 0x00,
  0x00, 0x00, 0x7E, 0x7E, 0x7E, 0x00, 0x02, 0x7C, 0x7E, 0x00, 0x7E, 0x7E, 0x00, 0x00, 0x00, 0x00,
  0x00, 0x00, 0x00, 0x00, 0x00, 0x00, 0x00, 0x00, 0x00, 0x00, 0x00, 0x00, 0x00, 0x00, 0x00, 0x00,
  0x00, 0x00, 0x00, 0x00, 0x00, 0x00, 0x00, 0x00, 0x00, 0x00, 0x00, 0x00, 0x00, 0x00, 0x00, 0x00,
  0x00, 0x00, 0x00, 0x00, 0x00, 0x00, 0x00, 0x00, 0x00, 0x00, 0x00, 0x00, 0x00, 0x00, 0x00, 0x00,
  0x00, 0x00, 0x00, 0x00, 0x00, 0x00, 0x00, 0x00, 0x00, 0x00, 0x00, 0x00, 0x00, 0x00, 0x00, 0x00,
  0x87, 0xFF, 0x86, 0xFE, 0x98, 0xF8, 0xF0, 0xF0, 0xF1, 0xF1, 0xE1, 0xF1, 0x92, 0xF3, 0xE3, 0xE3,
  0x00, 0x4F, 0x00, 0xDC, 0x00, 0xF0, 0x00, 0xE0, 0x00, 0x81, 0x00, 0x31, 0x00, 0xA1, 0x00, 0xC1,
  0xDC, 0xFC, 0x98, 0xF8, 0xB0, 0xF0, 0xF0, 0xF0, 0xE0, 0xE0, 0xF0, 0xF8, 0xE8, 0xF8, 0x58, 0xF8,
  0x00, 0x70, 0x00, 0xF8, 0x00, 0xF0, 0x00, 0xE0, 0x00, 0xC0, 0x00, 0xC8, 0x00, 0x18, 0x00, 0xF0,
  0x00, 0x00, 0x00, 0x00, 0x00, 0x00, 0x38, 0x20, 0x7D, 0x78, 0xFF, 0xFC, 0xCF, 0xFE, 0x87, 0xFF,
  0x00, 0x00, 0x00, 0x00, 0x00, 0x00, 0x07, 0x07, 0x02, 0x02, 0x00, 0x70, 0x00, 0xF8, 0x00, 0xCE,
  0x00, 0x00, 0x00, 0x00, 0x00, 0x00, 0x80, 0x00, 0x80, 0x80, 0xC0, 0xC0, 0xC0, 0xC0, 0xA0, 0xE0,
  0x00, 0x00, 0x00, 0x00, 0x00, 0x00, 0x00, 0x00, 0x00, 0x00, 0x00, 0x80, 0x00, 0x40, 0x00, 0x60,
  0x07, 0x07, 0x03, 0x03, 0x01, 0x01, 0x00, 0x00, 0x00, 0x00, 0x00, 0x00, 0x00, 0x00, 0x00, 0x00,
  0x00, 0x01, 0x00, 0x00, 0x00, 0x00, 0x00, 0x00, 0x00, 0x00, 0x00, 0x00, 0x00, 0x00, 0x00, 0x00,
  0x00, 0x00, 0x00, 0x00, 0x01, 0x01, 0x01, 0x01, 0x03, 0x03, 0x05, 0x07, 0x05, 0x07, 0x06, 0x07,
  0x00, 0x00, 0x00, 0x00, 0x00, 0x00, 0x00, 0x00, 0x00, 0x03, 0x00, 0x00, 0x00, 0x03, 0x00, 0x03,
  0x00, 0x00, 0x00, 0x00, 0x00, 0x00, 0x00, 0x00, 0x00, 0x00, 0x00, 0x00, 0x00, 0x00, 0x00, 0x00,
  0x00, 0x00, 0x00, 0x00, 0x00, 0x00, 0x00, 0x00, 0x00, 0x00, 0x00, 0x00, 0x00, 0x00, 0x00, 0x00,
  0x00, 0x00, 0x00, 0x00, 0x00, 0x00, 0x00, 0x00, 0x00, 0x00, 0x00, 0x00, 0x00, 0x00, 0x00, 0x00,
  0x00, 0x00, 0x00, 0x00, 0x00, 0x00, 0x00, 0x00, 0x00, 0x00, 0x00, 0x00, 0x00, 0x00, 0x00, 0x00,
  0xE5, 0xFF, 0xF5, 0xFF, 0xFF, 0xFE, 0xF5, 0xE4, 0xFF, 0x67, 0x7C, 0x1F, 0x38, 0x1F, 0x38, 0x3F,
  0x80, 0xB5, 0x80, 0xBF, 0x81, 0x87, 0xD5, 0xCA, 0xD8, 0x58, 0x40, 0xC7, 0x02, 0x0C, 0x00, 0x0C,
  0x70, 0xF0, 0xF0, 0xF0, 0xE0, 0x30, 0xF8, 0xF8, 0xF8, 0xF8, 0xFE, 0xFE, 0x7D, 0xFF, 0x68, 0xEF,
  0x20, 0xE0, 0x30, 0xB0, 0xF0, 0x70, 0x30, 0x38, 0x20, 0xA0, 0x00, 0xCE, 0x00, 0xC7, 0x01, 0xC4,
  0x00, 0x00, 0x00, 0x00, 0x00, 0x00, 0x00, 0x00, 0x00, 0x00, 0x00, 0x00, 0x00, 0x00, 0x00, 0x00,
  0x00, 0x00, 0x00, 0x00, 0x00, 0x00, 0x00, 0x00, 0x00, 0x00, 0x00, 0x00, 0x00, 0x00, 0x00, 0x00,
  0x00, 0x00, 0x00, 0x00, 0x00, 0x00, 0x00, 0x00, 0x00, 0x00, 0x00, 0x00, 0x00, 0x00, 0x00, 0x00,
  0x00, 0x00, 0x00, 0x00, 0x00, 0x00, 0x00, 0x00, 0x00, 0x00, 0x00, 0x00, 0x00, 0x00, 0x00, 0x00,
  0x00, 0x00, 0x00, 0x00, 0x00, 0x00, 0x00, 0x00, 0x00, 0x00, 0x00, 0x00, 0x00, 0x00, 0x00, 0x00,
  0x00, 0x00, 0x00, 0x00, 0x00, 0x00, 0x00, 0x00, 0x00, 0x00, 0x00, 0x00, 0x00, 0x00, 0x00, 0x00,
  0x00, 0x00, 0x00, 0x00, 0x00, 0x00, 0x00, 0x00, 0x00, 0x00, 0x00, 0x00, 0x00, 0x00, 0x00, 0x00,
  0x00, 0x00, 0x00, 0x00, 0x00, 0x00, 0x00, 0x00, 0x00, 0x00, 0x00, 0x00, 0x00, 0x00, 0x00, 0x00,
  0x00, 0x00, 0x00, 0x00, 0x00, 0x00, 0x00, 0x00, 0x00, 0x00, 0x00, 0x00, 0x00, 0x00, 0x00, 0x00,
  0x00, 0x00, 0x00, 0x00, 0x00, 0x00, 0x00, 0x00, 0x00, 0x00, 0x00, 0x00, 0x00, 0x00, 0x00, 0x00,
  0x00, 0x00, 0x00, 0x00, 0x00, 0x00, 0x00, 0x00, 0x00, 0x00, 0x00, 0x00, 0x00, 0x00, 0x00, 0x00,
  0x00, 0x00, 0x00, 0x00, 0x00, 0x00, 0x00, 0x00, 0x00, 0x00, 0x00, 0x00, 0x00, 0x00, 0x00, 0x00,
  0x01, 0xE1, 0xC8, 0xF8, 0xF8, 0xF8, 0x00, 0x00, 0x00, 0x00, 0x00, 0x00, 0x00, 0x00, 0x00, 0x00,
  0x00, 0xA0, 0x00, 0xF0, 0x00, 0x00, 0x00, 0x00, 0x00, 0x00, 0x00, 0x00, 0x00, 0x00, 0x00, 0x00,
  0xCC, 0xFC, 0xF1, 0xFF, 0x7F, 0x7F, 0x00, 0x00, 0x00, 0x00, 0x00, 0x00, 0x00, 0x00, 0x00, 0x00,
  0x00, 0xFC, 0x00, 0x3E, 0x00, 0x00, 0x00, 0x00, 0x00, 0x00, 0x00, 0x00, 0x00, 0x00, 0x00, 0x00,
  0x83, 0xFF, 0x81, 0xFF, 0xD0, 0xFF, 0x70, 0x7F, 0x3B, 0x3F, 0x1F, 0x1F, 0x6C, 0x7F, 0xC5, 0xFF,
  0x20, 0xC6, 0x00, 0x4B, 0x00, 0x71, 0x00, 0x39, 0x00, 0x0F, 0x00, 0x00, 0x00, 0x3A, 0x20, 0x4F,
  0xD0, 0xF0, 0xE8, 0xF8, 0xF4, 0xBC, 0xFE, 0x9E, 0xFB, 0xCF, 0xFF, 0xC7, 0xFC, 0xFE, 0xFE, 0xFE,
  0x00, 0xF0, 0x00, 0x78, 0x00, 0x3C, 0x00, 0x9E, 0x00, 0x0F, 0x00, 0x01, 0x00, 0x86, 0x00, 0x36,
  0x00, 0x00, 0x00, 0x00, 0x00, 0x00, 0x00, 0x00, 0x00, 0x00, 0x00, 0x00, 0x00, 0x00, 0x00, 0x00,
  0x00, 0x00, 0x00, 0x00, 0x00, 0x00, 0x00, 0x00, 0x00, 0x00, 0x00, 0x00, 0x00, 0x00, 0x00, 0x00,
  0x00, 0x00, 0x00, 0x00, 0x00, 0x00, 0x00, 0x00, 0x00, 0x00, 0x00, 0x00, 0x00, 0x00, 0x00, 0x00,
  0x00, 0x00, 0x00, 0x00, 0x00, 0x00, 0x00, 0x00, 0x00, 0x00, 0x00, 0x00, 0x00, 0x00, 0x00, 0x00,
  0x00, 0x00, 0x00, 0x00, 0x00, 0x00, 0x00, 0x00, 0x00, 0x00, 0x00, 0x00, 0x00, 0x00, 0x00, 0x00,
  0x00, 0x00, 0x00, 0x00, 0x00, 0x00, 0x00, 0x00, 0x00, 0x00, 0x00, 0x00, 0x00, 0x00, 0x00, 0x00,
  0x00, 0x00, 0x00, 0x00, 0x00, 0x00, 0x00, 0x00, 0x00, 0x00, 0x00, 0x00, 0x00, 0x00, 0x00, 0x00,
  0x00, 0x00, 0x00, 0x00, 0x00, 0x00, 0x00, 0x00, 0x00, 0x00, 0x00, 0x00, 0x00, 0x00, 0x00, 0x00,
  0x02, 0x03, 0x05, 0x06, 0x0F, 0x0F, 0x0B, 0x0B, 0x03, 0x03, 0x07, 0x07, 0x0E, 0x0B, 0x0E, 0x0F,
  0x03, 0x03, 0x06, 0x07, 0x0F, 0x0F, 0x0C, 0x08, 0x0C, 0x01, 0x08, 0x03, 0x04, 0x03, 0x08, 0x0B,
  0xE0, 0xE0, 0xA8, 0x78, 0xFC, 0xFC, 0xFE, 0xFE, 0xAE, 0xFE, 0x0F, 0xFF, 0x07, 0xFF, 0x27, 0xFF,
  0xE0, 0xE0, 0x70, 0xB0, 0xF8, 0xF8, 0x0C, 0x0C, 0x02, 0xF2, 0x00, 0xA8, 0x01, 0x2D, 0x40, 0xAC,
  0x38, 0xF0, 0x60, 0xE0, 0xC0, 0xC0, 0x80, 0x80, 0x00, 0x00, 0x00, 0x00, 0x00, 0x00, 0x00, 0x00,
  0x00, 0x60, 0x00, 0xC0, 0x00, 0x80, 0x00, 0x00, 0x00, 0x00, 0x00, 0x00, 0x00, 0x00, 0x00, 0x00,
  0xC6, 0xFF, 0xC7, 0xFF, 0xE7, 0xFF, 0x7D, 0x7F, 0x0F, 0x0F, 0x00, 0x00, 0x00, 0x00, 0x00, 0x00,
  0x10, 0x8D, 0x00, 0x69, 0x00, 0x3A, 0x00, 0x1B, 0x00, 0x03, 0x00, 0x00, 0x00, 0x00, 0x00, 0x00,
  0x00, 0x00, 0xE0, 0x60, 0xF0, 0x50, 0xD0, 0xD0, 0xF0, 0x50, 0xF0, 0x50, 0xE0, 0xE0, 0x00, 0x00,
  0x00, 0x00, 0x80, 0x80, 0xA0, 0x20, 0x80, 0x20, 0xA0, 0x00, 0xA0, 0xA0, 0x00, 0x00, 0x00, 0x00,
  0x00, 0x00, 0xFF, 0x81, 0xFF, 0x81, 0x83, 0x83, 0xFF, 0x81, 0xFF, 0x81, 0xFF, 0xFF, 0x00, 0x00,
  0x00, 0x00, 0x7E, 0x7E, 0x7E, 0x00, 0x02, 0x7C, 0x7E, 0x00, 0x7E, 0x7E, 0x00, 0x00, 0x00, 0x00,
  0x00, 0x00, 0x00, 0x00, 0x00, 0x00, 0x00, 0x00, 0x00, 0x00, 0x00, 0x00, 0x00, 0x00, 0x00, 0x00,
  0x00, 0x00, 0x00, 0x00, 0x00, 0x00, 0x00, 0x00, 0x00, 0x00, 0x00, 0x00, 0x00, 0x00, 0x00, 0x00,
  0x00, 0x00, 0x00, 0x00, 0x00, 0x00, 0x00, 0x00, 0x00, 0x00, 0x00, 0x00, 0x00, 0x00, 0x00, 0x00,
  0x00, 0x00, 0x00, 0x00, 0x00, 0x00, 0x00, 0x00, 0x00, 0x00, 0x00, 0x00, 0x00, 0x00, 0x00, 0x00,
  0x87, 0xFF, 0x86, 0xFE, 0x98, 0xF8, 0xF0, 0xF0, 0xF1, 0xF1, 0xE1, 0xF1, 0x92, 0xF3, 0xE3, 0xE3,
  0x00, 0x4F, 0x00, 0xDC, 0x00, 0xF0, 0x00, 0xE0, 0x00, 0x81, 0x00, 0x31, 0x00, 0xA1, 0x00, 0xC1,
  0xDC, 0xFC, 0x98, 0xF8, 0xB0, 0xF0, 0xF0, 0xF0, 0xE0, 0xE0, 0xF0, 0xF8, 0xE8, 0xF8, 0x58, 0xF8,
  0x00, 0x70, 0x00, 0xF8, 0x00, 0xF0, 0x00, 0xE0, 0x00, 0xC0, 0x00, 0xC8, 0x00, 0x18, 0x00, 0xF0,
  0x00, 0x00, 0x00, 0x00, 0x00, 0x00, 0x38, 0x20, 0x7D, 0x78, 0xFF, 0xFC, 0xCF, 0xFE, 0x87, 0xFF,
  0x00, 0x00, 0x00, 0x00, 0x00, 0x00, 0x07, 0x07, 0x02, 0x02, 0x00, 0x70, 0x00, 0xF8, 0x00, 0xCE,
  0x00, 0x00, 0x00, 0x00, 0x00, 0x00, 0x80, 0x00, 0x80, 0x80, 0xC0, 0xC0, 0xC0, 0xC0, 0xA0, 0xE0,
  0x00, 0x00, 0x00, 0x00, 0x00, 0x00, 0x00, 0x00, 0x00, 0x00, 0x00, 0x80, 0x00, 0x40, 0x00, 0x60,
  0x07, 0x07, 0x03, 0x03, 0x01, 0x01, 0x00, 0x00, 0x00, 0x00, 0x00, 0x00, 0x00, 0x00, 0x00, 0x00,
  0x00, 0x01, 0x00, 0x00, 0x00, 0x00, 0x00, 0x00, 0x00, 0x00, 0x00, 0x00, 0x00, 0x00, 0x00, 0x00,
  0x00, 0x00, 0x00, 0x00, 0x01, 0x01, 0x01, 0x01, 0x03, 0x03, 0x05, 0x07, 0x05, 0x07, 0x06, 0x07,
  0x00, 0x00, 0x00, 0x00, 0x00, 0x00, 0x00, 0x00, 0x00, 0x03, 0x00, 0x00, 0x00, 0x03, 0x00, 0x03,
  0x00, 0x00, 0x00, 0x00, 0x00, 0x00, 0x00, 0x00, 0x00, 0x00, 0x00, 0x00, 0x00, 0x00, 0x00, 0x00,
  0x00, 0x00, 0x00, 0x00, 0x00, 0x00, 0x00, 0x00, 0x00, 0x00, 0x00, 0x00, 0x00, 0x00, 0x00, 0x00,
  0x00, 0x00, 0x00, 0x00, 0x00, 0x00, 0x00, 0x00, 0x00, 0x00, 0x00, 0x00, 0x00, 0x00, 0x00, 0x00,
  0x00, 0x00, 0x00, 0x00, 0x00, 0x00, 0x00, 0x00, 0x00, 0x00, 0x00, 0x00, 0x00, 0x00, 0x00, 0x00,
  0x0E, 0x0F, 0x0F, 0x0F, 0x07, 0x0E, 0x07, 0x0F, 0x0F, 0x0F, 0x7E, 0x7F, 0x9C, 0xFF, 0x2C, 0xFF,
  0x00, 0x03, 0x0C, 0x0D, 0x0D, 0x0C, 0x0C, 0x0C, 0x04, 0x05, 0x00, 0x63, 0x00, 0xA2, 0x00, 0xDA,
  0xAF, 0xFF, 0xAF, 0xFF, 0xFF, 0x7F, 0xAF, 0x23, 0xFF, 0xFC, 0x1E, 0xFA, 0x1C, 0xF8, 0x1C, 0xFC,
  0x01, 0xAD, 0x01, 0xFD, 0x81, 0xF1, 0xAD, 0x55, 0x03, 0x03, 0x00, 0xF1, 0x40, 0x30, 0x00, 0x20,
  0x00, 0x00, 0x00, 0x00, 0x00, 0x00, 0x00, 0x00, 0x00, 0x00, 0x00, 0x00, 0x00, 0x00, 0x00, 0x00,
  0x00, 0x00, 0x00, 0x00, 0x00, 0x00, 0x00, 0x00, 0x00, 0x00, 0x00, 0x00, 0x00, 0x00, 0x00, 0x00,
  0x00, 0x00, 0x00, 0x00, 0x00, 0x00, 0x00, 0x00, 0x00, 0x00, 0x00, 0x00, 0x00, 0x00, 0x00, 0x00,
  0x00, 0x00, 0x00, 0x00, 0x00, 0x00, 0x00, 0x00, 0x00, 0x00, 0x00, 0x00, 0x00, 0x00, 0x00, 0x00,
  0x00, 0x00, 0x00, 0x00, 0x00, 0x00, 0x00, 0x00, 0x00, 0x00, 0x00, 0x00, 0x00, 0x00, 0x00, 0x00,
  0x00, 0x00, 0x00, 0x00, 0x00, 0x00, 0x00, 0x00, 0x00, 0x00, 0x00, 0x00, 0x00, 0x00, 0x00, 0x00,
  0x00, 0x00, 0x00, 0x00, 0x00, 0x00, 0x00, 0x00, 0x00, 0x00, 0x00, 0x00, 0x00, 0x00, 0x00, 0x00,
  0x00, 0x00, 0x00, 0x00, 0x00, 0x00, 0x00, 0x00, 0x00, 0x00, 0x00, 0x00, 0x00, 0x00, 0x00, 0x00,
  0x00, 0x00, 0x00, 0x00, 0x00, 0x00, 0x00, 0x00, 0x00, 0x00, 0x00, 0x00, 0x00, 0x00, 0x00, 0x00,
  0x00, 0x00, 0x00, 0x00, 0x00, 0x00, 0x00, 0x00, 0x00, 0x00, 0x00, 0x00, 0x00, 0x00, 0x00, 0x00,
  0x00, 0x00, 0x00, 0x00, 0x00, 0x00, 0x00, 0x00, 0x00, 0x00, 0x00, 0x00, 0x00, 0x00, 0x00, 0x00,
  0x00, 0x00, 0x00, 0x00, 0x00, 0x00, 0x00, 0x00, 0x00, 0x00, 0x00, 0x00, 0x00, 0x00, 0x00, 0x00,
  0x01, 0xE1, 0xC8, 0xF8, 0xF8, 0xF8, 0x00, 0x00, 0x00, 0x00, 0x00, 0x00, 0x00, 0x00, 0x00, 0x00,
  0x00, 0xA0, 0x00, 0xF0, 0x00, 0x00, 0x00, 0x00, 0x00, 0x00, 0x00, 0x00, 0x00, 0x00, 0x00, 0x00,
  0xCC, 0xFC, 0xF1, 0xFF, 0x7F, 0x7F, 0x00, 0x00, 0x00, 0x00, 0x00, 0x00, 0x00, 0x00, 0x00, 0x00,
  0x00, 0xFC, 0x00, 0x3E, 0x00, 0x00, 0x00, 0x00, 0x00, 0x00, 0x00, 0x00, 0x00, 0x00, 0x00, 0x00,
  0x83, 0xFF, 0x81, 0xFF, 0xD0, 0xFF, 0x70, 0x7F, 0x3B, 0x3F, 0x1F, 0x1F, 0x6C, 0x7F, 0xC5, 0xFF,
  0x20, 0xC6, 0x00, 0x4B, 0x00, 0x71, 0x00, 0x39, 0x00, 0x0F, 0x00, 0x00, 0x00, 0x3A, 0x20, 0x4F,
  0xD0, 0xF0, 0xE8, 0xF8, 0xF4, 0xBC, 0xFE, 0x9E, 0xFB, 0xCF, 0xFF, 0xC7, 0xFC, 0xFE, 0xFE, 0xFE,
  0x00, 0xF0, 0x00, 0x78, 0x00, 0x3C, 0x00, 0x9E, 0x00, 0x0F, 0x00, 0x01, 0x00, 0x86, 0x00, 0x36,
  0x00, 0x00, 0x00, 0x00, 0x00, 0x00, 0x00, 0x00, 0x00, 0x00, 0x00, 0x00, 0x00, 0x00, 0x00, 0x00,
  0x00, 0x00, 0x00, 0x00, 0x00, 0x00, 0x00, 0x00, 0x00, 0x00, 0x00, 0x00, 0x00, 0x00, 0x00, 0x00,
  0x00, 0x00, 0x00, 0x00, 0x00, 0x00, 0x00, 0x00, 0x00, 0x00, 0x00, 0x00, 0x00, 0x00, 0x00, 0x00,
  0x00, 0x00, 0x00, 0x00, 0x00, 0x00, 0x00, 0x00, 0x00, 0x00, 0x00, 0x00, 0x00, 0x00, 0x00, 0x00,
  0x00, 0x00, 0x00, 0x00, 0x00, 0x00, 0x00, 0x00, 0x00, 0x00, 0x00, 0x00, 0x00, 0x00, 0x00, 0x00,
  0x00, 0x00, 0x00, 0x00, 0x00, 0x00, 0x00, 0x00, 0x00, 0x00, 0x00, 0x00, 0x00, 0x00, 0x00, 0x00,
  0x00, 0x00, 0x00, 0x00, 0x00, 0x00, 0x00, 0x00, 0x00, 0x00, 0x00, 0x00, 0x00, 0x00, 0x00, 0x00,
  0x00, 0x00, 0x00, 0x00, 0x00, 0x00, 0x00, 0x00, 0x00, 0x00, 0x00, 0x00, 0x00, 0x00, 0x00, 0x00,
  0x07, 0x07, 0x15, 0x1E, 0x3F, 0x3F, 0x7F, 0x7F, 0x75, 0x7F, 0x70, 0x7F, 0xE0, 0xFF, 0xE4, 0xFF,
  0x07, 0x07, 0x0E, 0x0D, 0x1F, 0x1F, 0x30, 0x30, 0x40, 0x4F, 0x00, 0x15, 0x80, 0xB4, 0x02, 0x25,
  0xC0, 0xC0, 0xA0, 0x60, 0xF0, 0xF0, 0xD0, 0xD0, 0xC0, 0xC0, 0xE0, 0xE0, 0x70, 0xD0, 0x70, 0xF0,
  0xC0, 0xC0, 0x60, 0xE0, 0xF0, 0xF0, 0x30, 0x10, 0x30, 0x00, 0x50, 0x80, 0x20, 0xC0, 0x10, 0xD0,
  0x6C, 0xEF, 0xC7, 0xC7, 0xC3, 0xC3, 0xC0, 0xC0, 0x00, 0x00, 0x00, 0x00, 0x00, 0x00, 0x00, 0x00,
  0x00, 0xC7, 0x00, 0xC3, 0x00, 0x00, 0x00, 0x00, 0x00, 0x00, 0x00, 0x00, 0x00, 0x00, 0x00, 0x00,
  0x1C, 0x1F, 0x07, 0x07, 0x04, 0x07, 0x03, 0x03, 0x00, 0x00, 0x00, 0x00, 0x00, 0x00, 0x00, 0x00,
  0x00, 0x0F, 0x00, 0x04, 0x00, 0x03, 0x00, 0x03, 0x00, 0x00, 0x00, 0x00, 0x00, 0x00, 0x00, 0x00,
  0x00, 0x00, 0xE0, 0x60, 0xF0, 0x50, 0xD0, 0xD0, 0xF0, 0x50, 0xF0, 0x50, 0xE0, 0xE0, 0x00, 0x00,
  0x00, 0x00, 0x80, 0x80, 0xA0, 0x20, 0x80, 0x20, 0xA0, 0x00, 0xA0, 0xA0, 0x00, 0x00, 0x00, 0x00,
  0x00, 0x00, 0xFF, 0x81, 0xFF, 0x81, 0x83, 0x83, 0xFF, 0x81, 0xFF, 0x81, 0xFF, 0xFF, 0x00, 0x00,
  0x00, 0x00, 0x7E, 0x7E, 0x7E, 0x00, 0x02, 0x7C, 0x7E, 0x00, 0x7E, 0x7E, 0x00, 0x00, 0x00, 0x00,
  0x00, 0x00, 0x00, 0x00, 0x00, 0x00, 0x00, 0x00, 0x00, 0x00, 0x00, 0x00, 0x00, 0x00, 0x00, 0x00,
  0x00, 0x00, 0x00, 0x00, 0x00, 0x00, 0x00, 0x00, 0x00, 0x00, 0x00, 0x00, 0x00, 0x00, 0x00, 0x00,
  0x00, 0x00, 0x00, 0x00, 0x00, 0x00, 0x00, 0x00, 0x00, 0x00, 0x00, 0x00, 0x00, 0x00, 0x00, 0x00,
  0x00, 0x00, 0x00, 0x00, 0x00, 0x00, 0x00, 0x00, 0x00, 0x00, 0x00, 0x00, 0x00, 0x00, 0x00, 0x00,
  0x87, 0xFF, 0x86, 0xFE, 0x98, 0xF8, 0xF0, 0xF0, 0xF1, 0xF1, 0xE1, 0xF1, 0x92, 0xF3, 0xE3, 0xE3,
  0x00, 0x4F, 0x00, 0xDC, 0x00, 0xF0, 0x00, 0xE0, 0x00, 0x81, 0x00, 0x31, 0x00, 0xA1, 0x00, 0xC1,
  0xDC, 0xFC, 0x98, 0xF8, 0xB0, 0xF0, 0xF0, 0xF0, 0xE0, 0xE0, 0xF0, 0xF8, 0xE8, 0xF8, 0x58, 0xF8,
  0x00, 0x70, 0x00, 0xF8, 0x00, 0xF0, 0x00, 0xE0, 0x00, 0xC0, 0x00, 0xC8, 0x00, 0x18, 0x00, 0xF0,
  0x00, 0x00, 0x00, 0x00, 0x00, 0x00, 0x38, 0x20, 0x7D, 0x78, 0xFF, 0xFC, 0xCF, 0xFE, 0x87, 0xFF,
  0x00, 0x00, 0x00, 0x00, 0x00, 0x00, 0x07, 0x07, 0x02, 0x02, 0x00, 0x70, 0x00, 0xF8, 0x00, 0xCE,
  0x00, 0x00, 0x00, 0x00, 0x00, 0x00, 0x80, 0x00, 0x80, 0x80, 0xC0, 0xC0, 0xC0, 0xC0, 0xA0, 0xE0,
  0x00, 0x00, 0x00, 0x00, 0x00, 0x00, 0x00, 0x00, 0x00, 0x00, 0x00, 0x80, 0x00, 0x40, 0x00, 0x60,
  0x07, 0x07, 0x03, 0x03, 0x01, 0x01, 0x00, 0x00, 0x00, 0x00, 0x00, 0x00, 0x00, 0x00, 0x00, 0x00,
  0x00, 0x01, 0x00, 0x00, 0x00, 0x00, 0x00, 0x00, 0x00, 0x00, 0x00, 0x00, 0x00, 0x00, 0x00, 0x00,
  0x00, 0x00, 0x00, 0x00, 0x01, 0x01, 0x01, 0x01, 0x03, 0x03, 0x05, 0x07, 0x05, 0x07, 0x06, 0x07,
  0x00, 0x00, 0x00, 0x00, 0x00, 0x00, 0x00, 0x00, 0x00, 0x03, 0x00, 0x00, 0x00, 0x03, 0x00, 0x03,
  0x00, 0x00, 0x00, 0x00, 0x00, 0x00, 0x00, 0x00, 0x00, 0x00, 0x00, 0x00, 0x00, 0x00, 0x00, 0x00,
  0x00, 0x00, 0x00, 0x00, 0x00, 0x00, 0x00, 0x00, 0x00, 0x00, 0x00, 0x00, 0x00, 0x00, 0x00, 0x00,
  0x00, 0x00, 0x00, 0x00, 0x00, 0x00, 0x00, 0x00, 0x00, 0x00, 0x00, 0x00, 0x00, 0x00, 0x00, 0x00,
  0x00, 0x00, 0x00, 0x00, 0x00, 0x00, 0x00, 0x00, 0x00, 0x00, 0x00, 0x00, 0x00, 0x00, 0x00, 0x00,
  0xE5, 0xFF, 0xF5, 0xFF, 0xFF, 0xFE, 0xF5, 0xE4, 0xFF, 0x67, 0x7C, 0x1F, 0x38, 0x1F, 0x38, 0x3F,
  0x80, 0xB5, 0x80, 0xBF, 0x81, 0x87, 0xD5, 0xCA, 0xD8, 0x58, 0x40, 0xC7, 0x02, 0x0C, 0x00, 0x0C,
  0x70, 0xF0, 0xF0, 0xF0, 0xE0, 0x30, 0xF8, 0xF8, 0xF8, 0xF8, 0xFE, 0xFE, 0x7D, 0xFF, 0x68, 0xEF,
  0x20, 0xE0, 0x30, 0xB0, 0xF0, 0x70, 0x30, 0x38, 0x20, 0xA0, 0x00, 0xCE, 0x00, 0xC7, 0x01, 0xC4,
  0x00, 0x00, 0x00, 0x00, 0x00, 0x00, 0x00, 0x00, 0x00, 0x00, 0x00, 0x00, 0x00, 0x00, 0x00, 0x00,
  0x00, 0x00, 0x00, 0x00, 0x00, 0x00, 0x00, 0x00, 0x00, 0x00, 0x00, 0x00, 0x00, 0x00, 0x00, 0x00,
  0x00, 0x00, 0x00, 0x00, 0x00, 0x00, 0x00, 0x00, 0x00, 0x00, 0x00, 0x00, 0x00, 0x00, 0x00, 0x00,
  0x00, 0x00, 0x00, 0x00, 0x00, 0x00, 0x00, 0x00, 0x00, 0x00, 0x00, 0x00, 0x00, 0x00, 0x00, 0x00,
  0x00, 0x00, 0x00, 0x00, 0x00, 0x00, 0x00, 0x00, 0x00, 0x00, 0x00, 0x00, 0x00, 0x00, 0x00, 0x00,
  0x00, 0x00, 0x00, 0x00, 0x00, 0x00, 0x00, 0x00, 0x00, 0x00, 0x00, 0x00, 0x00, 0x00, 0x00, 0x00,
  0x00, 0x00, 0x00, 0x00, 0x00, 0x00, 0x00, 0x00, 0x00, 0x00, 0x00, 0x00, 0x00, 0x00, 0x00, 0x00,
  0x00, 0x00, 0x00, 0x00, 0x00, 0x00, 0x00, 0x00, 0x00, 0x00, 0x00, 0x00, 0x00, 0x00, 0x00, 0x00,
  0x00, 0x00, 0x00, 0x00, 0x00, 0x00, 0x00, 0x00, 0x00, 0x00, 0x00, 0x00, 0x00, 0x00, 0x00, 0x00,
  0x00, 0x00, 0x00, 0x00, 0x00, 0x00, 0x00, 0x00, 0x00, 0x00, 0x00, 0x00, 0x00, 0x00, 0x00, 0x00,
  0x00, 0x00, 0x00, 0x00, 0x00, 0x00, 0x00, 0x00, 0x00, 0x00, 0x00, 0x00, 0x00, 0x00, 0x00, 0x00,
  0x00, 0x00, 0x00, 0x00, 0x00, 0x00, 0x00, 0x00, 0x00, 0x00, 0x00, 0x00, 0x00, 0x00, 0x00, 0x00,
  0x01, 0xE1, 0xC8, 0xF8, 0xF8, 0xF8, 0x00, 0x00, 0x00, 0x00, 0x00, 0x00, 0x00, 0x00, 0x00, 0x00,
  0x00, 0xA0, 0x00, 0xF0, 0x00, 0x00, 0x00, 0x00, 0x00, 0x00, 0x00, 0x00, 0x00, 0x00, 0x00, 0x00,
  0xCC, 0xFC, 0xF1, 0xFF, 0x7F, 0x7F, 0x00, 0x00, 0x00, 0x00, 0x00, 0x00, 0x00, 0x00, 0x00, 0x00,
  0x00, 0xFC, 0x00, 0x3E, 0x00, 0x00, 0x00, 0x00, 0x00, 0x00, 0x00, 0x00, 0x00, 0x00, 0x00, 0x00,
  0x83, 0xFF, 0x81, 0xFF, 0xD0, 0xFF, 0x70, 0x7F, 0x3B, 0x3F, 0x1F, 0x1F, 0x6C, 0x7F, 0xC5, 0xFF,
  0x20, 0xC6, 0x00, 0x4B, 0x00, 0x71, 0x00, 0x39, 0x00, 0x0F, 0x00, 0x00, 0x00, 0x3A, 0x20, 0x4F,
  0xD0, 0xF0, 0xE8, 0xF8, 0xF4, 0xBC, 0xFE, 0x9E, 0xFB, 0xCF, 0xFF, 0xC7, 0xFC, 0xFE, 0xFE, 0xFE,
  0x00, 0xF0, 0x00, 0x78, 0x00, 0x3C, 0x00, 0x9E, 0x00, 0x0F, 0x00, 0x01, 0x00, 0x86, 0x00, 0x36,
  0x00, 0x00, 0x00, 0x00, 0x00, 0x00, 0x00, 0x00, 0x00, 0x00, 0x00, 0x00, 0x00, 0x00, 0x00, 0x00,
  0x00, 0x00, 0x00, 0x00, 0x00, 0x00, 0x00, 0x00, 0x00, 0x00, 0x00, 0x00, 0x00, 0x00, 0x00, 0x00,
  0x00, 0x00, 0x00, 0x00, 0x00, 0x00, 0x00, 0x00, 0x00, 0x00, 0x00, 0x00, 0x00, 0x00, 0x00, 0x00,
  0x00, 0x00, 0x00, 0x00, 0x00, 0x00, 0x00, 0x00, 0x00, 0x00, 0x00, 0x00, 0x00, 0x00, 0x00, 0x00,
  0x00, 0x00, 0x00, 0x00, 0x00, 0x00, 0x00, 0x00, 0x00, 0x00, 0x00, 0x00, 0x00, 0x00, 0x00, 0x00,
  0x00, 0x00, 0x00, 0x00, 0x00, 0x00, 0x00, 0x00, 0x00, 0x00, 0x00, 0x00, 0x00, 0x00, 0x00, 0x00,
  0x00, 0x00, 0x00, 0x00, 0x00, 0x00, 0x00, 0x00, 0x00, 0x00, 0x00, 0x00, 0x00, 0x00, 0x00, 0x00,
  0x00, 0x00, 0x00, 0x00, 0x00, 0x00, 0x00, 0x00, 0x00, 0x00, 0x00, 0x00, 0x00, 0x00, 0x00, 0x00,
  0x02, 0x03, 0x05, 0x06, 0x0F, 0x0F, 0x0B, 0x0B, 0x03, 0x03, 0x07, 0x07, 0x0E, 0x0B, 0x0E, 0x0F,
  0x03, 0x03, 0x06, 0x07, 0x0F, 0x0F, 0x0C, 0x08, 0x0C, 0x01, 0x08, 0x03, 0x04, 0x03, 0x08, 0x0B,
  0xE0, 0xE0, 0xA8, 0x78, 0xFC, 0xFC, 0xFE, 0xFE, 0xAE, 0xFE, 0x0F, 0xFF, 0x07, 0xFF, 0x27, 0xFF,
  0xE0, 0xE0, 0x70, 0xB0, 0xF8, 0xF8, 0x0C, 0x0C, 0x02, 0xF2, 0x00, 0xA8, 0x01, 0x2D, 0x40, 0xAC,
  0x38, 0xF0, 0x60, 0xE0, 0xC0, 0xC0, 0x80, 0x80, 0x00, 0x00, 0x00, 0x00, 0x00, 0x00, 0x00, 0x00,
  0x00, 0x60, 0x00, 0xC0, 0x00, 0x80, 0x00, 0x00, 0x00, 0x00, 0x00, 0x00, 0x00, 0x00, 0x00, 0x00,
  0xC6, 0xFF, 0xC7, 0xFF, 0xE7, 0xFF, 0x7D, 0x7F, 0x0F, 0x0F, 0x00, 0x00, 0x00, 0x00, 0x00, 0x00,
  0x10, 0x8D, 0x00, 0x69, 0x00, 0x3A, 0x00, 0x1B, 0x00, 0x03, 0x00, 0x00, 0x00, 0x00, 0x00, 0x00,
  0x00, 0x00, 0xE0, 0x60, 0xF0, 0x50, 0xD0, 0xD0, 0xF0, 0x50, 0xF0, 0x50, 0xE0, 0xE0, 0x00, 0x00,
  0x00, 0x00, 0x80, 0x80, 0xA0, 0x20, 0x80, 0x20, 0xA0, 0x00, 0xA0, 0xA0, 0x00, 0x00, 0x00, 0x00,
  0x00, 0x00, 0xFF, 0x81, 0xFF, 0x81, 0x83, 0x83, 0xFF, 0x81, 0xFF, 0x81, 0xFF, 0xFF, 0x00, 0x00,
  0x00, 0x00, 0x7E, 0x7E, 0x7E, 0x00, 0x02, 0x7C, 0x7E, 0x00, 0x7E, 0x7E, 0x00, 0x00, 0x00, 0x00,
  0x00, 0x00, 0x00, 0x00, 0x00, 0x00, 0x00, 0x00, 0x00, 0x00, 0x00, 0x00, 0x00, 0x00, 0x00, 0x00,
  0x00, 0x00, 0x00, 0x00, 0x00, 0x00, 0x00, 0x00, 0x00, 0x00, 0x00, 0x00, 0x00, 0x00, 0x00, 0x00,
  0x00, 0x00, 0x00, 0x00, 0x00, 0x00, 0x00, 0x00, 0x00, 0x00, 0x00, 0x00, 0x00, 0x00, 0x00, 0x00,
  0x00, 0x00, 0x00, 0x00, 0x00, 0x00, 0x00, 0x00, 0x00, 0x00, 0x00, 0x00, 0x00, 0x00, 0x00, 0x00,
  0x87, 0xFF, 0x86, 0xFE, 0x98, 0xF8, 0xF0, 0xF0, 0xF1, 0xF1, 0xE1, 0xF1, 0x92, 0xF3, 0xE3, 0xE3,
  0x00, 0x4F, 0x00, 0xDC, 0x00, 0xF0, 0x00, 0xE0, 0x00, 0x81, 0x00, 0x31, 0x00, 0xA1, 0x00, 0xC1,
  0xDC, 0xFC, 0x98, 0xF8, 0xB0, 0xF0, 0xF0, 0xF0, 0xE0, 0xE0, 0xF0, 0xF8, 0xE8, 0xF8, 0x58, 0xF8,
  0x00, 0x70, 0x00, 0xF8, 0x00, 0xF0, 0x00, 0xE0, 0x00, 0xC0, 0x00, 0xC8, 0x00, 0x18, 0x00, 0xF0,
  0x00, 0x00, 0x00, 0x00, 0x00, 0x00, 0x38, 0x20, 0x7D, 0x78, 0xFF, 0xFC, 0xCF, 0xFE, 0x87, 0xFF,
  0x00, 0x00, 0x00, 0x00, 0x00, 0x00, 0x07, 0x07, 0x02, 0x02, 0x00, 0x70, 0x00, 0xF8, 0x00, 0xCE,
  0x00, 0x00, 0x00, 0x00, 0x00, 0x00, 0x80, 0x00, 0x80, 0x80, 0xC0, 0xC0, 0xC0, 0xC0, 0xA0, 0xE0,
  0x00, 0x00, 0x00, 0x00, 0x00, 0x00, 0x00, 0x00, 0x00, 0x00, 0x00, 0x80, 0x00, 0x40, 0x00, 0x60,
  0x07, 0x07, 0x03, 0x03, 0x01, 0x01, 0x00, 0x00, 0x00, 0x00, 0x00, 0x00, 0x00, 0x00, 0x00, 0x00,
  0x00, 0x01, 0x00, 0x00, 0x00, 0x00, 0x00, 0x00, 0x00, 0x00, 0x00, 0x00, 0x00, 0x00, 0x00, 0x00,
  0x00, 0x00, 0x00, 0x00, 0x01, 0x01, 0x01, 0x01, 0x03, 0x03, 0x05, 0x07, 0x05, 0x07, 0x06, 0x07,
  0x00, 0x00, 0x00, 0x00, 0x00, 0x00, 0x00, 0x00, 0x00, 0x03, 0x00, 0x00, 0x00, 0x03, 0x00, 0x03,
  0x00, 0x00, 0x00, 0x00, 0x00, 0x00, 0x00, 0x00, 0x00, 0x00, 0x00, 0x00, 0x00, 0x00, 0x00, 0x00,
  0x00, 0x00, 0x00, 0x00, 0x00, 0x00, 0x00, 0x00, 0x00, 0x00, 0x00, 0x00, 0x00, 0x00, 0x00, 0x00,
  0x00, 0x00, 0x00, 0x00, 0x00, 0x00, 0x00, 0x00, 0x00, 0x00, 0x00, 0x00, 0x00, 0x00, 0x00, 0x00,
  0x00, 0x00, 0x00, 0x00, 0x00, 0x00, 0x00, 0x00, 0x00, 0x00, 0x00, 0x00, 0x00, 0x00, 0x00, 0x00,
  0x0E, 0x0F, 0x0F, 0x0F, 0x07, 0x0E, 0x07, 0x0F, 0x0F, 0x0F, 0x7E, 0x7F, 0x9C, 0xFF, 0x2C, 0xFF,
  0x00, 0x03, 0x0C, 0x0D, 0x0D, 0x0C, 0x0C, 0x0C, 0x04, 0x05, 0x00, 0x63, 0x00, 0xA2, 0x00, 0xDA,
  0xAF, 0xFF, 0xAF, 0xFF, 0xFF, 0x7F, 0xAF, 0x23, 0xFF, 0xFC, 0x1E, 0xFA, 0x1C, 0xF8, 0x1C, 0xFC,
  0x01, 0xAD, 0x01, 0xFD, 0x81, 0xF1, 0xAD, 0x55, 0x03, 0x03, 0x00, 0xF1, 0x40, 0x30, 0x00, 0x20,
  0x00, 0x00, 0x00, 0x00, 0x00, 0x00, 0x00, 0x00, 0x00, 0x00, 0x00, 0x00, 0x00, 0x00, 0x00, 0x00,
  0x00, 0x00, 0x00, 0x00, 0x00, 0x00, 0x00, 0x00, 0x00, 0x00, 0x00, 0x00, 0x00, 0x00, 0x00, 0x00,
  0x00, 0x00, 0x00, 0x00, 0x00, 0x00, 0x00, 0x00, 0x00, 0x00, 0x00, 0x00, 0x00, 0x00, 0x00, 0x00,
  0x00, 0x00, 0x00, 0x00, 0x00, 0x00, 0x00, 0x00, 0x00, 0x00, 0x00, 0x00, 0x00, 0x00, 0x00, 0x00,
  0x00, 0x00, 0x00, 0x00, 0x00, 0x00, 0x00, 0x00, 0x00, 0x00, 0x00, 0x00, 0x00, 0x00, 0x00, 0x00,
  0x00, 0x00, 0x00, 0x00, 0x00, 0x00, 0x00, 0x00, 0x00, 0x00, 0x00, 0x00, 0x00, 0x00, 0x00, 0x00,
  0x00, 0x00, 0x00, 0x00, 0x00, 0x00, 0x00, 0x00, 0x00, 0x00, 0x00, 0x00, 0x00, 0x00, 0x00, 0x00,
  0x00, 0x00, 0x00, 0x00, 0x00, 0x00, 0x00, 0x00, 0x00, 0x00, 0x00, 0x00, 0x00, 0x00, 0x00, 0x00,
  0x00, 0x00, 0x00, 0x00, 0x00, 0x00, 0x00, 0x00, 0x00, 0x00, 0x00, 0x00, 0x00, 0x00, 0x00, 0x00,
  0x00, 0x00, 0x00, 0x00, 0x00, 0x00, 0x00, 0x00, 0x00, 0x00, 0x00, 0x00, 0x00, 0x00, 0x00, 0x00,
  0x00, 0x00, 0x00, 0x00, 0x00, 0x00, 0x00, 0x00, 0x00, 0x00, 0x00, 0x00, 0x00, 0x00, 0x00, 0x00,
  0x00, 0x00, 0x00, 0x00, 0x00, 0x00, 0x00, 0x00, 0x00, 0x00, 0x00, 0x00, 0x00, 0x00, 0x00, 0x00,
  0x01, 0xE1, 0xC8, 0xF8, 0xF8, 0xF8, 0x00, 0x00, 0x00, 0x00, 0x00, 0x00, 0x00, 0x00, 0x00, 0x00,
  0x00, 0xA0, 0x00, 0xF0, 0x00, 0x00, 0x00, 0x00, 0x00, 0x00, 0x00, 0x00, 0x00, 0x00, 0x00, 0x00,
  0xCC, 0xFC, 0xF1, 0xFF, 0x7F, 0x7F, 0x00, 0x00, 0x00, 0x00, 0x00, 0x00, 0x00, 0x00, 0x00, 0x00,
  0x00, 0xFC, 0x00, 0x3E, 0x00, 0x00, 0x00, 0x00, 0x00, 0x00, 0x00, 0x00, 0x00, 0x00, 0x00, 0x00,
  0x83, 0xFF, 0x81, 0xFF, 0xD0, 0xFF, 0x70, 0x7F, 0x3B, 0x3F, 0x1F, 0x1F, 0x6C, 0x7F, 0xC5, 0xFF,
  0x20, 0xC6, 0x00, 0x4B, 0x00, 0x71, 0x00, 0x39, 0x00, 0x0F, 0x00, 0x00, 0x00, 0x3A, 0x20, 0x4F,
  0xD0, 0xF0, 0xE8, 0xF8, 0xF4, 0xBC, 0xFE, 0x9E, 0xFB, 0xCF, 0xFF, 0xC7, 0xFC, 0xFE, 0xFE, 0xFE,
  0x00, 0xF0, 0x00, 0x78, 0x00, 0x3C, 0x00, 0x9E, 0x00, 0x0F, 0x00, 0x01, 0x00, 0x86, 0x00, 0x36,
  0x00, 0x00, 0x00, 0x00, 0x00, 0x00, 0x00, 0x00, 0x00, 0x00, 0x00, 0x00, 0x00, 0x00, 0x00, 0x00,
  0x00, 0x00, 0x00, 0x00, 0x00, 0x00, 0x00, 0x00, 0x00, 0x00, 0x00, 0x00, 0x00, 0x00, 0x00, 0x00,
  0x00, 0x00, 0x00, 0x00, 0x00, 0x00, 0x00, 0x00, 0x00, 0x00, 0x00, 0x00, 0x00, 0x00, 0x00, 0x00,
  0x00, 0x00, 0x00, 0x00, 0x00, 0x00, 0x00, 0x00, 0x00, 0x00, 0x00, 0x00, 0x00, 0x00, 0x00, 0x00,
  0x00, 0x00, 0x00, 0x00, 0x00, 0x00, 0x00, 0x00, 0x00, 0x00, 0x00, 0x00, 0x00, 0x00, 0x00, 0x00,
  0x00, 0x00, 0x00, 0x00, 0x00, 0x00, 0x00, 0x00, 0x00, 0x00, 0x00, 0x00, 0x00, 0x00, 0x00, 0x00,
  0x00, 0x00, 0x00, 0x00, 0x00, 0x00, 0x00, 0x00, 0x00, 0x00, 0x00, 0x00, 0x00, 0x00, 0x00, 0x00,
  0x00, 0x00, 0x00, 0x00, 0x00, 0x00, 0x00, 0x00, 0x00, 0x00, 0x00, 0x00, 0x00, 0x00, 0x00, 0x00,
  0x0C, 0x0F, 0x08, 0x0F, 0x12, 0x1F, 0x14, 0x1F, 0x15, 0x1F, 0x1F, 0x1F, 0x1D, 0x04, 0x0F, 0x0F,
  0x00, 0x0E, 0x00, 0x0F, 0x00, 0x1E, 0x00, 0x1F, 0x00, 0x1F, 0x00, 0x1F, 0x1D, 0x12, 0x00, 0x00,
  0x61, 0xF2, 0xE8, 0xF9, 0x3C, 0xDC, 0x96, 0xF6, 0x1A, 0xFB, 0x3F, 0xCF, 0xF2, 0x7F, 0xF5, 0xFB,
  0x3E, 0x33, 0x17, 0xD1, 0x3B, 0x78, 0x05, 0xAC, 0x01, 0x25, 0x3C, 0xFC, 0x8F, 0x6F, 0x0B, 0x0F,
  0x61, 0xF2, 0xE8, 0xF9, 0x3C, 0xDC, 0x96, 0xF6, 0x1A, 0xFB, 0x3F, 0xCF, 0xF2, 0x7F, 0xF5, 0xFB,
  0x3E, 0x33, 0x17, 0xD1, 0x3B, 0x78, 0x05, 0xAC, 0x01, 0x25, 0x3C, 0xFC, 0x8F, 0x6F, 0x0B, 0x0F,
  0x68, 0x78, 0x24, 0x7C, 0xA4, 0x7C, 0xA4, 0xBC, 0x74, 0x7C, 0xFC, 0xFC, 0x58, 0xF8, 0xF8, 0x98,
  0xC0, 0x58, 0xC0, 0x4C, 0xC8, 0xC4, 0x80, 0xD4, 0x00, 0x8C, 0x60, 0x6C, 0xE8, 0xE4, 0x80, 0xE0,
  0x00, 0x00, 0x00, 0x00, 0x00, 0x00, 0x00, 0x00, 0x00, 0x00, 0x00, 0x00, 0x80, 0x80, 0xF8, 0xF8,
  0x00, 0x00, 0x00, 0x00, 0x00, 0x00, 0x00, 0x00, 0x00, 0x00, 0x00, 0x00, 0x80, 0x80, 0x80, 0xB8,
  0x00, 0x00, 0x00, 0x00, 0x00, 0x00, 0x00, 0x00, 0x00, 0x00, 0x1F, 0x1F, 0x2D, 0x3B, 0x55, 0x6F,
  0x00, 0x00, 0x00, 0x00, 0x00, 0x00, 0x00, 0x00, 0x00, 0x00, 0x1F, 0x1F, 0x3B, 0x3F, 0x6F, 0x77,
  0x00, 0x00, 0x00, 0x00, 0x00, 0x00, 0x00, 0x00, 0x00, 0x00, 0x00, 0x00, 0x00, 0x00, 0x00, 0x00,
  0x00, 0x00, 0x00, 0x00, 0x00, 0x00, 0x00, 0x00, 0x00, 0x00, 0x00, 0x00, 0x00, 0x00, 0x00, 0x00,
  0x00, 0x00, 0x00, 0x00, 0x00, 0x00, 0x00, 0x00, 0x00, 0x00, 0x00, 0x00, 0x00, 0x00, 0x00, 0x00,
  0x00, 0x00, 0x00, 0x00, 0x00, 0x00, 0x00, 0x00, 0x00, 0x00, 0x00, 0x00, 0x00, 0x00, 0x00, 0x00,
  0xC4, 0xFC, 0xED, 0xFC, 0x7F, 0xFD, 0xF7, 0xE7, 0xFF, 0xF7, 0x3F, 0xFF, 0x3F, 0xFF, 0x3E, 0xFF,
  0x03, 0x6B, 0x02, 0xBA, 0x00, 0xD8, 0x08, 0x08, 0x00, 0xC1, 0x00, 0xE1, 0x00, 0xF1, 0x00, 0xF3,
  0xFC, 0x7C, 0xCC, 0xFC, 0x86, 0xFE, 0x82, 0xFE, 0x02, 0xFE, 0x84, 0xFC, 0x64, 0xFC, 0x18, 0xF8,
  0x00, 0x30, 0x00, 0x78, 0x00, 0xCC, 0x20, 0x86, 0x00, 0x86, 0x00, 0xCC, 0x00, 0xFC, 0x00, 0x38,
  0x01, 0x01, 0x01, 0x01, 0x01, 0x01, 0x02, 0x03, 0x03, 0x03, 0x06, 0x07, 0x08, 0x0F, 0x0F, 0x0F,
  0x00, 0x00, 0x00, 0x00, 0x00, 0x01, 0x00, 0x00, 0x00, 0x01, 0x00, 0x07, 0x00, 0x0C, 0x00, 0x00,
  0x01, 0x01, 0x02, 0x03, 0x00, 0x03, 0x01, 0x03, 0x03, 0x03, 0x03, 0x03, 0x02, 0x03, 0x01, 0x01,
  0x00, 0x00, 0x00, 0x03, 0x00, 0x01, 0x00, 0x03, 0x00, 0x00, 0x00, 0x03, 0x00, 0x03, 0x00, 0x01,
  0x00, 0x00, 0x00, 0x00, 0x00, 0x00, 0x00, 0x00, 0x00, 0x00, 0x00, 0x00, 0x00, 0x00, 0x00, 0x00,
  0x00, 0x00, 0x00, 0x00, 0x00, 0x00, 0x00, 0x00, 0x00, 0x00, 0x00, 0x00, 0x00, 0x00, 0x00, 0x00,
  0x00, 0x00, 0x00, 0x00, 0x00, 0x00, 0x00, 0x00, 0x00, 0x00, 0x00, 0x00, 0x00, 0x00, 0x00, 0x00,
  0x00, 0x00, 0x00, 0x00, 0x00, 0x00, 0x00, 0x00, 0x00, 0x00, 0x00, 0x00, 0x00, 0x00, 0x00, 0x00,
  0x00, 0x00, 0x00, 0x00, 0x00, 0x00, 0x00, 0x00, 0x00, 0x00, 0x00, 0x00, 0x00, 0x00, 0x00, 0x00,
  0x00, 0x00, 0x00, 0x00, 0x00, 0x00, 0x00, 0x00, 0x00, 0x00, 0x00, 0x00, 0x00, 0x00, 0x00, 0x00,
  0x00, 0x00, 0x00, 0x00, 0x00, 0x00, 0x00, 0x00, 0x00, 0x00, 0x00, 0x00, 0x00, 0x00, 0x00, 0x00,
  0x00, 0x00, 0x00, 0x00, 0x00, 0x00, 0x00, 0x00, 0x00, 0x00, 0x00, 0x00, 0x00, 0x00, 0x00, 0x00,
  0x0F, 0x0F, 0x08, 0x0F, 0x0C, 0x0F, 0x04, 0x07, 0x06, 0x07, 0x03, 0x03, 0x03, 0x03, 0x01, 0x01,
  0x00, 0x07, 0x00, 0x04, 0x00, 0x06, 0x00, 0x07, 0x00, 0x03, 0x00, 0x00, 0x00, 0x01, 0x00, 0x00,
  0xF8, 0xFF, 0x7E, 0xFF, 0x3F, 0xE1, 0x7B, 0xC1, 0xC3, 0xC3, 0xFF, 0xC2, 0x7F, 0xE1, 0xFF, 0xFF,
  0x07, 0x87, 0x01, 0xD1, 0x1E, 0x5E, 0x3A, 0xE4, 0x01, 0xBC, 0x3D, 0x00, 0x1E, 0x9E, 0x00, 0x80,
  0xF8, 0xFF, 0x7E, 0xFF, 0x3F, 0xE1, 0x7B, 0xC1, 0xC3, 0xC3, 0xFF, 0xC2, 0x7F, 0xE1, 0xFF, 0xFF,
  0x07, 0x87, 0x01, 0xD1, 0x1E, 0x5E, 0x3A, 0xE4, 0x01, 0xBC, 0x3D, 0x00, 0x1E, 0x9E, 0x00, 0x80,
  0xF8, 0xB8, 0xE8, 0xF8, 0xC4, 0x3C, 0x50, 0x4C, 0xA4, 0xAC, 0xE8, 0xE8, 0xC0, 0x40, 0xE0, 0xE0,
  0x80, 0xC8, 0x80, 0x98, 0xC0, 0xF4, 0x10, 0xB4, 0x00, 0x5C, 0x40, 0x18, 0x80, 0xA0, 0x00, 0x00,
  0x00, 0x00, 0x00, 0x00, 0x00, 0x00, 0x00, 0x00, 0x00, 0x00, 0x00, 0x00, 0x00, 0x00, 0x00, 0x00,
  0x00, 0x00, 0x00, 0x00, 0x00, 0x00, 0x00, 0x00, 0x00, 0x00, 0x00, 0x00, 0x00, 0x00, 0x00, 0x00,
  0x00, 0x00, 0x00, 0x00, 0x00, 0x00, 0x00, 0x00, 0x00, 0x00, 0x00, 0x00, 0x00, 0x00, 0x00, 0x00,
  0x00, 0x00, 0x00, 0x00, 0x00, 0x00, 0x00, 0x00, 0x00, 0x00, 0x00, 0x00, 0x00, 0x00, 0x00, 0x00,
  0x00, 0x00, 0x00, 0x00, 0x00, 0x00, 0x00, 0x00, 0x00, 0x00, 0x00, 0x00, 0x00, 0x00, 0x00, 0x00,
  0x00, 0x00, 0x00, 0x00, 0x00, 0x00, 0x00, 0x00, 0x00, 0x00, 0x00, 0x00, 0x00, 0x00, 0x00, 0x00,
  0x00, 0x00, 0x00, 0x00, 0x00, 0x00, 0x00, 0x00, 0x00, 0x00, 0x00, 0x00, 0x00, 0x00, 0x00, 0x00,
  0x00, 0x00, 0x00, 0x00, 0x00, 0x00, 0x00, 0x00, 0x00, 0x00, 0x00, 0x00, 0x00, 0x00, 0x00, 0x00,
  0xFE, 0xFF, 0xFC, 0xFF, 0x7C, 0xFF, 0x3F, 0xFF, 0xFB, 0xFF, 0xE9, 0xFF, 0x6F, 0xFF, 0xFD, 0xFD,
  0x00, 0x73, 0x00, 0xB6, 0x00, 0xD7, 0x00, 0xC3, 0x00, 0x57, 0x00, 0xB2, 0x00, 0xD7, 0x00, 0x00,
  0x0F, 0xFF, 0x1F, 0xFF, 0x3D, 0xFF, 0x7D, 0xFF, 0xFF, 0xFF, 0xFD, 0xFF, 0xFA, 0xFE, 0xFE, 0xFE,
  0x00, 0x30, 0x00, 0x6A, 0x00, 0xFA, 0x00, 0xF6, 0x00, 0xA8, 0x00, 0x1E, 0x00, 0x3C, 0x00, 0x00,
  0x00, 0x00, 0x00, 0x00, 0x00, 0x00, 0x00, 0x00, 0x00, 0x00, 0x00, 0x00, 0x00, 0x00, 0x00, 0x00,
  0x00, 0x00, 0x00, 0x00, 0x00, 0x00, 0x00, 0x00, 0x00, 0x00, 0x00, 0x00, 0x00, 0x00, 0x00, 0x00,
  0x00, 0x00, 0x00, 0x00, 0x00, 0x00, 0x00, 0x00, 0x00, 0x00, 0x00, 0x00, 0x00, 0x00, 0x00, 0x00,
  0x00, 0x00, 0x00, 0x00, 0x00, 0x00, 0x00, 0x00, 0x00, 0x00, 0x00, 0x00, 0x00, 0x00, 0x00, 0x00,
  0x00, 0x00, 0x00, 0x00, 0x00, 0x00, 0x00, 0x00, 0x00, 0x00, 0x00, 0x00, 0x00, 0x00, 0x00, 0x00,
  0x00, 0x00, 0x00, 0x00, 0x00, 0x00, 0x00, 0x00, 0x00, 0x00, 0x00, 0x00, 0x00, 0x00, 0x00, 0x00,
  0x00, 0x00, 0x00, 0x00, 0x00, 0x00, 0x00, 0x00, 0x00, 0x00, 0x00, 0x00, 0x00, 0x00, 0x00, 0x00,
  0x00, 0x00, 0x00, 0x00, 0x00, 0x00, 0x00, 0x00, 0x00, 0x00, 0x00, 0x00, 0x00, 0x00, 0x00, 0x00,
  0x00, 0x00, 0x00, 0x00, 0x00, 0x00, 0x00, 0x00, 0x00, 0x00, 0x00, 0x00, 0x00, 0x00, 0x00, 0x00,
  0x00, 0x00, 0x00, 0x00, 0x00, 0x00, 0x00, 0x00, 0x00, 0x00, 0x00, 0x00, 0x00, 0x00, 0x00, 0x00,
  0x00, 0x00, 0x00, 0x00, 0x00, 0x00, 0x00, 0x00, 0x00, 0x00, 0x00, 0x00, 0x00, 0x00, 0x00, 0x00,
  0x00, 0x00, 0x00, 0x00, 0x00, 0x00, 0x00, 0x00, 0x00, 0x00, 0x00, 0x00, 0x00, 0x00, 0x00, 0x00,
  0x00, 0x00, 0x00, 0x00, 0x00, 0x00, 0x00, 0x00, 0x00, 0x00, 0x00, 0x00, 0x3C, 0x3C, 0x42, 0x7E,
  0x00, 0x00, 0x00, 0x00, 0x00, 0x00, 0x00, 0x00, 0x00, 0x00, 0x00, 0x00, 0x00, 0x3C, 0x00, 0x46,
  0x00, 0x00, 0x00, 0x00, 0x00, 0x00, 0x00, 0x00, 0x00, 0x00, 0x63, 0x7F, 0xDD, 0xE3, 0xE2, 0xBF,
  0x00, 0x00, 0x00, 0x00, 0x00, 0x00, 0x00, 0x00, 0x00, 0x00, 0x7F, 0x7F, 0xE3, 0xFF, 0xBF, 0xF7,
  0x9F, 0xFF, 0xA3, 0xFF, 0xC1, 0xFF, 0xE1, 0xFF, 0xFB, 0xFF, 0xD7, 0x13, 0xFF, 0xFF, 0x7F, 0x7F,
  0x00, 0xFE, 0x08, 0xE2, 0x00, 0xE3, 0x00, 0xF7, 0x00, 0x1E, 0xD4, 0xA8, 0x00, 0x00, 0x00, 0x7C,
  0x41, 0xDD, 0x41, 0xC9, 0xA2, 0xA2, 0xF7, 0xF7, 0xFF, 0xF7, 0xFF, 0xFF, 0x6B, 0xDD, 0x7F, 0xAA,
  0xFF, 0xDD, 0xFF, 0xC9, 0xBE, 0xE3, 0x7F, 0x55, 0x49, 0x41, 0xF7, 0xF7, 0xD5, 0xF7, 0xA2, 0xF7,
  0x41, 0xDD, 0x41, 0xC9, 0xA2, 0xA2, 0xF7, 0xF7, 0xFF, 0xF7, 0xFF, 0xFF, 0x6B, 0xDD, 0x7F, 0xAA,
  0xFF, 0xDD, 0xFF, 0xC9, 0xBE, 0xE3, 0x7F, 0x55, 0x49, 0x41, 0xF7, 0xF7, 0xD5, 0xF7, 0xA2, 0xF7,
  0x42, 0xFE, 0x5F, 0xFF, 0xE3, 0xFF, 0xC0, 0xFF, 0xC1, 0xFF, 0xEF, 0xFF, 0xEF, 0xCC, 0xFF, 0xFF,
  0x80, 0xE6, 0x80, 0xBF, 0x88, 0xB3, 0x00, 0x73, 0x00, 0x7B, 0x80, 0xBC, 0xAF, 0x91, 0x80, 0xA0,
  0x00, 0x00, 0x00, 0x00, 0x00, 0x00, 0x00, 0x00, 0x00, 0x00, 0x00, 0x00, 0x80, 0x80, 0x9C, 0x9C,
  0x00, 0x00, 0x00, 0x00, 0x00, 0x00, 0x00, 0x00, 0x00, 0x00, 0x00, 0x00, 0x80, 0x80, 0x80, 0x9C,
  0x00, 0x00, 0x00, 0x00, 0x00, 0x00, 0x00, 0x00, 0x00, 0x00, 0x00, 0x00, 0x00, 0x00, 0x00, 0x00,
  0x00, 0x00, 0x00, 0x00, 0x00, 0x00, 0x00, 0x00, 0x00, 0x00, 0x00, 0x00, 0x00, 0x00, 0x00, 0x00,
  0x7C, 0x70, 0x7F, 0x78, 0x9F, 0xFC, 0x9F, 0xFC, 0x1F, 0xF6, 0x1F, 0xF7, 0x1F, 0xF3, 0xEF, 0xE3,
  0x03, 0x63, 0x00, 0x70, 0x00, 0xD0, 0x00, 0x90, 0x40, 0x90, 0x00, 0xB0, 0x00, 0xF1, 0x10, 0xF1,
  0xFC, 0x3C, 0xEE, 0x7E, 0xE6, 0xFE, 0xF6, 0xFF, 0xC2, 0xFF, 0xC2, 0x7F, 0xE6, 0x7F, 0xFC, 0x7F,
  0x00, 0x08, 0x00, 0x1A, 0x00, 0x2E, 0x00, 0x7B, 0x00, 0x66, 0x00, 0x24, 0x00, 0x3C, 0x00, 0x3F,
  0x00, 0x00, 0x00, 0x00, 0x00, 0x00, 0x00, 0x00, 0x00, 0x00, 0x00, 0x00, 0x00, 0x00, 0x00, 0x00,
  0x00, 0x00, 0x00, 0x00, 0x00, 0x00, 0x00, 0x00, 0x00, 0x00, 0x00, 0x00, 0x00, 0x00, 0x00, 0x00,
  0x00, 0x00, 0x00, 0x00, 0x00, 0x00, 0x00, 0x00, 0x00, 0x00, 0x00, 0x00, 0x00, 0x00, 0x00, 0x00,
  0x00, 0x00, 0x00, 0x00, 0x00, 0x00, 0x00, 0x00, 0x00, 0x00, 0x00, 0x00, 0x00, 0x00, 0x00, 0x00,
  0x00, 0x00, 0x00, 0x00, 0x00, 0x00, 0x00, 0x00, 0x00, 0x00, 0x00, 0x00, 0x00, 0x00, 0x00, 0x00,
  0x00, 0x00, 0x00, 0x00, 0x00, 0x00, 0x00, 0x00, 0x00, 0x00, 0x00, 0x00, 0x00, 0x00, 0x00, 0x00,
  0x00, 0x00, 0x00, 0x00, 0x00, 0x00, 0x00, 0x00, 0x00, 0x00, 0x00, 0x00, 0x00, 0x00, 0x00, 0x00,
  0x00, 0x00, 0x00, 0x00, 0x00, 0x00, 0x00, 0x00, 0x00, 0x00, 0x00, 0x00, 0x00, 0x00, 0x00, 0x00,
  0x00, 0x00, 0x00, 0x00, 0x00, 0x00, 0x00, 0x00, 0x00, 0x00, 0x00, 0x00, 0x00, 0x00, 0x00, 0x00,
  0x00, 0x00, 0x00, 0x00, 0x00, 0x00, 0x00, 0x00, 0x00, 0x00, 0x00, 0x00, 0x00, 0x00, 0x00, 0x00,
  0x00, 0x00, 0x00, 0x00, 0x00, 0x00, 0x00, 0x00, 0x00, 0x00, 0x00, 0x00, 0x00, 0x00, 0x00, 0x00,
  0x00, 0x00, 0x00, 0x00, 0x00, 0x00, 0x00, 0x00, 0x00, 0x00, 0x00, 0x00, 0x00, 0x00, 0x00, 0x00,
  0x9F, 0xFF, 0xA3, 0xFF, 0xC1, 0xFF, 0xE1, 0xFF, 0xFB, 0xFF, 0xD7, 0x13, 0xFF, 0xFF, 0x7F, 0x7F,
  0x00, 0xFE, 0x08, 0xE2, 0x00, 0xE3, 0x00, 0xF7, 0x00, 0x1E, 0xD4, 0xA8, 0x00, 0x00, 0x00, 0x7C,
  0x41, 0xDD, 0x41, 0xC9, 0xA2, 0xA2, 0xF7, 0xF7, 0xFF, 0xF7, 0xFF, 0xFF, 0x6B, 0xDD, 0x7F, 0xAA,
  0xFF, 0xDD, 0xFF, 0xC9, 0xBE, 0xE3, 0x7F, 0x55, 0x49, 0x41, 0xF7, 0xF7, 0xD5, 0xF7, 0xA2, 0xF7,
  0x47, 0x7F, 0x47, 0x7E, 0x4F, 0x78, 0x55, 0x71, 0x3F, 0x38, 0x37, 0x32, 0x1F, 0x11, 0x0F, 0x09,
  0x00, 0x7C, 0x11, 0x4C, 0x07, 0x6B, 0x04, 0x7A, 0x0F, 0x25, 0x05, 0x2C, 0x0E, 0x02, 0x06, 0x02,
  0xBE, 0xDD, 0xC9, 0x7F, 0xBF, 0xBF, 0xE1, 0xFF, 0xE0, 0xBF, 0x70, 0x7F, 0xFC, 0xBF, 0xFF, 0xC3,
  0xD5, 0xF7, 0xF7, 0x77, 0x00, 0x40, 0x00, 0x3F, 0x42, 0x78, 0x00, 0x9C, 0x40, 0x47, 0x00, 0x02,
  0xBE, 0xDD, 0xC9, 0x7F, 0xBF, 0xBF, 0xE1, 0xFF, 0xE0, 0xBF, 0x70, 0x7F, 0xFC, 0xBF, 0xFF, 0xC3,
  0xD5, 0xF7, 0xF7, 0x77, 0x00, 0x40, 0x00, 0x3F, 0x42, 0x78, 0x00, 0x9C, 0x40, 0x47, 0x00, 0x02,
  0xFE, 0xFE, 0xE2, 0xFE, 0xC2, 0xFE, 0xC4, 0xFC, 0x6C, 0xFC, 0x78, 0xF8, 0x40, 0xF0, 0xC0, 0xF0,
  0x80, 0xBE, 0x00, 0x26, 0x08, 0x26, 0x00, 0xA4, 0x00, 0xBC, 0x00, 0x98, 0x00, 0xB0, 0x00, 0xA0,
  0x00, 0x00, 0x00, 0x00, 0x00, 0x00, 0x00, 0x00, 0x00, 0x00, 0x00, 0x00, 0x00, 0x00, 0x00, 0x00,
  0x00, 0x00, 0x00, 0x00, 0x00, 0x00, 0x00, 0x00, 0x00, 0x00, 0x00, 0x00, 0x00, 0x00, 0x00, 0x00,
  0x00, 0x00, 0x00, 0x00, 0x00, 0x00, 0x00, 0x00, 0x00, 0x00, 0x00, 0x00, 0x00, 0x00, 0x00, 0x00,
  0x00, 0x00, 0x00, 0x00, 0x00, 0x00, 0x00, 0x00, 0x00, 0x00, 0x00, 0x00, 0x00, 0x00, 0x00, 0x00,
  0xAF, 0xE3, 0x2F, 0xE3, 0xAF, 0xE7, 0xBF, 0xE7, 0xFF, 0xE7, 0x7F, 0x7F, 0x3F, 0x3F, 0x00, 0x00,
  0x10, 0xF1, 0x10, 0xB1, 0x10, 0xB0, 0x00, 0x63, 0x00, 0x22, 0x00, 0x32, 0x00, 0x06, 0x00, 0x00,
  0xFD, 0xFF, 0xFF, 0xFF, 0x6E, 0x7E, 0x24, 0x3C, 0x66, 0x7E, 0x66, 0x7E, 0xC3, 0xFF, 0xFF, 0xFF,
  0x00, 0x22, 0x00, 0x1A, 0x00, 0x18, 0x00, 0x28, 0x00, 0x20, 0x00, 0x3C, 0x00, 0x66, 0x00, 0x00,
  0x00, 0x00, 0x00, 0x00, 0x00, 0x00, 0x00, 0x00, 0x00, 0x00, 0x00, 0x00, 0x00, 0x00, 0x00, 0x00,
  0x00, 0x00, 0x00, 0x00, 0x00, 0x00, 0x00, 0x00, 0x00, 0x00, 0x00, 0x00, 0x00, 0x00, 0x00, 0x00,
  0x00, 0x00, 0x00, 0x00, 0x00, 0x00, 0x00, 0x00, 0x00, 0x00, 0x00, 0x00, 0x00, 0x00, 0x00, 0x00,
  0x00, 0x00, 0x00, 0x00, 0x00, 0x00, 0x00, 0x00, 0x00, 0x00, 0x00, 0x00, 0x00, 0x00, 0x00, 0x00,
  0x00, 0x00, 0x00, 0x00, 0x00, 0x00, 0x00, 0x00, 0x00, 0x00, 0x00, 0x00, 0x00, 0x00, 0x00, 0x00,
  0x00, 0x00, 0x00, 0x00, 0x00, 0x00, 0x00, 0x00, 0x00, 0x00, 0x00, 0x00, 0x00, 0x00, 0x00, 0x00,
  0x00, 0x00, 0x00, 0x00, 0x00, 0x00, 0x00, 0x00, 0x00, 0x00, 0x00, 0x00, 0x00, 0x00, 0x00, 0x00,
  0x00, 0x00, 0x00, 0x00, 0x00, 0x00, 0x00, 0x00, 0x00, 0x00, 0x00, 0x00, 0x00, 0x00, 0x00, 0x00,
  0x00, 0x00, 0x00, 0x00, 0x00, 0x00, 0x00, 0x00, 0x00, 0x00, 0x00, 0x00, 0x00, 0x00, 0x00, 0x00,
  0x00, 0x00, 0x00, 0x00, 0x00, 0x00, 0x00, 0x00, 0x00, 0x00, 0x00, 0x00, 0x00, 0x00, 0x00, 0x00,
  0x00, 0x00, 0x00, 0x00, 0x00, 0x00, 0x00, 0x00, 0x00, 0x00, 0x00, 0x00, 0x00, 0x00, 0x00, 0x00,
  0x00, 0x00, 0x00, 0x00, 0x00, 0x00, 0x00, 0x00, 0x00, 0x00, 0x00, 0x00, 0x00, 0x00, 0x00, 0x00,
  0xD0, 0xC9, 0x82, 0xD3, 0xA7, 0xE7, 0xAD, 0xAD, 0xCB, 0xDB, 0xFF, 0xFF, 0x4F, 0xF9, 0x7D, 0xB3,
  0x6F, 0x59, 0x7D, 0x51, 0x5B, 0x43, 0x34, 0x66, 0x10, 0x34, 0xC7, 0xC7, 0xF8, 0xFE, 0xB2, 0xFE,
  0xC4, 0xFC, 0xE2, 0xFE, 0x81, 0xFF, 0xA5, 0xFF, 0x15, 0xFF, 0x1F, 0xFF, 0xFF, 0xF4, 0xFE, 0xFE,
  0x00, 0x74, 0x00, 0xFA, 0x10, 0xE5, 0x00, 0xBD, 0x00, 0x9D, 0x00, 0xBF, 0x0F, 0xF9, 0x00, 0x00,
  0x01, 0x01, 0x02, 0x03, 0x04, 0x07, 0x04, 0x07, 0x05, 0x07, 0x07, 0x07, 0x03, 0x01, 0x03, 0x03,
  0x00, 0x01, 0x00, 0x03, 0x00, 0x05, 0x00, 0x05, 0x00, 0x06, 0x00, 0x06, 0x02, 0x00, 0x00, 0x00,
  0xD0, 0xC9, 0x82, 0xD3, 0xA7, 0xE7, 0xAD, 0xAD, 0xCB, 0xDB, 0xFF, 0xFF, 0x4F, 0xF9, 0x7D, 0xB3,
  0x6F, 0x59, 0x7D, 0x51, 0x5B, 0x43, 0x34, 0x66, 0x10, 0x34, 0xC7, 0xC7, 0xF8, 0xFE, 0xB2, 0xFE,
  0x00, 0x00, 0x00, 0x00, 0x00, 0x00, 0x00, 0x00, 0x00, 0x00, 0x00, 0x00, 0x80, 0x80, 0xF8, 0xF8,
  0x00, 0x00, 0x00, 0x00, 0x00, 0x00, 0x00, 0x00, 0x00, 0x00, 0x00, 0x00, 0x80, 0x80, 0x80, 0xB8,
  0x00, 0x00, 0x00, 0x00, 0x00, 0x00, 0x00, 0x00, 0x00, 0x00, 0x1F, 0x1F, 0x2D, 0x3B, 0x55, 0x6F,
  0x00, 0x00, 0x00, 0x00, 0x00, 0x00, 0x00, 0x00, 0x00, 0x00, 0x1F, 0x1F, 0x3B, 0x3F, 0x6F, 0x77,
  0x00, 0x00, 0x00, 0x00, 0x00, 0x00, 0x00, 0x00, 0x00, 0x00, 0x00, 0x00, 0x00, 0x00, 0x00, 0x00,
  0x00, 0x00, 0x00, 0x00, 0x00, 0x00, 0x00, 0x00, 0x00, 0x00, 0x00, 0x00, 0x00, 0x00, 0x00, 0x00,
  0x00, 0x00, 0x00, 0x00, 0x00, 0x00, 0x00, 0x00, 0x00, 0x00, 0x00, 0x00, 0x00, 0x00, 0x00, 0x00,
  0x00, 0x00, 0x00, 0x00, 0x00, 0x00, 0x00, 0x00, 0x00, 0x00, 0x00, 0x00, 0x00, 0x00, 0x00, 0x00,
  0xC4, 0xFC, 0xED, 0xFC, 0x7F, 0xFD, 0xF7, 0xE7, 0xFF, 0xF7, 0x3F, 0xFF, 0x3F, 0xFF, 0x3E, 0xFF,
  0x03, 0x6B, 0x02, 0xBA, 0x00, 0xD8, 0x08, 0x08, 0x00, 0xC1, 0x00, 0xE1, 0x00, 0xF1, 0x00, 0xF3,
  0xFC, 0x7C, 0xCC, 0xFC, 0x86, 0xFE, 0x82, 0xFE, 0x02, 0xFE, 0x84, 0xFC, 0x64, 0xFC, 0x18, 0xF8,
  0x00, 0x30, 0x00, 0x78, 0x00, 0xCC, 0x20, 0x86, 0x00, 0x86, 0x00, 0xCC, 0x00, 0xFC, 0x00, 0x38,
  0x01, 0x01, 0x01, 0x01, 0x01, 0x01, 0x02, 0x03, 0x03, 0x03, 0x06, 0x07, 0x08, 0x0F, 0x0F, 0x0F,
  0x00, 0x00, 0x00, 0x00, 0x00, 0x01, 0x00, 0x00, 0x00, 0x01, 0x00, 0x07, 0x00, 0x0C, 0x00, 0x00,
  0x01, 0x01, 0x02, 0x03, 0x00, 0x03, 0x01, 0x03, 0x03, 0x03, 0x03, 0x03, 0x02, 0x03, 0x01, 0x01,
  0x00, 0x00, 0x00, 0x03, 0x00, 0x01, 0x00, 0x03, 0x00, 0x00, 0x00, 0x03, 0x00, 0x03, 0x00, 0x01,
  0x00, 0x00, 0x00, 0x00, 0x00, 0x00, 0x00, 0x00, 0x00, 0x00, 0x00, 0x00, 0x00, 0x00, 0x00, 0x00,
  0x00, 0x00, 0x00, 0x00, 0x00, 0x00, 0x00, 0x00, 0x00, 0x00, 0x00, 0x00, 0x00, 0x00, 0x00, 0x00,
  0x00, 0x00, 0x00, 0x00, 0x00, 0x00, 0x00, 0x00, 0x00, 0x00, 0x00, 0x00, 0x00, 0x00, 0x00, 0x00,
  0x00, 0x00, 0x00, 0x00, 0x00, 0x00, 0x00, 0x00, 0x00, 0x00, 0x00, 0x00, 0x00, 0x00, 0x00, 0x00,
  0x00, 0x00, 0x00, 0x00, 0x00, 0x00, 0x00, 0x00, 0x00, 0x00, 0x00, 0x00, 0x00, 0x00, 0x00, 0x00,
  0x00, 0x00, 0x00, 0x00, 0x00, 0x00, 0x00, 0x00, 0x00, 0x00, 0x00, 0x00, 0x00, 0x00, 0x00, 0x00,
  0x00, 0x00, 0x00, 0x00, 0x00, 0x00, 0x00, 0x00, 0x00, 0x00, 0x00, 0x00, 0x00, 0x00, 0x00, 0x00,
  0x00, 0x00, 0x00, 0x00, 0x00, 0x00, 0x00, 0x00, 0x00, 0x00, 0x00, 0x00, 0x00, 0x00, 0x00, 0x00,
  0xBB, 0xE7, 0xEF, 0xFF, 0xB1, 0xF1, 0x9F, 0xFF, 0xF0, 0x7F, 0xE0, 0x3F, 0xF9, 0x7F, 0xFF, 0xFF,
  0x64, 0x7C, 0x31, 0x31, 0x0E, 0xCE, 0x00, 0xDF, 0x80, 0x49, 0xC0, 0x51, 0x80, 0x8F, 0x00, 0x00,
  0xFE, 0xFE, 0xC2, 0xFE, 0x86, 0xFE, 0xC4, 0xFC, 0xEC, 0xFC, 0x78, 0xF8, 0xD8, 0xF8, 0xF0, 0xF0,
  0x00, 0x3C, 0x10, 0x64, 0x00, 0x44, 0x00, 0x6C, 0x00, 0xB8, 0x00, 0xC0, 0x00, 0x70, 0x00, 0x20,
  0x01, 0x03, 0x03, 0x03, 0x3F, 0x15, 0x57, 0x14, 0x2E, 0x2E, 0x3F, 0x3A, 0x5F, 0x14, 0x3F, 0x3F,
  0x00, 0x03, 0x00, 0x00, 0x2A, 0x2B, 0x43, 0x68, 0x04, 0x51, 0x15, 0x40, 0x4B, 0x6B, 0x00, 0x00,
  0xBB, 0xE7, 0xEF, 0xFF, 0xB1, 0xF1, 0x9F, 0xFF, 0xF0, 0x7F, 0xE0, 0x3F, 0xF9, 0x7F, 0xFF, 0xFF,
  0x64, 0x7C, 0x31, 0x31, 0x0E, 0xCE, 0x00, 0xDF, 0x80, 0x49, 0xC0, 0x51, 0x80, 0x8F, 0x00, 0x00,
  0x00, 0x00, 0x00, 0x00, 0x00, 0x00, 0x00, 0x00, 0x00, 0x00, 0x00, 0x00, 0x00, 0x00, 0x00, 0x00,
  0x00, 0x00, 0x00, 0x00, 0x00, 0x00, 0x00, 0x00, 0x00, 0x00, 0x00, 0x00, 0x00, 0x00, 0x00, 0x00,
  0x00, 0x00, 0x00, 0x00, 0x00, 0x00, 0x00, 0x00, 0x00, 0x00, 0x00, 0x00, 0x00, 0x00, 0x00, 0x00,
  0x00, 0x00, 0x00, 0x00, 0x00, 0x00, 0x00, 0x00, 0x00, 0x00, 0x00, 0x00, 0x00, 0x00, 0x00, 0x00,
  0x00, 0x00, 0x00, 0x00, 0x00, 0x00, 0x00, 0x00, 0x00, 0x00, 0x00, 0x00, 0x00, 0x00, 0x00, 0x00,
  0x00, 0x00, 0x00, 0x00, 0x00, 0x00, 0x00, 0x00, 0x00, 0x00, 0x00, 0x00, 0x00, 0x00, 0x00, 0x00,
  0x00, 0x00, 0x00, 0x00, 0x00, 0x00, 0x00, 0x00, 0x00, 0x00, 0x00, 0x00, 0x00, 0x00, 0x00, 0x00,
  0x00, 0x00, 0x00, 0x00, 0x00, 0x00, 0x00, 0x00, 0x00, 0x00, 0x00, 0x00, 0x00, 0x00, 0x00, 0x00,
  0xFE, 0xFF, 0xFC, 0xFF, 0x7C, 0xFF, 0x3F, 0xFF, 0xFB, 0xFF, 0xE9, 0xFF, 0x6F, 0xFF, 0xFD, 0xFD,
  0x00, 0x73, 0x00, 0xB6, 0x00, 0xD7, 0x00, 0xC3, 0x00, 0x57, 0x00, 0xB2, 0x00, 0xD7, 0x00, 0x00,
  0x0F, 0xFF, 0x1F, 0xFF, 0x3D, 0xFF, 0x7D, 0xFF, 0xFF, 0xFF, 0xFD, 0xFF, 0xFA, 0xFE, 0xFE, 0xFE,
  0x00, 0x30, 0x00, 0x6A, 0x00, 0xFA, 0x00, 0xF6, 0x00, 0xA8, 0x00, 0x1E, 0x00, 0x3C, 0x00, 0x00,
  0x00, 0x00, 0x00, 0x00, 0x00, 0x00, 0x00, 0x00, 0x00, 0x00, 0x00, 0x00, 0x00, 0x00, 0x00, 0x00,
  0x00, 0x00, 0x00, 0x00, 0x00, 0x00, 0x00, 0x00, 0x00, 0x00, 0x00, 0x00, 0x00, 0x00, 0x00, 0x00,
  0x00, 0x00, 0x00, 0x00, 0x00, 0x00, 0x00, 0x00, 0x00, 0x00, 0x00, 0x00, 0x00, 0x00, 0x00, 0x00,
  0x00, 0x00, 0x00, 0x00, 0x00, 0x00, 0x00, 0x00, 0x00, 0x00, 0x00, 0x00, 0x00, 0x00, 0x00, 0x00,
  0x00, 0x00, 0x00, 0x00, 0x00, 0x00, 0x00, 0x00, 0x00, 0x00, 0x00, 0x00, 0x00, 0x00, 0x00, 0x00,
  0x00, 0x00, 0x00, 0x00, 0x00, 0x00, 0x00, 0x00, 0x00, 0x00, 0x00, 0x00, 0x00, 0x00, 0x00, 0x00,
  0x00, 0x00, 0x00, 0x00, 0x00, 0x00, 0x00, 0x00, 0x00, 0x00, 0x00, 0x00, 0x00, 0x00, 0x00, 0x00,
  0x00, 0x00, 0x00, 0x00, 0x00, 0x00, 0x00, 0x00, 0x00, 0x00, 0x00, 0x00, 0x00, 0x00, 0x00, 0x00,
  0x00, 0x00, 0x00, 0x00, 0x00, 0x00, 0x00, 0x00, 0x00, 0x00, 0x00, 0x00, 0x00, 0x00, 0x00, 0x00,
  0x00, 0x00, 0x00, 0x00, 0x00, 0x00, 0x00, 0x00, 0x00, 0x00, 0x00, 0x00, 0x00, 0x00, 0x00, 0x00,
  0x00, 0x00, 0x00, 0x00, 0x00, 0x00, 0x00, 0x00, 0x00, 0x00, 0x00, 0x00, 0x00, 0x00, 0x00, 0x00,
  0x00, 0x00, 0x00, 0x00, 0x00, 0x00, 0x00, 0x00, 0x00, 0x00, 0x00, 0x00, 0x00, 0x00, 0x00, 0x00,
  0xD0, 0xC9, 0x82, 0xD3, 0xA7, 0xE7, 0xAD, 0xAD, 0xCB, 0xDB, 0xFF, 0xFF, 0x4F, 0xF9, 0x7D, 0xB3,
  0x6F, 0x59, 0x7D, 0x51, 0x5B, 0x43, 0x34, 0x66, 0x10, 0x34, 0xC7, 0xC7, 0xF8, 0xFE, 0xB2, 0xFE,
  0xC4, 0xFC, 0xE2, 0xFE, 0x81, 0xFF, 0xA5, 0xFF, 0x15, 0xFF, 0x1F, 0xFF, 0xFF, 0xF4, 0xFE, 0xFE,
  0x00, 0x74, 0x00, 0xFA, 0x10, 0xE5, 0x00, 0xBD, 0x00, 0x9D, 0x00, 0xBF, 0x0F, 0xF9, 0x00, 0x00,
  0x01, 0x01, 0x02, 0x03, 0x04, 0x07, 0x04, 0x07, 0x05, 0x07, 0x07, 0x07, 0x03, 0x01, 0x03, 0x03,
  0x00, 0x01, 0x00, 0x03, 0x00, 0x05, 0x00, 0x05, 0x00, 0x06, 0x00, 0x06, 0x02, 0x00, 0x00, 0x00,
  0xD0, 0xC9, 0x82, 0xD3, 0xA7, 0xE7, 0xAD, 0xAD, 0xCB, 0xDB, 0xFF, 0xFF, 0x4F, 0xF9, 0x7D, 0xB3,
  0x6F, 0x59, 0x7D, 0x51, 0x5B, 0x43, 0x34, 0x66, 0x10, 0x34, 0xC7, 0xC7, 0xF8, 0xFE, 0xB2, 0xFE,
  0x00, 0x00, 0x00, 0x00, 0x00, 0x00, 0x00, 0x00, 0x00, 0x00, 0x00, 0x00, 0x80, 0x80, 0xF8, 0xF8,
  0x00, 0x00, 0x00, 0x00, 0x00, 0x00, 0x00, 0x00, 0x00, 0x00, 0x00, 0x00, 0x80, 0x80, 0x80, 0xB8,
  0x00, 0x00, 0x00, 0x00, 0x00, 0x00, 0x00, 0x00, 0x00, 0x00, 0x1F, 0x1F, 0x2D, 0x3B, 0x55, 0x6F,
  0x00, 0x00, 0x00, 0x00, 0x00, 0x00, 0x00, 0x00, 0x00, 0x00, 0x1F, 0x1F, 0x3B, 0x3F, 0x6F, 0x77,
  0x00, 0x00, 0x00, 0x00, 0x00, 0x00, 0x00, 0x00, 0x00, 0x00, 0x00, 0x00, 0x00, 0x00, 0x00, 0x00,
  0x00, 0x00, 0x00, 0x00, 0x00, 0x00, 0x00, 0x00, 0x00, 0x00, 0x00, 0x00, 0x00, 0x00, 0x00, 0x00,
  0x00, 0x00, 0x00, 0x00, 0x00, 0x00, 0x00, 0x00, 0x00, 0x00, 0x00, 0x00, 0x00, 0x00, 0x00, 0x00,
  0x00, 0x00, 0x00, 0x00, 0x00, 0x00, 0x00, 0x00, 0x00, 0x00, 0x00, 0x00, 0x00, 0x00, 0x00, 0x00,
  0xC4, 0xFC, 0xED, 0xFC, 0x7F, 0xFD, 0xF7, 0xE7, 0xFF, 0xF7, 0x3F, 0xFF, 0x3F, 0xFF, 0x3E, 0xFF,
  0x03, 0x6B, 0x02, 0xBA, 0x00, 0xD8, 0x08, 0x08, 0x00, 0xC1, 0x00, 0xE1, 0x00, 0xF1, 0x00, 0xF3,
  0xFC, 0x7C, 0xCC, 0xFC, 0x86, 0xFE, 0x82, 0xFE, 0x02, 0xFE, 0x84, 0xFC, 0x64, 0xFC, 0x18, 0xF8,
  0x00, 0x30, 0x00, 0x78, 0x00, 0xCC, 0x20, 0x86, 0x00, 0x86, 0x00, 0xCC, 0x00, 0xFC, 0x00, 0x38,
  0x01, 0x01, 0x01, 0x01, 0x01, 0x01, 0x02, 0x03, 0x03, 0x03, 0x06, 0x07, 0x08, 0x0F, 0x0F, 0x0F,
  0x00, 0x00, 0x00, 0x00, 0x00, 0x01, 0x00, 0x00, 0x00, 0x01, 0x00, 0x07, 0x00, 0x0C, 0x00, 0x00,
  0x01, 0x01, 0x02, 0x03, 0x00, 0x03, 0x01, 0x03, 0x03, 0x03, 0x03, 0x03, 0x02, 0x03, 0x01, 0x01,
  0x00, 0x00, 0x00, 0x03, 0x00, 0x01, 0x00, 0x03, 0x00, 0x00, 0x00, 0x03, 0x00, 0x03, 0x00, 0x01,
  0x00, 0x00, 0x00, 0x00, 0x00, 0x00, 0x00, 0x00, 0x00, 0x00, 0x00, 0x00, 0x00, 0x00, 0x00, 0x00,
  0x00, 0x00, 0x00, 0x00, 0x00, 0x00, 0x00, 0x00, 0x00, 0x00, 0x00, 0x00, 0x00, 0x00, 0x00, 0x00,
  0x00, 0x00, 0x00, 0x00, 0x00, 0x00, 0x00, 0x00, 0x00, 0x00, 0x00, 0x00, 0x00, 0x00, 0x00, 0x00,
  0x00, 0x00, 0x00, 0x00, 0x00, 0x00, 0x00, 0x00, 0x00, 0x00, 0x00, 0x00, 0x00, 0x00, 0x00, 0x00,
  0x00, 0x00, 0x00, 0x00, 0x00, 0x00, 0x00, 0x00, 0x00, 0x00, 0x00, 0x00, 0x00, 0x00, 0x00, 0x00,
  0x00, 0x00, 0x00, 0x00, 0x00, 0x00, 0x00, 0x00, 0x00, 0x00, 0x00, 0x00, 0x00, 0x00, 0x00, 0x00,
  0x00, 0x00, 0x00, 0x00, 0x00, 0x00, 0x00, 0x00, 0x00, 0x00, 0x00, 0x00, 0x00, 0x00, 0x00, 0x00,
  0x00, 0x00, 0x00, 0x00, 0x00, 0x00, 0x00, 0x00, 0x00, 0x00, 0x00, 0x00, 0x00, 0x00, 0x00, 0x00,
  0xBB, 0xE7, 0xEF, 0xFF, 0xB1, 0xF1, 0x9F, 0xFF, 0xF0, 0x7F, 0xE0, 0x3F, 0xF9, 0x7F, 0xFF, 0xFF,
  0x64, 0x7C, 0x31, 0x31, 0x0E, 0xCE, 0x00, 0xDF, 0x80, 0x49, 0xC0, 0x51, 0x80, 0x8F, 0x00, 0x00,
  0xFE, 0xFE, 0xC2, 0xFE, 0x86, 0xFE, 0xC4, 0xFC, 0xEC, 0xFC, 0x78, 0xF8, 0xD8, 0xF8, 0xF0, 0xF0,
  0x00, 0x3C, 0x10, 0x64, 0x00, 0x44, 0x00, 0x6C, 0x00, 0xB8, 0x00, 0xC0, 0x00, 0x70, 0x00, 0x20,
  0x01, 0x03, 0x03, 0x03, 0x3F, 0x15, 0x57, 0x14, 0x2E, 0x2E, 0x3F, 0x3A, 0x5F, 0x14, 0x3F, 0x3F,
  0x00, 0x03, 0x00, 0x00, 0x2A, 0x2B, 0x43, 0x68, 0x04, 0x51, 0x15, 0x40, 0x4B, 0x6B, 0x00, 0x00,
  0xBB, 0xE7, 0xEF, 0xFF, 0xB1, 0xF1, 0x9F, 0xFF, 0xF0, 0x7F, 0xE0, 0x3F, 0xF9, 0x7F, 0xFF, 0xFF,
  0x64, 0x7C, 0x31, 0x31, 0x0E, 0xCE, 0x00, 0xDF, 0x80, 0x49, 0xC0, 0x51, 0x80, 0x8F, 0x00, 0x00,
  0x00, 0x00, 0x00, 0x00, 0x00, 0x00, 0x00, 0x00, 0x00, 0x00, 0x00, 0x00, 0x00, 0x00, 0x00, 0x00,
  0x00, 0x00, 0x00, 0x00, 0x00, 0x00, 0x00, 0x00, 0x00, 0x00, 0x00, 0x00, 0x00, 0x00, 0x00, 0x00,
  0x00, 0x00, 0x00, 0x00, 0x00, 0x00, 0x00, 0x00, 0x00, 0x00, 0x00, 0x00, 0x00, 0x00, 0x00, 0x00,
  0x00, 0x00, 0x00, 0x00, 0x00, 0x00, 0x00, 0x00, 0x00, 0x00, 0x00, 0x00, 0x00, 0x00, 0x00, 0x00,
  0x00, 0x00, 0x00, 0x00, 0x00, 0x00, 0x00, 0x00, 0x00, 0x00, 0x00, 0x00, 0x00, 0x00, 0x00, 0x00,
  0x00, 0x00, 0x00, 0x00, 0x00, 0x00, 0x00, 0x00, 0x00, 0x00, 0x00, 0x00, 0x00, 0x00, 0x00, 0x00,
  0x00, 0x00, 0x00, 0x00, 0x00, 0x00, 0x00, 0x00, 0x00, 0x00, 0x00, 0x00, 0x00, 0x00, 0x00, 0x00,
  0x00, 0x00, 0x00, 0x00, 0x00, 0x00, 0x00, 0x00, 0x00, 0x00, 0x00, 0x00, 0x00, 0x00, 0x00, 0x00,
  0xFE, 0xFF, 0xFC, 0xFF, 0x7C, 0xFF, 0x3F, 0xFF, 0xFB, 0xFF, 0xE9, 0xFF, 0x6F, 0xFF, 0xFD, 0xFD,
  0x00, 0x73, 0x00, 0xB6, 0x00, 0xD7, 0x00, 0xC3, 0x00, 0x57, 0x00, 0xB2, 0x00, 0xD7, 0x00, 0x00,
  0x0F, 0xFF, 0x1F, 0xFF, 0x3D, 0xFF, 0x7D, 0xFF, 0xFF, 0xFF, 0xFD, 0xFF, 0xFA, 0xFE, 0xFE, 0xFE,
  0x00, 0x30, 0x00, 0x6A, 0x00, 0xFA, 0x00, 0xF6, 0x00, 0xA8, 0x00, 0x1E, 0x00, 0x3C, 0x00, 0x00,
  0x00, 0x00, 0x00, 0x00, 0x00, 0x00, 0x00, 0x00, 0x00, 0x00, 0x00, 0x00, 0x00, 0x00, 0x00, 0x00,
  0x00, 0x00, 0x00, 0x00, 0x00, 0x00, 0x00, 0x00, 0x00, 0x00, 0x00, 0x00, 0x00, 0x00, 0x00, 0x00,
  0x00, 0x00, 0x00, 0x00, 0x00, 0x00, 0x00, 0x00, 0x00, 0x00, 0x00, 0x00, 0x00, 0x00, 0x00, 0x00,
  0x00, 0x00, 0x00, 0x00, 0x00, 0x00, 0x00, 0x00, 0x00, 0x00, 0x00, 0x00, 0x00, 0x00, 0x00, 0x00,
  0x00, 0x00, 0x00, 0x00, 0x00, 0x00, 0x00, 0x00, 0x00, 0x00, 0x00, 0x00, 0x00, 0x00, 0x00, 0x00,
  0x00, 0x00, 0x00, 0x00, 0x00, 0x00, 0x00, 0x00, 0x00, 0x00, 0x00, 0x00, 0x00, 0x00, 0x00, 0x00,
  0x00, 0x00, 0x00, 0x00, 0x00, 0x00, 0x00, 0x00, 0x00, 0x00, 0x00, 0x00, 0x00, 0x00, 0x00, 0x00,
  0x00, 0x00, 0x00, 0x00, 0x00, 0x00, 0x00, 0x00, 0x00, 0x00, 0x00, 0x00, 0x00, 0x00, 0x00, 0x00,
  0x00, 0x00, 0x00, 0x00, 0x00, 0x00, 0x00, 0x00, 0x00, 0x00, 0x00, 0x00, 0x00, 0x00, 0x00, 0x00,
  0x00, 0x00, 0x00, 0x00, 0x00, 0x00, 0x00, 0x00, 0x00, 0x00, 0x00, 0x00, 0x00, 0x00, 0x00, 0x00,
  0x00, 0x00, 0x00, 0x00, 0x00, 0x00, 0x00, 0x00, 0x00, 0x00, 0x00, 0x00, 0x00, 0x00, 0x00, 0x00,
  0x00, 0x00, 0x00, 0x00, 0x00, 0x00, 0x00, 0x00, 0x00, 0x00, 0x00, 0x00, 0x00, 0x00, 0x00, 0x00,
  0x00, 0x00, 0x00, 0x00, 0x00, 0x00, 0x00, 0x00, 0x00, 0x00, 0x00, 0x00, 0x3C, 0x3C, 0x42, 0x7E,
  0x00, 0x00, 0x00, 0x00, 0x00, 0x00, 0x00, 0x00, 0x00, 0x00, 0x00, 0x00, 0x00, 0x3C, 0x00, 0x46,
  0x00, 0x00, 0x00, 0x00, 0x00, 0x00, 0x00, 0x00, 0x00, 0x00, 0x63, 0x7F, 0xDD, 0xE3, 0xE2, 0xBF,
  0x00, 0x00, 0x00, 0x00, 0x00, 0x00, 0x00, 0x00, 0x00, 0x00, 0x7F, 0x7F, 0xE3, 0xFF, 0xBF, 0xF7,
  0x9F, 0xFF, 0xA3, 0xFF, 0xC1, 0xFF, 0xE1, 0xFF, 0xFB, 0xFF, 0xD7, 0x13, 0xFF, 0xFF, 0x7F, 0x7F,
  0x00, 0xFE, 0x08, 0xE2, 0x00, 0xE3, 0x00, 0xF7, 0x00, 0x1E, 0xD4, 0xA8, 0x00, 0x00, 0x00, 0x7C,
  0x41, 0xDD, 0x41, 0xC9, 0xA2, 0xA2, 0xF7, 0xF7, 0xFF, 0xF7, 0xFF, 0xFF, 0x6B, 0xDD, 0x7F, 0xAA,
  0xFF, 0xDD, 0xFF, 0xC9, 0xBE, 0xE3, 0x7F, 0x55, 0x49, 0x41, 0xF7, 0xF7, 0xD5, 0xF7, 0xA2, 0xF7,
  0x41, 0xDD, 0x41, 0xC9, 0xA2, 0xA2, 0xF7, 0xF7, 0xFF, 0xF7, 0xFF, 0xFF, 0x6B, 0xDD, 0x7F, 0xAA,
  0xFF, 0xDD, 0xFF, 0xC9, 0xBE, 0xE3, 0x7F, 0x55, 0x49, 0x41, 0xF7, 0xF7, 0xD5, 0xF7, 0xA2, 0xF7,
  0x42, 0xFE, 0x5F, 0xFF, 0xE3, 0xFF, 0xC0, 0xFF, 0xC1, 0xFF, 0xEF, 0xFF, 0xEF, 0xCC, 0xFF, 0xFF,
  0x80, 0xE6, 0x80, 0xBF, 0x88, 0xB3, 0x00, 0x73, 0x00, 0x7B, 0x80, 0xBC, 0xAF, 0x91, 0x80, 0xA0,
  0x00, 0x00, 0x00, 0x00, 0x00, 0x00, 0x00, 0x00, 0x00, 0x00, 0x00, 0x00, 0x80, 0x80, 0x9C, 0x9C,
  0x00, 0x00, 0x00, 0x00, 0x00, 0x00, 0x00, 0x00, 0x00, 0x00, 0x00, 0x00, 0x80, 0x80, 0x80, 0x9C,
  0x00, 0x00, 0x00, 0x00, 0x00, 0x00, 0x00, 0x00, 0x00, 0x00, 0x00, 0x00, 0x00, 0x00, 0x00, 0x00,
  0x00, 0x00, 0x00, 0x00, 0x00, 0x00, 0x00, 0x00, 0x00, 0x00, 0x00, 0x00, 0x00, 0x00, 0x00, 0x00,
  0x7C, 0x70, 0x7F, 0x78, 0x9F, 0xFC, 0x9F, 0xFC, 0x1F, 0xF6, 0x1F, 0xF7, 0x1F, 0xF3, 0xEF, 0xE3,
  0x03, 0x63, 0x00, 0x70, 0x00, 0xD0, 0x00, 0x90, 0x40, 0x90, 0x00, 0xB0, 0x00, 0xF1, 0x10, 0xF1,
  0xFC, 0x3C, 0xEE, 0x7E, 0xE6, 0xFE, 0xF6, 0xFF, 0xC2, 0xFF, 0xC2, 0x7F, 0xE6, 0x7F, 0xFC, 0x7F,
  0x00, 0x08, 0x00, 0x1A, 0x00, 0x2E, 0x00, 0x7B, 0x00, 0x66, 0x00, 0x24, 0x00, 0x3C, 0x00, 0x3F,
  0x00, 0x00, 0x00, 0x00, 0x00, 0x00, 0x00, 0x00, 0x00, 0x00, 0x00, 0x00, 0x00, 0x00, 0x00, 0x00,
  0x00, 0x00, 0x00, 0x00, 0x00, 0x00, 0x00, 0x00, 0x00, 0x00, 0x00, 0x00, 0x00, 0x00, 0x00, 0x00,
  0x00, 0x00, 0x00, 0x00, 0x00, 0x00, 0x00, 0x00, 0x00, 0x00, 0x00, 0x00, 0x00, 0x00, 0x00, 0x00,
  0x00, 0x00, 0x00, 0x00, 0x00, 0x00, 0x00, 0x00, 0x00, 0x00, 0x00, 0x00, 0x00, 0x00, 0x00, 0x00,
  0x00, 0x00, 0x00, 0x00, 0x00, 0x00, 0x00, 0x00, 0x00, 0x00, 0x00, 0x00, 0x00, 0x00, 0x00, 0x00,
  0x00, 0x00, 0x00, 0x00, 0x00, 0x00, 0x00, 0x00, 0x00, 0x00, 0x00, 0x00, 0x00, 0x00, 0x00, 0x00,
  0x00, 0x00, 0x00, 0x00, 0x00, 0x00, 0x00, 0x00, 0x00, 0x00, 0x00, 0x00, 0x00, 0x00, 0x00, 0x00,
  0x00, 0x00, 0x00, 0x00, 0x00, 0x00, 0x00, 0x00, 0x00, 0x00, 0x00, 0x00, 0x00, 0x00, 0x00, 0x00,
  0x00, 0x00, 0x00, 0x00, 0x00, 0x00, 0x00, 0x00, 0x00, 0x00, 0x00, 0x00, 0x00, 0x00, 0x00, 0x00,
  0x00, 0x00, 0x00, 0x00, 0x00, 0x00, 0x00, 0x00, 0x00, 0x00, 0x00, 0x00, 0x00, 0x00, 0x00, 0x00,
  0x00, 0x00, 0x00, 0x00, 0x00, 0x00, 0x00, 0x00, 0x00, 0x00, 0x00, 0x00, 0x00, 0x00, 0x00, 0x00,
  0x00, 0x00, 0x00, 0x00, 0x00, 0x00, 0x00, 0x00, 0x00, 0x00, 0x00, 0x00, 0x00, 0x00, 0x00, 0x00,
  0x9F, 0xFF, 0xA3, 0xFF, 0xC1, 0xFF, 0xE1, 0xFF, 0xFB, 0xFF, 0xD7, 0x13, 0xFF, 0xFF, 0x7F, 0x7F,
  0x00, 0xFE, 0x08, 0xE2, 0x00, 0xE3, 0x00, 0xF7, 0x00, 0x1E, 0xD4, 0xA8, 0x00, 0x00, 0x00, 0x7C,
  0x41, 0xDD, 0x41, 0xC9, 0xA2, 0xA2, 0xF7, 0xF7, 0xFF, 0xF7, 0xFF, 0xFF, 0x6B, 0xDD, 0x7F, 0xAA,
  0xFF, 0xDD, 0xFF, 0xC9, 0xBE, 0xE3, 0x7F, 0x55, 0x49, 0x41, 0xF7, 0xF7, 0xD5, 0xF7, 0xA2, 0xF7,
  0x47, 0x7F, 0x47, 0x7E, 0x4F, 0x78, 0x55, 0x71, 0x3F, 0x38, 0x37, 0x32, 0x1F, 0x11, 0x0F, 0x09,
  0x00, 0x7C, 0x11, 0x4C, 0x07, 0x6B, 0x04, 0x7A, 0x0F, 0x25, 0x05, 0x2C, 0x0E, 0x02, 0x06, 0x02,
  0xBE, 0xDD, 0xC9, 0x7F, 0xBF, 0xBF, 0xE1, 0xFF, 0xE0, 0xBF, 0x70, 0x7F, 0xFC, 0xBF, 0xFF, 0xC3,
  0xD5, 0xF7, 0xF7, 0x77, 0x00, 0x40, 0x00, 0x3F, 0x42, 0x78, 0x00, 0x9C, 0x40, 0x47, 0x00, 0x02,
  0xBE, 0xDD, 0xC9, 0x7F, 0xBF, 0xBF, 0xE1, 0xFF, 0xE0, 0xBF, 0x70, 0x7F, 0xFC, 0xBF, 0xFF, 0xC3,
  0xD5, 0xF7, 0xF7, 0x77, 0x00, 0x40, 0x00, 0x3F, 0x42, 0x78, 0x00, 0x9C, 0x40, 0x47, 0x00, 0x02,
  0xFE, 0xFE, 0xE2, 0xFE, 0xC2, 0xFE, 0xC4, 0xFC, 0x6C, 0xFC, 0x78, 0xF8, 0x40, 0xF0, 0xC0, 0xF0,
  0x80, 0xBE, 0x00, 0x26, 0x08, 0x26, 0x00, 0xA4, 0x00, 0xBC, 0x00, 0x98, 0x00, 0xB0, 0x00, 0xA0,
  0x00, 0x00, 0x00, 0x00, 0x00, 0x00, 0x00, 0x00, 0x00, 0x00, 0x00, 0x00, 0x00, 0x00, 0x00, 0x00,
  0x00, 0x00, 0x00, 0x00, 0x00, 0x00, 0x00, 0x00, 0x00, 0x00, 0x00, 0x00, 0x00, 0x00, 0x00, 0x00,
  0x00, 0x00, 0x00, 0x00, 0x00, 0x00, 0x00, 0x00, 0x00, 0x00, 0x00, 0x00, 0x00, 0x00, 0x00, 0x00,
  0x00, 0x00, 0x00, 0x00, 0x00, 0x00, 0x00, 0x00, 0x00, 0x00, 0x00, 0x00, 0x00, 0x00, 0x00, 0x00,
  0xAF, 0xE3, 0x2F, 0xE3, 0xAF, 0xE7, 0xBF, 0xE7, 0xFF, 0xE7, 0x7F, 0x7F, 0x3F, 0x3F, 0x00, 0x00,
  0x10, 0xF1, 0x10, 0xB1, 0x10, 0xB0, 0x00, 0x63, 0x00, 0x22, 0x00, 0x32, 0x00, 0x06, 0x00, 0x00,
  0xFD, 0xFF, 0xFF, 0xFF, 0x6E, 0x7E, 0x24, 0x3C, 0x66, 0x7E, 0x66, 0x7E, 0xC3, 0xFF, 0xFF, 0xFF,
  0x00, 0x22, 0x00, 0x1A, 0x00, 0x18, 0x00, 0x28, 0x00, 0x20, 0x00, 0x3C, 0x00, 0x66, 0x00, 0x00,
  0x00, 0x00, 0x00, 0x00, 0x00, 0x00, 0x00, 0x00, 0x00, 0x00, 0x00, 0x00, 0x00, 0x00, 0x00, 0x00,
  0x00, 0x00, 0x00, 0x00, 0x00, 0x00, 0x00, 0x00, 0x00, 0x00, 0x00, 0x00, 0x00, 0x00, 0x00, 0x00,
  0x00, 0x00, 0x00, 0x00, 0x00, 0x00, 0x00, 0x00, 0x00, 0x00, 0x00, 0x00, 0x00, 0x00, 0x00, 0x00,
  0x00, 0x00, 0x00, 0x00, 0x00, 0x00, 0x00, 0x00, 0x00, 0x00, 0x00, 0x00, 0x00, 0x00, 0x00, 0x00,
  0x00, 0x00, 0x00, 0x00, 0x00, 0x00, 0x00, 0x00, 0x00, 0x00, 0x00, 0x00, 0x00, 0x00, 0x00, 0x00,
  0x00, 0x00, 0x00, 0x00, 0x00, 0x00, 0x00, 0x00, 0x00, 0x00, 0x00, 0x00, 0x00, 0x00, 0x00, 0x00,
  0x00, 0x00, 0x00, 0x00, 0x00, 0x00, 0x00, 0x00, 0x00, 0x00, 0x00, 0x00, 0x00, 0x00, 0x00, 0x00,
  0x00, 0x00, 0x00, 0x00, 0x00, 0x00, 0x00, 0x00, 0x00, 0x00, 0x00, 0x00, 0x00, 0x00, 0x00, 0x00,
  0x00, 0x00, 0x00, 0x00, 0x00, 0x00, 0x00, 0x00, 0x00, 0x00, 0x00, 0x00, 0x00, 0x00, 0x00, 0x00,
  0x00, 0x00, 0x00, 0x00, 0x00, 0x00, 0x00, 0x00, 0x00, 0x00, 0x00, 0x00, 0x00, 0x00, 0x00, 0x00,
  0x00, 0x00, 0x00, 0x00, 0x00, 0x00, 0x00, 0x00, 0x00, 0x00, 0x00, 0x00, 0x00, 0x00, 0x00, 0x00,
  0x00, 0x00, 0x00, 0x00, 0x00, 0x00, 0x00, 0x00, 0x00, 0x00, 0x00, 0x00, 0x00, 0x00, 0x00, 0x00,
  0x0C, 0x0F, 0x08, 0x0F, 0x12, 0x1F, 0x14, 0x1F, 0x15, 0x1F, 0x1F, 0x1F, 0x1D, 0x04, 0x0F, 0x0F,
  0x00, 0x0E, 0x00, 0x0F, 0x00, 0x1E, 0x00, 0x1F, 0x00, 0x1F, 0x00, 0x1F, 0x1D, 0x12, 0x00, 0x00,
  0x61, 0xF2, 0xE8, 0xF9, 0x3C, 0xDC, 0x96, 0xF6, 0x1A, 0xFB, 0x3F, 0xCF, 0xF2, 0x7F, 0xF5, 0xFB,
  0x3E, 0x33, 0x17, 0xD1, 0x3B, 0x78, 0x05, 0xAC, 0x01, 0x25, 0x3C, 0xFC, 0x8F, 0x6F, 0x0B, 0x0F,
  0x61, 0xF2, 0xE8, 0xF9, 0x3C, 0xDC, 0x96, 0xF6, 0x1A, 0xFB, 0x3F, 0xCF, 0xF2, 0x7F, 0xF5, 0xFB,
  0x3E, 0x33, 0x17, 0xD1, 0x3B, 0x78, 0x05, 0xAC, 0x01, 0x25, 0x3C, 0xFC, 0x8F, 0x6F, 0x0B, 0x0F,
  0x68, 0x78, 0x24, 0x7C, 0xA4, 0x7C, 0xA4, 0xBC, 0x74, 0x7C, 0xFC, 0xFC, 0x58, 0xF8, 0xF8, 0x98,
  0xC0, 0x58, 0xC0, 0x4C, 0xC8, 0xC4, 0x80, 0xD4, 0x00, 0x8C, 0x60, 0x6C, 0xE8, 0xE4, 0x80, 0xE0,
  0x00, 0x00, 0x00, 0x00, 0x00, 0x00, 0x00, 0x00, 0x00, 0x00, 0x00, 0x00, 0x80, 0x80, 0xF8, 0xF8,
  0x00, 0x00, 0x00, 0x00, 0x00, 0x00, 0x00, 0x00, 0x00, 0x00, 0x00, 0x00, 0x80, 0x80, 0x80, 0xB8,
  0x00, 0x00, 0x00, 0x00, 0x00, 0x00, 0x00, 0x00, 0x00, 0x00, 0x1F, 0x1F, 0x2D, 0x3B, 0x55, 0x6F,
  0x00, 0x00, 0x00, 0x00, 0x00, 0x00, 0x00, 0x00, 0x00, 0x00, 0x1F, 0x1F, 0x3B, 0x3F, 0x6F, 0x77,
  0x00, 0x00, 0x00, 0x00, 0x00, 0x00, 0x00, 0x00, 0x00, 0x00, 0x00, 0x00, 0x00, 0x00, 0x00, 0x00,
  0x00, 0x00, 0x00, 0x00, 0x00, 0x00, 0x00, 0x00, 0x00, 0x00, 0x00, 0x00, 0x00, 0x00, 0x00, 0x00,
  0x00, 0x00, 0x00, 0x00, 0x00, 0x00, 0x00, 0x00, 0x00, 0x00, 0x00, 0x00, 0x00, 0x00, 0x00, 0x00,
  0x00, 0x00, 0x00, 0x00, 0x00, 0x00, 0x00, 0x00, 0x00, 0x00, 0x00, 0x00, 0x00, 0x00, 0x00, 0x00,
  0xC4, 0xFC, 0xED, 0xFC, 0x7F, 0xFD, 0xF7, 0xE7, 0xFF, 0xF7, 0x3F, 0xFF, 0x3F, 0xFF, 0x3E, 0xFF,
  0x03, 0x6B, 0x02, 0xBA, 0x00, 0xD8, 0x08, 0x08, 0x00, 0xC1, 0x00, 0xE1, 0x00, 0xF1, 0x00, 0xF3,
  0xFC, 0x7C, 0xCC, 0xFC, 0x86, 0xFE, 0x82, 0xFE, 0x02, 0xFE, 0x84, 0xFC, 0x64, 0xFC, 0x18, 0xF8,
  0x00, 0x30, 0x00, 0x78, 0x00, 0xCC, 0x20, 0x86, 0x00, 0x86, 0x00, 0xCC, 0x00, 0xFC, 0x00, 0x38,
  0x01, 0x01, 0x01, 0x01, 0x01, 0x01, 0x02, 0x03, 0x03, 0x03, 0x06, 0x07, 0x08, 0x0F, 0x0F, 0x0F,
  0x00, 0x00, 0x00, 0x00, 0x00, 0x01, 0x00, 0x00, 0x00, 0x01, 0x00, 0x07, 0x00, 0x0C, 0x00, 0x00,
  0x01, 0x01, 0x02, 0x03, 0x00, 0x03, 0x01, 0x03, 0x03, 0x03, 0x03, 0x03, 0x02, 0x03, 0x01, 0x01,
  0x00, 0x00, 0x00, 0x03, 0x00, 0x01, 0x00, 0x03, 0x00, 0x00, 0x00, 0x03, 0x00, 0x03, 0x00, 0x01,
  0x00, 0x00, 0x00, 0x00, 0x00, 0x00, 0x00, 0x00, 0x00, 0x00, 0x00, 0x00, 0x00, 0x00, 0x00, 0x00,
  0x00, 0x00, 0x00, 0x00, 0x00, 0x00, 0x00, 0x00, 0x00, 0x00, 0x00, 0x00, 0x00, 0x00, 0x00, 0x00,
  0x00, 0x00, 0x00, 0x00, 0x00, 0x00, 0x00, 0x00, 0x00, 0x00, 0x00, 0x00, 0x00, 0x00, 0x00, 0x00,
  0x00, 0x00, 0x00, 0x00, 0x00, 0x00, 0x00, 0x00, 0x00, 0x00, 0x00, 0x00, 0x00, 0x00, 0x00, 0x00,
  0x00, 0x00, 0x00, 0x00, 0x00, 0x00, 0x00, 0x00, 0x00, 0x00, 0x00, 0x00, 0x00, 0x00, 0x00, 0x00,
  0x00, 0x00, 0x00, 0x00, 0x00, 0x00, 0x00, 0x00, 0x00, 0x00, 0x00, 0x00, 0x00, 0x00, 0x00, 0x00,
  0x00, 0x00, 0x00, 0x00, 0x00, 0x00, 0x00, 0x00, 0x00, 0x00, 0x00, 0x00, 0x00, 0x00, 0x00, 0x00,
  0x00, 0x00, 0x00, 0x00, 0x00, 0x00, 0x00, 0x00, 0x00, 0x00, 0x00, 0x00, 0x00, 0x00, 0x00, 0x00,
  0x0F, 0x0F, 0x08, 0x0F, 0x0C, 0x0F, 0x04, 0x07, 0x06, 0x07, 0x03, 0x03, 0x03, 0x03, 0x01, 0x01,
  0x00, 0x07, 0x00, 0x04, 0x00, 0x06, 0x00, 0x07, 0x00, 0x03, 0x00, 0x00, 0x00, 0x01, 0x00, 0x00,
  0xF8, 0xFF, 0x7E, 0xFF, 0x3F, 0xE1, 0x7B, 0xC1, 0xC3, 0xC3, 0xFF, 0xC2, 0x7F, 0xE1, 0xFF, 0xFF,
  0x07, 0x87, 0x01, 0xD1, 0x1E, 0x5E, 0x3A, 0xE4, 0x01, 0xBC, 0x3D, 0x00, 0x1E, 0x9E, 0x00, 0x80,
  0xF8, 0xFF, 0x7E, 0xFF, 0x3F, 0xE1, 0x7B, 0xC1, 0xC3, 0xC3, 0xFF, 0xC2, 0x7F, 0xE1, 0xFF, 0xFF,
  0x07, 0x87, 0x01, 0xD1, 0x1E, 0x5E, 0x3A, 0xE4, 0x01, 0xBC, 0x3D, 0x00, 0x1E, 0x9E, 0x00, 0x80,
  0xF8, 0xB8, 0xE8, 0xF8, 0xC4, 0x3C, 0x50, 0x4C, 0xA4, 0xAC, 0xE8, 0xE8, 0xC0, 0x40, 0xE0, 0xE0,
  0x80, 0xC8, 0x80, 0x98, 0xC0, 0xF4, 0x10, 0xB4, 0x00, 0x5C, 0x40, 0x18, 0x80, 0xA0, 0x00, 0x00,
  0x00, 0x00, 0x00, 0x00, 0x00, 0x00, 0x00, 0x00, 0x00, 0x00, 0x00, 0x00, 0x00, 0x00, 0x00, 0x00,
  0x00, 0x00, 0x00, 0x00, 0x00, 0x00, 0x00, 0x00, 0x00, 0x00, 0x00, 0x00, 0x00, 0x00, 0x00, 0x00,
  0x00, 0x00, 0x00, 0x00, 0x00, 0x00, 0x00, 0x00, 0x00, 0x00, 0x00, 0x00, 0x00, 0x00, 0x00, 0x00,
  0x00, 0x00, 0x00, 0x00, 0x00, 0x00, 0x00, 0x00, 0x00, 0x00, 0x00, 0x00, 0x00, 0x00, 0x00, 0x00,
  0x00, 0x00, 0x00, 0x00, 0x00, 0x00, 0x00, 0x00, 0x00, 0x00, 0x00, 0x00, 0x00, 0x00, 0x00, 0x00,
  0x00, 0x00, 0x00, 0x00, 0x00, 0x00, 0x00, 0x00, 0x00, 0x00, 0x00, 0x00, 0x00, 0x00, 0x00, 0x00,
  0x00, 0x00, 0x00, 0x00, 0x00, 0x00, 0x00, 0x00, 0x00, 0x00, 0x00, 0x00, 0x00, 0x00, 0x00, 0x00,
  0x00, 0x00, 0x00, 0x00, 0x00, 0x00, 0x00, 0x00, 0x00, 0x00, 0x00, 0x00, 0x00, 0x00, 0x00, 0x00,
  0xFE, 0xFF, 0xFC, 0xFF, 0x7C, 0xFF, 0x3F, 0xFF, 0xFB, 0xFF, 0xE9, 0xFF, 0x6F, 0xFF, 0xFD, 0xFD,
  0x00, 0x73, 0x00, 0xB6, 0x00, 0xD7, 0x00, 0xC3, 0x00, 0x57, 0x00, 0xB2, 0x00, 0xD7, 0x00, 0x00,
  0x0F, 0xFF, 0x1F, 0xFF, 0x3D, 0xFF, 0x7D, 0xFF, 0xFF, 0xFF, 0xFD, 0xFF, 0xFA, 0xFE, 0xFE, 0xFE,
  0x00, 0x30, 0x00, 0x6A, 0x00, 0xFA, 0x00, 0xF6, 0x00, 0xA8, 0x00, 0x1E, 0x00, 0x3C, 0x00, 0x00,
  0x00, 0x00, 0x00, 0x00, 0x00, 0x00, 0x00, 0x00, 0x00, 0x00, 0x00, 0x00, 0x00, 0x00, 0x00, 0x00,
  0x00, 0x00, 0x00, 0x00, 0x00, 0x00, 0x00, 0x00, 0x00, 0x00, 0x00, 0x00, 0x00, 0x00, 0x00, 0x00,
  0x00, 0x00, 0x00, 0x00, 0x00, 0x00, 0x00, 0x00, 0x00, 0x00, 0x00, 0x00, 0x00, 0x00, 0x00, 0x00,
  0x00, 0x00, 0x00, 0x00, 0x00, 0x00, 0x00, 0x00, 0x00, 0x00, 0x00, 0x00, 0x00, 0x00, 0x00, 0x00,
  0x00, 0x00, 0x00, 0x00, 0x00, 0x00, 0x00, 0x00, 0x00, 0x00, 0x00, 0x00, 0x00, 0x00, 0x00, 0x00,
  0x00, 0x00, 0x00, 0x00, 0x00, 0x00, 0x00, 0x00, 0x00, 0x00, 0x00, 0x00, 0x00, 0x00, 0x00, 0x00,
  0x00, 0x00, 0x00, 0x00, 0x00, 0x00, 0x00, 0x00, 0x00, 0x00, 0x00, 0x00, 0x00, 0x00, 0x00, 0x00,
  0x00, 0x00, 0x00, 0x00, 0x00, 0x00, 0x00, 0x00, 0x00, 0x00, 0x00, 0x00, 0x00, 0x00, 0x00, 0x00,
  0x00, 0x00, 0x00, 0x00, 0x00, 0x00, 0x00, 0x00, 0x00, 0x00, 0x00, 0x00, 0x00, 0x00, 0x00, 0x00,
  0x00, 0x00, 0x00, 0x00, 0x00, 0x00, 0x00, 0x00, 0x00, 0x00, 0x00, 0x00, 0x00, 0x00, 0x00, 0x00,
  0x00, 0x00, 0x00, 0x00, 0x00, 0x00, 0x00, 0x00, 0x00, 0x00, 0x00, 0x00, 0x00, 0x00, 0x00, 0x00,
  0x00, 0x00, 0x00, 0x00, 0x00, 0x00, 0x00, 0x00, 0x00, 0x00, 0x00, 0x00, 0x00, 0x00, 0x00, 0x00,
};

static const uint16_t kPicoLsSamusPal[16] = {
  0x3800, 0x0108, 0x03BD, 0x1405, 0x3BE0, 0x21A8, 0x579F, 0x4AD2,
  0x3A4E, 0x00BB, 0x02B5, 0x016B, 0x0252, 0x1104, 0x0074, 0x000D,
};

static const uint8_t kPicoLsSamusSpritemaps[3933] = {
  0x0A, 0x00, 0xFC, 0xC3, 0xF0, 0x00, 0x28, 0xF4, 0xC3, 0xF0, 0x02, 0x28, 0xF0, 0x01, 0x08, 0x0C,
  0x28, 0xF0, 0x01, 0x00, 0x0D, 0x28, 0xF4, 0x01, 0x18, 0x0E, 0x28, 0xF4, 0x01, 0x10, 0x0F, 0x28,
  0xF4, 0x01, 0x08, 0x1C, 0x28, 0xF4, 0x01, 0x00, 0x1D, 0x28, 0xFC, 0xC3, 0x10, 0x08, 0x28, 0xFC,
  0xC3, 0x00, 0x0A, 0x28, 0x07, 0x00, 0xF9, 0xC3, 0xF8, 0x00, 0x28, 0xF9, 0xC3, 0xF0, 0x02, 0x28,
  0x0A, 0x00, 0xFD, 0x04, 0x28, 0x02, 0x00, 0xFD, 0x05, 0x28, 0xF1, 0xC3, 0x10, 0x08, 0x28, 0xF9,
  0xC3, 0x10, 0x0A, 0x28, 0xF9, 0xC3, 0x00, 0x0C, 0x28, 0x07, 0x00, 0xF9, 0xC3, 0xF8, 0x00, 0x28,
  0xF9, 0xC3, 0xF0, 0x02, 0x28, 0x0A, 0x00, 0xFD, 0x04, 0x28, 0x02, 0x00, 0xFD, 0x05, 0x28, 0xF1,
  0xC3, 0x10, 0x08, 0x28, 0xF9, 0xC3, 0x10, 0x0A, 0x28, 0xF9, 0xC3, 0x00, 0x0C, 0x28, 0x07, 0x00,
  0xF9, 0xC3, 0xF8, 0x00, 0x28, 0xF9, 0xC3, 0xF0, 0x02, 0x28, 0x0A, 0x00, 0xFD, 0x04, 0x28, 0x02,
  0x00, 0xFD, 0x05, 0x28, 0xF1, 0xC3, 0x10, 0x08, 0x28, 0xF9, 0xC3, 0x10, 0x0A, 0x28, 0xF9, 0xC3,
  0x00, 0x0C, 0x28, 0x07, 0x00, 0xF9, 0xC3, 0xF8, 0x00, 0x28, 0xF9, 0xC3, 0xF0, 0x02, 0x28, 0x0A,
  0x00, 0xFD, 0x04, 0x28, 0x02, 0x00, 0xFD, 0x05, 0x28, 0xF1, 0xC3, 0x10, 0x08, 0x28, 0xF9, 0xC3,
  0x10, 0x0A, 0x28, 0xF9, 0xC3, 0x00, 0x0C, 0x28, 0x07, 0x00, 0xF7, 0xC3, 0xF8, 0x00, 0x28, 0xF7,
  0xC3, 0xF0, 0x02, 0x28, 0xEE, 0x01, 0xFD, 0x04, 0x68, 0xF6, 0x01, 0xFD, 0x05, 0x68, 0xFF, 0xC3,
  0x10, 0x08, 0x68, 0xF7, 0xC3, 0x10, 0x0A, 0x68, 0xF7, 0xC3, 0x00, 0x0C, 0x68, 0x07, 0x00, 0xF7,
  0xC3, 0xF8, 0x00, 0x28, 0xF7, 0xC3, 0xF0, 0x02, 0x28, 0xEE, 0x01, 0xFD, 0x04, 0x68, 0xF6, 0x01,
  0xFD, 0x05, 0x68, 0xFF, 0xC3, 0x10, 0x08, 0x68, 0xF7, 0xC3, 0x10, 0x0A, 0x68, 0xF7, 0xC3, 0x00,
  0x0C, 0x68, 0x07, 0x00, 0xF7, 0xC3, 0xF8, 0x00, 0x28, 0xF7, 0xC3, 0xF0, 0x02, 0x28, 0xEE, 0x01,
  0xFD, 0x04, 0x68, 0xF6, 0x01, 0xFD, 0x05, 0x68, 0xFF, 0xC3, 0x10, 0x08, 0x68, 0xF7, 0xC3, 0x10,
  0x0A, 0x68, 0xF7, 0xC3, 0x00, 0x0C, 0x68, 0x07, 0x00, 0xF7, 0xC3, 0xF8, 0x00, 0x28, 0xF7, 0xC3,
  0xF0, 0x02, 0x28, 0xEE, 0x01, 0xFD, 0x04, 0x68, 0xF6, 0x01, 0xFD, 0x05, 0x68, 0xFF, 0xC3, 0x10,
  0x08, 0x68, 0xF7, 0xC3, 0x10, 0x0A, 0x68, 0xF7, 0xC3, 0x00, 0x0C, 0x68, 0x04, 0x00, 0xFB, 0xC3,
  0xF8, 0x00, 0x28, 0xFB, 0xC3, 0xF0, 0x02, 0x28, 0xF8, 0xC3, 0x10, 0x08, 0x28, 0xF8, 0xC3, 0x00,
  0x0A, 0x28, 0x06, 0x00, 0xFA, 0xC3, 0xF8, 0x00, 0x28, 0xFA, 0xC3, 0xF0, 0x02, 0x28, 0xFB, 0xC3,
  0x00, 0x08, 0x28, 0xF3, 0xC3, 0x10, 0x0A, 0x28, 0xF3, 0x01, 0x08, 0x0C, 0x28, 0x03, 0x00, 0x10,
  0x0D, 0x28, 0x08, 0x00, 0xFF, 0xC3, 0xF7, 0x00, 0x28, 0x07, 0x00, 0xEF, 0x04, 0x28, 0xF7, 0xC3,
  0xEF, 0x02, 0x28, 0xF3, 0xC3, 0x07, 0x08, 0x28, 0xFB, 0xC3, 0xFF, 0x0A, 0x28, 0xEB, 0x01, 0x0F,
  0x0C, 0x28, 0xF3, 0x01, 0x17, 0x0D, 0x28, 0x03, 0x00, 0x0F, 0x0E, 0x28, 0x09, 0x00, 0x08, 0x00,
  0xEE, 0x04, 0x28, 0x00, 0xC2, 0xF6, 0x00, 0x28, 0xF8, 0xC3, 0xEE, 0x02, 0x28, 0xFF, 0xC3, 0x06,
  0x08, 0x28, 0xF7, 0xC3, 0xFE, 0x0A, 0x28, 0x0F, 0x00, 0x0F, 0x0C, 0x28, 0xEF, 0x01, 0x0E, 0x0D,
  0x28, 0xEF, 0x01, 0x06, 0x0E, 0x28, 0x07, 0x00, 0x16, 0x0F, 0x28, 0x06, 0x00, 0xFB, 0xC3, 0xF7,
  0x00, 0x28, 0xFB, 0xC3, 0xEF, 0x02, 0x28, 0xF0, 0xC3, 0xFF, 0x08, 0x28, 0x00, 0xC2, 0x0F, 0x0A,
  0x28, 0xF8, 0xC3, 0xFF, 0x0C, 0x28, 0x08, 0x00, 0x07, 0x0E, 0x28, 0x04, 0x00, 0xFB, 0xC3, 0xF8,
  0x00, 0x28, 0xFB, 0xC3, 0xF0, 0x02, 0x28, 0xF7, 0xC3, 0x10, 0x08, 0x28, 0xF7, 0xC3, 0x00, 0x0A,
  0x28, 0x06, 0x00, 0xF8, 0xC3, 0xF8, 0x00, 0x28, 0xF8, 0xC3, 0xF0, 0x02, 0x28, 0xFB, 0x01, 0x18,
  0x0C, 0x28, 0xFB, 0xC3, 0x00, 0x08, 0x28, 0xF3, 0xC3, 0x08, 0x0A, 0x28, 0xF3, 0x01, 0x18, 0x0D,
  0x28, 0x09, 0x00, 0xFE, 0xC3, 0xEF, 0x00, 0x28, 0xF6, 0xC3, 0xF7, 0x02, 0x28, 0xF6, 0xC3, 0xEF,
  0x04, 0x28, 0xF3, 0xC3, 0x07, 0x08, 0x28, 0xFB, 0xC3, 0xFF, 0x0A, 0x28, 0xF3, 0x01, 0xFF, 0x0C,
  0x28, 0xEB, 0x01, 0x0F, 0x0D, 0x28, 0xF3, 0x01, 0x17, 0x0E, 0x28, 0x03, 0x00, 0x0F, 0x0F, 0x28,
  0x09, 0x00, 0xFF, 0xC3, 0xEE, 0x00, 0x28, 0xF7, 0x01, 0xFE, 0x04, 0x28, 0xF7, 0xC3, 0xEE, 0x02,
  0x28, 0xFE, 0xC3, 0x06, 0x08, 0x28, 0xF6, 0xC3, 0xFE, 0x0A, 0x28, 0x0E, 0x00, 0x0F, 0x0C, 0x28,
  0x06, 0x00, 0x16, 0x0D, 0x28, 0xEE, 0x01, 0x0E, 0x0E, 0x28, 0xEE, 0x01, 0x06, 0x0F, 0x28, 0x06,
  0x00, 0xF9, 0xC3, 0xF7, 0x00, 0x28, 0xF9, 0xC3, 0xEF, 0x02, 0x28, 0xEF, 0xC3, 0xFF, 0x08, 0x28,
  0xFF, 0xC3, 0x0F, 0x0A, 0x28, 0xF7, 0xC3, 0xFF, 0x0C, 0x28, 0xF7, 0x01, 0x0F, 0x0E, 0x28, 0x04,
  0x00, 0xF5, 0xC3, 0xF8, 0x00, 0x28, 0xF5, 0xC3, 0xF0, 0x02, 0x28, 0xF8, 0xC3, 0x10, 0x08, 0x68,
  0xF8, 0xC3, 0x00, 0x0A, 0x68, 0x06, 0x00, 0xF6, 0xC3, 0xF8, 0x00, 0x28, 0xF6, 0xC3, 0xF0, 0x02,
  0x28, 0xF5, 0xC3, 0x00, 0x08, 0x68, 0xFD, 0xC3, 0x10, 0x0A, 0x68, 0x05, 0x00, 0x08, 0x0C, 0x68,
  0xF5, 0x01, 0x10, 0x0D, 0x68, 0x08, 0x00, 0xF1, 0xC3, 0xF7, 0x00, 0x28, 0xF9, 0xC3, 0xEF, 0x02,
  0x28, 0xF1, 0xC3, 0xEF, 0x04, 0x28, 0xFD, 0xC3, 0x07, 0x08, 0x68, 0xF5, 0xC3, 0xFF, 0x0A, 0x68,
  0x0D, 0x00, 0x0F, 0x0C, 0x68, 0x05, 0x00, 0x17, 0x0D, 0x68, 0xF5, 0x01, 0x0F, 0x0E, 0x68, 0x09,
  0x00, 0xF0, 0xC3, 0xF6, 0x00, 0x28, 0xF0, 0xC3, 0xEE, 0x02, 0x28, 0xF8, 0xC3, 0xEE, 0x04, 0x28,
  0xF1, 0xC3, 0x06, 0x08, 0x68, 0xF9, 0xC3, 0xFE, 0x0A, 0x68, 0xE9, 0x01, 0x0F, 0x0C, 0x68, 0x09,
  0x00, 0x0E, 0x0D, 0x68, 0x09, 0x00, 0x06, 0x0E, 0x68, 0xF1, 0x01, 0x16, 0x0F, 0x68, 0x06, 0x00,
  0xF5, 0xC3, 0xF7, 0x00, 0x28, 0xF5, 0xC3, 0xEF, 0x02, 0x28, 0x00, 0xC2, 0xFF, 0x08, 0x68, 0xF0,
  0xC3, 0x0F, 0x0A, 0x68, 0xF8, 0xC3, 0xFF, 0x0C, 0x68, 0xF0, 0x01, 0x07, 0x0E, 0x68, 0x04, 0x00,
  0xF5, 0xC3, 0xF8, 0x00, 0x28, 0xF5, 0xC3, 0xF0, 0x02, 0x28, 0xF9, 0xC3, 0x10, 0x08, 0x68, 0xF9,
  0xC3, 0x00, 0x0A, 0x68, 0x06, 0x00, 0xF8, 0xC3, 0xF8, 0x00, 0x28, 0xF8, 0xC3, 0xF0, 0x02, 0x28,
  0xFD, 0x01, 0x18, 0x0C, 0x68, 0xF5, 0xC3, 0x00, 0x08, 0x68, 0xFD, 0xC3, 0x08, 0x0A, 0x68, 0x05,
  0x00, 0x18, 0x0D, 0x68, 0x09, 0x00, 0xFA, 0xC3, 0xF7, 0x00, 0x28, 0x02, 0x00, 0xEF, 0x04, 0x28,
  0xF2, 0xC3, 0xEF, 0x02, 0x28, 0xFD, 0xC3, 0x07, 0x08, 0x68, 0xF5, 0xC3, 0xFF, 0x0A, 0x68, 0x05,
  0x00, 0xFF, 0x0C, 0x68, 0x0D, 0x00, 0x0F, 0x0D, 0x68, 0x05, 0x00, 0x17, 0x0E, 0x68, 0xF5, 0x01,
  0x0F, 0x0F, 0x68, 0x09, 0x00, 0xF1, 0xC3, 0xEE, 0x00, 0x28, 0x01, 0x00, 0xFE, 0x04, 0x28, 0xF9,
  0xC3, 0xEE, 0x02, 0x28, 0xF2, 0xC3, 0x06, 0x08, 0x68, 0xFA, 0xC3, 0xFE, 0x0A, 0x68, 0xEA, 0x01,
  0x0F, 0x0C, 0x68, 0xF2, 0x01, 0x16, 0x0D, 0x68, 0x0A, 0x00, 0x0E, 0x0E, 0x68, 0x0A, 0x00, 0x06,
  0x0F, 0x68, 0x06, 0x00, 0xF7, 0xC3, 0xF7, 0x00, 0x28, 0xF7, 0xC3, 0xEF, 0x02, 0x28, 0x01, 0xC2,
  0xFF, 0x08, 0x68, 0xF1, 0xC3, 0x0F, 0x0A, 0x68, 0xF9, 0xC3, 0xFF, 0x0C, 0x68, 0x01, 0x00, 0x0F,
  0x0E, 0x68, 0x05, 0x00, 0x11, 0x00, 0xFA, 0x02, 0x28, 0x09, 0x00, 0xFA, 0x03, 0x28, 0xFA, 0xC3,
  0xF0, 0x00, 0x28, 0xF8, 0xC3, 0x10, 0x08, 0x28, 0xF8, 0xC3, 0x00, 0x0A, 0x28, 0x07, 0x00, 0x11,
  0x00, 0xFA, 0x02, 0x28, 0x09, 0x00, 0xFA, 0x03, 0x28, 0xFA, 0xC3, 0xF0, 0x00, 0x28, 0xFB, 0xC3,
  0x00, 0x08, 0x28, 0xF3, 0xC3, 0x10, 0x0A, 0x28, 0xF3, 0x01, 0x08, 0x0C, 0x28, 0x03, 0x00, 0x10,
  0x0D, 0x28, 0x09, 0x00, 0x11, 0x00, 0xF9, 0x02, 0x28, 0x09, 0x00, 0xF9, 0x03, 0x28, 0x07, 0x00,
  0xF7, 0x04, 0x28, 0xF7, 0xC3, 0xEF, 0x00, 0x28, 0xF3, 0xC3, 0x07, 0x08, 0x28, 0xFB, 0xC3, 0xFF,
  0x0A, 0x28, 0xEB, 0x01, 0x0F, 0x0C, 0x28, 0xF3, 0x01, 0x17, 0x0D, 0x28, 0x03, 0x00, 0x0F, 0x0E,
  0x28, 0x0B, 0x00, 0x11, 0x00, 0xF8, 0x02, 0x28, 0x09, 0x00, 0xF8, 0x03, 0x28, 0x05, 0x00, 0xEE,
  0x04, 0x28, 0x05, 0x00, 0xF6, 0x05, 0x28, 0xF5, 0xC3, 0xEE, 0x00, 0x28, 0xFF, 0xC3, 0x06, 0x08,
  0x28, 0xF7, 0xC3, 0xFE, 0x0A, 0x28, 0x0F, 0x00, 0x0F, 0x0C, 0x28, 0xEF, 0x01, 0x0E, 0x0D, 0x28,
  0xEF, 0x01, 0x06, 0x0E, 0x28, 0x07, 0x00, 0x16, 0x0F, 0x28, 0x07, 0x00, 0x11, 0x00, 0xF9, 0x02,
  0x28, 0x09, 0x00, 0xF9, 0x03, 0x28, 0xFA, 0xC3, 0xEF, 0x00, 0x28, 0xF0, 0xC3, 0xFF, 0x08, 0x28,
  0x00, 0xC2, 0x0F, 0x0A, 0x28, 0xF8, 0xC3, 0xFF, 0x0C, 0x28, 0x08, 0x00, 0x07, 0x0E, 0x28, 0x05,
  0x00, 0x11, 0x00, 0xFA, 0x02, 0x28, 0x09, 0x00, 0xFA, 0x03, 0x28, 0xFA, 0xC3, 0xF0, 0x00, 0x28,
  0xF7, 0xC3, 0x10, 0x08, 0x28, 0xF7, 0xC3, 0x00, 0x0A, 0x28, 0x07, 0x00, 0x11, 0x00, 0xF9, 0x02,
  0x28, 0x09, 0x00, 0xF9, 0x03, 0x28, 0xFA, 0xC3, 0xEF, 0x00, 0x28, 0xFB, 0x01, 0x18, 0x0C, 0x28,
  0xFB, 0xC3, 0x00, 0x08, 0x28, 0xF3, 0xC3, 0x08, 0x0A, 0x28, 0xF3, 0x01, 0x18, 0x0D, 0x28, 0x0A,
  0x00, 0x11, 0x00, 0xF9, 0x02, 0x28, 0x09, 0x00, 0xF9, 0x03, 0x28, 0x0A, 0x00, 0xF7, 0x04, 0x28,
  0xFA, 0xC3, 0xEF, 0x00, 0x28, 0xF3, 0xC3, 0x07, 0x08, 0x28, 0xFB, 0xC3, 0xFF, 0x0A, 0x28, 0xF3,
  0x01, 0xFF, 0x0C, 0x28, 0xEB, 0x01, 0x0F, 0x0D, 0x28, 0xF3, 0x01, 0x17, 0x0E, 0x28, 0x03, 0x00,
  0x0F, 0x0F, 0x28, 0x0B, 0x00, 0x11, 0x00, 0xF8, 0x02, 0x28, 0x09, 0x00, 0xF8, 0x03, 0x28, 0x0A,
  0x00, 0xF6, 0x04, 0x28, 0x0A, 0x00, 0xEE, 0x05, 0x28, 0xFA, 0xC3, 0xEE, 0x00, 0x28, 0xFE, 0xC3,
  0x06, 0x08, 0x28, 0xF6, 0xC3, 0xFE, 0x0A, 0x28, 0x0E, 0x00, 0x0F, 0x0C, 0x28, 0x06, 0x00, 0x16,
  0x0D, 0x28, 0xEE, 0x01, 0x0E, 0x0E, 0x28, 0xEE, 0x01, 0x06, 0x0F, 0x28, 0x07, 0x00, 0x11, 0x00,
  0xF9, 0x02, 0x28, 0x09, 0x00, 0xF9, 0x03, 0x28, 0xFA, 0xC3, 0xEF, 0x00, 0x28, 0xEF, 0xC3, 0xFF,
  0x08, 0x28, 0xFF, 0xC3, 0x0F, 0x0A, 0x28, 0xF7, 0xC3, 0xFF, 0x0C, 0x28, 0xF7, 0x01, 0x0F, 0x0E,
  0x28, 0x07, 0x00, 0xEF, 0x01, 0xFA, 0x02, 0x68, 0xE7, 0x01, 0xFA, 0x03, 0x68, 0xFE, 0x01, 0x00,
  0x04, 0x28, 0xF6, 0x01, 0x00, 0x05, 0x28, 0xF6, 0xC3, 0xF0, 0x00, 0x28, 0xF8, 0xC3, 0x10, 0x08,
  0x68, 0xF8, 0xC3, 0x00, 0x0A, 0x68, 0x09, 0x00, 0xEF, 0x01, 0xFA, 0x02, 0x68, 0xE7, 0x01, 0xFA,
  0x03, 0x68, 0xFE, 0x01, 0x00, 0x04, 0x28, 0xF6, 0x01, 0x00, 0x05, 0x28, 0xF6, 0xC3, 0xF0, 0x00,
  0x28, 0xF5, 0xC3, 0x00, 0x08, 0x68, 0xFD, 0xC3, 0x10, 0x0A, 0x68, 0x05, 0x00, 0x08, 0x0C, 0x68,
  0xF5, 0x01, 0x10, 0x0D, 0x68, 0x0B, 0x00, 0xEE, 0x01, 0xF6, 0x02, 0x28, 0xEF, 0x01, 0xF8, 0x03,
  0x68, 0xE7, 0x01, 0xF8, 0x04, 0x68, 0xFE, 0x01, 0xFE, 0x05, 0x28, 0xF6, 0x01, 0xFE, 0x06, 0x28,
  0xF6, 0xC3, 0xEE, 0x00, 0x28, 0xFD, 0xC3, 0x07, 0x08, 0x68, 0xF5, 0xC3, 0xFF, 0x0A, 0x68, 0x0D,
  0x00, 0x0F, 0x0C, 0x68, 0x05, 0x00, 0x17, 0x0D, 0x68, 0xF5, 0x01, 0x0F, 0x0E, 0x68, 0x0C, 0x00,
  0xEE, 0x01, 0xF7, 0x02, 0x28, 0xFE, 0x01, 0xFF, 0x03, 0x28, 0xF6, 0x01, 0xFF, 0x04, 0x28, 0xF6,
  0xC3, 0xEF, 0x00, 0x28, 0xEF, 0x01, 0xF9, 0x05, 0x68, 0xE7, 0x01, 0xF9, 0x06, 0x68, 0xF1, 0xC3,
  0x06, 0x08, 0x68, 0xF9, 0xC3, 0xFE, 0x0A, 0x68, 0xE9, 0x01, 0x0F, 0x0C, 0x68, 0x09, 0x00, 0x0E,
  0x0D, 0x68, 0x09, 0x00, 0x06, 0x0E, 0x68, 0xF1, 0x01, 0x16, 0x0F, 0x68, 0x09, 0x00, 0xEF, 0x01,
  0xF9, 0x02, 0x68, 0xE7, 0x01, 0xF9, 0x03, 0x68, 0xFE, 0x01, 0xFF, 0x04, 0x28, 0xF6, 0x01, 0xFF,
  0x05, 0x28, 0xF6, 0xC3, 0xEF, 0x00, 0x28, 0x00, 0xC2, 0xFF, 0x08, 0x68, 0xF0, 0xC3, 0x0F, 0x0A,
  0x68, 0xF8, 0xC3, 0xFF, 0x0C, 0x68, 0xF0, 0x01, 0x07, 0x0E, 0x68, 0x07, 0x00, 0xEF, 0x01, 0xFA,
  0x02, 0x68, 0xE7, 0x01, 0xFA, 0x03, 0x68, 0xFE, 0x01, 0x00, 0x04, 0x28, 0xF6, 0x01, 0x00, 0x05,
  0x28, 0xF6, 0xC3, 0xF0, 0x00, 0x28, 0xF9, 0xC3, 0x10, 0x08, 0x68, 0xF9, 0xC3, 0x00, 0x0A, 0x68,
  0x09, 0x00, 0xEF, 0x01, 0xF9, 0x02, 0x68, 0xE7, 0x01, 0xF9, 0x03, 0x68, 0xFE, 0x01, 0xFF, 0x04,
  0x28, 0xF6, 0x01, 0xFF, 0x05, 0x28, 0xF6, 0xC3, 0xEF, 0x00, 0x28, 0xFD, 0x01, 0x18, 0x0C, 0x68,
  0xF5, 0xC3, 0x00, 0x08, 0x68, 0xFD, 0xC3, 0x08, 0x0A, 0x68, 0x05, 0x00, 0x18, 0x0D, 0x68, 0x0D,
  0x00, 0xEF, 0x01, 0xF8, 0x02, 0x68, 0xE7, 0x01, 0xF8, 0x03, 0x68, 0x06, 0x00, 0xFE, 0x04, 0x28,
  0xFE, 0x01, 0xFE, 0x05, 0x28, 0xF6, 0x01, 0xF6, 0x06, 0x28, 0xF6, 0x01, 0xEE, 0x07, 0x28, 0xFE,
  0xC3, 0xEE, 0x00, 0x28, 0xFD, 0xC3, 0x07, 0x08, 0x68, 0xF5, 0xC3, 0xFF, 0x0A, 0x68, 0x05, 0x00,
  0xFF, 0x0C, 0x68, 0x0D, 0x00, 0x0F, 0x0D, 0x68, 0x05, 0x00, 0x17, 0x0E, 0x68, 0xF5, 0x01, 0x0F,
  0x0F, 0x68, 0x0D, 0x00, 0xEF, 0x01, 0xF9, 0x02, 0x68, 0xE7, 0x01, 0xF9, 0x03, 0x68, 0x06, 0x00,
  0xFF, 0x04, 0x28, 0xFE, 0x01, 0xFF, 0x05, 0x28, 0xF6, 0x01, 0xF7, 0x06, 0x28, 0xF6, 0x01, 0xEF,
  0x07, 0x28, 0xFE, 0xC3, 0xEF, 0x00, 0x28, 0xF2, 0xC3, 0x06, 0x08, 0x68, 0xFA, 0xC3, 0xFE, 0x0A,
  0x68, 0xEA, 0x01, 0x0F, 0x0C, 0x68, 0xF2, 0x01, 0x16, 0x0D, 0x68, 0x0A, 0x00, 0x0E, 0x0E, 0x68,
  0x0A, 0x00, 0x06, 0x0F, 0x68, 0x09, 0x00, 0xEF, 0x01, 0xF9, 0x02, 0x68, 0xE7, 0x01, 0xF9, 0x03,
  0x68, 0xFE, 0x01, 0xFF, 0x04, 0x28, 0xF6, 0x01, 0xFF, 0x05, 0x28, 0xF6, 0xC3, 0xEF, 0x00, 0x28,
  0x01, 0xC2, 0xFF, 0x08, 0x68, 0xF1, 0xC3, 0x0F, 0x0A, 0x68, 0xF9, 0xC3, 0xFF, 0x0C, 0x68, 0x01,
  0x00, 0x0F, 0x0E, 0x68, 0x08, 0x00, 0x01, 0x00, 0x00, 0x02, 0x28, 0xF9, 0x01, 0x00, 0x03, 0x28,
  0xF9, 0xC3, 0xF0, 0x00, 0x28, 0x0A, 0x00, 0xFD, 0x04, 0x28, 0x02, 0x00, 0xFD, 0x05, 0x28, 0x09,
  0x00, 0x02, 0x0C, 0x68, 0xF9, 0xC3, 0x08, 0x08, 0x68, 0xF9, 0xC3, 0x00, 0x0A, 0x68, 0x0A, 0x00,
  0x01, 0x00, 0x00, 0x02, 0x28, 0xF9, 0x01, 0x00, 0x03, 0x28, 0xF9, 0xC3, 0xF0, 0x00, 0x28, 0x0A,
  0x00, 0xFD, 0x04, 0x28, 0x02, 0x00, 0xFD, 0x05, 0x28, 0xF6, 0x01, 0x10, 0x0C, 0x68, 0xF6, 0x01,
  0x08, 0x0D, 0x68, 0xF6, 0x01, 0x00, 0x0E, 0x68, 0xFE, 0xC3, 0x08, 0x08, 0x68, 0xFE, 0xC3, 0x00,
  0x0A, 0x68, 0x08, 0x00, 0xFF, 0x01, 0x00, 0x02, 0x28, 0xF7, 0x01, 0x00, 0x03, 0x28, 0xF7, 0xC3,
  0xF0, 0x00, 0x28, 0xEE, 0x01, 0xFD, 0x04, 0x68, 0xF6, 0x01, 0xFD, 0x05, 0x68, 0xEF, 0x01, 0x02,
  0x0C, 0x28, 0xF7, 0xC3, 0x08, 0x08, 0x28, 0xF7, 0xC3, 0x00, 0x0A, 0x28, 0x0A, 0x00, 0xFF, 0x01,
  0x00, 0x02, 0x28, 0xF7, 0x01, 0x00, 0x03, 0x28, 0xF7, 0xC3, 0xF0, 0x00, 0x28, 0xEE, 0x01, 0xFD,
  0x04, 0x68, 0xF6, 0x01, 0xFD, 0x05, 0x68, 0x02, 0x00, 0x10, 0x0C, 0x28, 0x02, 0x00, 0x08, 0x0D,
  0x28, 0x02, 0x00, 0x00, 0x0E, 0x28, 0xF2, 0xC3, 0x08, 0x08, 0x28, 0xF2, 0xC3, 0x00, 0x0A, 0x28,
  0x08, 0x00, 0xFB, 0x01, 0x00, 0x02, 0x28, 0xF7, 0x01, 0xFC, 0x03, 0x28, 0xF7, 0xC3, 0xF0, 0x00,
  0x28, 0xF6, 0x01, 0x10, 0x0C, 0x68, 0xF6, 0x01, 0x08, 0x0D, 0x68, 0xF6, 0x01, 0x00, 0x0E, 0x68,
  0xFE, 0xC3, 0x08, 0x08, 0x68, 0xFE, 0xC3, 0x00, 0x0A, 0x68, 0x07, 0x00, 0xF9, 0xC3, 0xF8, 0x00,
  0x28, 0xF9, 0xC3, 0xF0, 0x02, 0x28, 0x02, 0x00, 0x10, 0x0C, 0x28, 0x02, 0x00, 0x08, 0x0D, 0x28,
  0x02, 0x00, 0x00, 0x0E, 0x28, 0xF2, 0xC3, 0x08, 0x08, 0x28, 0xF2, 0xC3, 0x00, 0x0A, 0x28, 0x07,
  0x00, 0xF5, 0x01, 0xE8, 0x04, 0x68, 0xFD, 0x01, 0xE8, 0x05, 0x68, 0xF2, 0xC3, 0xF0, 0x00, 0x28,
  0xFA, 0xC3, 0xF0, 0x02, 0x28, 0x02, 0x00, 0x10, 0x0C, 0x28, 0xF2, 0xC3, 0x10, 0x08, 0x28, 0xFA,
  0xC3, 0x00, 0x0A, 0x28, 0x06, 0x00, 0x04, 0x00, 0xE8, 0x06, 0x28, 0xF4, 0xC3, 0xE8, 0x00, 0x28,
  0xF4, 0xC3, 0xF0, 0x02, 0x28, 0xFC, 0xC3, 0xF0, 0x04, 0x28, 0xF8, 0xC3, 0x00, 0x08, 0x28, 0xF8,
  0xC3, 0x10, 0x0A, 0x28, 0x07, 0x00, 0x04, 0x00, 0xE8, 0x04, 0x28, 0xFC, 0x01, 0xE8, 0x05, 0x28,
  0xFC, 0xC3, 0xF0, 0x00, 0x28, 0xF4, 0xC3, 0xF0, 0x02, 0x28, 0xF6, 0x01, 0x10, 0x0C, 0x68, 0xFE,
  0xC3, 0x10, 0x08, 0x68, 0xF6, 0xC3, 0x00, 0x0A, 0x68, 0x07, 0x00, 0x04, 0x00, 0xE8, 0x04, 0x28,
  0xFC, 0x01, 0xE8, 0x05, 0x28, 0xFC, 0xC3, 0xF0, 0x00, 0x28, 0xF4, 0xC3, 0xF0, 0x02, 0x28, 0xF6,
  0x01, 0x10, 0x0C, 0x68, 0xFE, 0xC3, 0x10, 0x08, 0x68, 0xF6, 0xC3, 0x00, 0x0A, 0x68, 0x06, 0x00,
  0x04, 0x00, 0xE8, 0x06, 0x28, 0xF4, 0xC3, 0xE8, 0x00, 0x28, 0xF4, 0xC3, 0xF0, 0x02, 0x28, 0xFC,
  0xC3, 0xF0, 0x04, 0x28, 0xF8, 0xC3, 0x00, 0x08, 0x28, 0xF8, 0xC3, 0x10, 0x0A, 0x28, 0x07, 0x00,
  0xF5, 0x01, 0xE8, 0x04, 0x68, 0xFD, 0x01, 0xE8, 0x05, 0x68, 0xF2, 0xC3, 0xF0, 0x00, 0x28, 0xFA,
  0xC3, 0xF0, 0x02, 0x28, 0x02, 0x00, 0x10, 0x0C, 0x28, 0xF2, 0xC3, 0x10, 0x08, 0x28, 0xFA, 0xC3,
  0x00, 0x0A, 0x28, 0x07, 0x00, 0xF5, 0x01, 0xE8, 0x04, 0x68, 0xFD, 0x01, 0xE8, 0x05, 0x68, 0xF2,
  0xC3, 0xF0, 0x00, 0x28, 0xFA, 0xC3, 0xF0, 0x02, 0x28, 0x07, 0x00, 0x08, 0x0A, 0x68, 0x07, 0x00,
  0x00, 0x0B, 0x68, 0xF7, 0xC3, 0x00, 0x08, 0x68, 0x05, 0x00, 0x04, 0x00, 0xE8, 0x06, 0x28, 0xF4,
  0xC3, 0xE8, 0x00, 0x28, 0xF4, 0xC3, 0xF0, 0x02, 0x28, 0xFC, 0xC3, 0xF0, 0x04, 0x28, 0xF9, 0xC3,
  0x00, 0x08, 0x28, 0x07, 0x00, 0x04, 0x00, 0xE8, 0x04, 0x28, 0xFC, 0x01, 0xE8, 0x05, 0x28, 0xFC,
  0xC3, 0xF0, 0x00, 0x28, 0xF4, 0xC3, 0xF0, 0x02, 0x28, 0xF1, 0x01, 0x08, 0x0A, 0x28, 0xF1, 0x01,
  0x00, 0x0B, 0x28, 0xF9, 0xC3, 0x00, 0x08, 0x28, 0x07, 0x00, 0x04, 0x00, 0xE8, 0x04, 0x28, 0xFC,
  0x01, 0xE8, 0x05, 0x28, 0xFC, 0xC3, 0xF0, 0x00, 0x28, 0xF4, 0xC3, 0xF0, 0x02, 0x28, 0xF1, 0x01,
  0x08, 0x0A, 0x28, 0xF1, 0x01, 0x00, 0x0B, 0x28, 0xF9, 0xC3, 0x00, 0x08, 0x28, 0x05, 0x00, 0x04,
  0x00, 0xE8, 0x06, 0x28, 0xF4, 0xC3, 0xE8, 0x00, 0x28, 0xF4, 0xC3, 0xF0, 0x02, 0x28, 0xFC, 0xC3,
  0xF0, 0x04, 0x28, 0xF9, 0xC3, 0x00, 0x08, 0x28, 0x07, 0x00, 0xF5, 0x01, 0xE8, 0x04, 0x68, 0xFD,
  0x01, 0xE8, 0x05, 0x68, 0xF2, 0xC3, 0xF0, 0x00, 0x28, 0xFA, 0xC3, 0xF0, 0x02, 0x28, 0x07, 0x00,
  0x08, 0x0A, 0x68, 0x07, 0x00, 0x00, 0x0B, 0x68, 0xF7, 0xC3, 0x00, 0x08, 0x68, 0x04, 0x00, 0xF8,
  0x01, 0xF8, 0x02, 0x28, 0xF8, 0xC3, 0xF8, 0x00, 0x28, 0xF8, 0x01, 0xF8, 0x02, 0x28, 0xF8, 0xC3,
  0xF8, 0x00, 0x28, 0x0A, 0x00, 0xF8, 0x01, 0xF8, 0x00, 0x28, 0x00, 0x00, 0xFF, 0x01, 0x28, 0xF8,
  0x01, 0xFF, 0x02, 0x28, 0x00, 0x00, 0xF7, 0x03, 0x28, 0xF8, 0x01, 0xF7, 0x04, 0x28, 0xF8, 0x01,
  0xF8, 0x00, 0x28, 0x00, 0x00, 0xFF, 0x01, 0x28, 0xF8, 0x01, 0xFF, 0x02, 0x28, 0x00, 0x00, 0xF7,
  0x03, 0x28, 0xF8, 0x01, 0xF7, 0x04, 0x28, 0x04, 0x00, 0xF8, 0x01, 0xF8, 0x02, 0x28, 0xF8, 0xC3,
  0xF8, 0x00, 0x68, 0xF8, 0x01, 0xF8, 0x02, 0x28, 0xF8, 0xC3, 0xF8, 0x00, 0x68, 0x04, 0x00, 0xF8,
  0x01, 0xF8, 0x02, 0x28, 0xF8, 0xC3, 0xF9, 0x00, 0x28, 0xF8, 0x01, 0xF8, 0x02, 0x28, 0xF8, 0xC3,
  0xF9, 0x00, 0x28, 0x04, 0x00, 0xF8, 0x01, 0xF8, 0x02, 0x28, 0xF8, 0xC3, 0xF8, 0x00, 0xE8, 0xF8,
  0x01, 0xF8, 0x02, 0x28, 0xF8, 0xC3, 0xF8, 0x00, 0xE8, 0x04, 0x00, 0xF8, 0x01, 0xF8, 0x02, 0x28,
  0xF8, 0xC3, 0xF7, 0x00, 0xA8, 0xF8, 0x01, 0xF8, 0x02, 0x28, 0xF8, 0xC3, 0xF7, 0x00, 0xA8, 0x04,
  0x00, 0xF8, 0x01, 0xF8, 0x02, 0x28, 0xF8, 0xC3, 0xF8, 0x00, 0xA8, 0xF8, 0x01, 0xF8, 0x02, 0x28,
  0xF8, 0xC3, 0xF8, 0x00, 0xA8, 0x04, 0x00, 0xF8, 0x01, 0xF8, 0x02, 0x28, 0xF8, 0xC3, 0xF9, 0x00,
  0x68, 0xF8, 0x01, 0xF8, 0x02, 0x28, 0xF8, 0xC3, 0xF9, 0x00, 0x68, 0x04, 0x00, 0xF8, 0x01, 0xF8,
  0x02, 0x28, 0xF8, 0xC3, 0xF8, 0x00, 0x28, 0xF8, 0x01, 0xF8, 0x02, 0x28, 0xF8, 0xC3, 0xF8, 0x00,
  0x28, 0x0A, 0x00, 0xF8, 0x01, 0xF8, 0x00, 0x28, 0x00, 0x00, 0xFF, 0x01, 0x28, 0xF8, 0x01, 0xFF,
  0x02, 0x28, 0x00, 0x00, 0xF7, 0x03, 0x28, 0xF8, 0x01, 0xF7, 0x04, 0x28, 0xF8, 0x01, 0xF8, 0x00,
  0x28, 0x00, 0x00, 0xFF, 0x01, 0x28, 0xF8, 0x01, 0xFF, 0x02, 0x28, 0x00, 0x00, 0xF7, 0x03, 0x28,
  0xF8, 0x01, 0xF7, 0x04, 0x28, 0x04, 0x00, 0xF8, 0x01, 0xF8, 0x02, 0x28, 0xF8, 0xC3, 0xF8, 0x00,
  0x68, 0xF8, 0x01, 0xF8, 0x02, 0x28, 0xF8, 0xC3, 0xF8, 0x00, 0x68, 0x04, 0x00, 0xF8, 0x01, 0xF8,
  0x02, 0x28, 0xF8, 0xC3, 0xF9, 0x00, 0x28, 0xF8, 0x01, 0xF8, 0x02, 0x28, 0xF8, 0xC3, 0xF9, 0x00,
  0x28, 0x04, 0x00, 0xF8, 0x01, 0xF8, 0x02, 0x28, 0xF8, 0xC3, 0xF8, 0x00, 0xE8, 0xF8, 0x01, 0xF8,
  0x02, 0x28, 0xF8, 0xC3, 0xF8, 0x00, 0xE8, 0x04, 0x00, 0xF8, 0x01, 0xF8, 0x02, 0x28, 0xF8, 0xC3,
  0xF7, 0x00, 0xA8, 0xF8, 0x01, 0xF8, 0x02, 0x28, 0xF8, 0xC3, 0xF7, 0x00, 0xA8, 0x04, 0x00, 0xF8,
  0x01, 0xF8, 0x02, 0x28, 0xF8, 0xC3, 0xF8, 0x00, 0xA8, 0xF8, 0x01, 0xF8, 0x02, 0x28, 0xF8, 0xC3,
  0xF8, 0x00, 0xA8, 0x04, 0x00, 0xF8, 0x01, 0xF8, 0x02, 0x28, 0xF8, 0xC3, 0xF9, 0x00, 0x68, 0xF8,
  0x01, 0xF8, 0x02, 0x28, 0xF8, 0xC3, 0xF9, 0x00, 0x68, 0x04, 0x00, 0xF8, 0x01, 0xF8, 0x02, 0x28,
  0xF8, 0xC3, 0xF9, 0x00, 0x68, 0xF8, 0x01, 0xF8, 0x02, 0x28, 0xF8, 0xC3, 0xF9, 0x00, 0x68, 0x04,
  0x00, 0xF8, 0x01, 0xF8, 0x02, 0x28, 0xF8, 0xC3, 0xF8, 0x00, 0xA8, 0xF8, 0x01, 0xF8, 0x02, 0x28,
  0xF8, 0xC3, 0xF8, 0x00, 0xA8, 0x04, 0x00, 0xF8, 0x01, 0xF8, 0x02, 0x28, 0xF8, 0xC3, 0xF7, 0x00,
  0xA8, 0xF8, 0x01, 0xF8, 0x02, 0x28, 0xF8, 0xC3, 0xF7, 0x00, 0xA8, 0x04, 0x00, 0xF8, 0x01, 0xF8,
  0x02, 0x28, 0xF8, 0xC3, 0xF8, 0x00, 0xE8, 0xF8, 0x01, 0xF8, 0x02, 0x28, 0xF8, 0xC3, 0xF8, 0x00,
  0xE8, 0x04, 0x00, 0xF8, 0x01, 0xF8, 0x02, 0x28, 0xF8, 0xC3, 0xF9, 0x00, 0x28, 0xF8, 0x01, 0xF8,
  0x02, 0x28, 0xF8, 0xC3, 0xF9, 0x00, 0x28, 0x04, 0x00, 0xF8, 0x01, 0xF8, 0x02, 0x28, 0xF8, 0xC3,
  0xF8, 0x00, 0x68, 0xF8, 0x01, 0xF8, 0x02, 0x28, 0xF8, 0xC3, 0xF8, 0x00, 0x68, 0x0A, 0x00, 0xF8,
  0x01, 0xF8, 0x00, 0x28, 0x00, 0x00, 0xFF, 0x01, 0x28, 0xF8, 0x01, 0xFF, 0x02, 0x28, 0x00, 0x00,
  0xF7, 0x03, 0x28, 0xF8, 0x01, 0xF7, 0x04, 0x28, 0xF8, 0x01, 0xF8, 0x00, 0x28, 0x00, 0x00, 0xFF,
  0x01, 0x28, 0xF8, 0x01, 0xFF, 0x02, 0x28, 0x00, 0x00, 0xF7, 0x03, 0x28, 0xF8, 0x01, 0xF7, 0x04,
  0x28, 0x04, 0x00, 0xF8, 0x01, 0xF8, 0x02, 0x28, 0xF8, 0xC3, 0xF8, 0x00, 0x28, 0xF8, 0x01, 0xF8,
  0x02, 0x28, 0xF8, 0xC3, 0xF8, 0x00, 0x28, 0x06, 0x00, 0xF9, 0xC3, 0xF8, 0x00, 0x28, 0xF9, 0xC3,
  0xF0, 0x02, 0x28, 0x0A, 0x00, 0xFD, 0x04, 0x28, 0x02, 0x00, 0xFD, 0x05, 0x28, 0x01, 0xC2, 0x00,
  0x08, 0x68, 0xF9, 0xC3, 0x00, 0x0A, 0x68, 0x06, 0x00, 0xF9, 0xC3, 0xF8, 0x00, 0x28, 0xF9, 0xC3,
  0xF0, 0x02, 0x28, 0x0A, 0x00, 0xFD, 0x04, 0x28, 0x02, 0x00, 0xFD, 0x05, 0x28, 0x01, 0xC2, 0x00,
  0x08, 0x68, 0xF9, 0xC3, 0x00, 0x0A, 0x68, 0x06, 0x00, 0xF9, 0xC3, 0xF8, 0x00, 0x28, 0xF9, 0xC3,
  0xF0, 0x02, 0x28, 0x0A, 0x00, 0xFD, 0x04, 0x28, 0x02, 0x00, 0xFD, 0x05, 0x28, 0x01, 0xC2, 0x00,
  0x08, 0x68, 0xF9, 0xC3, 0x00, 0x0A, 0x68, 0x06, 0x00, 0xF9, 0xC3, 0xF8, 0x00, 0x28, 0xF9, 0xC3,
  0xF0, 0x02, 0x28, 0x0A, 0x00, 0xFD, 0x04, 0x28, 0x02, 0x00, 0xFD, 0x05, 0x28, 0x01, 0xC2, 0x00,
  0x08, 0x68, 0xF9, 0xC3, 0x00, 0x0A, 0x68, 0x06, 0x00, 0xF7, 0xC3, 0xF8, 0x00, 0x28, 0xF7, 0xC3,
  0xF0, 0x02, 0x28, 0xEE, 0x01, 0xFD, 0x04, 0x68, 0xF6, 0x01, 0xFD, 0x05, 0x68, 0xEF, 0xC3, 0x00,
  0x08, 0x28, 0xF7, 0xC3, 0x00, 0x0A, 0x28, 0x06, 0x00, 0xF7, 0xC3, 0xF8, 0x00, 0x28, 0xF7, 0xC3,
  0xF0, 0x02, 0x28, 0xEE, 0x01, 0xFD, 0x04, 0x68, 0xF6, 0x01, 0xFD, 0x05, 0x68, 0xEF, 0xC3, 0x00,
  0x08, 0x28, 0xF7, 0xC3, 0x00, 0x0A, 0x28, 0x06, 0x00, 0xF7, 0xC3, 0xF8, 0x00, 0x28, 0xF7, 0xC3,
  0xF0, 0x02, 0x28, 0xEE, 0x01, 0xFD, 0x04, 0x68, 0xF6, 0x01, 0xFD, 0x05, 0x68, 0xEF, 0xC3, 0x00,
  0x08, 0x28, 0xF7, 0xC3, 0x00, 0x0A, 0x28, 0x06, 0x00, 0xF7, 0xC3, 0xF8, 0x00, 0x28, 0xF7, 0xC3,
  0xF0, 0x02, 0x28, 0xEE, 0x01, 0xFD, 0x04, 0x68, 0xF6, 0x01, 0xFD, 0x05, 0x68, 0xEF, 0xC3, 0x00,
  0x08, 0x28, 0xF7, 0xC3, 0x00, 0x0A, 0x28, 0x09, 0x00, 0x01, 0x00, 0x00, 0x02, 0x28, 0xF9, 0x01,
  0x00, 0x03, 0x28, 0xF9, 0xC3, 0xF0, 0x00, 0x28, 0x0A, 0x00, 0xFD, 0x04, 0x28, 0x02, 0x00, 0xFD,
  0x05, 0x28, 0xF2, 0x01, 0x15, 0x0C, 0x28, 0xF2, 0x01, 0x0D, 0x0D, 0x28, 0xFA, 0xC3, 0x0D, 0x08,
  0x28, 0xFA, 0xC3, 0xFD, 0x0A, 0x28, 0x09, 0x00, 0xFF, 0x01, 0x00, 0x02, 0x28, 0xF7, 0x01, 0x00,
  0x03, 0x28, 0xF7, 0xC3, 0xF0, 0x00, 0x28, 0xEE, 0x01, 0xFD, 0x04, 0x68, 0xF6, 0x01, 0xFD, 0x05,
  0x68, 0x06, 0x00, 0x15, 0x0C, 0x68, 0x06, 0x00, 0x0D, 0x0D, 0x68, 0xF6, 0xC3, 0x0D, 0x08, 0x68,
  0xF6, 0xC3, 0xFD, 0x0A, 0x68, 0x09, 0x00, 0x01, 0x00, 0x00, 0x02, 0x28, 0xF9, 0x01, 0x00, 0x03,
  0x28, 0xF9, 0xC3, 0xF0, 0x00, 0x28, 0x0A, 0x00, 0xFD, 0x04, 0x28, 0x02, 0x00, 0xFD, 0x05, 0x28,
  0xF2, 0x01, 0x15, 0x0C, 0x28, 0xF2, 0x01, 0x0D, 0x0D, 0x28, 0xFA, 0xC3, 0x0D, 0x08, 0x28, 0xFA,
  0xC3, 0xFD, 0x0A, 0x28, 0x09, 0x00, 0xFF, 0x01, 0x00, 0x02, 0x28, 0xF7, 0x01, 0x00, 0x03, 0x28,
  0xF7, 0xC3, 0xF0, 0x00, 0x28, 0xEE, 0x01, 0xFD, 0x04, 0x68, 0xF6, 0x01, 0xFD, 0x05, 0x68, 0x06,
  0x00, 0x15, 0x0C, 0x68, 0x06, 0x00, 0x0D, 0x0D, 0x68, 0xF6, 0xC3, 0x0D, 0x08, 0x68, 0xF6, 0xC3,
  0xFD, 0x0A, 0x68, 0x07, 0x00, 0xF5, 0x01, 0xE8, 0x04, 0x68, 0xFD, 0x01, 0xE8, 0x05, 0x68, 0xF2,
  0xC3, 0xF0, 0x00, 0x28, 0xFA, 0xC3, 0xF0, 0x02, 0x28, 0x07, 0x00, 0x08, 0x0A, 0x68, 0x07, 0x00,
  0x00, 0x0B, 0x68, 0xF7, 0xC3, 0x00, 0x08, 0x68, 0x05, 0x00, 0x04, 0x00, 0xE8, 0x06, 0x28, 0xF4,
  0xC3, 0xE8, 0x00, 0x28, 0xF4, 0xC3, 0xF0, 0x02, 0x28, 0xFC, 0xC3, 0xF0, 0x04, 0x28, 0xF9, 0xC3,
  0x00, 0x08, 0x28, 0x07, 0x00, 0x04, 0x00, 0xE8, 0x04, 0x28, 0xFC, 0x01, 0xE8, 0x05, 0x28, 0xFC,
  0xC3, 0xF0, 0x00, 0x28, 0xF4, 0xC3, 0xF0, 0x02, 0x28, 0xF1, 0x01, 0x08, 0x0A, 0x28, 0xF1, 0x01,
  0x00, 0x0B, 0x28, 0xF9, 0xC3, 0x00, 0x08, 0x28, 0x07, 0x00, 0x04, 0x00, 0xE8, 0x04, 0x28, 0xFC,
  0x01, 0xE8, 0x05, 0x28, 0xFC, 0xC3, 0xF0, 0x00, 0x28, 0xF4, 0xC3, 0xF0, 0x02, 0x28, 0xF1, 0x01,
  0x08, 0x0A, 0x28, 0xF1, 0x01, 0x00, 0x0B, 0x28, 0xF9, 0xC3, 0x00, 0x08, 0x28, 0x05, 0x00, 0x04,
  0x00, 0xE8, 0x06, 0x28, 0xF4, 0xC3, 0xE8, 0x00, 0x28, 0xF4, 0xC3, 0xF0, 0x02, 0x28, 0xFC, 0xC3,
  0xF0, 0x04, 0x28, 0xF9, 0xC3, 0x00, 0x08, 0x28, 0x07, 0x00, 0xF5, 0x01, 0xE8, 0x04, 0x68, 0xFD,
  0x01, 0xE8, 0x05, 0x68, 0xF2, 0xC3, 0xF0, 0x00, 0x28, 0xFA, 0xC3, 0xF0, 0x02, 0x28, 0x07, 0x00,
  0x08, 0x0A, 0x68, 0x07, 0x00, 0x00, 0x0B, 0x68, 0xF7, 0xC3, 0x00, 0x08, 0x68,
};

static const uint16_t kPicoLsSamusFrameSmOffset[109] = {
  0x0000, 0x0034, 0x0059, 0x007E, 0x00A3, 0x00C8, 0x00ED, 0x0112,
  0x0137, 0x015C, 0x0172, 0x0192, 0x01BC, 0x01EB, 0x020B, 0x0221,
  0x0241, 0x0270, 0x029F, 0x02BF, 0x02D5, 0x02F5, 0x031F, 0x034E,
  0x036E, 0x0384, 0x03A4, 0x03D3, 0x0402, 0x0422, 0x043D, 0x0462,
  0x0491, 0x04CA, 0x04EF, 0x050A, 0x052F, 0x0563, 0x059C, 0x05C1,
  0x05E6, 0x0615, 0x064E, 0x068C, 0x06BB, 0x06E0, 0x070F, 0x0752,
  0x0795, 0x07C4, 0x07EE, 0x0822, 0x084C, 0x0880, 0x08AA, 0x08CF,
  0x08F4, 0x0914, 0x0939, 0x095E, 0x097E, 0x09A3, 0x09C8, 0x09E3,
  0x0A08, 0x0A2D, 0x0A48, 0x0A6D, 0x0A83, 0x0AB7, 0x0ACD, 0x0AE3,
  0x0AF9, 0x0B0F, 0x0B25, 0x0B3B, 0x0B51, 0x0B85, 0x0B9B, 0x0BB1,
  0x0BC7, 0x0BDD, 0x0BF3, 0x0C09, 0x0C1F, 0x0C35, 0x0C4B, 0x0C61,
  0x0C77, 0x0C8D, 0x0CC1, 0x0CD7, 0x0CF7, 0x0D17, 0x0D37, 0x0D57,
  0x0D77, 0x0D97, 0x0DB7, 0x0DD7, 0x0E06, 0x0E35, 0x0E64, 0x0E93,
  0x0EB8, 0x0ED3, 0x0EF8, 0x0F1D, 0x0F38,
};

static const uint16_t kPicoLsSamusPoseFirstFrame[256] = {
  0x0000, 0x0001, 0x0005, 0x0000, 0x0000, 0x0000, 0x0000, 0x0000,
  0x0000, 0x0009, 0x0013, 0x001D, 0x0027, 0x0000, 0x0000, 0x0000,
  0x0000, 0x0000, 0x0000, 0x0031, 0x0033, 0x0000, 0x0000, 0x0000,
  0x0000, 0x0035, 0x0036, 0x0000, 0x0000, 0x0043, 0x004B, 0x0053,
  0x0000, 0x0000, 0x0000, 0x0000, 0x0000, 0x0037, 0x003A, 0x005B,
  0x005F, 0x0000, 0x0000, 0x0000, 0x0000, 0x0000, 0x0000, 0x003D,
  0x0040, 0x0000, 0x0000, 0x0000, 0x0000, 0x0063, 0x0064, 0x0000,
  0x0000, 0x0000, 0x0000, 0x0065, 0x0066, 0x0000, 0x0000, 0x0000,
  0x0000, 0x0000, 0x0000, 0x0067, 0x006A, 0x0000, 0x0000, 0x0000,
  0x0000, 0x0000, 0x0000, 0x0000, 0x0000, 0x0000, 0x0000, 0x0000,
  0x0000, 0x0000, 0x0000, 0x0000, 0x0000, 0x0000, 0x0000, 0x0000,
  0x0000, 0x0000, 0x0000, 0x0000, 0x0000, 0x0000, 0x0000, 0x0000,
  0x0000, 0x0000, 0x0000, 0x0000, 0x0000, 0x0000, 0x0000, 0x0000,
  0x0000, 0x0000, 0x0000, 0x0000, 0x0000, 0x0000, 0x0000, 0x0000,
  0x0000, 0x0000, 0x0000, 0x0000, 0x0000, 0x0000, 0x0000, 0x0000,
  0x0000, 0x0000, 0x0000, 0x0000, 0x0000, 0x0000, 0x0000, 0x0000,
  0x0000, 0x0000, 0x0000, 0x0000, 0x0000, 0x0000, 0x0000, 0x0000,
  0x0000, 0x0000, 0x0000, 0x0000, 0x0000, 0x0000, 0x0000, 0x0000,
  0x0000, 0x0000, 0x0000, 0x0000, 0x0000, 0x0000, 0x0000, 0x0000,
  0x0000, 0x0000, 0x0000, 0x0000, 0x0000, 0x0000, 0x0000, 0x0000,
  0x0000, 0x0000, 0x0000, 0x0000, 0x0000, 0x0000, 0x0000, 0x0000,
  0x0000, 0x0000, 0x0000, 0x0000, 0x0000, 0x0000, 0x0000, 0x0000,
  0x0000, 0x0000, 0x0000, 0x0000, 0x0000, 0x0000, 0x0000, 0x0000,
  0x0000, 0x0000, 0x0000, 0x0000, 0x0000, 0x0000, 0x0000, 0x0000,
  0x0000, 0x0000, 0x0000, 0x0000, 0x0000, 0x0000, 0x0000, 0x0000,
  0x0000, 0x0000, 0x0000, 0x0000, 0x0000, 0x0000, 0x0000, 0x0000,
  0x0000, 0x0000, 0x0000, 0x0000, 0x0000, 0x0000, 0x0000, 0x0000,
  0x0000, 0x0000, 0x0000, 0x0000, 0x0000, 0x0000, 0x0000, 0x0000,
  0x0000, 0x0000, 0x0000, 0x0000, 0x0000, 0x0000, 0x0000, 0x0000,
  0x0000, 0x0000, 0x0000, 0x0000, 0x0000, 0x0000, 0x0000, 0x0000,
  0x0000, 0x0000, 0x0000, 0x0000, 0x0000, 0x0000, 0x0000, 0x0000,
  0x0000, 0x0000, 0x0000, 0x0000, 0x0000, 0x0000, 0x0000, 0x0000,
};

static const uint8_t kPicoLsSamusPoseFrameCount[256] = {
  0x01, 0x04, 0x04, 0x00, 0x00, 0x00, 0x00, 0x00, 0x00, 0x0A, 0x0A, 0x0A, 0x0A, 0x00, 0x00, 0x00,
  0x00, 0x00, 0x00, 0x02, 0x02, 0x00, 0x00, 0x00, 0x00, 0x01, 0x01, 0x00, 0x00, 0x08, 0x08, 0x08,
  0x00, 0x00, 0x00, 0x00, 0x00, 0x03, 0x03, 0x04, 0x04, 0x00, 0x00, 0x00, 0x00, 0x00, 0x00, 0x03,
  0x03, 0x00, 0x00, 0x00, 0x00, 0x01, 0x01, 0x00, 0x00, 0x00, 0x00, 0x01, 0x01, 0x00, 0x00, 0x00,
  0x00, 0x00, 0x00, 0x03, 0x03, 0x00, 0x00, 0x00, 0x00, 0x00, 0x00, 0x00, 0x00, 0x00, 0x00, 0x00,
  0x00, 0x00, 0x00, 0x00, 0x00, 0x00, 0x00, 0x00, 0x00, 0x00, 0x00, 0x00, 0x00, 0x00, 0x00, 0x00,
  0x00, 0x00, 0x00, 0x00, 0x00, 0x00, 0x00, 0x00, 0x00, 0x00, 0x00, 0x00, 0x00, 0x00, 0x00, 0x00,
  0x00, 0x00, 0x00, 0x00, 0x00, 0x00, 0x00, 0x00, 0x00, 0x00, 0x00, 0x00, 0x00, 0x00, 0x00, 0x00,
  0x00, 0x00, 0x00, 0x00, 0x00, 0x00, 0x00, 0x00, 0x00, 0x00, 0x00, 0x00, 0x00, 0x00, 0x00, 0x00,
  0x00, 0x00, 0x00, 0x00, 0x00, 0x00, 0x00, 0x00, 0x00, 0x00, 0x00, 0x00, 0x00, 0x00, 0x00, 0x00,
  0x00, 0x00, 0x00, 0x00, 0x00, 0x00, 0x00, 0x00, 0x00, 0x00, 0x00, 0x00, 0x00, 0x00, 0x00, 0x00,
  0x00, 0x00, 0x00, 0x00, 0x00, 0x00, 0x00, 0x00, 0x00, 0x00, 0x00, 0x00, 0x00, 0x00, 0x00, 0x00,
  0x00, 0x00, 0x00, 0x00, 0x00, 0x00, 0x00, 0x00, 0x00, 0x00, 0x00, 0x00, 0x00, 0x00, 0x00, 0x00,
  0x00, 0x00, 0x00, 0x00, 0x00, 0x00, 0x00, 0x00, 0x00, 0x00, 0x00, 0x00, 0x00, 0x00, 0x00, 0x00,
  0x00, 0x00, 0x00, 0x00, 0x00, 0x00, 0x00, 0x00, 0x00, 0x00, 0x00, 0x00, 0x00, 0x00, 0x00, 0x00,
  0x00, 0x00, 0x00, 0x00, 0x00, 0x00, 0x00, 0x00, 0x00, 0x00, 0x00, 0x00, 0x00, 0x00, 0x00, 0x00,
};

static const uint8_t kPicoLsSamusPoseYOffset[256] = {
  0x08, 0x06, 0x06, 0x06, 0x06, 0x06, 0x06, 0x06, 0x06, 0x06, 0x06, 0x06, 0x06, 0x06, 0x06, 0x06,
  0x06, 0x06, 0x06, 0x08, 0x08, 0x08, 0x08, 0x06, 0x06, 0x00, 0x00, 0x00, 0x00, 0x00, 0x00, 0x00,
  0x00, 0x00, 0x00, 0x00, 0x00, 0x06, 0x06, 0x00, 0x00, 0x08, 0x08, 0x08, 0x08, 0x06, 0x06, 0x08,
  0x08, 0x00, 0x00, 0x00, 0x00, 0x00, 0x00, 0x00, 0x00, 0x00, 0x00, 0x06, 0x06, 0x00, 0x00, 0x00,
  0x00, 0x00, 0x00, 0x00, 0x00, 0x06, 0x06, 0x06, 0x06, 0x06, 0x06, 0x03, 0x03, 0x08, 0x08, 0x08,
  0x08, 0x08, 0x08, 0x06, 0x06, 0x03, 0x03, 0x03, 0x03, 0x03, 0x03, 0x10, 0x10, 0x10, 0x10, 0x10,
  0x10, 0x10, 0x10, 0x0C, 0x0C, 0x0C, 0x0C, 0x08, 0x08, 0x08, 0x08, 0x08, 0x08, 0x08, 0x08, 0x08,
  0x08, 0x00, 0x00, 0x00, 0x00, 0x06, 0x06, 0x06, 0x06, 0x00, 0x00, 0x00, 0x00, 0x00, 0x00, 0x00,
  0x00, 0x00, 0x00, 0x08, 0x08, 0x00, 0x00, 0x08, 0x08, 0x06, 0x06, 0x06, 0x06, 0x06, 0x06, 0x08,
  0x08, 0x08, 0x08, 0x08, 0x08, 0x08, 0x08, 0x00, 0x00, 0x00, 0x00, 0x08, 0x06, 0x06, 0x08, 0x08,
  0x08, 0x08, 0x00, 0x00, 0x03, 0x03, 0x03, 0x03, 0x06, 0x06, 0x06, 0x06, 0x08, 0x08, 0x06, 0x06,
  0x08, 0x08, 0x10, 0x10, 0x00, 0x00, 0x00, 0x00, 0x00, 0x00, 0x06, 0x06, 0x06, 0x06, 0x06, 0x06,
  0x06, 0x08, 0x08, 0x08, 0x08, 0x00, 0x06, 0x08, 0x08, 0x08, 0x08, 0x08, 0x08, 0x08, 0x08, 0x06,
  0x06, 0x06, 0x06, 0x06, 0x06, 0x06, 0x06, 0x06, 0x06, 0x00, 0x00, 0x00, 0x00, 0x06, 0x06, 0x00,
  0x03, 0x03, 0x03, 0x03, 0x03, 0x03, 0x03, 0x03, 0xFC, 0xFC, 0xFC, 0xFC, 0x06, 0x06, 0x06, 0x06,
  0x06, 0x08, 0x08, 0x08, 0x08, 0x08, 0x08, 0x03, 0x03, 0x03, 0x03, 0x03, 0x03, 0xC2, 0x16, 0x85,
};

static const uint8_t kPicoLsSamusPoseYRadius[256] = {
  0x18, 0x15, 0x15, 0x15, 0x15, 0x15, 0x15, 0x15, 0x15, 0x15, 0x15, 0x15, 0x15, 0x15, 0x15, 0x15,
  0x15, 0x15, 0x15, 0x13, 0x13, 0x13, 0x13, 0x0A, 0x0A, 0x0C, 0x0C, 0x0C, 0x0C, 0x07, 0x07, 0x07,
  0x07, 0x07, 0x07, 0x07, 0x07, 0x15, 0x15, 0x10, 0x10, 0x13, 0x13, 0x13, 0x13, 0x0A, 0x0A, 0x13,
  0x13, 0x07, 0x07, 0x07, 0x07, 0x10, 0x10, 0x07, 0x07, 0x07, 0x07, 0x15, 0x15, 0x10, 0x10, 0x07,
  0x07, 0x07, 0x07, 0x10, 0x10, 0x15, 0x15, 0x15, 0x15, 0x15, 0x15, 0x13, 0x13, 0x13, 0x13, 0x13,
  0x13, 0x13, 0x13, 0x15, 0x15, 0x13, 0x13, 0x13, 0x13, 0x13, 0x13, 0x10, 0x10, 0x10, 0x10, 0x10,
  0x10, 0x10, 0x10, 0x0C, 0x0C, 0x0C, 0x0C, 0x13, 0x13, 0x13, 0x13, 0x13, 0x13, 0x13, 0x13, 0x13,
  0x13, 0x10, 0x10, 0x10, 0x10, 0x15, 0x15, 0x15, 0x15, 0x07, 0x07, 0x07, 0x07, 0x07, 0x07, 0x07,
  0x07, 0x0C, 0x0C, 0x13, 0x13, 0x10, 0x10, 0x13, 0x13, 0x15, 0x15, 0x15, 0x15, 0x15, 0x15, 0x13,
  0x13, 0x13, 0x13, 0x13, 0x13, 0x13, 0x13, 0x10, 0x10, 0x10, 0x10, 0x18, 0x15, 0x15, 0x13, 0x13,
  0x13, 0x13, 0x10, 0x10, 0x15, 0x15, 0x15, 0x15, 0x15, 0x15, 0x15, 0x15, 0x13, 0x13, 0x0A, 0x0A,
  0x13, 0x13, 0x11, 0x11, 0x10, 0x10, 0x10, 0x10, 0x10, 0x10, 0x15, 0x15, 0x15, 0x15, 0x15, 0x15,
  0x15, 0x15, 0x15, 0x15, 0x15, 0x07, 0x15, 0x13, 0x13, 0x13, 0x13, 0x13, 0x13, 0x13, 0x13, 0x15,
  0x15, 0x15, 0x15, 0x15, 0x15, 0x15, 0x15, 0x15, 0x15, 0x10, 0x10, 0x07, 0x07, 0x15, 0x15, 0x07,
  0x15, 0x15, 0x15, 0x15, 0x15, 0x15, 0x15, 0x15, 0x15, 0x15, 0x15, 0x15, 0x15, 0x15, 0x15, 0x15,
  0x15, 0x10, 0x10, 0x10, 0x10, 0x10, 0x10, 0x15, 0x15, 0x15, 0x15, 0x15, 0x15, 0x8A, 0x18, 0x10,
};

const uint8_t kPicoLsSamusBank91[4096] = {
  0x19, 0x00, 0x80, 0x00, 0x00, 0x00, 0x4B, 0x00, 0x00, 0x00, 0x00, 0x01, 0xC4, 0x00, 0xFF, 0xFF,
  0x6F, 0xB5, 0x98, 0xB2, 0x98, 0xB2, 0x22, 0xB2, 0x22, 0xB2, 0xB4, 0xB2, 0xB4, 0xB2, 0xB4, 0xB2,
  0xB4, 0xB2, 0x0A, 0xB2, 0x0A, 0xB2, 0x0A, 0xB2, 0x0A, 0xB2, 0x0A, 0xB2, 0x0A, 0xB2, 0x0A, 0xB2,
  0x0A, 0xB2, 0x0A, 0xB2, 0x0A, 0xB2, 0x46, 0xB3, 0x46, 0xB3, 0x3A, 0xB3, 0x3A, 0xB3, 0x3E, 0xB3,
  0x3E, 0xB3, 0x84, 0xB3, 0x84, 0xB3, 0x91, 0xB3, 0x91, 0xB3, 0x78, 0xB3, 0x78, 0xB3, 0x78, 0xB3,
  0x78, 0xB3, 0x78, 0xB3, 0x78, 0xB3, 0x78, 0xB3, 0x78, 0xB3, 0xBB, 0xB3, 0xC0, 0xB3, 0xA3, 0xB2,
  0xA3, 0xB2, 0x4A, 0xB3, 0x4A, 0xB3, 0x5C, 0xB3, 0x5C, 0xB3, 0x66, 0xB3, 0x66, 0xB3, 0xC5, 0xB3,
  0xCA, 0xB3, 0x78, 0xB3, 0x78, 0xB3, 0x78, 0xB3, 0x78, 0xB3, 0xC2, 0xB4, 0xC5, 0xB4, 0xC8, 0xB4,
  0xD1, 0xB4, 0xDA, 0xB4, 0xDD, 0xB4, 0xE0, 0xB4, 0xE3, 0xB4, 0xE6, 0xB4, 0xEA, 0xB4, 0xEE, 0xB4,
  0xF4, 0xB4, 0x78, 0xB3, 0x78, 0xB3, 0xCF, 0xB3, 0xD4, 0xB3, 0x0A, 0xB2, 0x0A, 0xB2, 0xB4, 0xB2,
  0xB4, 0xB2, 0x26, 0xB2, 0x26, 0xB2, 0x08, 0xB3, 0x0B, 0xB3, 0x26, 0xB3, 0x26, 0xB3, 0x2E, 0xB3,
  0x2E, 0xB3, 0x42, 0xB3, 0x42, 0xB3, 0x6A, 0xB3, 0x6A, 0xB3, 0x0E, 0xB3, 0x12, 0xB3, 0x16, 0xB3,
  0x1A, 0xB3, 0x1E, 0xB3, 0x22, 0xB3, 0x78, 0xB3, 0x78, 0xB3, 0x78, 0xB3, 0x78, 0xB3, 0x78, 0xB3,
  0x78, 0xB3, 0x78, 0xB3, 0x78, 0xB3, 0x7E, 0xB4, 0x82, 0xB4, 0x86, 0xB4, 0x86, 0xB4, 0x53, 0xB3,
  0x53, 0xB3, 0x46, 0xB3, 0x46, 0xB3, 0x46, 0xB3, 0x46, 0xB3, 0x61, 0xB3, 0x61, 0xB3, 0x61, 0xB3,
  0x61, 0xB3, 0xB4, 0xB2, 0xB4, 0xB2, 0xB4, 0xB2, 0xB4, 0xB2, 0x26, 0xB2, 0x26, 0xB2, 0x26, 0xB2,
  0x26, 0xB2, 0x78, 0xB3, 0x78, 0xB3, 0x78, 0xB3, 0x78, 0xB3, 0x78, 0xB3, 0x78, 0xB3, 0x78, 0xB3,
  0x78, 0xB3, 0x9E, 0xB3, 0x9E, 0xB3, 0x91, 0xB4, 0x91, 0xB4, 0x22, 0xB2, 0x22, 0xB2, 0xD9, 0xB3,
  0xDE, 0xB3, 0xB4, 0xB2, 0xB4, 0xB2, 0xE3, 0xB3, 0xE8, 0xB3, 0xED, 0xB3, 0xF2, 0xB3, 0xF7, 0xB3,
  0xFC, 0xB3, 0x01, 0xB4, 0x06, 0xB4, 0x0B, 0xB4, 0x10, 0xB4, 0x15, 0xB4, 0x1A, 0xB4, 0x1F, 0xB4,
  0x24, 0xB4, 0x29, 0xB4, 0x2E, 0xB4, 0x6F, 0xB5, 0x33, 0xB4, 0x38, 0xB4, 0x3D, 0xB4, 0x42, 0xB4,
  0x47, 0xB4, 0x4C, 0xB4, 0x51, 0xB4, 0x56, 0xB4, 0x2D, 0xB2, 0x31, 0xB2, 0x35, 0xB2, 0x3A, 0xB2,
  0xB6, 0xB2, 0xB6, 0xB2, 0xB6, 0xB2, 0xB6, 0xB2, 0xB8, 0xB2, 0xB8, 0xB2, 0xBC, 0xB2, 0xBC, 0xB2,
  0xC0, 0xB2, 0xC0, 0xB2, 0xC4, 0xB2, 0xC4, 0xB2, 0xB4, 0xB2, 0xB4, 0xB2, 0xB4, 0xB2, 0xB4, 0xB2,
  0xB4, 0xB2, 0xB4, 0xB2, 0xB4, 0xB2, 0xB4, 0xB2, 0xB4, 0xB2, 0xB4, 0xB2, 0x3C, 0xB5, 0x5B, 0xB4,
  0x60, 0xB4, 0x65, 0xB4, 0x6A, 0xB4, 0x6F, 0xB4, 0x74, 0xB4, 0x78, 0xB3, 0x79, 0xB4, 0x26, 0xB3,
  0x26, 0xB3, 0x43, 0xB5, 0x43, 0xB5, 0x43, 0xB5, 0x43, 0xB5, 0x43, 0xB5, 0x43, 0xB5, 0xB4, 0xB2,
  0xB4, 0xB2, 0xB4, 0xB2, 0xB4, 0xB2, 0x45, 0xB5, 0x56, 0xB5, 0xAE, 0xB2, 0xAE, 0xB2, 0x67, 0xB5,
  0x67, 0xB5, 0xAE, 0xB2, 0xAE, 0xB2, 0xFA, 0xB4, 0x04, 0xB5, 0x0E, 0xB5, 0x13, 0xB5, 0x78, 0xB3,
  0x3F, 0xB2, 0x43, 0xB2, 0x47, 0xB2, 0x4B, 0xB2, 0x4F, 0xB2, 0x53, 0xB2, 0x2D, 0xB2, 0x31, 0xB2,
  0x57, 0xB2, 0x68, 0xB2, 0x88, 0xB2, 0x90, 0xB2, 0xB4, 0xB2, 0xB4, 0xB2, 0xB4, 0xB2, 0xB4, 0xB2,
  0x3C, 0xB5, 0x18, 0xB5, 0x1B, 0xB5, 0x1E, 0xB5, 0x21, 0xB5, 0x24, 0xB5, 0x27, 0xB5, 0x2A, 0xB5,
  0x2D, 0xB5, 0x30, 0xB5, 0x33, 0xB5, 0x36, 0xB5, 0x39, 0xB5, 0x02, 0x03, 0x02, 0x03, 0x02, 0x03,
  0x02, 0x03, 0x02, 0x03, 0xFF, 0x04, 0x04, 0x04, 0x04, 0x04, 0x04, 0x03, 0x04, 0x04, 0x03, 0xFF,
  0x0A, 0xFF, 0x02, 0x10, 0xFE, 0x01, 0x10, 0x10, 0x10, 0x10, 0x10, 0x10, 0xFF, 0x05, 0x02, 0xF8,
  0x01, 0x05, 0x02, 0xF8, 0x02, 0x03, 0x05, 0x02, 0xF8, 0x01, 0x03, 0x05, 0x02, 0xF8, 0x02, 0x05,
  0x02, 0xF8, 0x03, 0x05, 0x02, 0xF8, 0x04, 0x05, 0x02, 0xF8, 0x05, 0x05, 0x02, 0xF8, 0x06, 0x05,
  0x02, 0xF8, 0x07, 0x05, 0x02, 0xF8, 0x08, 0x02, 0x02, 0x02, 0x10, 0xF7, 0x01, 0xFE, 0x01, 0x10,
  0x10, 0x10, 0x10, 0xFE, 0x04, 0x03, 0xFD, 0x01, 0x02, 0x02, 0x10, 0xF7, 0x01, 0xFE, 0x01, 0x08,
  0x10, 0x10, 0x10, 0x10, 0xFE, 0x04, 0x10, 0x10, 0x10, 0xFD, 0x02, 0x10, 0x10, 0x10, 0x10, 0x10,
  0xFE, 0x0E, 0x10, 0xFE, 0x11, 0x10, 0xFE, 0x01, 0x10, 0x10, 0x10, 0x10, 0xFF, 0x03, 0xFD, 0x01,
  0x10, 0x10, 0x10, 0x10, 0xFF, 0x03, 0xFD, 0x02, 0x0A, 0x0A, 0x0A, 0x0A, 0xF6, 0x08, 0x08, 0x08,
  0x08, 0xFE, 0x04, 0x0A, 0x0A, 0x0A, 0x0A, 0xF6, 0x08, 0x08, 0x08, 0x08, 0xFE, 0x04, 0x0F, 0x0F,
  0x0F, 0x0F, 0x0F, 0xFF, 0x10, 0xFF, 0x10, 0xFF, 0x02, 0x10, 0xFE, 0x01, 0x02, 0x10, 0xFE, 0x01,
  0x02, 0x10, 0xFE, 0x01, 0x08, 0x08, 0x08, 0x08, 0x08, 0x08, 0x08, 0x08, 0x08, 0x08, 0x08, 0x08,
  0x08, 0x08, 0x08, 0x08, 0x08, 0x08, 0x08, 0x08, 0x08, 0x08, 0x08, 0x08, 0x08, 0x08, 0x08, 0x08,
  0x08, 0x08, 0x08, 0x08, 0x08, 0x08, 0x08, 0x08, 0x08, 0x08, 0x08, 0x08, 0x08, 0x08, 0x08, 0x08,
  0x08, 0x08, 0x08, 0x08, 0x08, 0x08, 0x08, 0x08, 0x08, 0x08, 0x08, 0x08, 0x08, 0x08, 0x08, 0x08,
  0x08, 0x08, 0x08, 0x08, 0x08, 0x08, 0xFE, 0x01, 0x01, 0xFD, 0x4D, 0x01, 0xFD, 0x4E, 0x01, 0xFD,
  0x15, 0x00, 0x01, 0xFD, 0x16, 0x00, 0x01, 0xFD, 0x69, 0x00, 0x01, 0xFD, 0x6A, 0x00, 0x01, 0xFD,
  0x6B, 0x00, 0x01, 0xFD, 0x6C, 0x00, 0x03, 0x04, 0x04, 0x04, 0x04, 0x50, 0xFE, 0x01, 0x08, 0x02,
  0x02, 0x02, 0x02, 0x02, 0x02, 0x02, 0x02, 0x02, 0xFE, 0x01, 0x02, 0x10, 0xFE, 0x01, 0x02, 0x10,
  0xFE, 0x01, 0x02, 0x03, 0xFE, 0x01, 0x02, 0x10, 0xFE, 0x01, 0x08, 0x06, 0x06, 0xFE, 0x01, 0x08,
  0x10, 0xFE, 0x01, 0x08, 0x06, 0x06, 0xFE, 0x01, 0x08, 0x10, 0xFE, 0x01, 0x02, 0x10, 0x10, 0xFE,
  0x01, 0x02, 0xF0, 0x10, 0xFE, 0x01, 0x02, 0x10, 0xFE, 0x01, 0x02, 0x10, 0xFE, 0x01, 0x06, 0x06,
  0x06, 0x08, 0xFF, 0x08, 0x08, 0xFF, 0x0A, 0xFF, 0x03, 0x03, 0x03, 0x03, 0x03, 0x03, 0x03, 0x03,
  0xFF, 0x03, 0xFE, 0x0A, 0x04, 0x03, 0x02, 0x03, 0x02, 0x03, 0x02, 0x03, 0x02, 0xFE, 0x08, 0x08,
  0xFF, 0x04, 0x01, 0x01, 0x01, 0x01, 0x01, 0x01, 0x01, 0x01, 0xFE, 0x08, 0x08, 0xFF, 0x04, 0x01,
  0x01, 0x01, 0x01, 0x01, 0x01, 0x01, 0x01, 0x01, 0x01, 0x01, 0x01, 0x01, 0x01, 0x01, 0x01, 0x01,
  0x01, 0x01, 0x01, 0x01, 0x01, 0x01, 0x01, 0xFE, 0x18, 0x08, 0xFF, 0x02, 0x02, 0x02, 0xF8, 0x02,
  0x02, 0x02, 0x02, 0xF8, 0x01, 0x02, 0x02, 0x02, 0xF8, 0x52, 0x02, 0x02, 0x02, 0xF8, 0x51, 0x02,
  0x02, 0x02, 0xF8, 0x28, 0x02, 0x02, 0x02, 0xF8, 0x27, 0x02, 0x02, 0x02, 0xF8, 0x2A, 0x02, 0x02,
  0x02, 0xF8, 0x29, 0x02, 0x02, 0x02, 0xF8, 0x04, 0x02, 0x02, 0x02, 0xF8, 0x03, 0x02, 0x02, 0x02,
  0xF8, 0x08, 0x02, 0x02, 0x02, 0xF8, 0x07, 0x02, 0x02, 0x02, 0xF8, 0x16, 0x02, 0x02, 0x02, 0xF8,
  0x15, 0x02, 0x02, 0x02, 0xF8, 0x18, 0x02, 0x02, 0x02, 0xF8, 0x17, 0x02, 0x02, 0x02, 0xF8, 0x2C,
  0x02, 0x02, 0x02, 0xF8, 0x2B, 0x02, 0x02, 0x02, 0xF8, 0x2E, 0x02, 0x02, 0x02, 0xF8, 0x2D, 0x02,
  0x02, 0x02, 0xF8, 0x86, 0x02, 0x02, 0x02, 0xF8, 0x85, 0x02, 0x02, 0x02, 0xF8, 0x74, 0x02, 0x02,
  0x02, 0xF8, 0x73, 0x02, 0x02, 0x02, 0xF8, 0x06, 0x02, 0x02, 0x02, 0xF8, 0x05, 0x02, 0x02, 0x02,
  0xF8, 0x6A, 0x02, 0x02, 0x02, 0xF8, 0x69, 0x02, 0x02, 0x02, 0xF8, 0x6E, 0x02, 0x02, 0x02, 0xF8,
  0x6D, 0x02, 0x02, 0x02, 0xF8, 0x72, 0x02, 0x02, 0x02, 0xF8, 0x71, 0x02, 0x02, 0x02, 0xF8, 0x1A,
  0x02, 0x02, 0x02, 0xF8, 0x19, 0x02, 0x02, 0x02, 0xF8, 0x1A, 0x02, 0x02, 0x02, 0xF8, 0x19, 0x02,
  0x02, 0x02, 0xF8, 0x1A, 0x02, 0x02, 0x02, 0xF8, 0x19, 0x02, 0x02, 0x02, 0xFD, 0xBA, 0x04, 0x03,
  0xFE, 0x01, 0x04, 0x03, 0xFE, 0x01, 0x03, 0x02, 0x02, 0x02, 0x02, 0x02, 0x02, 0x02, 0x02, 0xFE,
  0x08, 0x05, 0x05, 0xFB, 0x03, 0x02, 0x03, 0x02, 0x03, 0x02, 0x03, 0x02, 0xFE, 0x08, 0x02, 0x01,
  0x02, 0x01, 0x02, 0x01, 0x02, 0x01, 0xFE, 0x08, 0x01, 0x01, 0x01, 0x01, 0x01, 0x01, 0x01, 0x01,
  0x01, 0x01, 0x01, 0x01, 0x01, 0x01, 0x01, 0x01, 0x01, 0x01, 0x01, 0x01, 0x01, 0x01, 0x01, 0x01,
  0xFE, 0x18, 0x03, 0xFD, 0x27, 0x03, 0xFD, 0x28, 0x03, 0x03, 0xF9, 0x02, 0x00, 0x1D, 0x31, 0x79,
  0x7D, 0x03, 0x03, 0xF9, 0x02, 0x00, 0x41, 0x32, 0x7A, 0x7E, 0x00, 0xFD, 0x20, 0x00, 0xFD, 0x42,
  0x03, 0xFD, 0x01, 0x03, 0xFD, 0x02, 0x03, 0x03, 0xFD, 0x27, 0x03, 0x03, 0xFD, 0x28, 0x00, 0xFC,
  0x02, 0x00, 0x1D, 0x79, 0x00, 0xFC, 0x02, 0x00, 0x41, 0x7A, 0x03, 0x03, 0x03, 0xF9, 0x02, 0x00,
  0x1D, 0x31, 0x79, 0x7D, 0x03, 0x03, 0x03, 0xF9, 0x02, 0x00, 0xDF, 0xDF, 0xDF, 0xDF, 0x03, 0x03,
  0x03, 0xFD, 0x01, 0x03, 0x03, 0x03, 0xFD, 0xBA, 0x03, 0xFD, 0x85, 0x03, 0xFD, 0x86, 0x03, 0xFD,
  0x71, 0x03, 0xFD, 0x72, 0x03, 0xFD, 0x73, 0x03, 0xFD, 0x74, 0x03, 0xFD, 0x03, 0x03, 0xFD, 0x04,
  0x03, 0xFD, 0x05, 0x03, 0xFD, 0x06, 0x03, 0xFD, 0x07, 0x03, 0xFD, 0x08, 0x06, 0x06, 0x06, 0x06,
  0x06, 0x06, 0xFF, 0x08, 0xFF, 0x03, 0x03, 0x01, 0x01, 0xFE, 0x02, 0x0C, 0x0C, 0x0C, 0x0C, 0xFE,
  0x04, 0x03, 0x03, 0x03, 0xFD, 0x01, 0x03, 0x03, 0x01, 0x01, 0xFE, 0x02, 0x0C, 0x0C, 0x0C, 0x0C,
  0xFE, 0x04, 0x03, 0x03, 0x03, 0xFD, 0x02, 0x02, 0x02, 0x02, 0x02, 0x02, 0x02, 0xFE, 0x01, 0x08,
  0xFF, 0x03, 0x03, 0x03, 0x03, 0x03, 0x03, 0x03, 0x03, 0x03, 0x03, 0x03, 0x03, 0x03, 0x03, 0x03,
  0x03, 0x03, 0x03, 0x03, 0x03, 0x03, 0x03, 0x03, 0x03, 0x03, 0x03, 0x03, 0x03, 0x03, 0x03, 0x03,
  0x03, 0x03, 0x03, 0x03, 0x03, 0x03, 0x03, 0x03, 0x03, 0x03, 0x03, 0x03, 0x03, 0x03, 0x03, 0x03,
  0x03, 0x03, 0x03, 0x03, 0x03, 0x03, 0x03, 0x03, 0x03, 0x03, 0x03, 0x03, 0x03, 0x03, 0x03, 0x03,
  0x03, 0x03, 0x03, 0x03, 0x03, 0x03, 0x03, 0x03, 0x03, 0x03, 0x03, 0x03, 0x03, 0x03, 0x03, 0x03,
  0x03, 0x03, 0x03, 0x03, 0x03, 0x03, 0x03, 0x03, 0x03, 0x03, 0x33, 0x02, 0x02, 0x02, 0x30, 0xFE,
  0x01, 0xD3, 0xB5, 0x02, 0x02, 0x02, 0x02, 0x02, 0x02, 0x02, 0x02, 0x02, 0x02, 0xFF, 0xE8, 0xB5,
  0xF3, 0xB5, 0xFE, 0xB5, 0x09, 0xB6, 0x14, 0xB6, 0x03, 0x03, 0x03, 0x03, 0x03, 0x03, 0x03, 0x03,
  0x03, 0x03, 0xFF, 0x02, 0x03, 0x02, 0x03, 0x02, 0x03, 0x02, 0x03, 0x02, 0x03, 0xFF, 0x02, 0x02,
  0x02, 0x02, 0x02, 0x02, 0x02, 0x02, 0x02, 0x02, 0xFF, 0x01, 0x02, 0x01, 0x02, 0x01, 0x02, 0x01,
  0x02, 0x01, 0x02, 0xFF, 0x01, 0x01, 0x01, 0x01, 0x01, 0x01, 0x01, 0x01, 0x01, 0x01, 0xFF, 0x01,
  0x00, 0x01, 0x00, 0x01, 0x00, 0x01, 0x00, 0x02, 0x00, 0x00, 0x00, 0xFF, 0xFF, 0x08, 0x00, 0x18,
  0x00, 0x08, 0x00, 0xFF, 0x02, 0x06, 0x00, 0x15, 0x00, 0x04, 0x00, 0xFF, 0x07, 0x06, 0x00, 0x15,
  0x00, 0x08, 0x00, 0x01, 0x00, 0x06, 0x00, 0x15, 0x00, 0x04, 0x00, 0x02, 0x09, 0x06, 0x00, 0x15,
  0x00, 0x08, 0x00, 0x01, 0x01, 0x06, 0x00, 0x15, 0x00, 0x04, 0x00, 0x02, 0x08, 0x06, 0x00, 0x15,
  0x00, 0x08, 0x00, 0x01, 0x03, 0x06, 0x00, 0x15, 0x00, 0x04, 0x00, 0x02, 0x06, 0x06, 0x00, 0x15,
  0x00, 0x08, 0x01, 0x01, 0x02, 0x06, 0x00, 0x15, 0x00, 0x04, 0x01, 0x02, 0x07, 0x06, 0x00, 0x15,
  0x00, 0x08, 0x01, 0x01, 0x02, 0x06, 0x00, 0x15, 0x00, 0x04, 0x01, 0x02, 0x07, 0x06, 0x00, 0x15,
  0x00, 0x08, 0x01, 0x01, 0x00, 0x06, 0x00, 0x15, 0x00, 0x04, 0x01, 0x02, 0x09, 0x06, 0x00, 0x15,
  0x00, 0x08, 0x01, 0x01, 0x01, 0x06, 0x00, 0x15, 0x00, 0x04, 0x01, 0x02, 0x08, 0x06, 0x00, 0x15,
  0x00, 0x08, 0x01, 0x01, 0x03, 0x06, 0x00, 0x15, 0x00, 0x04, 0x01, 0x02, 0x06, 0x06, 0x00, 0x15,
  0x00, 0x08, 0x02, 0xFF, 0x02, 0x08, 0x00, 0x13, 0x00, 0x04, 0x02, 0xFF, 0x07, 0x08, 0x00, 0x13,
  0x00, 0x08, 0x02, 0x51, 0x00, 0x08, 0x00, 0x13, 0x00, 0x04, 0x02, 0x52, 0x09, 0x08, 0x00, 0x13,
  0x00, 0x08, 0x02, 0xFF, 0x04, 0x06, 0x00, 0x0A, 0x00, 0x04, 0x02, 0xFF, 0x05, 0x06, 0x00, 0x0A,
  0x00, 0x08, 0x03, 0xFF, 0xFF, 0x00, 0x00, 0x0C, 0x00, 0x04, 0x03, 0xFF, 0xFF, 0x00, 0x00, 0x0C,
  0x00, 0x08, 0x03, 0xFF, 0xFF, 0x00, 0x00, 0x0C, 0x00, 0x04, 0x03, 0xFF, 0xFF, 0x00, 0x00, 0x0C,
  0x00, 0x08, 0x04, 0xFF, 0xFF, 0x00, 0x00, 0x07, 0x00, 0x08, 0x04, 0x1D, 0xFF, 0x00, 0x00, 0x07,
  0x00, 0x04, 0x04, 0x41, 0xFF, 0x00, 0x00, 0x07, 0x00, 0x08, 0x07, 0xFF, 0xFF, 0x00, 0x00, 0x07,
  0x00, 0x01, 0x07, 0x20, 0xFF, 0x00, 0x00, 0x07, 0x00, 0x02, 0x07, 0x20, 0xFF, 0x00, 0x00, 0x07,
  0x00, 0x04, 0x07, 0x42, 0xFF, 0x00, 0x00, 0x07, 0x00, 0x08, 0x07, 0x20, 0xFF, 0x00, 0x00, 0x07,
  0x00, 0x04, 0x0E, 0xFF, 0xFB, 0x06, 0x00, 0x15, 0x00, 0x08, 0x0E, 0xFF, 0xFB, 0x06, 0x00, 0x15,
  0x00, 0x08, 0x05, 0x27, 0x02, 0x00, 0x00, 0x10, 0x00, 0x04, 0x05, 0x28, 0x07, 0x00, 0x00, 0x10,
  0x00, 0x08, 0x06, 0xFF, 0x02, 0x08, 0x00, 0x13, 0x00, 0x04, 0x06, 0xFF, 0x07, 0x08, 0x00, 0x13,
  0x00, 0x08, 0x06, 0x29, 0x00, 0x08, 0x00, 0x13, 0x00, 0x04, 0x06, 0x2A, 0x09, 0x08, 0x00, 0x13,
  0x00, 0x08, 0x06, 0xFF, 0x04, 0x06, 0x00, 0x0A, 0x00, 0x04, 0x06, 0xFF, 0x05, 0x06, 0x00, 0x0A,
  0x00, 0x04, 0x17, 0xFF, 0xFB, 0x08, 0x00, 0x13, 0x00, 0x08, 0x17, 0xFF, 0xFB, 0x08, 0x00, 0x13,
  0x00, 0x08, 0x08, 0xFF, 0xFF, 0x00, 0x00, 0x07, 0x00, 0x04, 0x08, 0xFF, 0xFF, 0x00, 0x00, 0x07,
  0x00, 0x08, 0x09, 0xFF, 0xFF, 0x00, 0x00, 0x07, 0x00, 0x04, 0x09, 0xFF, 0xFF, 0x00, 0x00, 0x07,
  0x00, 0x08, 0x0F, 0xFF, 0x02, 0x00, 0x00, 0x10, 0x00, 0x04, 0x0F, 0xFF, 0x07, 0x00, 0x00, 0x10,
  0x00, 0x08, 0x0F, 0xFF, 0xFF, 0x00, 0x00, 0x07, 0x00, 0x04, 0x0F, 0xFF, 0xFF, 0x00, 0x00, 0x07,
  0x00, 0x08, 0x0F, 0xFF, 0xFF, 0x00, 0x00, 0x07, 0x00, 0x04, 0x0F, 0xFF, 0xFF, 0x00, 0x00, 0x07,
  0x00, 0x08, 0x0F, 0xFF, 0x02, 0x06, 0x00, 0x15, 0x00, 0x04, 0x0F, 0xFF, 0x07, 0x06, 0x00, 0x15,
  0x00, 0x08, 0x0F, 0xFF, 0xFF, 0x00, 0x00, 0x10, 0x00, 0x04, 0x0F, 0xFF, 0xFF, 0x00, 0x00, 0x10,
  0x00, 0x08, 0x0F, 0xFF, 0xFF, 0x00, 0x00, 0x07, 0x00, 0x04, 0x0F, 0xFF, 0xFF, 0x00, 0x00, 0x07,
  0x00, 0x04, 0x04, 0xFF, 0xFF, 0x00, 0x00, 0x07, 0x00, 0x04, 0x07, 0xFF, 0xFF, 0x00, 0x00, 0x07,
  0x00, 0x04, 0x0E, 0xFF, 0xFB, 0x00, 0x00, 0x10, 0x00, 0x08, 0x0E, 0xFF, 0xFB, 0x00, 0x00, 0x10,
  0x00, 0x08, 0x01, 0x01, 0x07, 0x06, 0x00, 0x15, 0x00, 0x04, 0x01, 0x02, 0x02, 0x06, 0x00, 0x15,
  0x00, 0x08, 0x00, 0xFF, 0x02, 0x06, 0x00, 0x15, 0x00, 0x04, 0x00, 0xFF, 0x07, 0x06, 0x00, 0x15,
  0x00, 0x08, 0x10, 0x02, 0x07, 0x06, 0x00, 0x15, 0x00, 0x04, 0x10, 0x01, 0x02, 0x06, 0x00, 0x15,
  0x00, 0x08, 0x02, 0xFF, 0x02, 0x03, 0x00, 0x13, 0x00, 0x04, 0x02, 0xFF, 0x07, 0x03, 0x00, 0x13,
  0x00, 0x08, 0x02, 0xFF, 0x02, 0x08, 0x00, 0x13, 0x00, 0x04, 0x02, 0xFF, 0x07, 0x08, 0x00, 0x13,
  0x00, 0x08, 0x19, 0x4E, 0xFF, 0x08, 0x00, 0x13, 0x00, 0x04, 0x19, 0x4D, 0xFF, 0x08, 0x00, 0x13,
  0x00, 0x08, 0x02, 0xFF, 0x02, 0x08, 0x00, 0x13, 0x00, 0x04, 0x02, 0xFF, 0x07, 0x08, 0x00, 0x13,
  0x00, 0x08, 0x0A, 0xFF, 0xFF, 0x06, 0x00, 0x15, 0x00, 0x04, 0x0A, 0xFF, 0xFF, 0x06, 0x00, 0x15,
  0x00, 0x08, 0x02, 0xFF, 0x00, 0x03, 0x00, 0x13, 0x00, 0x04, 0x02, 0xFF, 0x09, 0x03, 0x00, 0x13,
  0x00, 0x08, 0x02, 0xFF, 0x01, 0x03, 0x00, 0x13, 0x00, 0x04, 0x02, 0xFF, 0x08, 0x03, 0x00, 0x13,
  0x00, 0x08, 0x02, 0xFF, 0x03, 0x03, 0x00, 0x13, 0x00, 0x04, 0x02, 0xFF, 0x06, 0x03, 0x00, 0x13,
  0x00, 0x08, 0x16, 0xFF, 0xFF, 0x10, 0x00, 0x10, 0x00, 0x04, 0x16, 0xFF, 0xFF, 0x10, 0x00, 0x10,
  0x00, 0x08, 0x0B, 0x5D, 0xFF, 0x10, 0x00, 0x10, 0x00, 0x04, 0x0B, 0x5E, 0xFF, 0x10, 0x00, 0x10,
  0x00, 0x08, 0x0B, 0x5F, 0xFF, 0x10, 0x00, 0x10, 0x00, 0x04, 0x0B, 0x60, 0xFF, 0x10, 0x00, 0x10,
  0x00, 0x08, 0x16, 0xB2, 0xFF, 0x10, 0x00, 0x10, 0x00, 0x04, 0x16, 0xB3, 0xFF, 0x10, 0x00, 0x10,
  0x00, 0x08, 0x0D, 0xFF, 0xFF, 0x0C, 0x00, 0x0C, 0x00, 0x04, 0x0D, 0xFF, 0xFF, 0x0C, 0x00, 0x0C,
  0x00, 0x08, 0x0D, 0x29, 0xFF, 0x0C, 0x00, 0x0C, 0x00, 0x04, 0x0D, 0x2A, 0xFF, 0x0C, 0x00, 0x0C,
  0x00, 0x08, 0x06, 0xFF, 0x02, 0x08, 0x00, 0x13, 0x00, 0x04, 0x06, 0xFF, 0x07, 0x08, 0x00, 0x13,
  0x00, 0x08, 0x02, 0x51, 0x01, 0x08, 0x00, 0x13, 0x00, 0x04, 0x02, 0x52, 0x08, 0x08, 0x00, 0x13,
  0x00, 0x08, 0x02, 0x51, 0x03, 0x08, 0x00, 0x13, 0x00, 0x04, 0x02, 0x52, 0x06, 0x08, 0x00, 0x13,
  0x00, 0x08, 0x06, 0x29, 0x01, 0x08, 0x00, 0x13, 0x00, 0x04, 0x06, 0x2A, 0x08, 0x08, 0x00, 0x13,
  0x00, 0x08, 0x06, 0x29, 0x03, 0x08, 0x00, 0x13, 0x00, 0x04, 0x06, 0x2A, 0x06, 0x08, 0x00, 0x13,
  0x00, 0x08, 0x05, 0x27, 0x01, 0x00, 0x00, 0x10, 0x00, 0x04, 0x05, 0x28, 0x08, 0x00, 0x00, 0x10,
  0x00, 0x08, 0x05, 0x27, 0x03, 0x00, 0x00, 0x10, 0x00, 0x04, 0x05, 0x28, 0x06, 0x00, 0x00, 0x10,
  0x00, 0x08, 0x10, 0x06, 0x08, 0x06, 0x00, 0x15, 0x00, 0x04, 0x10, 0x05, 0x01, 0x06, 0x00, 0x15,
  0x00, 0x08, 0x10, 0x08, 0x06, 0x06, 0x00, 0x15, 0x00, 0x04, 0x10, 0x07, 0x03, 0x06, 0x00, 0x15,
  0x00, 0x08, 0x11, 0xFF, 0xFF, 0x00, 0x00, 0x07, 0x00, 0x04, 0x11, 0xFF, 0xFF, 0x00, 0x00, 0x07,
  0x00, 0x08, 0x11, 0x79, 0xFF, 0x00, 0x00, 0x07, 0x00, 0x04, 0x11, 0x7A, 0xFF, 0x00, 0x00, 0x07,
  0x00, 0x08, 0x13, 0xFF, 0xFF, 0x00, 0x00, 0x07, 0x00, 0x04, 0x13, 0xFF, 0xFF, 0x00, 0x00, 0x07,
  0x00, 0x08, 0x12, 0xFF, 0xFF, 0x00, 0x00, 0x07, 0x00, 0x04, 0x12, 0xFF, 0xFF, 0x00, 0x00, 0x07,
  0x00, 0x08, 0x03, 0xFF, 0xFF, 0x00, 0x00, 0x0C, 0x00, 0x04, 0x03, 0xFF, 0xFF, 0x00, 0x00, 0x0C,
  0x00, 0x08, 0x14, 0x19, 0xFF, 0x08, 0x00, 0x13, 0x00, 0x04, 0x14, 0x1A, 0xFF, 0x08, 0x00, 0x13,
  0x00, 0x08, 0x05, 0x27, 0x00, 0x00, 0x00, 0x10, 0x00, 0x04, 0x05, 0x28, 0x09, 0x00, 0x00, 0x10,
  0x00, 0x04, 0x18, 0xFF, 0xFB, 0x08, 0x00, 0x13, 0x00, 0x08, 0x18, 0xFF, 0xFB, 0x08, 0x00, 0x13,
  0x00, 0x08, 0x15, 0xFF, 0x02, 0x06, 0x00, 0x15, 0x00, 0x04, 0x15, 0xFF, 0x07, 0x06, 0x00, 0x15,
  0x00, 0x04, 0x0E, 0xFF, 0xFA, 0x06, 0x00, 0x15, 0x00, 0x08, 0x0E, 0xFF, 0xFA, 0x06, 0x00, 0x15,
  0x00, 0x04, 0x0E, 0xFF, 0xFC, 0x06, 0x00, 0x15, 0x00, 0x08, 0x0E, 0xFF, 0xFC, 0x06, 0x00, 0x15,
  0x00, 0x04, 0x17, 0xFF, 0xFA, 0x08, 0x00, 0x13, 0x00, 0x08, 0x17, 0xFF, 0xFA, 0x08, 0x00, 0x13,
  0x00, 0x04, 0x17, 0xFF, 0xFC, 0x08, 0x00, 0x13, 0x00, 0x08, 0x17, 0xFF, 0xFC, 0x08, 0x00, 0x13,
  0x00, 0x04, 0x18, 0xFF, 0xFA, 0x08, 0x00, 0x13, 0x00, 0x08, 0x18, 0xFF, 0xFA, 0x08, 0x00, 0x13,
  0x00, 0x04, 0x18, 0xFF, 0xFC, 0x08, 0x00, 0x13, 0x00, 0x08, 0x18, 0xFF, 0xFC, 0x08, 0x00, 0x13,
  0x00, 0x04, 0x17, 0x28, 0xFA, 0x00, 0x00, 0x10, 0x00, 0x08, 0x17, 0x28, 0xFA, 0x00, 0x00, 0x10,
  0x00, 0x04, 0x17, 0x28, 0xFC, 0x00, 0x00, 0x10, 0x00, 0x08, 0x17, 0x28, 0xFC, 0x00, 0x00, 0x10,
  0x00, 0x00, 0x00, 0xFF, 0xFF, 0x08, 0x00, 0x18, 0x00, 0x04, 0x0E, 0xFF, 0xFA, 0x06, 0x00, 0x15,
  0x00, 0x08, 0x0E, 0xFF, 0xFA, 0x06, 0x00, 0x15, 0x00, 0x04, 0x17, 0xFF, 0xFA, 0x08, 0x00, 0x13,
  0x00, 0x08, 0x17, 0xFF, 0xFA, 0x08, 0x00, 0x13, 0x00, 0x04, 0x18, 0xFF, 0xFA, 0x08, 0x00, 0x13,
  0x00, 0x08, 0x18, 0xFF, 0xFA, 0x08, 0x00, 0x13, 0x00, 0x04, 0x17, 0x28, 0xFA, 0x00, 0x00, 0x10,
  0x00, 0x08, 0x17, 0x28, 0xFA, 0x00, 0x00, 0x10, 0x00, 0x08, 0x00, 0xFF, 0x02, 0x03, 0x00, 0x15,
  0x00, 0x04, 0x00, 0xFF, 0x07, 0x03, 0x00, 0x15, 0x00, 0x08, 0x00, 0xFF, 0x02, 0x03, 0x00, 0x15,
  0x00, 0x04, 0x00, 0xFF, 0x07, 0x03, 0x00, 0x15, 0x00, 0x08, 0x16, 0x01, 0x02, 0x06, 0x00, 0x15,
  0x00, 0x04, 0x16, 0x02, 0x07, 0x06, 0x00, 0x15, 0x00, 0x08, 0x16, 0x07, 0x03, 0x06, 0x00, 0x15,
  0x00, 0x04, 0x16, 0x08, 0x06, 0x06, 0x00, 0x15, 0x00, 0x08, 0x16, 0x67, 0x02, 0x08, 0x00, 0x13,
  0x00, 0x04, 0x16, 0x68, 0x07, 0x08, 0x00, 0x13, 0x00, 0x08, 0x16, 0x2D, 0x04, 0x06, 0x00, 0x0A,
  0x00, 0x04, 0x16, 0x2E, 0x05, 0x06, 0x00, 0x0A, 0x00, 0x08, 0x16, 0x6F, 0x03, 0x08, 0x00, 0x13,
  0x00, 0x04, 0x16, 0x70, 0x06, 0x08, 0x00, 0x13, 0x00, 0x08, 0x16, 0xB2, 0xFF, 0x10, 0x00, 0x11,
  0x00, 0x04, 0x16, 0xB3, 0xFF, 0x10, 0x00, 0x11, 0x00, 0x08, 0x16, 0x27, 0x02, 0x00, 0x00, 0x10,
  0x00, 0x04, 0x16, 0x28, 0x07, 0x00, 0x00, 0x10, 0x00, 0x08, 0x16, 0x27, 0x03, 0x00, 0x00, 0x10,
  0x00, 0x04, 0x16, 0x28, 0x06, 0x00, 0x00, 0x10, 0x00, 0x08, 0x16, 0xFF, 0x03, 0x00, 0x00, 0x10,
  0x00, 0x04, 0x16, 0xFF, 0x06, 0x00, 0x00, 0x10, 0x00, 0x04, 0x1A, 0xFF, 0x07, 0x06, 0x00, 0x15,
  0x00, 0x04, 0x1A, 0xBA, 0x08, 0x06, 0x00, 0x15, 0x00, 0x04, 0x1A, 0xBA, 0x07, 0x06, 0x00, 0x15,
  0x00, 0x04, 0x1A, 0xBA, 0x06, 0x06, 0x00, 0x15, 0x00, 0x04, 0x1A, 0xBA, 0xFF, 0x06, 0x00, 0x15,
  0x00, 0x04, 0x0E, 0xFF, 0xFB, 0x06, 0x00, 0x15, 0x00, 0x08, 0x0E, 0xFF, 0xFB, 0x06, 0x00, 0x15,
  0x00, 0x04, 0x0E, 0xFF, 0xFA, 0x08, 0x00, 0x15, 0x00, 0x08, 0x0E, 0xFF, 0xFA, 0x08, 0x00, 0x15,
  0x00, 0x04, 0x0E, 0xFF, 0xFC, 0x08, 0x00, 0x15, 0x00, 0x08, 0x0E, 0xFF, 0xFC, 0x08, 0x00, 0x15,
  0x00, 0x04, 0x1A, 0xFF, 0xFF, 0x00, 0x00, 0x07, 0x00, 0x04, 0x1A, 0xFF, 0xFB, 0x06, 0x00, 0x15,
  0x00, 0x08, 0x1B, 0xFF, 0xFF, 0x08, 0x00, 0x13, 0x00, 0x04, 0x1B, 0xFF, 0xFF, 0x08, 0x00, 0x13,
  0x00, 0x08, 0x1B, 0xFF, 0x02, 0x08, 0x00, 0x13, 0x00, 0x04, 0x1B, 0xFF, 0x07, 0x08, 0x00, 0x13,
  0x00, 0x08, 0x1B, 0xFF, 0x00, 0x08, 0x00, 0x13, 0x00, 0x04, 0x1B, 0xFF, 0x09, 0x08, 0x00, 0x13,
  0x00, 0x08, 0x1B, 0xFF, 0x01, 0x08, 0x00, 0x13, 0x00, 0x04, 0x1B, 0xFF, 0x08, 0x08, 0x00, 0x13,
  0x00, 0x08, 0x15, 0x89, 0x01, 0x06, 0x00, 0x15, 0x00, 0x04, 0x15, 0x8A, 0x08, 0x06, 0x00, 0x15,
  0x00, 0x08, 0x15, 0x89, 0x03, 0x06, 0x00, 0x15, 0x00, 0x04, 0x15, 0x8A, 0x06, 0x06, 0x00, 0x15,
  0x00, 0x08, 0x1B, 0xFF, 0xFF, 0x06, 0x00, 0x15, 0x00, 0x04, 0x1B, 0xFF, 0xFF, 0x06, 0x00, 0x15,
  0x00, 0x08, 0x00, 0xFF, 0x02, 0x06, 0x00, 0x15, 0x00, 0x04, 0x00, 0xFF, 0x07, 0x06, 0x00, 0x15,
  0x00, 0x08, 0x0A, 0xFF, 0x02, 0x06, 0x00, 0x15, 0x00, 0x04, 0x0A, 0xFF, 0x07, 0x06, 0x00, 0x15,
  0x00, 0x08, 0x05, 0xFF, 0x02, 0x00, 0x00, 0x10, 0x00, 0x04, 0x05, 0xFF, 0x07, 0x00, 0x00, 0x10,
  0x00, 0x08, 0x0F, 0xFF, 0xFF, 0x00, 0x00, 0x07, 0x00, 0x04, 0x0F, 0xFF, 0xFF, 0x00, 0x00, 0x07,
  0x00, 0x08, 0x0F, 0xFF, 0xFF, 0x06, 0x00, 0x15, 0x00, 0x04, 0x0F, 0xFF, 0xFF, 0x06, 0x00, 0x15,
  0x00, 0x04, 0x1A, 0xFF, 0xFF, 0x00, 0x00, 0x07, 0x00, 0x08, 0x00, 0xFF, 0x00, 0x03, 0x00, 0x15,
  0x00, 0x04, 0x00, 0xFF, 0x09, 0x03, 0x00, 0x15, 0x00, 0x08, 0x00, 0xFF, 0x01, 0x03, 0x00, 0x15,
  0x00, 0x04, 0x00, 0xFF, 0x08, 0x03, 0x00, 0x15, 0x00, 0x08, 0x00, 0xFF, 0x03, 0x03, 0x00, 0x15,
  0x00, 0x04, 0x00, 0xFF, 0x06, 0x03, 0x00, 0x15, 0x00, 0x08, 0x00, 0xFF, 0x02, 0x03, 0x00, 0x15,
  0x00, 0x04, 0x00, 0xFF, 0x07, 0x03, 0x00, 0x15, 0x00, 0x08, 0x1B, 0xFF, 0xFF, 0xFC, 0x00, 0x15,
  0x00, 0x04, 0x1B, 0xFF, 0xFF, 0xFC, 0x00, 0x15, 0x00, 0x08, 0x1B, 0xFF, 0xFF, 0xFC, 0x00, 0x15,
  0x00, 0x04, 0x1B, 0xFF, 0xFF, 0xFC, 0x00, 0x15, 0x00, 0x08, 0x1A, 0xFF, 0x02, 0x06, 0x00, 0x15,
  0x00, 0x08, 0x1A, 0xEC, 0x01, 0x06, 0x00, 0x15, 0x00, 0x08, 0x1A, 0xEC, 0x02, 0x06, 0x00, 0x15,
  0x00, 0x08, 0x1A, 0xEC, 0x03, 0x06, 0x00, 0x15, 0x00, 0x08, 0x1A, 0xEC, 0xFF, 0x06, 0x00, 0x15,
  0x00, 0x08, 0x0F, 0xFF, 0x00, 0x08, 0x00, 0x10, 0x00, 0x04, 0x0F, 0xFF, 0x09, 0x08, 0x00, 0x10,
  0x00, 0x08, 0x0F, 0xFF, 0x01, 0x08, 0x00, 0x10, 0x00, 0x04, 0x0F, 0xFF, 0x08, 0x08, 0x00, 0x10,
  0x00, 0x08, 0x0F, 0xFF, 0x03, 0x08, 0x00, 0x10, 0x00, 0x04, 0x0F, 0xFF, 0x06, 0x08, 0x00, 0x10,
  0x00, 0x08, 0x0F, 0xFF, 0x00, 0x03, 0x00, 0x15, 0x00, 0x04, 0x0F, 0xFF, 0x09, 0x03, 0x00, 0x15,
  0x00, 0x08, 0x0F, 0xFF, 0x01, 0x03, 0x00, 0x15, 0x00, 0x04, 0x0F, 0xFF, 0x08, 0x03, 0x00, 0x15,
  0x00, 0x08, 0x0F, 0xFF, 0x03, 0x03, 0x00, 0x15, 0x00, 0x04, 0x0F, 0xFF, 0x06, 0x03, 0x00, 0x15,
  0x00, 0x08, 0x8B, 0x4B, 0xAB, 0xC2, 0x30, 0x8A, 0xEB, 0x29, 0x00, 0xFF, 0x85, 0x16, 0x84, 0x18,
  0xA5, 0x12, 0x38, 0xE5, 0x14, 0x85, 0x1A, 0x10, 0x08, 0xA9, 0x00, 0x01, 0x18, 0x65, 0x1A, 0x85,
  0x1A, 0xA5, 0x12, 0x18, 0x65, 0x14, 0x85, 0x1C, 0xC9, 0x01, 0x01, 0x30, 0x06, 0x38, 0xE9, 0x00,
  0x01, 0x85, 0x1C, 0xA5, 0x14, 0xD0, 0x0C, 0xA5, 0x12, 0xC9, 0x40, 0x00, 0xF0, 0x3C, 0xC9, 0xC0,
  0x00, 0xF0, 0x37, 0xA5, 0x1A, 0xC9, 0x80, 0x00, 0x10, 0x0E, 0xC9, 0x40, 0x00, 0x10, 0x21, 0xA5,
  0x1C, 0xC9, 0x40, 0x00, 0x30, 0x15, 0x80, 0x0E, 0xC9, 0xC0, 0x00, 0x10, 0x0E, 0xA5, 0x1C, 0xC9,
  0xC0, 0x00, 0x30, 0x0C, 0x80, 0x0F, 0xA0, 0x00, 0x00, 0x80, 0x12, 0xA0, 0x02, 0x00, 0x80, 0x0D,
  0xA0, 0x04, 0x00, 0x80, 0x08, 0xA0, 0x06, 0x00, 0x80, 0x03, 0xA0, 0x08, 0x00, 0xA5, 0x1A, 0xC9,
  0x80, 0x00, 0x30, 0x04, 0x38, 0xE9, 0x80, 0x00, 0x0A, 0xAA, 0xBD, 0xD4, 0xC9, 0x85, 0x1E, 0xA5,
  0x1C, 0xC9, 0x80, 0x00, 0x30, 0x04, 0x38, 0xE9, 0x80, 0x00, 0x0A, 0xAA, 0xBD, 0xD4, 0xC9, 0x85,
  0x20, 0xBB, 0xFC, 0xB8, 0xBE, 0xAB, 0x28, 0x6B, 0xC2, 0xBE, 0x22, 0xC0, 0x7F, 0xC2, 0x72, 0xBF,
  0x05, 0xC5, 0x08, 0xC2, 0x30, 0xA5, 0x18, 0x3A, 0x0A, 0xA8, 0xA5, 0x16, 0x85, 0x22, 0x85, 0x24,
  0xA5, 0x22, 0x18, 0x65, 0x1E, 0x85, 0x22, 0xB0, 0x09, 0x88, 0x88, 0x10, 0xF3, 0x64, 0x12, 0x4C,
  0x12, 0xBF, 0xA5, 0x23, 0x09, 0x00, 0xFF, 0x97, 0x00, 0xC8, 0xC8, 0x84, 0x12, 0x98, 0x38, 0xE9,
  0x04, 0x00, 0xA8, 0xA5, 0x22, 0x18, 0x65, 0x1E, 0x85, 0x22, 0xB0, 0x0D, 0xA5, 0x23, 0x09, 0x00,
  0xFF, 0x97, 0x00, 0x88, 0x88, 0x10, 0xEC, 0x80, 0x09, 0xA9, 0xFF, 0x00, 0x97, 0x00, 0x88, 0x88,
  0x10, 0xF7, 0xA5, 0x18, 0x0A, 0xA8, 0xA5, 0x24, 0x18, 0x65, 0x20, 0x85, 0x24, 0xB0, 0x0C, 0xC8,
  0xC8, 0xC0, 0xCC, 0x01, 0x30, 0xF0, 0x84, 0x14, 0x4C, 0x61, 0xBF, 0xA5, 0x25, 0x09, 0x00, 0xFF,
  0x97, 0x00, 0x88, 0x88, 0x84, 0x14, 0x98, 0x18, 0x69, 0x04, 0x00, 0xA8, 0xA5, 0x24, 0x18, 0x65,
  0x20, 0x85, 0x24, 0xB0, 0x10, 0xA5, 0x25, 0x09, 0x00, 0xFF, 0x97, 0x00, 0xC8, 0xC8, 0xC0, 0xCC,
  0x01, 0x30, 0xE9, 0x80, 0x0C, 0xA9, 0xFF, 0x00, 0x97, 0x00, 0xC8, 0xC8, 0xC0, 0xCC, 0x01, 0x30,
  0xF4, 0xA4, 0x12, 0xA9, 0x00, 0xFF, 0x97, 0x00, 0xC8, 0xC8, 0xC4, 0x14, 0x30, 0xF5, 0xF0, 0xF3,
  0x28, 0x60, 0x08, 0xC2, 0x30, 0xA5, 0x18, 0x3A, 0x0A, 0xA8, 0xA5, 0x16, 0x85, 0x22, 0x85, 0x24,
  0xA5, 0x24, 0x38, 0xE5, 0x20, 0x85, 0x24, 0x90, 0x09, 0x88, 0x88, 0x10, 0xF3, 0x64, 0x12, 0x4C,
  0xC2, 0xBF, 0xA5, 0x24, 0x29, 0x00, 0xFF, 0x97, 0x00, 0xC8, 0xC8, 0x84, 0x12, 0x98, 0x38, 0xE9,
  0x04, 0x00, 0xA8, 0xA5, 0x24, 0x38, 0xE5, 0x20, 0x85, 0x24, 0x90, 0x0D, 0xA5, 0x24, 0x29, 0x00,
  0xFF, 0x97, 0x00, 0x88, 0x88, 0x10, 0xEC, 0x80, 0x09, 0xA9, 0xFF, 0x00, 0x97, 0x00, 0x88, 0x88,
  0x10, 0xF7, 0xA5, 0x18, 0x0A, 0xA8, 0xA5, 0x22, 0x38, 0xE5, 0x1E, 0x85, 0x22, 0x90, 0x0C, 0xC8,
  0xC8, 0xC0, 0xCC, 0x01, 0x30, 0xF0, 0x84, 0x14, 0x4C, 0x11, 0xC0, 0xA5, 0x22, 0x29, 0x00, 0xFF,
  0x97, 0x00, 0x88, 0x88, 0x84, 0x14, 0x98, 0x18, 0x69, 0x04, 0x00, 0xA8, 0xA5, 0x22, 0x38, 0xE5,
  0x1E, 0x85, 0x22, 0x90, 0x10, 0xA5, 0x22, 0x29, 0x00, 0xFF, 0x97, 0x00, 0xC8, 0xC8, 0xC0, 0xCC,
};

