/* Generated by tools/pico_pack_ls_assets.py from assets/local_mini.
 * Landing Site (0x91F8) tileset 00 + spawn-window BG1/BG2.
 * Do not embed sm.smc. ROM was not used. Gunship OAM is not packed.
 */

enum {
  kPicoLsPackedTilesSize = 32768,
  kPicoLsPackedPaletteCount = 128,
  kPicoLsPackedTilemapWords = 2048,
  kPicoLsPackedSize = 195471,
  kPicoLsUnpackedSourceSize = 222327,
  kPicoLsCameraX = 1024,
  kPicoLsCameraY = 1008,
  kPicoLsOriginBlockX = 64,
  kPicoLsOriginBlockY = 63,
  kPicoLsBg2ScrollX = 0x81,
  kPicoLsBg2ScrollY = 0x01,
  kPicoLsBg2Vofs = 0,
  kPicoLsSpawnX = 1153,
  kPicoLsSpawnY = 1088
};

static const uint8_t kPicoLsTiles4bpp[32768] = {
  0x00, 0x00, 0x00, 0x00, 0x00, 0x00, 0x1F, 0x00, 0x78, 0x07, 0xDD, 0x02, 0xE8, 0x13, 0x26, 0xD9,
  0xFF, 0x00, 0xFF, 0x00, 0xFF, 0x00, 0xFF, 0x00, 0xFF, 0x00, 0xFF, 0x00, 0xFF, 0x00, 0xFF, 0x00,
  0x00, 0x00, 0x00, 0x00, 0x00, 0x00, 0xFF, 0x00, 0xF3, 0x00, 0x1B, 0x00, 0xBE, 0x00, 0x23, 0xDC,
  0xFF, 0x00, 0xFF, 0x00, 0xFF, 0x00, 0xFF, 0x00, 0xFF, 0x00, 0xFF, 0x00, 0xFF, 0x00, 0xFF, 0x00,
  0x00, 0x00, 0x00, 0x00, 0x7F, 0x00, 0xE7, 0x00, 0x5F, 0x00, 0x95, 0x22, 0xCC, 0x33, 0xC1, 0x3E,
  0xFF, 0x00, 0xFF, 0x00, 0xFF, 0x00, 0xFF, 0x00, 0xFF, 0x00, 0xFF, 0x00, 0xFF, 0x00, 0xFF, 0x00,
  0x00, 0x00, 0x00, 0x00, 0xC0, 0x00, 0x7F, 0x00, 0x7B, 0x80, 0xBF, 0x40, 0x9B, 0x64, 0x45, 0xBA,
  0xFF, 0x00, 0xFF, 0x00, 0xFF, 0x00, 0xFF, 0x00, 0xFF, 0x00, 0xFF, 0x00, 0xFF, 0x00, 0xFF, 0x00,
  0x00, 0x00, 0x00, 0x00, 0x00, 0x00, 0x00, 0x00, 0xFF, 0x00, 0xFE, 0x00, 0xBD, 0x42, 0xDF, 0x00,
  0xFF, 0x00, 0xFF, 0x00, 0xFF, 0x00, 0xFF, 0x00, 0xFF, 0x00, 0xFF, 0x00, 0xFF, 0x00, 0xFF, 0x00,
  0x00, 0x00, 0x00, 0x00, 0x00, 0x00, 0x0F, 0x00, 0xF4, 0x00, 0xCD, 0x20, 0xDD, 0x20, 0xCB, 0x30,
  0xFF, 0x00, 0xFF, 0x00, 0xFF, 0x00, 0xFF, 0x00, 0xFF, 0x00, 0xFF, 0x00, 0xFF, 0x00, 0xFF, 0x00,
  0x00, 0x00, 0x3D, 0x00, 0xE9, 0x04, 0xCB, 0x04, 0x0F, 0x00, 0x34, 0x03, 0xDE, 0x22, 0x99, 0x65,
  0xFF, 0x00, 0xFF, 0x00, 0xFF, 0x00, 0xFF, 0x00, 0xFF, 0x00, 0xFF, 0x00, 0xFE, 0x01, 0xFD, 0x02,
  0x00, 0x00, 0xE0, 0x00, 0x30, 0xC0, 0x2F, 0xD0, 0xFA, 0x07, 0xCC, 0xCC, 0xB9, 0xB8, 0xF1, 0xD1,
  0xFF, 0x00, 0xFF, 0x00, 0xFF, 0x00, 0xFF, 0x00, 0xFF, 0x00, 0xCC, 0x33, 0xB8, 0x47, 0xD1, 0x2E,
  0x00, 0x00, 0x21, 0x00, 0x96, 0x00, 0xFA, 0x00, 0x15, 0xC0, 0x03, 0x30, 0x3B, 0x30, 0xE7, 0xF8,
  0xFF, 0x00, 0xFF, 0x00, 0xFF, 0x00, 0xFF, 0x00, 0xFF, 0x00, 0x3F, 0xC0, 0x3F, 0xC0, 0xFF, 0x00,
  0x00, 0x00, 0x20, 0x00, 0x5C, 0x80, 0x1D, 0xE2, 0x8C, 0x73, 0x9F, 0x60, 0xDC, 0x23, 0xEE, 0x1F,
  0xFF, 0x00, 0xFF, 0x00, 0xFF, 0x00, 0xFF, 0x00, 0xFF, 0x00, 0xFF, 0x00, 0xFF, 0x00, 0xFF, 0x00,
  0x00, 0x00, 0x00, 0x00, 0x00, 0x00, 0xC0, 0x01, 0x1C, 0xE3, 0xC4, 0x31, 0x07, 0xF8, 0xF0, 0xFF,
  0xFF, 0x00, 0xFF, 0x00, 0xFF, 0x00, 0xFF, 0x00, 0xFF, 0x00, 0xFF, 0x00, 0xFF, 0x00, 0xFF, 0x00,
  0x00, 0x00, 0x00, 0x00, 0x04, 0x02, 0xE7, 0x18, 0x8F, 0x00, 0xCC, 0x33, 0xC7, 0x39, 0x46, 0xB9,
  0xFF, 0x00, 0xFF, 0x00, 0xFF, 0x00, 0xFF, 0x00, 0xFF, 0x00, 0xFF, 0x00, 0xFF, 0x00, 0xFF, 0x00,
  0x00, 0x00, 0x21, 0x00, 0xF3, 0x0C, 0xB0, 0x4F, 0x1D, 0xE2, 0x44, 0xBB, 0xC4, 0x3B, 0xFE, 0xC1,
  0xFF, 0x00, 0xFF, 0x00, 0xFF, 0x00, 0xFF, 0x00, 0xFF, 0x00, 0xFF, 0x00, 0xFF, 0x00, 0xFF, 0x00,
  0x00, 0x00, 0x80, 0x00, 0x40, 0x80, 0x11, 0xE0, 0x24, 0xFB, 0xBB, 0x7C, 0xDC, 0x3F, 0x6E, 0x9F,
  0xFF, 0x00, 0xFF, 0x00, 0xFF, 0x00, 0xFF, 0x00, 0xFF, 0x00, 0xFF, 0x00, 0xFF, 0x00, 0xFF, 0x00,
  0x00, 0x00, 0x00, 0x00, 0x00, 0x00, 0x7B, 0x84, 0xD9, 0x26, 0x64, 0x9F, 0xA8, 0xDF, 0x93, 0xFF,
  0xFF, 0x00, 0xFF, 0x00, 0xFF, 0x00, 0xFF, 0x00, 0xFF, 0x00, 0xFF, 0x00, 0xFF, 0x00, 0xFF, 0x00,
  0x00, 0x00, 0x00, 0x00, 0x18, 0x00, 0xFC, 0x00, 0xFA, 0x04, 0xC7, 0x38, 0x63, 0xBC, 0x13, 0xFF,
  0xFF, 0x00, 0xFF, 0x00, 0xFF, 0x00, 0xFF, 0x00, 0xFF, 0x00, 0xFF, 0x00, 0xFF, 0x00, 0xFF, 0x00,
  0xE6, 0xF9, 0x92, 0x93, 0xC4, 0xC0, 0x73, 0x60, 0x3D, 0x30, 0x17, 0x10, 0xF2, 0x80, 0xB8, 0x81,
  0xFF, 0x00, 0x93, 0x6C, 0xC0, 0x3F, 0x60, 0x9F, 0x30, 0xCF, 0x10, 0xEF, 0x80, 0x7F, 0x80, 0x7F,
  0x28, 0xD7, 0x15, 0xEA, 0xC8, 0xF7, 0x78, 0x7F, 0xDE, 0x1F, 0xEF, 0x0F, 0x33, 0x03, 0x7A, 0x00,
  0xFF, 0x00, 0xFF, 0x00, 0xFF, 0x00, 0x7F, 0x80, 0x1F, 0xE0, 0x0F, 0xF0, 0x03, 0xFC, 0x00, 0xFF,
  0x87, 0x78, 0x03, 0xFC, 0x80, 0xFF, 0x47, 0xDF, 0x0E, 0xCE, 0x86, 0x86, 0x8D, 0x8D, 0x7D, 0x7D,
  0xFF, 0x00, 0xFF, 0x00, 0xFF, 0x00, 0xDF, 0x20, 0xCE, 0x31, 0x86, 0x79, 0x8D, 0x72, 0x7D, 0x82,
  0x96, 0x69, 0xF8, 0x07, 0x16, 0xE9, 0x83, 0xFC, 0x70, 0x7F, 0x2C, 0x2F, 0x59, 0x11, 0x7E, 0x00,
  0xFF, 0x00, 0xFF, 0x00, 0xFF, 0x00, 0xFF, 0x00, 0x7F, 0x80, 0x2F, 0xD0, 0x11, 0xEE, 0x00, 0xFF,
  0x44, 0xBB, 0x35, 0xDB, 0xDA, 0xE5, 0xF0, 0xFF, 0x77, 0xFF, 0x3C, 0xFF, 0xEF, 0xEF, 0x7F, 0x7F,
  0xFF, 0x00, 0xFF, 0x00, 0xFF, 0x00, 0xFF, 0x00, 0xFF, 0x00, 0xFF, 0x00, 0xEF, 0x10, 0x7F, 0x80,
  0x0B, 0xF4, 0x31, 0xDE, 0x9C, 0xFF, 0x25, 0xDF, 0xDA, 0xE6, 0x79, 0x86, 0x00, 0xFF, 0x91, 0x91,
  0xFF, 0x00, 0xFF, 0x00, 0xFF, 0x00, 0xFF, 0x00, 0xFE, 0x01, 0xFF, 0x00, 0xFF, 0x00, 0x91, 0x6E,
  0xA7, 0x5F, 0xE4, 0x04, 0x03, 0xC1, 0xFF, 0xFF, 0x03, 0xFF, 0xD0, 0x2F, 0x03, 0xFF, 0xBD, 0xBD,
  0xFF, 0x00, 0xE4, 0x1B, 0xC1, 0x3E, 0xFF, 0x00, 0xFF, 0x00, 0xFF, 0x00, 0xFF, 0x00, 0xBD, 0x42,
  0x33, 0x3C, 0xCF, 0xCF, 0x06, 0x06, 0x2E, 0x0E, 0xCC, 0xCC, 0xBF, 0xFF, 0xFD, 0xFC, 0x30, 0x30,
  0x3F, 0xC0, 0xCF, 0x30, 0x06, 0xF9, 0x0E, 0xF1, 0xCC, 0x33, 0xFF, 0x00, 0xFC, 0x03, 0x30, 0xCF,
  0xE1, 0x00, 0x00, 0xFF, 0x8E, 0x0E, 0xC3, 0x00, 0x31, 0x00, 0xF1, 0xF1, 0xDD, 0x86, 0xEE, 0x41,
  0xFF, 0x00, 0xFF, 0x00, 0x0E, 0xF1, 0x00, 0xFF, 0x00, 0xFF, 0xF1, 0x0E, 0x84, 0x7B, 0x40, 0xBF,
  0x99, 0x7F, 0xB2, 0xBE, 0x65, 0x7E, 0x42, 0x4E, 0x27, 0x27, 0xC7, 0xF8, 0x95, 0x11, 0x86, 0x00,
  0xFF, 0x00, 0xBE, 0x41, 0x7E, 0x81, 0x4E, 0xB1, 0x27, 0xD8, 0xFF, 0x00, 0x11, 0xEE, 0x00, 0xFF,
  0xDE, 0xDF, 0xE7, 0xE7, 0xC9, 0xC1, 0xEC, 0xE0, 0xFE, 0xFE, 0x8C, 0x7C, 0x91, 0x90, 0x53, 0x40,
  0xDF, 0x20, 0xE7, 0x18, 0xC1, 0x3E, 0xE0, 0x1F, 0xFE, 0x01, 0xFC, 0x03, 0x90, 0x6F, 0x40, 0xBF,
  0x07, 0xF8, 0x86, 0xFF, 0xE9, 0xFF, 0x72, 0x72, 0x7B, 0x7B, 0x47, 0x40, 0xAE, 0x28, 0x63, 0x00,
  0xFF, 0x00, 0xFF, 0x00, 0xFF, 0x00, 0x72, 0x8D, 0x7B, 0x84, 0x40, 0xBF, 0x28, 0xD7, 0x00, 0xFF,
  0xC0, 0xFF, 0xF0, 0xFF, 0x9E, 0x9F, 0x05, 0x05, 0x05, 0x04, 0x83, 0x03, 0xC0, 0x00, 0xF0, 0x00,
  0xFF, 0x00, 0xFF, 0x00, 0x9F, 0x60, 0x05, 0xFA, 0x04, 0xFB, 0x03, 0xFC, 0x00, 0xFF, 0x00, 0xFF,
  0x62, 0x9F, 0x1E, 0xFB, 0x5D, 0xBA, 0xC8, 0xFF, 0x64, 0x7F, 0x58, 0x1F, 0x67, 0x07, 0x4D, 0x4D,
  0xFF, 0x00, 0xFF, 0x00, 0xFF, 0x00, 0xFF, 0x00, 0x7F, 0x80, 0x1F, 0xE0, 0x07, 0xF8, 0x4D, 0xB2,
  0x1B, 0xFF, 0x19, 0xFF, 0x25, 0xFF, 0x43, 0xFF, 0x3E, 0xFE, 0xE7, 0xFE, 0xA6, 0xEE, 0xDF, 0xFF,
  0xFF, 0x00, 0xFF, 0x00, 0xFF, 0x00, 0xFF, 0x00, 0xFE, 0x01, 0xFE, 0x01, 0xEE, 0x11, 0xFF, 0x00,
  0xB5, 0xFF, 0xED, 0xFD, 0xD1, 0xF1, 0x27, 0xE7, 0x7B, 0x7B, 0x4C, 0x4C, 0x90, 0x00, 0x9C, 0x90,
  0xFF, 0x00, 0xFD, 0x02, 0xF1, 0x0E, 0xE7, 0x18, 0x7B, 0x84, 0x4C, 0xB3, 0x00, 0xFF, 0x90, 0x6F,
  0xDF, 0xC0, 0x1E, 0x01, 0x9B, 0x00, 0x72, 0x00, 0x84, 0x80, 0xE7, 0xE1, 0xFE, 0xFF, 0x85, 0xFF,
  0xC0, 0x3F, 0x00, 0xFF, 0x00, 0xFF, 0x00, 0xFF, 0x80, 0x7F, 0xE1, 0x1E, 0xFF, 0x00, 0xFF, 0x00,
  0x43, 0xB0, 0x21, 0xD8, 0x21, 0xEC, 0x0C, 0x02, 0xE0, 0xE0, 0x37, 0xF7, 0x1C, 0xFC, 0xE0, 0xE0,
  0x00, 0xFF, 0x00, 0xFF, 0x20, 0xDF, 0x00, 0xFF, 0xE0, 0x1F, 0xF7, 0x08, 0xFC, 0x03, 0xE0, 0x1F,
  0x87, 0x87, 0xB9, 0x21, 0x7F, 0x80, 0xFD, 0x02, 0x1C, 0x00, 0xCF, 0xCF, 0xAC, 0xFC, 0x10, 0x10,
  0x87, 0x78, 0x21, 0xDE, 0x00, 0xFF, 0x00, 0xFF, 0x00, 0xFF, 0xCF, 0x30, 0xFC, 0x03, 0x10, 0xEF,
  0xBF, 0x82, 0xF7, 0xF7, 0x38, 0x38, 0x83, 0x03, 0x7D, 0x87, 0x68, 0x6E, 0x80, 0xFF, 0x30, 0x30,
  0x82, 0x7D, 0xF7, 0x08, 0x38, 0xC7, 0x03, 0xFC, 0x07, 0xF8, 0x6E, 0x91, 0xFF, 0x00, 0x30, 0xCF,
  0xF7, 0xF7, 0x10, 0x10, 0x5F, 0x50, 0xD8, 0xC7, 0x90, 0x8F, 0x61, 0x1D, 0x72, 0xF2, 0x00, 0x00,
  0xF7, 0x08, 0x10, 0xEF, 0x50, 0xAF, 0xC0, 0x3F, 0x80, 0x7F, 0x01, 0xFE, 0xF2, 0x0D, 0x00, 0xFF,
  0x43, 0x00, 0xA0, 0x40, 0xA1, 0x21, 0x83, 0x00, 0x4F, 0x48, 0x1F, 0x10, 0xC0, 0xC0, 0xFC, 0x00,
  0x00, 0xFF, 0x00, 0xFF, 0x21, 0xDE, 0x00, 0xFF, 0x48, 0xB7, 0x10, 0xEF, 0xC0, 0x3F, 0x00, 0xFF,
  0x13, 0x30, 0xF2, 0x31, 0xA2, 0x21, 0x44, 0x43, 0x17, 0x01, 0x25, 0x01, 0xAF, 0x03, 0x1C, 0x00,
  0x10, 0xEF, 0x30, 0xCF, 0x20, 0xDF, 0x40, 0xBF, 0x01, 0xFE, 0x01, 0xFE, 0x03, 0xFC, 0x00, 0xFF,
  0x51, 0x90, 0x21, 0xA0, 0xC3, 0x00, 0x73, 0x02, 0x35, 0x04, 0xA5, 0x84, 0x6B, 0x08, 0x6B, 0x08,
  0x10, 0xEF, 0x20, 0xDF, 0x00, 0xFF, 0x02, 0xFD, 0x04, 0xFB, 0x84, 0x7B, 0x08, 0xF7, 0x08, 0xF7,
  0xEF, 0x20, 0xF3, 0x00, 0x99, 0x60, 0x4C, 0xB0, 0xB6, 0x28, 0xDB, 0x1C, 0xC1, 0x00, 0xF1, 0x00,
  0x20, 0xDF, 0x00, 0xFF, 0x00, 0xFF, 0x00, 0xFF, 0x20, 0xDF, 0x18, 0xE7, 0x00, 0xFF, 0x00, 0xFF,
  0x3C, 0xC0, 0x9B, 0x62, 0xD2, 0x20, 0xEC, 0x12, 0x50, 0x05, 0x2E, 0x00, 0xC0, 0x00, 0x05, 0x05,
  0x00, 0xFF, 0x02, 0xFD, 0x00, 0xFF, 0x00, 0xFF, 0x00, 0xFF, 0x00, 0xFF, 0x00, 0xFF, 0x05, 0xFA,
  0x87, 0x80, 0x22, 0x00, 0xC5, 0x02, 0x7B, 0x04, 0xA1, 0x00, 0x2E, 0x26, 0x7B, 0x73, 0x6D, 0x69,
  0x80, 0x7F, 0x00, 0xFF, 0x00, 0xFF, 0x00, 0xFF, 0x00, 0xFF, 0x26, 0xD9, 0x73, 0x8C, 0x69, 0x96,
  0x79, 0x00, 0xBC, 0x00, 0x5C, 0x00, 0x8E, 0x00, 0x05, 0x00, 0x86, 0x03, 0xC2, 0xE3, 0x65, 0xE7,
  0x00, 0xFF, 0x00, 0xFF, 0x00, 0xFF, 0x00, 0xFF, 0x00, 0xFF, 0x03, 0xFC, 0xE3, 0x1C, 0xE7, 0x18,
  0xFE, 0x00, 0xEE, 0x10, 0xF9, 0x06, 0x4D, 0x02, 0x72, 0x11, 0xBA, 0x8A, 0x1D, 0x81, 0xCA, 0xC0,
  0x00, 0xFF, 0x00, 0xFF, 0x00, 0xFF, 0x00, 0xFF, 0x10, 0xEF, 0x8A, 0x75, 0x81, 0x7E, 0xC0, 0x3F,
  0x07, 0x07, 0x0E, 0x0E, 0x82, 0x02, 0xC5, 0x04, 0x71, 0x81, 0x85, 0x61, 0x86, 0x87, 0xDC, 0xFC,
  0x07, 0xF8, 0x0E, 0xF1, 0x02, 0xFD, 0x04, 0xFB, 0x01, 0xFE, 0x01, 0xFE, 0x87, 0x78, 0xFC, 0x03,
  0xC8, 0xC0, 0x54, 0x44, 0xAC, 0x0C, 0xA3, 0x00, 0x65, 0x6C, 0xDB, 0x98, 0x1D, 0xFD, 0x47, 0x7F,
  0xC0, 0x3F, 0x44, 0xBB, 0x0C, 0xF3, 0x00, 0xFF, 0x6C, 0x93, 0x98, 0x67, 0xFD, 0x02, 0x7F, 0x80,
  0x76, 0x72, 0xC6, 0x06, 0x95, 0x64, 0xEC, 0x10, 0x81, 0x01, 0x76, 0x77, 0x80, 0xFF, 0x3C, 0xFC,
  0x72, 0x8D, 0x06, 0xF9, 0x04, 0xFB, 0x00, 0xFF, 0x01, 0xFE, 0x77, 0x88, 0xFF, 0x00, 0xFC, 0x03,
  0xFF, 0xFF, 0xFF, 0xFF, 0xFF, 0xFF, 0xFB, 0xFF, 0x35, 0xFF, 0x80, 0x7F, 0xC7, 0x38, 0x1E, 0x00,
  0xFF, 0x00, 0xFF, 0x00, 0xFF, 0x00, 0xFF, 0x00, 0xFF, 0x00, 0xFF, 0x00, 0xFF, 0x00, 0xFF, 0x00,
  0xFF, 0xFF, 0xFF, 0xFF, 0xAF, 0xFF, 0x57, 0xFF, 0x00, 0xFF, 0x76, 0x89, 0xC7, 0x00, 0x00, 0x00,
  0xFF, 0x00, 0xFF, 0x00, 0xFF, 0x00, 0xFF, 0x00, 0xFF, 0x00, 0xFF, 0x00, 0xFF, 0x00, 0xFF, 0x00,
  0xFF, 0xFF, 0xFF, 0xFF, 0xFF, 0xFF, 0xAA, 0xFF, 0xD4, 0xFF, 0x00, 0xFF, 0xEF, 0x10, 0x00, 0x00,
  0xFF, 0x00, 0xFF, 0x00, 0xFF, 0x00, 0xFF, 0x00, 0xFF, 0x00, 0xFF, 0x00, 0xFF, 0x00, 0xFF, 0x00,
  0xFF, 0xFF, 0xFD, 0xFF, 0xFA, 0xFF, 0xA0, 0xFF, 0x07, 0xF8, 0xFF, 0x00, 0xF0, 0x00, 0x00, 0x00,
  0xFF, 0x00, 0xFF, 0x00, 0xFF, 0x00, 0xFF, 0x00, 0xFF, 0x00, 0xFF, 0x00, 0xFF, 0x00, 0xFF, 0x00,
  0xFF, 0xFF, 0x5F, 0xFF, 0xAA, 0xFF, 0x55, 0xFF, 0x70, 0x8F, 0xFC, 0x03, 0x7F, 0x00, 0x00, 0x00,
  0xFF, 0x00, 0xFF, 0x00, 0xFF, 0x00, 0xFF, 0x00, 0xFF, 0x00, 0xFF, 0x00, 0xFF, 0x00, 0xFF, 0x00,
  0xFF, 0xFF, 0xFF, 0xFF, 0xBF, 0xFF, 0x57, 0xFF, 0xAA, 0xFF, 0x01, 0xFF, 0xE0, 0x1F, 0xFF, 0x00,
  0xFF, 0x00, 0xFF, 0x00, 0xFF, 0x00, 0xFF, 0x00, 0xFF, 0x00, 0xFF, 0x00, 0xFF, 0x00, 0xFF, 0x00,
  0xFF, 0xFF, 0xFF, 0xFF, 0xFF, 0xFF, 0xFF, 0xFF, 0xD5, 0xFF, 0xAA, 0xFF, 0x00, 0xFF, 0xFF, 0x00,
  0xFF, 0x00, 0xFF, 0x00, 0xFF, 0x00, 0xFF, 0x00, 0xFF, 0x00, 0xFF, 0x00, 0xFF, 0x00, 0xFF, 0x00,
  0xFF, 0xFF, 0xFF, 0xFF, 0xFF, 0xFF, 0xFF, 0xFF, 0xFF, 0xFF, 0xB0, 0xFF, 0x07, 0xF8, 0xFC, 0x00,
  0xFF, 0x00, 0xFF, 0x00, 0xFF, 0x00, 0xFF, 0x00, 0xFF, 0x00, 0xFF, 0x00, 0xFF, 0x00, 0xFF, 0x00,
  0xE7, 0x00, 0xAA, 0x00, 0x15, 0x15, 0x7F, 0x7F, 0x2D, 0x2D, 0x0A, 0x0A, 0x55, 0x00, 0xB5, 0x4A,
  0x00, 0xFF, 0x00, 0xFF, 0x15, 0xEA, 0x7F, 0x80, 0x2D, 0xD2, 0x0A, 0xF5, 0x00, 0xFF, 0x00, 0xFF,
  0x37, 0x00, 0xAA, 0x00, 0x54, 0x54, 0xFF, 0xFF, 0x57, 0x57, 0xA9, 0xA9, 0x02, 0x02, 0x55, 0x80,
  0x00, 0xFF, 0x00, 0xFF, 0x54, 0xAB, 0xFF, 0x00, 0x57, 0xA8, 0xA9, 0x56, 0x02, 0xFD, 0x00, 0xFF,
  0x6B, 0x02, 0xB5, 0x15, 0xAA, 0xAA, 0xEB, 0xEB, 0xFF, 0xFF, 0x7F, 0x7F, 0xAA, 0xAA, 0x55, 0x00,
  0x02, 0xFD, 0x15, 0xEA, 0xAA, 0x55, 0xEB, 0x14, 0xFF, 0x00, 0x7F, 0x80, 0xAA, 0x55, 0x00, 0xFF,
  0xAA, 0xAA, 0x5D, 0x55, 0xBB, 0xBB, 0xFF, 0xFF, 0xEE, 0xEE, 0x50, 0x50, 0x8A, 0x80, 0x5F, 0x00,
  0xAA, 0x55, 0x55, 0xAA, 0xBB, 0x44, 0xFF, 0x00, 0xEE, 0x11, 0x50, 0xAF, 0x80, 0x7F, 0x00, 0xFF,
  0x51, 0x00, 0xAE, 0xA6, 0xFF, 0xFF, 0xFF, 0xFF, 0xD9, 0xD9, 0x00, 0x00, 0x95, 0x00, 0xFF, 0x00,
  0x00, 0xFF, 0xA6, 0x59, 0xFF, 0x00, 0xFF, 0x00, 0xD9, 0x26, 0x00, 0xFF, 0x00, 0xFF, 0x00, 0xFF,
  0x6F, 0x46, 0xBD, 0x88, 0xD4, 0xD4, 0xDF, 0xDF, 0xAA, 0xAA, 0x55, 0x55, 0xAA, 0x00, 0xFF, 0x00,
  0x46, 0xB9, 0x88, 0x77, 0xD4, 0x2B, 0xDF, 0x20, 0xAA, 0x55, 0x55, 0xAA, 0x00, 0xFF, 0x00, 0xFF,
  0x25, 0x00, 0x59, 0x50, 0x0A, 0x0A, 0xFF, 0xFF, 0xAA, 0xAA, 0x55, 0x00, 0xEA, 0x00, 0xFA, 0x05,
  0x00, 0xFF, 0x50, 0xAF, 0x0A, 0xF5, 0xFF, 0x00, 0xAA, 0x55, 0x00, 0xFF, 0x00, 0xFF, 0x00, 0xFF,
  0x00, 0x00, 0x28, 0x00, 0x9C, 0x9C, 0xF7, 0xF7, 0xA9, 0xA9, 0x4A, 0x00, 0xFF, 0x00, 0xFB, 0x04,
  0x00, 0xFF, 0x00, 0xFF, 0x9C, 0x63, 0xF7, 0x08, 0xA9, 0x56, 0x00, 0xFF, 0x00, 0xFF, 0x00, 0xFF,
  0xFF, 0xFF, 0xFF, 0xFF, 0xFF, 0xFF, 0xFF, 0xFF, 0xFD, 0xFF, 0xF0, 0xFF, 0x67, 0x98, 0xFC, 0x00,
  0xFF, 0x00, 0xFF, 0x00, 0xFF, 0x00, 0xFF, 0x00, 0xFF, 0x00, 0xFF, 0x00, 0xFF, 0x00, 0xFF, 0x00,
  0xFF, 0xFF, 0xFF, 0xFF, 0xFF, 0xFF, 0xFF, 0xFF, 0xF3, 0xFF, 0x00, 0xFF, 0xFF, 0x00, 0x00, 0x00,
  0xFF, 0x00, 0xFF, 0x00, 0xFF, 0x00, 0xFF, 0x00, 0xFF, 0x00, 0xFF, 0x00, 0xFF, 0x00, 0xFF, 0x00,
  0xFF, 0xFF, 0xFF, 0xFF, 0xFF, 0xFF, 0xFF, 0xFF, 0x01, 0xFF, 0x7C, 0x83, 0xDF, 0x00, 0x00, 0x00,
  0xFF, 0x00, 0xFF, 0x00, 0xFF, 0x00, 0xFF, 0x00, 0xFF, 0x00, 0xFF, 0x00, 0xFF, 0x00, 0xFF, 0x00,
  0xFF, 0xFF, 0xFF, 0xFF, 0xFF, 0xFF, 0xFF, 0xFF, 0xF8, 0xFF, 0x03, 0xFC, 0xFC, 0x00, 0x00, 0x00,
  0xFF, 0x00, 0xFF, 0x00, 0xFF, 0x00, 0xFF, 0x00, 0xFF, 0x00, 0xFF, 0x00, 0xFF, 0x00, 0xFF, 0x00,
  0xFF, 0xFF, 0xFF, 0xFF, 0xFF, 0xFF, 0xFF, 0xFF, 0x00, 0xFF, 0xFE, 0x01, 0x87, 0x00, 0x00, 0x00,
  0xFF, 0x00, 0xFF, 0x00, 0xFF, 0x00, 0xFF, 0x00, 0xFF, 0x00, 0xFF, 0x00, 0xFF, 0x00, 0xFF, 0x00,
  0xFF, 0xFF, 0xFF, 0xFF, 0xFF, 0xFF, 0xFF, 0xFF, 0x3F, 0xFF, 0x00, 0xFF, 0xFE, 0x01, 0x03, 0x00,
  0xFF, 0x00, 0xFF, 0x00, 0xFF, 0x00, 0xFF, 0x00, 0xFF, 0x00, 0xFF, 0x00, 0xFF, 0x00, 0xFF, 0x00,
  0xFF, 0xFF, 0xFF, 0xFF, 0xFF, 0xFF, 0xFF, 0xFF, 0xC0, 0xFF, 0x1F, 0xE0, 0x78, 0x80, 0xC0, 0x00,
  0xFF, 0x00, 0xFF, 0x00, 0xFF, 0x00, 0xFF, 0x00, 0xFF, 0x00, 0xFF, 0x00, 0xFF, 0x00, 0xFF, 0x00,
  0xFF, 0xFF, 0xFF, 0xFF, 0xFF, 0xFF, 0x9F, 0xFF, 0x0F, 0xFF, 0xE0, 0x1F, 0x3F, 0x00, 0x3F, 0x00,
  0xFF, 0x00, 0xFF, 0x00, 0xFF, 0x00, 0xFF, 0x00, 0xFF, 0x00, 0xFF, 0x00, 0xFF, 0x00, 0xFF, 0x00,
  0x00, 0xFF, 0xA9, 0xFF, 0xFF, 0xFF, 0xFF, 0xFF, 0xFF, 0xFF, 0xFF, 0xFF, 0xFF, 0xFF, 0xFF, 0xFF,
  0x00, 0xFF, 0x00, 0xFF, 0x00, 0xFF, 0x00, 0xFF, 0x00, 0xFF, 0x28, 0xFF, 0x55, 0xFF, 0xAA, 0xFF,
  0xAA, 0x55, 0x54, 0xFF, 0xFE, 0xFF, 0xFF, 0xFF, 0xFF, 0xFF, 0xFF, 0xFF, 0xFF, 0xFF, 0xFF, 0xFF,
  0x00, 0xFF, 0x00, 0xFF, 0x00, 0xFF, 0x00, 0xFF, 0x00, 0xFF, 0x00, 0xFF, 0x55, 0xFF, 0xAA, 0xFF,
  0xB5, 0x4A, 0x0A, 0xF5, 0xA5, 0xFF, 0xFF, 0xFF, 0xFF, 0xFF, 0xFF, 0xFF, 0xFF, 0xFF, 0xFF, 0xFF,
  0x00, 0xFF, 0x00, 0xFF, 0x00, 0xFF, 0x00, 0xFF, 0x00, 0xFF, 0x00, 0xFF, 0x15, 0xFF, 0xAA, 0xFF,
  0xFF, 0x00, 0x55, 0xAA, 0xAA, 0x55, 0xF5, 0xAA, 0x55, 0xFF, 0xEA, 0xFF, 0xFF, 0xFF, 0xFF, 0xFF,
  0x00, 0xFF, 0x00, 0xFF, 0x00, 0xFF, 0x00, 0xFF, 0x00, 0xFF, 0x00, 0xFF, 0x00, 0xFF, 0xAA, 0xFF,
  0xEA, 0x15, 0x55, 0xAA, 0x82, 0x7D, 0x55, 0xFF, 0x7F, 0xFF, 0xFF, 0xFF, 0xFF, 0xFF, 0xFF, 0xFF,
  0x00, 0xFF, 0x00, 0xFF, 0x00, 0xFF, 0x00, 0xFF, 0x00, 0xFF, 0x00, 0xFF, 0x55, 0xFF, 0xAA, 0xFF,
  0xB5, 0x4A, 0x4A, 0xB5, 0xD6, 0x7F, 0xFF, 0xFF, 0xFF, 0xFF, 0xFF, 0xFF, 0xFF, 0xFF, 0xFF, 0xFF,
  0x00, 0xFF, 0x00, 0xFF, 0x00, 0xFF, 0x00, 0xFF, 0x00, 0xFF, 0xA2, 0xFF, 0x55, 0xFF, 0xAA, 0xFF,
  0x50, 0xAF, 0x02, 0xFF, 0xAB, 0xFF, 0xFF, 0xFF, 0xFF, 0xFF, 0xFF, 0xFF, 0xFF, 0xFF, 0xFF, 0xFF,
  0x00, 0xFF, 0x00, 0xFF, 0x00, 0xFF, 0x00, 0xFF, 0x00, 0xFF, 0xA0, 0xFF, 0x54, 0xFF, 0xAA, 0xFF,
  0x51, 0xAE, 0xD6, 0xFF, 0xFF, 0xFF, 0xFF, 0xFF, 0xFF, 0xFF, 0xFF, 0xFF, 0xFF, 0xFF, 0xFF, 0xFF,
  0x00, 0xFF, 0x00, 0xFF, 0x00, 0xFF, 0x00, 0xFF, 0x00, 0xFF, 0x28, 0xFF, 0x55, 0xFF, 0xAA, 0xFF,
  0x1F, 0x00, 0xF0, 0x0F, 0x0B, 0xFF, 0xF0, 0xF0, 0x80, 0x80, 0x3F, 0xFF, 0x80, 0x7F, 0x7F, 0x00,
  0xFF, 0x00, 0xFF, 0x00, 0xFF, 0x00, 0xF0, 0x0F, 0x80, 0x7F, 0xFF, 0x00, 0xFF, 0x00, 0xFF, 0x00,
  0xC0, 0x00, 0x7F, 0x80, 0x80, 0xFF, 0xFF, 0xFF, 0x00, 0x00, 0xFF, 0xFF, 0x00, 0xFF, 0xFF, 0x00,
  0xFF, 0x00, 0xFF, 0x00, 0xFF, 0x00, 0xFF, 0x00, 0x00, 0xFF, 0xFF, 0x00, 0xFF, 0x00, 0xFF, 0x00,
  0x00, 0x00, 0xF8, 0x00, 0x0F, 0xF0, 0xE0, 0xFF, 0x3F, 0x3F, 0xC0, 0xC0, 0x3F, 0xFF, 0xC0, 0x3F,
  0xFF, 0x00, 0xFF, 0x00, 0xFF, 0x00, 0xFF, 0x00, 0x3F, 0xC0, 0xC0, 0x3F, 0xFF, 0x00, 0xFF, 0x00,
  0x00, 0x00, 0x0F, 0x00, 0xF8, 0x07, 0x07, 0xFF, 0xFC, 0xFC, 0x0F, 0x0F, 0xF0, 0xFF, 0x03, 0xFC,
  0xFF, 0x00, 0xFF, 0x00, 0xFF, 0x00, 0xFF, 0x00, 0xFC, 0x03, 0x0F, 0xF0, 0xFF, 0x00, 0xFF, 0x00,
  0x7F, 0x00, 0xC0, 0x3F, 0x3F, 0xFF, 0xC0, 0xC0, 0xFE, 0xFE, 0x81, 0xFF, 0x7F, 0x80, 0x80, 0x00,
  0xFF, 0x00, 0xFF, 0x00, 0xFF, 0x00, 0xC0, 0x3F, 0xFE, 0x01, 0xFF, 0x00, 0xFF, 0x00, 0xFF, 0x00,
  0xDF, 0x00, 0x00, 0xFF, 0xFF, 0xFF, 0x6E, 0x6E, 0x00, 0x00, 0xC7, 0xFF, 0x20, 0xC7, 0xC7, 0x00,
  0xFF, 0x00, 0xFF, 0x00, 0xFF, 0x00, 0x6E, 0x91, 0x00, 0xFF, 0xFF, 0x00, 0xFF, 0x00, 0xFF, 0x00,
  0x83, 0x00, 0x7E, 0x81, 0x81, 0xFF, 0xFE, 0xFE, 0x00, 0x00, 0xFF, 0xFF, 0x3E, 0xFF, 0xC1, 0x3E,
  0xFF, 0x00, 0xFF, 0x00, 0xFF, 0x00, 0xFE, 0x01, 0x00, 0xFF, 0xFF, 0x00, 0xFF, 0x00, 0xFF, 0x00,
  0xE0, 0x1F, 0x3C, 0xFF, 0xE0, 0xE0, 0x00, 0x00, 0x3F, 0x3F, 0xF0, 0xFF, 0x0F, 0xF0, 0xF0, 0x00,
  0xFF, 0x00, 0xFF, 0x00, 0xE0, 0x1F, 0x00, 0xFF, 0x3F, 0xC0, 0xFF, 0x00, 0xFF, 0x00, 0xFF, 0x00,
  0xFF, 0xFF, 0xFF, 0xFF, 0xFF, 0xFF, 0xFF, 0xFF, 0xFD, 0xFF, 0x9F, 0xFF, 0xFF, 0xFF, 0xFF, 0xFF,
  0xFF, 0xD5, 0xFF, 0x6A, 0xFF, 0xAA, 0xFF, 0x55, 0xF8, 0x40, 0xFF, 0x08, 0x7F, 0x00, 0xFF, 0x00,
  0xFF, 0xFF, 0xFF, 0xFF, 0xFF, 0xFF, 0xFF, 0xFF, 0xFF, 0xFF, 0xF7, 0xFE, 0xFB, 0xFF, 0xFF, 0xFF,
  0xFF, 0x55, 0xFF, 0xBD, 0xFF, 0xEA, 0xFF, 0x55, 0x7F, 0x00, 0xE7, 0x00, 0xC3, 0x40, 0xFF, 0x10,
  0xFF, 0xFF, 0xFF, 0xFF, 0xFF, 0xFF, 0xFF, 0xFF, 0xFF, 0xFF, 0x7F, 0xFF, 0xFF, 0xFE, 0xFF, 0xFF,
  0xFF, 0x55, 0xFF, 0xAA, 0xFF, 0xAA, 0xFF, 0x55, 0xFF, 0x08, 0xFF, 0x00, 0xFF, 0x00, 0xFF, 0x00,
  0xFF, 0xFF, 0xFF, 0xFF, 0xFF, 0xFF, 0xFF, 0xFF, 0xFF, 0xFF, 0xFF, 0xFF, 0x3B, 0xFF, 0xFF, 0xFF,
  0xFF, 0x55, 0xFF, 0xEB, 0xFF, 0xAA, 0xFF, 0x55, 0xFF, 0x80, 0xFF, 0x00, 0xF1, 0x00, 0xFF, 0x00,
  0xFF, 0xFF, 0xFF, 0xFF, 0xFF, 0xFF, 0xFF, 0xFF, 0xFF, 0xFF, 0xFF, 0xFF, 0xFF, 0xFF, 0xFF, 0xFF,
  0xFF, 0x15, 0xFF, 0x55, 0xFF, 0xAA, 0xFF, 0x55, 0xFB, 0xAA, 0xFF, 0x25, 0xBF, 0x08, 0xFF, 0x80,
  0xFF, 0xFF, 0xFF, 0xFF, 0xFF, 0xFF, 0xFF, 0xFF, 0xFF, 0xFF, 0xFF, 0xFF, 0xFF, 0xFF, 0xFF, 0xFF,
  0xFF, 0x55, 0xFF, 0x55, 0xFF, 0xAA, 0xFF, 0x55, 0xFF, 0xA8, 0xFF, 0x00, 0xCB, 0x49, 0xFF, 0x00,
  0xFF, 0xFF, 0xFF, 0xFF, 0xFF, 0xFF, 0xFF, 0xFF, 0xFF, 0xFF, 0xFF, 0xFF, 0xFF, 0xFF, 0xFF, 0xFF,
  0xFF, 0x55, 0xFF, 0xAA, 0xFF, 0xAA, 0xFF, 0x55, 0xFF, 0x00, 0xFF, 0x24, 0xFF, 0x00, 0xFF, 0x00,
  0xFF, 0xFF, 0xFF, 0xFF, 0xFF, 0xFF, 0xFF, 0xFF, 0xFF, 0xFF, 0xFF, 0xFF, 0xFF, 0xFF, 0xFF, 0xFF,
  0xFF, 0x55, 0xFF, 0xAA, 0xFF, 0xAA, 0xFF, 0x55, 0xFF, 0x00, 0xFF, 0x44, 0xFF, 0x10, 0xFF, 0x00,
  0x00, 0x00, 0x01, 0x00, 0xFF, 0x00, 0xFF, 0x00, 0xFF, 0x00, 0xFF, 0x00, 0x01, 0x00, 0x00, 0x00,
  0xFF, 0x00, 0xFF, 0x00, 0xFF, 0x00, 0xFF, 0x00, 0xFF, 0x00, 0xFF, 0x00, 0xFF, 0x00, 0xFF, 0x00,
  0x00, 0x00, 0xC0, 0x00, 0xFF, 0x00, 0xFF, 0x00, 0xFF, 0x00, 0xFF, 0x00, 0xFC, 0x00, 0x00, 0x00,
  0xFF, 0x00, 0xFF, 0x00, 0xFF, 0x00, 0xFF, 0x00, 0xFF, 0x00, 0xFF, 0x00, 0xFF, 0x00, 0xFF, 0x00,
  0x3F, 0x00, 0xFF, 0x00, 0xFF, 0x00, 0xFF, 0x00, 0xFF, 0x00, 0xFF, 0x00, 0x00, 0x00, 0x00, 0x00,
  0xFF, 0x00, 0xFF, 0x00, 0xFF, 0x00, 0xFF, 0x00, 0xFF, 0x00, 0xFF, 0x00, 0xFF, 0x00, 0xFF, 0x00,
  0xFC, 0x00, 0xC0, 0x00, 0xE3, 0x00, 0xFF, 0x00, 0xFF, 0x00, 0xFF, 0x00, 0x3F, 0x00, 0x0F, 0x00,
  0xFF, 0x00, 0xFF, 0x00, 0xFF, 0x00, 0xFF, 0x00, 0xFF, 0x00, 0xFF, 0x00, 0xFF, 0x00, 0xFF, 0x00,
  0x07, 0x00, 0x1F, 0x00, 0xFF, 0x00, 0xFF, 0x00, 0xFF, 0x00, 0xFF, 0x00, 0xF1, 0x00, 0x80, 0x00,
  0xFF, 0x00, 0xFF, 0x00, 0xFF, 0x00, 0xFF, 0x00, 0xFF, 0x00, 0xFF, 0x00, 0xFF, 0x00, 0xFF, 0x00,
  0xF0, 0x00, 0xFF, 0x00, 0xFF, 0x00, 0xFF, 0x00, 0xFF, 0x00, 0xFF, 0x00, 0x1D, 0x00, 0x00, 0x00,
  0xFF, 0x00, 0xFF, 0x00, 0xFF, 0x00, 0xFF, 0x00, 0xFF, 0x00, 0xFF, 0x00, 0xFF, 0x00, 0xFF, 0x00,
  0x3E, 0x00, 0xE7, 0x00, 0xFF, 0x00, 0xFF, 0x00, 0xFF, 0x00, 0xFF, 0x00, 0xFF, 0x00, 0x00, 0x00,
  0xFF, 0x00, 0xFF, 0x00, 0xFF, 0x00, 0xFF, 0x00, 0xFF, 0x00, 0xFF, 0x00, 0xFF, 0x00, 0xFF, 0x00,
  0x7F, 0x00, 0xFF, 0x00, 0xFF, 0x00, 0xFF, 0x00, 0xFF, 0x00, 0xFE, 0x00, 0xC0, 0x00, 0x00, 0x00,
  0xFF, 0x00, 0xFF, 0x00, 0xFF, 0x00, 0xFF, 0x00, 0xFF, 0x00, 0xFF, 0x00, 0xFF, 0x00, 0xFF, 0x00,
  0xFF, 0xFF, 0x5F, 0xFD, 0xFF, 0xFF, 0xD7, 0xFF, 0xFF, 0xFF, 0x7F, 0xFF, 0xFF, 0xFF, 0xFF, 0xFF,
  0xFF, 0x00, 0xFD, 0x00, 0xF8, 0x00, 0xD2, 0x02, 0xEA, 0x08, 0xFF, 0x01, 0xFF, 0x00, 0xFF, 0x00,
  0xFF, 0xFF, 0xDE, 0xFF, 0xEF, 0x7F, 0xFD, 0xFF, 0xFF, 0xFF, 0xFF, 0xFF, 0xCF, 0xFF, 0xFF, 0xFF,
  0xFF, 0x00, 0x5F, 0x00, 0x4F, 0x00, 0x01, 0x00, 0xDD, 0xD4, 0xFF, 0x03, 0xFF, 0x01, 0xFF, 0x00,
  0xFD, 0xFE, 0x9E, 0xFF, 0xFF, 0xFF, 0xFF, 0xFF, 0x7F, 0xBF, 0x87, 0xFF, 0xDF, 0xFF, 0xFF, 0xFF,
  0xFF, 0x04, 0xFF, 0x0C, 0xFF, 0x1C, 0xFF, 0x06, 0xFF, 0x00, 0xFF, 0x00, 0xFF, 0x81, 0xFF, 0x00,
  0xFF, 0xFF, 0x2B, 0xFF, 0x7E, 0xFF, 0xFF, 0xFF, 0xE7, 0xFF, 0xFB, 0xF7, 0xFC, 0xFF, 0xF7, 0xFF,
  0xFF, 0x00, 0xFF, 0x00, 0xFF, 0x00, 0xFF, 0x00, 0xFF, 0x00, 0xFF, 0x20, 0xFF, 0xE0, 0xFF, 0x30,
  0xFF, 0xFF, 0xDF, 0xEF, 0xE2, 0xFF, 0xF7, 0xFF, 0xFF, 0xFF, 0x3F, 0xFF, 0xCF, 0xFF, 0xFF, 0xFF,
  0xFF, 0x00, 0xFF, 0x40, 0xFE, 0xC0, 0xF0, 0x40, 0xD2, 0x02, 0xFF, 0x00, 0xFF, 0x00, 0xFF, 0x00,
  0xFF, 0xFF, 0xFD, 0xEF, 0xFF, 0xFE, 0xFF, 0xFF, 0xFF, 0xFF, 0xFF, 0xFF, 0xFF, 0xFF, 0x3D, 0xFF,
  0xFF, 0x00, 0xA5, 0x00, 0x08, 0x00, 0x23, 0x02, 0x57, 0x51, 0xF7, 0x80, 0xFF, 0x00, 0xFF, 0x00,
  0xFF, 0xFF, 0xF5, 0xFF, 0xBF, 0xFF, 0xF7, 0xFF, 0xF1, 0xFF, 0xFE, 0xFD, 0xFE, 0xFF, 0xFF, 0xFF,
  0xFF, 0x00, 0xFF, 0x01, 0xBF, 0x00, 0x17, 0x00, 0x4F, 0x00, 0x7F, 0x30, 0xFF, 0x78, 0xFF, 0x0C,
  0xDF, 0xEF, 0xF8, 0xF7, 0xFF, 0xFF, 0xFF, 0xFF, 0xFF, 0xFF, 0xFF, 0xFF, 0x3F, 0xFF, 0xFF, 0xFF,
  0xFF, 0x40, 0xFF, 0xC0, 0xFF, 0xC0, 0xFF, 0x20, 0xFF, 0x00, 0xFF, 0x00, 0xFF, 0x00, 0xFF, 0x00,
  0x00, 0x00, 0x00, 0x00, 0x00, 0x00, 0xC7, 0x00, 0xFF, 0x00, 0x1C, 0x00, 0x00, 0x00, 0x00, 0x00,
  0xFF, 0x00, 0xFF, 0x00, 0xFF, 0x00, 0xFF, 0x00, 0xFF, 0x00, 0xFF, 0x00, 0xFF, 0x00, 0xFF, 0x00,
  0x00, 0x00, 0x00, 0x00, 0x81, 0x00, 0xF0, 0x00, 0xFF, 0x00, 0x03, 0x00, 0x00, 0x00, 0x00, 0x00,
  0xFF, 0x00, 0xFF, 0x00, 0xFF, 0x00, 0xFF, 0x00, 0xFF, 0x00, 0xFF, 0x00, 0xFF, 0x00, 0xFF, 0x00,
  0x00, 0x00, 0x0E, 0x00, 0xFF, 0x00, 0x00, 0x00, 0xE0, 0x00, 0x00, 0x00, 0x00, 0x00, 0x00, 0x00,
  0xFF, 0x00, 0xFF, 0x00, 0xFF, 0x00, 0xFF, 0x00, 0xFF, 0x00, 0xFF, 0x00, 0xFF, 0x00, 0xFF, 0x00,
  0x00, 0x00, 0x00, 0x00, 0x80, 0x00, 0x1E, 0x00, 0xFF, 0x00, 0xC0, 0x00, 0x00, 0x00, 0x00, 0x00,
  0xFF, 0x00, 0xFF, 0x00, 0xFF, 0x00, 0xFF, 0x00, 0xFF, 0x00, 0xFF, 0x00, 0xFF, 0x00, 0xFF, 0x00,
  0x00, 0x00, 0x00, 0x00, 0xE0, 0x00, 0x38, 0x00, 0x87, 0x00, 0x00, 0x00, 0x00, 0x00, 0x00, 0x00,
  0xFF, 0x00, 0xFF, 0x00, 0xFF, 0x00, 0xFF, 0x00, 0xFF, 0x00, 0xFF, 0x00, 0xFF, 0x00, 0xFF, 0x00,
  0x00, 0x00, 0x00, 0x00, 0x07, 0x00, 0x3F, 0x00, 0x80, 0x00, 0x00, 0x00, 0x00, 0x00, 0x00, 0x00,
  0xFF, 0x00, 0xFF, 0x00, 0xFF, 0x00, 0xFF, 0x00, 0xFF, 0x00, 0xFF, 0x00, 0xFF, 0x00, 0xFF, 0x00,
  0x00, 0x00, 0x00, 0x00, 0xF0, 0x00, 0xE6, 0x00, 0x1F, 0x00, 0x00, 0x00, 0x00, 0x00, 0x00, 0x00,
  0xFF, 0x00, 0xFF, 0x00, 0xFF, 0x00, 0xFF, 0x00, 0xFF, 0x00, 0xFF, 0x00, 0xFF, 0x00, 0xFF, 0x00,
  0x00, 0x00, 0x00, 0x00, 0x00, 0x00, 0x1F, 0x00, 0xFF, 0x00, 0x00, 0x00, 0x00, 0x00, 0x00, 0x00,
  0xFF, 0x00, 0xFF, 0x00, 0xFF, 0x00, 0xFF, 0x00, 0xFF, 0x00, 0xFF, 0x00, 0xFF, 0x00, 0xFF, 0x00,
  0x00, 0x00, 0x00, 0x00, 0x00, 0x00, 0x00, 0x00, 0x00, 0x00, 0x00, 0x00, 0x00, 0x00, 0x00, 0x00,
  0x00, 0xFF, 0x00, 0xFF, 0x00, 0xFF, 0x00, 0xFF, 0x00, 0xFF, 0x00, 0xFF, 0x00, 0xFF, 0x00, 0xFF,
  0x00, 0x00, 0x00, 0x00, 0x00, 0x00, 0x00, 0x00, 0x00, 0x00, 0x00, 0x00, 0x00, 0x00, 0x00, 0x00,
  0xFF, 0x00, 0xFF, 0x00, 0xFF, 0x00, 0xFF, 0x00, 0xFF, 0x00, 0xFF, 0x00, 0xFF, 0x00, 0xFF, 0x00,
  0x00, 0xFF, 0x00, 0xFF, 0x00, 0xFF, 0x00, 0xFF, 0x00, 0xFF, 0x00, 0xFF, 0x00, 0xFF, 0x00, 0xFF,
  0xFF, 0x00, 0xFF, 0x00, 0xFF, 0x00, 0xFF, 0x00, 0xFF, 0x00, 0xFF, 0x00, 0xFF, 0x00, 0xFF, 0x00,
  0xFF, 0xFF, 0xFF, 0xFF, 0xFF, 0xFF, 0xFF, 0xFF, 0xFF, 0xFF, 0xFF, 0xFF, 0xFF, 0xFF, 0xFF, 0xFF,
  0xFF, 0x00, 0xFF, 0x00, 0xFF, 0x00, 0xFF, 0x00, 0xFF, 0x00, 0xFF, 0x00, 0xFF, 0x00, 0xFF, 0x00,
  0xFF, 0xFF, 0xFF, 0xFF, 0xFF, 0xFF, 0xFF, 0xFF, 0xFF, 0xFF, 0xFF, 0xFF, 0xFF, 0xFF, 0xFF, 0xFF,
  0x00, 0xFF, 0x00, 0xFF, 0x00, 0xFF, 0x00, 0xFF, 0x00, 0xFF, 0x00, 0xFF, 0x00, 0xFF, 0x00, 0xFF,
  0xFF, 0x00, 0xFF, 0x00, 0xFF, 0x00, 0xFF, 0x00, 0xFF, 0x00, 0xFF, 0x00, 0xFF, 0x00, 0xFF, 0x00,
  0x00, 0xFF, 0x00, 0xFF, 0x00, 0xFF, 0x00, 0xFF, 0x00, 0xFF, 0x00, 0xFF, 0x00, 0xFF, 0x00, 0xFF,
  0x00, 0xFF, 0x00, 0xFF, 0x00, 0xFF, 0x00, 0xFF, 0x00, 0xFF, 0x00, 0xFF, 0x00, 0xFF, 0x00, 0xFF,
  0x00, 0xFF, 0x00, 0xFF, 0x00, 0xFF, 0x00, 0xFF, 0x00, 0xFF, 0x00, 0xFF, 0x00, 0xFF, 0x00, 0xFF,
  0x00, 0x00, 0x00, 0x7E, 0x00, 0x42, 0x00, 0x42, 0x00, 0x42, 0x00, 0x42, 0x00, 0x7E, 0x00, 0x00,
  0x00, 0x00, 0x7E, 0x7E, 0x42, 0x42, 0x42, 0x42, 0x42, 0x42, 0x42, 0x42, 0x7E, 0x7E, 0x00, 0x00,
  0xFF, 0xFF, 0xFD, 0xFF, 0xB9, 0xFF, 0x85, 0xFA, 0x17, 0xE8, 0xFF, 0x00, 0xF7, 0x00, 0x03, 0x00,
  0x00, 0xFF, 0x00, 0xFF, 0x00, 0xFF, 0x00, 0xFF, 0x00, 0xFF, 0x00, 0xFF, 0x00, 0xFF, 0x00, 0xFF,
  0xFF, 0xFF, 0xFF, 0xFF, 0x00, 0xFF, 0x0E, 0xF1, 0xDF, 0x20, 0xF0, 0x00, 0xC0, 0x00, 0x00, 0x00,
  0x00, 0xFF, 0x00, 0xFF, 0x00, 0xFF, 0x00, 0xFF, 0x00, 0xFF, 0x00, 0xFF, 0x00, 0xFF, 0x00, 0xFF,
  0xFF, 0xFF, 0xFF, 0xFF, 0xFF, 0xFF, 0x0A, 0xFF, 0xE5, 0x1A, 0xFF, 0x00, 0x53, 0x00, 0x00, 0x00,
  0x00, 0xFF, 0x00, 0xFF, 0x00, 0xFF, 0x00, 0xFF, 0x00, 0xFF, 0x00, 0xFF, 0x00, 0xFF, 0x00, 0xFF,
  0xFF, 0xFF, 0xF9, 0xFF, 0x00, 0xFF, 0x00, 0xFF, 0xB6, 0x49, 0xB5, 0x00, 0xC0, 0x00, 0x00, 0x00,
  0x00, 0xFF, 0x00, 0xFF, 0x00, 0xFF, 0x00, 0xFF, 0x00, 0xFF, 0x00, 0xFF, 0x00, 0xFF, 0x00, 0xFF,
  0xFF, 0xFF, 0xFF, 0xFF, 0x3D, 0xFF, 0x0B, 0xF4, 0x7F, 0x80, 0xD5, 0x00, 0xC0, 0x00, 0x00, 0x00,
  0x00, 0xFF, 0x00, 0xFF, 0x00, 0xFF, 0x00, 0xFF, 0x00, 0xFF, 0x00, 0xFF, 0x00, 0xFF, 0x00, 0xFF,
  0xFF, 0xFF, 0xFF, 0xFF, 0xBF, 0xFF, 0x00, 0xFF, 0xF5, 0x0A, 0x1B, 0x00, 0x00, 0x00, 0x00, 0x00,
  0x00, 0xFF, 0x00, 0xFF, 0x00, 0xFF, 0x00, 0xFF, 0x00, 0xFF, 0x00, 0xFF, 0x00, 0xFF, 0x00, 0xFF,
  0xFF, 0xFF, 0xC0, 0xFF, 0xE2, 0xFF, 0x66, 0x99, 0xF9, 0x06, 0x12, 0x00, 0x00, 0x00, 0x00, 0x00,
  0x00, 0xFF, 0x00, 0xFF, 0x00, 0xFF, 0x00, 0xFF, 0x00, 0xFF, 0x00, 0xFF, 0x00, 0xFF, 0x00, 0xFF,
  0xFF, 0xFF, 0x0F, 0xFF, 0x03, 0xFF, 0x01, 0xFF, 0x6C, 0x93, 0x89, 0x00, 0x00, 0x00, 0x00, 0x00,
  0x00, 0xFF, 0x00, 0xFF, 0x00, 0xFF, 0x00, 0xFF, 0x00, 0xFF, 0x00, 0xFF, 0x00, 0xFF, 0x00, 0xFF,
  0x99, 0xFE, 0xA8, 0xDF, 0x54, 0xAB, 0x51, 0x8F, 0x50, 0x8F, 0x2A, 0xD8, 0x8D, 0xFA, 0xFF, 0xFF,
  0xFF, 0x00, 0xFF, 0x00, 0xFF, 0x20, 0xFF, 0x00, 0xFF, 0x00, 0xFF, 0x00, 0xFF, 0x00, 0xFF, 0x00,
  0x00, 0x01, 0x00, 0x03, 0x01, 0x06, 0x01, 0x0E, 0x02, 0x19, 0x04, 0x33, 0x19, 0x67, 0x23, 0xDF,
  0x01, 0x00, 0x03, 0x00, 0x07, 0x00, 0x0F, 0x02, 0x1F, 0x00, 0x3F, 0x00, 0x7F, 0x00, 0xFF, 0x00,
  0x00, 0xFF, 0x44, 0xA0, 0x77, 0x8C, 0x7F, 0xFF, 0x1B, 0xF7, 0xF5, 0x9B, 0xDA, 0xBD, 0xBC, 0xFE,
  0xFF, 0x00, 0xFF, 0x20, 0xFF, 0x00, 0xFF, 0x00, 0xFF, 0x01, 0xFF, 0x00, 0xFF, 0x00, 0xFF, 0x08,
  0x00, 0xFF, 0xB2, 0x05, 0x5E, 0xB1, 0xEE, 0xFF, 0xDB, 0xEF, 0x8D, 0xFB, 0x5D, 0xBB, 0xBB, 0x7D,
  0xFF, 0x00, 0xFF, 0x04, 0xFF, 0x00, 0xFF, 0x00, 0xFF, 0x80, 0xFF, 0x00, 0xFF, 0x00, 0xFF, 0x10,
  0x96, 0xE8, 0xE9, 0xFE, 0xE9, 0xFE, 0xE9, 0xFE, 0xE8, 0xFF, 0x7F, 0x7F, 0x3A, 0x3E, 0x2F, 0x3A,
  0xFF, 0x80, 0xFF, 0x80, 0xFF, 0x80, 0xFF, 0x80, 0xFF, 0x80, 0x7F, 0x7F, 0x3F, 0x3A, 0x3F, 0x2A,
  0x80, 0x18, 0x67, 0x80, 0x67, 0x80, 0x07, 0xE0, 0xF7, 0xE0, 0x3F, 0x70, 0x5F, 0xB8, 0xDF, 0x38,
  0xFF, 0x18, 0xFF, 0x00, 0xFF, 0x00, 0xFF, 0x00, 0xFF, 0xE0, 0xFF, 0x10, 0xFF, 0x88, 0xFF, 0x08,
  0x00, 0x00, 0x00, 0x7E, 0x00, 0x42, 0x00, 0x42, 0x00, 0x42, 0x00, 0x42, 0x00, 0x7E, 0x00, 0x00,
  0x00, 0x00, 0x7E, 0x7E, 0x42, 0x42, 0x42, 0x42, 0x42, 0x42, 0x42, 0x42, 0x7E, 0x7E, 0x00, 0x00,
  0x00, 0x00, 0x00, 0x7E, 0x00, 0x42, 0x00, 0x42, 0x00, 0x42, 0x00, 0x42, 0x00, 0x7E, 0x00, 0x00,
  0x00, 0x00, 0x7E, 0x7E, 0x42, 0x42, 0x42, 0x42, 0x42, 0x42, 0x42, 0x42, 0x7E, 0x7E, 0x00, 0x00,
  0x00, 0x00, 0xFC, 0xFC, 0xFF, 0xFF, 0xE0, 0xFF, 0x40, 0xFC, 0x07, 0xE7, 0x1F, 0x1F, 0xFF, 0xFF,
  0x00, 0xFF, 0xFC, 0x03, 0xFF, 0x00, 0xFF, 0x00, 0xFC, 0x03, 0xE7, 0x18, 0x1F, 0xE0, 0xFF, 0x00,
  0x00, 0x00, 0x04, 0x04, 0xFF, 0xFF, 0xC3, 0xFF, 0x00, 0xC7, 0xF8, 0xF9, 0xFC, 0xFC, 0xFF, 0xFF,
  0x00, 0xFF, 0x04, 0xFB, 0xFF, 0x00, 0xFF, 0x00, 0xC7, 0x38, 0xF9, 0x06, 0xFC, 0x03, 0xFF, 0x00,
  0x00, 0x00, 0x2E, 0x2E, 0xF7, 0xFF, 0xE0, 0xFF, 0x00, 0xF0, 0x0F, 0x8F, 0x7F, 0x7F, 0xFF, 0xFF,
  0x00, 0xFF, 0x2E, 0xD1, 0xFF, 0x00, 0xFF, 0x00, 0xF0, 0x0F, 0x8F, 0x70, 0x7F, 0x80, 0xFF, 0x00,
  0x00, 0x00, 0xE3, 0xE3, 0xFF, 0xFF, 0x0F, 0xFF, 0x00, 0x1F, 0xE2, 0xE3, 0xFE, 0xFE, 0xFF, 0xFF,
  0x00, 0xFF, 0xE3, 0x1C, 0xFF, 0x00, 0xFF, 0x00, 0x1F, 0xE0, 0xE3, 0x1C, 0xFE, 0x01, 0xFF, 0x00,
  0x00, 0x00, 0xC3, 0xC3, 0xFF, 0xFF, 0xFE, 0xFF, 0xFC, 0xFF, 0x00, 0xFE, 0x50, 0xF8, 0x83, 0x83,
  0x00, 0xFF, 0xC3, 0x3C, 0xFF, 0x00, 0xFF, 0x00, 0xFF, 0x00, 0xFE, 0x01, 0xF8, 0x07, 0x83, 0x7C,
  0x00, 0x00, 0xFF, 0xFF, 0xFF, 0xFF, 0x06, 0xFF, 0x00, 0x07, 0x78, 0x78, 0xFF, 0xFF, 0xFF, 0xFF,
  0x00, 0xFF, 0xFF, 0x00, 0xFF, 0x00, 0xFF, 0x00, 0x07, 0xF8, 0x78, 0x87, 0xFF, 0x00, 0xFF, 0x00,
  0x03, 0x03, 0xFF, 0xFF, 0xF4, 0xFF, 0x3F, 0xFF, 0x00, 0x80, 0x3F, 0x3F, 0xFF, 0xFF, 0xFF, 0xFF,
  0x03, 0xFC, 0xFF, 0x00, 0xFF, 0x00, 0xFF, 0x00, 0x80, 0x7F, 0x3F, 0xC0, 0xFF, 0x00, 0xFF, 0x00,
  0xFC, 0xFC, 0xFE, 0xFE, 0xFF, 0xFF, 0xC0, 0xFF, 0x00, 0x0E, 0xE1, 0xE1, 0xFF, 0xFF, 0xFF, 0xFF,
  0xFC, 0x03, 0xFE, 0x01, 0xFF, 0x00, 0xFF, 0x00, 0x0E, 0xF1, 0xE1, 0x1E, 0xFF, 0x00, 0xFF, 0x00,
  0x00, 0x01, 0x00, 0x03, 0x00, 0x06, 0x01, 0x0C, 0x06, 0x19, 0x04, 0x33, 0x09, 0x77, 0x33, 0xCF,
  0x01, 0x00, 0x03, 0x00, 0x07, 0x00, 0x0F, 0x00, 0x1F, 0x00, 0x3F, 0x00, 0x7F, 0x10, 0xFF, 0x00,
  0x07, 0xBF, 0x4F, 0x3F, 0x87, 0x7F, 0x13, 0xEF, 0x49, 0xF7, 0xE2, 0xF9, 0xF6, 0xF9, 0xF9, 0xFF,
  0xFF, 0x01, 0xFF, 0x03, 0xFF, 0x01, 0xFF, 0x00, 0xFF, 0x00, 0xFF, 0x00, 0xFF, 0x40, 0xFF, 0xE0,
  0xDD, 0xBE, 0xF8, 0x9F, 0xD5, 0xBB, 0xFB, 0x97, 0x00, 0xFF, 0x5A, 0x80, 0x69, 0x96, 0xFF, 0xFF,
  0xFF, 0x08, 0xFF, 0x00, 0xFF, 0x00, 0xFF, 0x01, 0xFF, 0x00, 0xFF, 0x00, 0xFF, 0x00, 0xFF, 0x00,
  0xBF, 0x79, 0x5D, 0xBB, 0xAF, 0xD9, 0xCD, 0xFB, 0x00, 0xFF, 0xB2, 0x01, 0x2E, 0xD1, 0xFF, 0xFF,
  0xFF, 0x10, 0xFF, 0x00, 0xFF, 0x00, 0xFF, 0x80, 0xFF, 0x00, 0xFF, 0x00, 0xFF, 0x00, 0xFF, 0x00,
  0x3A, 0x3F, 0x7F, 0x7F, 0xE8, 0xFE, 0xE9, 0xFE, 0xE9, 0xFE, 0xE9, 0xFE, 0xFE, 0xFF, 0x7F, 0x7F,
  0x3F, 0x3A, 0x7F, 0x7F, 0xFF, 0x80, 0xFF, 0x80, 0xFF, 0x80, 0xFF, 0x80, 0xFF, 0xE8, 0x7F, 0x7F,
  0xBF, 0x78, 0xF7, 0xF8, 0xE7, 0xF0, 0x07, 0x40, 0x67, 0x80, 0x67, 0x80, 0x98, 0xE7, 0xFF, 0xFF,
  0xFF, 0x08, 0xFF, 0x18, 0xFF, 0xF0, 0xFF, 0x40, 0xFF, 0x00, 0xFF, 0x00, 0xFF, 0x00, 0xFF, 0xFF,
  0x00, 0x00, 0x00, 0x7E, 0x00, 0x42, 0x00, 0x42, 0x00, 0x42, 0x00, 0x42, 0x00, 0x7E, 0x00, 0x00,
  0x00, 0x00, 0x7E, 0x7E, 0x42, 0x42, 0x42, 0x42, 0x42, 0x42, 0x42, 0x42, 0x7E, 0x7E, 0x00, 0x00,
  0x00, 0x00, 0x00, 0x7E, 0x00, 0x42, 0x00, 0x42, 0x00, 0x42, 0x00, 0x42, 0x00, 0x7E, 0x00, 0x00,
  0x00, 0x00, 0x7E, 0x7E, 0x42, 0x42, 0x42, 0x42, 0x42, 0x42, 0x42, 0x42, 0x7E, 0x7E, 0x00, 0x00,
  0xFF, 0xFF, 0xFF, 0xFF, 0xFF, 0xFF, 0xFF, 0xFF, 0xF3, 0xFF, 0x80, 0xFF, 0x00, 0xFF, 0xFF, 0x00,
  0x00, 0xFF, 0x00, 0xFF, 0x00, 0xFF, 0x00, 0xFF, 0x00, 0xFF, 0x00, 0xFF, 0x00, 0xFF, 0x00, 0xFF,
  0xFF, 0xFF, 0xFF, 0xFF, 0xFF, 0xFF, 0xFF, 0xFF, 0xFF, 0xFF, 0xF3, 0xFF, 0x00, 0xFF, 0x0F, 0xF0,
  0x00, 0xFF, 0x00, 0xFF, 0x00, 0xFF, 0x00, 0xFF, 0x00, 0xFF, 0x00, 0xFF, 0x00, 0xFF, 0x00, 0xFF,
  0xFF, 0xFF, 0xFF, 0xFF, 0xFF, 0xFF, 0xFF, 0xFF, 0xE1, 0xFF, 0x00, 0xFF, 0x1E, 0xE1, 0xFF, 0x00,
  0x00, 0xFF, 0x00, 0xFF, 0x00, 0xFF, 0x00, 0xFF, 0x00, 0xFF, 0x00, 0xFF, 0x00, 0xFF, 0x00, 0xFF,
  0xFF, 0xFF, 0xFF, 0xFF, 0xFF, 0xFF, 0xFC, 0xFF, 0xF8, 0xFF, 0x00, 0xFF, 0x03, 0xFC, 0xFF, 0x00,
  0x00, 0xFF, 0x00, 0xFF, 0x00, 0xFF, 0x00, 0xFF, 0x00, 0xFF, 0x00, 0xFF, 0x00, 0xFF, 0x00, 0xFF,
  0xFF, 0xFF, 0xFF, 0xFF, 0xFF, 0xFF, 0x3F, 0xFF, 0x1F, 0xFF, 0x01, 0xFF, 0xE0, 0x1F, 0xFF, 0x00,
  0x00, 0xFF, 0x00, 0xFF, 0x00, 0xFF, 0x00, 0xFF, 0x00, 0xFF, 0x00, 0xFF, 0x00, 0xFF, 0x00, 0xFF,
  0xFF, 0xFF, 0xFF, 0xFF, 0xFF, 0xFF, 0xFF, 0xFF, 0xFF, 0xFF, 0x00, 0xFF, 0x00, 0xFF, 0xFF, 0x00,
  0x00, 0xFF, 0x00, 0xFF, 0x00, 0xFF, 0x00, 0xFF, 0x00, 0xFF, 0x00, 0xFF, 0x00, 0xFF, 0x00, 0xFF,
  0xFF, 0xFF, 0xFF, 0xFF, 0xFF, 0xFF, 0xFF, 0xFF, 0x80, 0xFF, 0x00, 0xFF, 0xFF, 0x00, 0xFF, 0x00,
  0x00, 0xFF, 0x00, 0xFF, 0x00, 0xFF, 0x00, 0xFF, 0x00, 0xFF, 0x00, 0xFF, 0x00, 0xFF, 0x00, 0xFF,
  0xFF, 0xFF, 0xFF, 0xFF, 0xFF, 0xFF, 0xFF, 0xFF, 0x3F, 0xFF, 0x00, 0xFF, 0xC0, 0x3F, 0xF8, 0x07,
  0x00, 0xFF, 0x00, 0xFF, 0x00, 0xFF, 0x00, 0xFF, 0x00, 0xFF, 0x00, 0xFF, 0x00, 0xFF, 0x00, 0xFF,
  0x0F, 0xFF, 0x2F, 0x9F, 0x67, 0x9F, 0x12, 0xEF, 0xC9, 0xF6, 0xE1, 0xFC, 0xF2, 0xF9, 0xE4, 0xF3,
  0xFF, 0x07, 0xFF, 0x02, 0xFF, 0x00, 0xFF, 0x00, 0xFF, 0x00, 0xFF, 0x80, 0xFF, 0xC0, 0xFF, 0x80,
  0xF9, 0xE7, 0x92, 0xEE, 0x24, 0x9C, 0x88, 0x78, 0x10, 0xF0, 0x20, 0xE0, 0x40, 0xC0, 0x80, 0x80,
  0xFF, 0x00, 0xFE, 0x20, 0xFC, 0x00, 0xF8, 0x00, 0xF0, 0x00, 0xE0, 0x00, 0xC0, 0x00, 0x80, 0x00,
  0x9F, 0xFF, 0x2F, 0x9F, 0x67, 0x9F, 0x92, 0xEF, 0xC9, 0xF6, 0xE1, 0xFC, 0xF2, 0xF9, 0xE4, 0xF3,
  0xFF, 0x07, 0xFF, 0x02, 0xFF, 0x00, 0xFF, 0x00, 0xFF, 0x00, 0xFF, 0x80, 0xFF, 0xC0, 0xFF, 0x80,
  0xF5, 0xFB, 0x8A, 0xF5, 0x0A, 0xB1, 0x8A, 0x71, 0x0A, 0xF1, 0x24, 0xFB, 0x51, 0xDF, 0x8E, 0x8E,
  0xFF, 0x00, 0xFF, 0x04, 0xFF, 0x00, 0xFF, 0x00, 0xFF, 0x00, 0xFF, 0x00, 0xDF, 0x00, 0x8E, 0x00,
  0x00, 0x82, 0x7D, 0x00, 0x7D, 0x00, 0x7A, 0x05, 0x77, 0x0F, 0x68, 0x19, 0x75, 0x12, 0x77, 0x10,
  0xFF, 0x82, 0xFF, 0x00, 0xFF, 0x00, 0xFF, 0x00, 0xFF, 0x07, 0xFF, 0x08, 0xFF, 0x12, 0xFF, 0x10,
  0x00, 0x10, 0xEF, 0x00, 0xEF, 0x00, 0xEF, 0x00, 0x10, 0xEF, 0xFF, 0xFF, 0x55, 0xFF, 0x7F, 0xD5,
  0xFF, 0x10, 0xFF, 0x00, 0xFF, 0x00, 0xFF, 0x00, 0xFF, 0x00, 0xFF, 0xFF, 0xFF, 0x55, 0xFF, 0x55,
  0x00, 0x02, 0xFD, 0x00, 0xFD, 0x00, 0xFA, 0x05, 0x07, 0xFF, 0xF8, 0xF9, 0x55, 0xF2, 0xF7, 0x50,
  0xFF, 0x02, 0xFF, 0x00, 0xFF, 0x00, 0xFF, 0x00, 0xFF, 0x07, 0xFF, 0xF8, 0xFF, 0x52, 0xFF, 0x50,
  0x00, 0x10, 0xEF, 0x00, 0xEF, 0x00, 0xEF, 0x00, 0x6F, 0x80, 0xAF, 0xC0, 0x6F, 0xC0, 0x6F, 0xC0,
  0xFF, 0x10, 0xFF, 0x00, 0xFF, 0x00, 0xFF, 0x00, 0xFF, 0x00, 0xFF, 0x80, 0xFF, 0x40, 0xFF, 0x40,
  0xFF, 0xFF, 0xFF, 0xFF, 0xFF, 0xFF, 0xFF, 0xFF, 0xE0, 0xFF, 0x00, 0xFF, 0x00, 0xFF, 0x00, 0xFF,
  0x00, 0xFF, 0x00, 0xFF, 0x00, 0xFF, 0x00, 0xFF, 0x00, 0xFF, 0x00, 0xFF, 0x00, 0xFF, 0x00, 0xFF,
  0xFF, 0xFF, 0xFF, 0xFF, 0xFF, 0xFF, 0xFC, 0xFF, 0xE0, 0xFF, 0x00, 0xFF, 0x00, 0xFF, 0x00, 0xFF,
  0x00, 0xFF, 0x00, 0xFF, 0x00, 0xFF, 0x00, 0xFF, 0x00, 0xFF, 0x00, 0xFF, 0x00, 0xFF, 0x00, 0xFF,
  0xFF, 0xFF, 0xFF, 0xFF, 0xFF, 0xFF, 0x01, 0xFF, 0x00, 0xFF, 0x00, 0xFF, 0x00, 0xFF, 0x00, 0xFF,
  0x00, 0xFF, 0x00, 0xFF, 0x00, 0xFF, 0x00, 0xFF, 0x00, 0xFF, 0x00, 0xFF, 0x00, 0xFF, 0x00, 0xFF,
  0xFF, 0xFF, 0xFF, 0xFF, 0xFF, 0xFF, 0xFF, 0xFF, 0x3F, 0xFF, 0x01, 0xFF, 0x00, 0xFF, 0x00, 0xFF,
  0x00, 0xFF, 0x00, 0xFF, 0x00, 0xFF, 0x00, 0xFF, 0x00, 0xFF, 0x00, 0xFF, 0x00, 0xFF, 0x00, 0xFF,
  0xFF, 0xFF, 0xFF, 0xFF, 0xFF, 0xFF, 0xFF, 0xFF, 0xFF, 0xFF, 0xFF, 0xFF, 0x00, 0xFF, 0x00, 0xFF,
  0x00, 0xFF, 0x00, 0xFF, 0x00, 0xFF, 0x00, 0xFF, 0x00, 0xFF, 0x00, 0xFF, 0x00, 0xFF, 0x00, 0xFF,
  0xFF, 0xFF, 0xFF, 0xFF, 0xFF, 0xFF, 0xFF, 0xFF, 0xE0, 0xFF, 0x00, 0xFF, 0x00, 0xFF, 0x00, 0xFF,
  0x00, 0xFF, 0x00, 0xFF, 0x00, 0xFF, 0x00, 0xFF, 0x00, 0xFF, 0x00, 0xFF, 0x00, 0xFF, 0x00, 0xFF,
  0xFF, 0xFF, 0xFF, 0xFF, 0xFF, 0xFF, 0xFF, 0xFF, 0x3F, 0xFF, 0x00, 0xFF, 0x00, 0xFF, 0x00, 0xFF,
  0x00, 0xFF, 0x00, 0xFF, 0x00, 0xFF, 0x00, 0xFF, 0x00, 0xFF, 0x00, 0xFF, 0x00, 0xFF, 0x00, 0xFF,
  0xFF, 0xFF, 0xFF, 0xFF, 0xFF, 0xFF, 0xFF, 0xFF, 0x0F, 0xFF, 0x00, 0xFF, 0x00, 0xFF, 0x00, 0xFF,
  0x00, 0xFF, 0x00, 0xFF, 0x00, 0xFF, 0x00, 0xFF, 0x00, 0xFF, 0x00, 0xFF, 0x00, 0xFF, 0x00, 0xFF,
  0xD9, 0xE7, 0x92, 0xCE, 0x24, 0xDC, 0xC8, 0x38, 0x90, 0x70, 0x20, 0xE0, 0x40, 0xC0, 0x80, 0x80,
  0xFF, 0x00, 0xFE, 0x00, 0xFC, 0x40, 0xF8, 0x00, 0xF0, 0x00, 0xE0, 0x00, 0xC0, 0x00, 0x80, 0x00,
  0x99, 0x7F, 0x55, 0xBB, 0x2A, 0xD5, 0x8A, 0xF1, 0x0A, 0xF1, 0xB4, 0x1B, 0x51, 0xBF, 0xFF, 0xFF,
  0xFF, 0x00, 0xFF, 0x00, 0xFF, 0x04, 0xFF, 0x00, 0xFF, 0x00, 0xFF, 0x00, 0xFF, 0x00, 0xFF, 0x00,
  0xA9, 0xDF, 0x52, 0xAE, 0x54, 0x8F, 0x53, 0x8C, 0x54, 0x8F, 0x27, 0xDF, 0x88, 0xF8, 0x70, 0x70,
  0xFF, 0x00, 0xFE, 0x20, 0xFF, 0x00, 0xFF, 0x00, 0xFF, 0x00, 0xFF, 0x00, 0xF8, 0x00, 0x70, 0x00,
  0x15, 0x1B, 0x0A, 0x15, 0x2A, 0xF1, 0xCA, 0x31, 0x2A, 0xF1, 0xE4, 0xFB, 0x11, 0x1F, 0x0E, 0x0E,
  0x1F, 0x00, 0x1F, 0x04, 0xFF, 0x00, 0xFF, 0x00, 0xFF, 0x00, 0xFF, 0x00, 0x1F, 0x00, 0x0E, 0x00,
  0x72, 0x1D, 0x6F, 0x0F, 0x77, 0x07, 0x78, 0x02, 0x7D, 0x00, 0x7D, 0x00, 0x82, 0x7D, 0xFF, 0xFF,
  0xFF, 0x10, 0xFF, 0x08, 0xFF, 0x07, 0xFF, 0x02, 0xFF, 0x00, 0xFF, 0x00, 0xFF, 0x00, 0xFF, 0xFF,
  0x55, 0xFF, 0xFF, 0xFF, 0x00, 0x10, 0xEF, 0x00, 0xEF, 0x00, 0xEF, 0x00, 0x10, 0xEF, 0xFF, 0xFF,
  0xFF, 0x55, 0xFF, 0xFF, 0xFF, 0x10, 0xFF, 0x00, 0xFF, 0x00, 0xFF, 0x00, 0xFF, 0x00, 0xFF, 0xFF,
  0x52, 0xFD, 0xFF, 0xFF, 0x07, 0x07, 0xF8, 0x02, 0xFD, 0x00, 0xFD, 0x00, 0x02, 0xFD, 0xFF, 0xFF,
  0xFF, 0x50, 0xFF, 0xF8, 0xFF, 0x07, 0xFF, 0x02, 0xFF, 0x00, 0xFF, 0x00, 0xFF, 0x00, 0xFF, 0xFF,
  0x6F, 0xC0, 0xAF, 0x80, 0x6F, 0x00, 0xEF, 0x00, 0xEF, 0x00, 0xEF, 0x00, 0x10, 0xEF, 0xFF, 0xFF,
  0xFF, 0x40, 0xFF, 0x80, 0xFF, 0x00, 0xFF, 0x00, 0xFF, 0x00, 0xFF, 0x00, 0xFF, 0x00, 0xFF, 0xFF,
  0xFF, 0xFF, 0xFF, 0xFF, 0xFE, 0xFF, 0xFA, 0xFF, 0xFF, 0x3F, 0x78, 0x9F, 0x0F, 0xC1, 0x8A, 0xF5,
  0x00, 0xFF, 0x00, 0xFF, 0x00, 0xFF, 0x00, 0xFF, 0x00, 0xFF, 0x00, 0xFF, 0x00, 0xFF, 0x00, 0xFF,
  0xFF, 0xFF, 0xBF, 0xFF, 0x0F, 0xFF, 0x61, 0xBF, 0x30, 0xCF, 0x8B, 0xF4, 0xE7, 0xF8, 0xF9, 0xFE,
  0x00, 0xFF, 0x00, 0xFF, 0x00, 0xFF, 0x00, 0xFF, 0x00, 0xFF, 0x00, 0xFF, 0x00, 0xFF, 0x00, 0xFF,
  0xFF, 0xFF, 0xFF, 0xFF, 0xFF, 0xFF, 0xFE, 0xFF, 0x26, 0xF9, 0x53, 0xAF, 0xF0, 0x1F, 0x84, 0x7B,
  0x00, 0xFF, 0x00, 0xFF, 0x00, 0xFF, 0x00, 0xFF, 0x00, 0xFF, 0x00, 0xFF, 0x00, 0xFF, 0x00, 0xFF,
  0xFF, 0xFF, 0xFF, 0xFF, 0xD5, 0xFF, 0x40, 0xFF, 0x8D, 0xFE, 0xFF, 0xFF, 0xFF, 0xFF, 0xFF, 0xFF,
  0x00, 0xFF, 0x00, 0xFF, 0x00, 0xFF, 0x00, 0xFF, 0x00, 0xFF, 0x00, 0xFF, 0x00, 0xFF, 0x00, 0xFF,
  0xFF, 0xFF, 0xFF, 0xFF, 0xBF, 0xFF, 0x3F, 0xFF, 0x9B, 0x7F, 0x85, 0xFB, 0xFA, 0xFD, 0xF7, 0xE8,
  0x00, 0xFF, 0x00, 0xFF, 0x00, 0xFF, 0x00, 0xFF, 0x00, 0xFF, 0x00, 0xFF, 0x00, 0xFF, 0x00, 0xFF,
  0xFF, 0xFF, 0xFF, 0xFF, 0xFF, 0xFF, 0xFF, 0xFF, 0xC7, 0xFE, 0xAD, 0xFF, 0x7F, 0xFF, 0x3F, 0xEF,
  0x00, 0xFF, 0x00, 0xFF, 0x00, 0xFF, 0x00, 0xFF, 0x00, 0xFF, 0x00, 0xFF, 0x00, 0xFF, 0x00, 0xFF,
  0xFF, 0xFF, 0xFF, 0xFF, 0xCF, 0xFF, 0x8E, 0xF7, 0x78, 0xFF, 0xFF, 0xFF, 0xBF, 0xFF, 0x33, 0xCF,
  0x00, 0xFF, 0x00, 0xFF, 0x00, 0xFF, 0x00, 0xFF, 0x00, 0xFF, 0x00, 0xFF, 0x00, 0xFF, 0x00, 0xFF,
  0xFF, 0xFF, 0xFF, 0xFF, 0xFF, 0xFF, 0x3F, 0xFE, 0x3F, 0xFC, 0xE4, 0xF3, 0xF9, 0xE7, 0x97, 0xE8,
  0x00, 0xFF, 0x00, 0xFF, 0x00, 0xFF, 0x00, 0xFF, 0x00, 0xFF, 0x00, 0xFF, 0x00, 0xFF, 0x00, 0xFF,
  0xFF, 0xFF, 0xFF, 0xFF, 0xFF, 0xFF, 0xFF, 0xFF, 0xFF, 0xFF, 0xFE, 0xFF, 0xFF, 0xFF, 0xFF, 0xFF,
  0xFF, 0xBD, 0xFF, 0xEE, 0xFF, 0x7C, 0xFF, 0xFA, 0xFF, 0xBC, 0xFF, 0xE8, 0xFF, 0x74, 0xFF, 0x38,
  0xFF, 0xFF, 0xFF, 0xFF, 0xFF, 0xFF, 0xFF, 0xFF, 0x5F, 0xFF, 0x1F, 0xFF, 0x3F, 0xFF, 0xFF, 0xFF,
  0xFF, 0xFA, 0xFF, 0xBF, 0xFF, 0x26, 0xFF, 0x0B, 0xFF, 0x05, 0xFF, 0x03, 0xFF, 0x07, 0xFF, 0x0B,
  0xFF, 0xFF, 0xFF, 0xFF, 0xFF, 0xFF, 0xF9, 0xFF, 0xF5, 0xFB, 0xF0, 0xFF, 0xFB, 0xFF, 0xFF, 0xFF,
  0xFF, 0xF9, 0xFF, 0xA4, 0xFF, 0xD0, 0xFF, 0xC0, 0xFF, 0x80, 0xFF, 0xC0, 0xFF, 0xB0, 0xFF, 0xD0,
  0xFF, 0xFF, 0xFF, 0xFF, 0xFF, 0xFF, 0xFF, 0xFF, 0xFF, 0xFF, 0xFF, 0xFF, 0xFF, 0xFF, 0xFF, 0xFF,
  0xFF, 0xDB, 0xFF, 0x7F, 0xFF, 0x2F, 0xFF, 0x3F, 0xFF, 0x5D, 0xFF, 0x3F, 0xFF, 0x5D, 0xFF, 0xB8,
  0xFF, 0xFF, 0xFF, 0xFF, 0xFF, 0xFF, 0xFF, 0xFF, 0xFF, 0xFF, 0xFF, 0xFF, 0xFF, 0xFF, 0xFF, 0xFF,
  0xFF, 0x7F, 0xFF, 0xFF, 0xFF, 0xBF, 0xFF, 0x5A, 0xFF, 0xBC, 0xFF, 0xF9, 0xFF, 0xFC, 0xFF, 0x6D,
  0xFF, 0xFF, 0xFF, 0xFF, 0xFF, 0xFF, 0xFF, 0xFF, 0xFF, 0xFF, 0xFF, 0xFF, 0xBF, 0xFF, 0xFF, 0xFF,
  0xFF, 0xFF, 0xFF, 0x77, 0xFF, 0xFF, 0xFF, 0xBB, 0xFF, 0x4F, 0xFF, 0x1F, 0xFF, 0x06, 0xFF, 0x2B,
  0xFF, 0xFF, 0xFF, 0xFF, 0xFF, 0xFF, 0xFF, 0xFF, 0xFF, 0xFF, 0xFF, 0xFF, 0xFF, 0xFF, 0xFF, 0xFF,
  0xFF, 0xFD, 0xFF, 0x7F, 0xFF, 0xFB, 0xFF, 0xB6, 0xFF, 0xE8, 0xFF, 0xD1, 0xFF, 0xE4, 0xFF, 0xD0,
  0xFF, 0xFF, 0xFF, 0xFF, 0xFF, 0xFF, 0xFF, 0xFF, 0xFF, 0xFF, 0xFF, 0xFF, 0xFF, 0xFF, 0xFF, 0xFF,
  0xFF, 0xFA, 0xFF, 0xBD, 0xFF, 0xFA, 0xFF, 0xBF, 0xFF, 0xDE, 0xFF, 0x3F, 0xFF, 0x6D, 0xFF, 0xBF,
  0xB9, 0x4E, 0x5F, 0xBE, 0xFE, 0xFF, 0xFE, 0xFF, 0xFF, 0xFF, 0xFF, 0xFF, 0xFF, 0xFF, 0xFF, 0xFF,
  0x00, 0xFF, 0x00, 0xFF, 0x00, 0xFF, 0x00, 0xFF, 0x00, 0xFF, 0x00, 0xFF, 0x00, 0xFF, 0x00, 0xFF,
  0x7C, 0xFF, 0xBF, 0x7F, 0x07, 0x3F, 0x7B, 0x87, 0x05, 0xFA, 0xF2, 0xFC, 0xF0, 0xFF, 0xFF, 0xFF,
  0x00, 0xFF, 0x00, 0xFF, 0x00, 0xFF, 0x00, 0xFF, 0x00, 0xFF, 0x00, 0xFF, 0x00, 0xFF, 0x00, 0xFF,
  0x3E, 0xFD, 0xFD, 0xFE, 0xFE, 0xF0, 0xFE, 0xE1, 0xFC, 0x03, 0x31, 0x0F, 0x0F, 0xFF, 0xFF, 0xFF,
  0x00, 0xFF, 0x00, 0xFF, 0x00, 0xFF, 0x00, 0xFF, 0x00, 0xFF, 0x00, 0xFF, 0x00, 0xFF, 0x00, 0xFF,
  0x7F, 0xFF, 0xFF, 0x1E, 0xFF, 0x44, 0x24, 0xC3, 0x01, 0xFF, 0xFF, 0xFF, 0xFF, 0xFF, 0xFF, 0xFF,
  0x00, 0xFF, 0x00, 0xFF, 0x00, 0xFF, 0x00, 0xFF, 0x00, 0xFF, 0x00, 0xFF, 0x00, 0xFF, 0x00, 0xFF,
  0xFD, 0xF2, 0xF8, 0x87, 0x42, 0x3F, 0x1F, 0xFF, 0xFF, 0xFF, 0xFF, 0xFF, 0xFF, 0xFF, 0xFF, 0xFF,
  0x00, 0xFF, 0x00, 0xFF, 0x00, 0xFF, 0x00, 0xFF, 0x00, 0xFF, 0x00, 0xFF, 0x00, 0xFF, 0x00, 0xFF,
  0xDE, 0x21, 0xE1, 0x80, 0x0C, 0xF3, 0xFF, 0xFF, 0xFF, 0xFF, 0xFF, 0xFF, 0xFF, 0xFF, 0xFF, 0xFF,
  0x00, 0xFF, 0x00, 0xFF, 0x00, 0xFF, 0x00, 0xFF, 0x00, 0xFF, 0x00, 0xFF, 0x00, 0xFF, 0x00, 0xFF,
  0xC8, 0x37, 0x02, 0xFC, 0x78, 0xFF, 0xFE, 0xFF, 0xFF, 0xFF, 0xFF, 0xFF, 0xFF, 0xFF, 0xFF, 0xFF,
  0x00, 0xFF, 0x00, 0xFF, 0x00, 0xFF, 0x00, 0xFF, 0x00, 0xFF, 0x00, 0xFF, 0x00, 0xFF, 0x00, 0xFF,
  0x27, 0xCF, 0xCF, 0x3F, 0x5F, 0x3F, 0x1F, 0xFF, 0xFF, 0xFF, 0xFF, 0xFF, 0xFF, 0xFF, 0xFF, 0xFF,
  0x00, 0xFF, 0x00, 0xFF, 0x00, 0xFF, 0x00, 0xFF, 0x00, 0xFF, 0x00, 0xFF, 0x00, 0xFF, 0x00, 0xFF,
  0xFF, 0xFF, 0xFF, 0xFF, 0xFF, 0xFF, 0xFF, 0xFF, 0xFF, 0xFF, 0xFF, 0xFF, 0xFF, 0xFF, 0xFB, 0xFF,
  0xFF, 0x7E, 0xFF, 0x35, 0xFF, 0x1E, 0xFF, 0x3F, 0xFF, 0x7A, 0xFF, 0xF1, 0xFF, 0xA0, 0xFF, 0xF0,
  0xFF, 0xFF, 0xFF, 0xFF, 0xFF, 0xFF, 0xFF, 0xFF, 0xFF, 0xFF, 0xFF, 0xFF, 0xFA, 0xFF, 0xFD, 0xFE,
  0xFF, 0x26, 0xFF, 0x4F, 0xFF, 0xBD, 0xFF, 0xF8, 0xFF, 0xD2, 0xFF, 0xE8, 0xFF, 0xA0, 0xFF, 0xC0,
  0xFF, 0xFF, 0xFF, 0xFF, 0xFF, 0xFF, 0xFF, 0xFF, 0xFF, 0xFF, 0xFF, 0xFF, 0xFF, 0xFF, 0x7F, 0xFF,
  0xFF, 0xF5, 0xFF, 0xFA, 0xFF, 0xBB, 0xFF, 0x7F, 0xFF, 0x5B, 0xFF, 0x2E, 0xFF, 0x0C, 0xFF, 0x1C,
  0xFF, 0xFF, 0xFE, 0xFF, 0xFF, 0xFF, 0xFF, 0xFF, 0xFF, 0xFF, 0xFF, 0xFF, 0xFF, 0xFF, 0xFF, 0xFF,
  0xFF, 0x7C, 0xFF, 0xE8, 0xFF, 0xF0, 0xFF, 0xB0, 0xFF, 0xF9, 0xFF, 0xBF, 0xFF, 0x2D, 0xFF, 0x0F,
  0xFF, 0xFF, 0xFF, 0xFF, 0xFF, 0xFF, 0xFF, 0xFF, 0xFF, 0xFF, 0xFF, 0xFF, 0xFF, 0xFF, 0xFF, 0xFF,
  0xFF, 0xFE, 0xFF, 0xED, 0xFF, 0x7F, 0xFF, 0xFF, 0xFF, 0x7F, 0xFF, 0xAD, 0xFF, 0xFF, 0xFF, 0x2F,
  0xFF, 0xFF, 0xFF, 0xFF, 0xFF, 0xFF, 0xFF, 0xFF, 0xFF, 0xFF, 0xFF, 0xFF, 0xFE, 0xFF, 0xFD, 0xFF,
  0xFF, 0x2F, 0xFF, 0x5F, 0xFF, 0x3F, 0xFF, 0xFD, 0xFF, 0x76, 0xFF, 0xE8, 0xFF, 0xF4, 0xFF, 0xF0,
  0xFF, 0xFF, 0xFF, 0xFF, 0xFF, 0xFF, 0xFF, 0xFF, 0xFF, 0xFF, 0xFF, 0xFF, 0xFF, 0xFF, 0x7F, 0xFF,
  0xFF, 0xFF, 0xFF, 0x7A, 0xFF, 0xFF, 0xFF, 0xFF, 0xFF, 0xDD, 0xFF, 0x3F, 0xFF, 0x5F, 0xFF, 0x1F,
  0xFF, 0xFF, 0xFF, 0xFF, 0xFF, 0xFF, 0xFF, 0xFF, 0xFF, 0xFF, 0xFF, 0xFF, 0xFF, 0xFF, 0xFF, 0xFF,
  0xFF, 0xFF, 0xFF, 0xFF, 0xFF, 0xEF, 0xFF, 0xFE, 0xFF, 0xF7, 0xFF, 0xF9, 0xFF, 0x54, 0xFF, 0xE0,
  0x07, 0x07, 0xC0, 0xFF, 0x7B, 0x80, 0x98, 0x00, 0x90, 0x00, 0x40, 0x00, 0x00, 0x00, 0x20, 0x00,
  0x07, 0xF8, 0xFF, 0x00, 0xFF, 0x00, 0xFF, 0x00, 0xFF, 0x00, 0xFF, 0x00, 0xFF, 0x00, 0xFF, 0x00,
  0xC0, 0xC0, 0x0F, 0xFF, 0xF8, 0x07, 0x2F, 0x00, 0x1A, 0x00, 0x00, 0x00, 0x00, 0x00, 0x06, 0x00,
  0xC0, 0x3F, 0xFF, 0x00, 0xFF, 0x00, 0xFF, 0x00, 0xFF, 0x00, 0xFF, 0x00, 0xFF, 0x00, 0xFF, 0x00,
  0x3C, 0x3C, 0x99, 0xE7, 0xFC, 0x03, 0x86, 0x00, 0x08, 0x00, 0x00, 0x00, 0x1F, 0x00, 0x00, 0x00,
  0x3C, 0xC3, 0xFF, 0x00, 0xFF, 0x00, 0xFF, 0x00, 0xFF, 0x00, 0xFF, 0x00, 0xFF, 0x00, 0xFF, 0x00,
  0x0F, 0x0F, 0xFC, 0xFF, 0x00, 0xFF, 0x78, 0x06, 0x3C, 0x00, 0x1E, 0x00, 0x1F, 0x00, 0x18, 0x00,
  0x0F, 0xF0, 0xFF, 0x00, 0xFF, 0x00, 0xFF, 0x00, 0xFF, 0x00, 0xFF, 0x00, 0xFF, 0x00, 0xFF, 0x00,
  0xC3, 0xC3, 0x03, 0xFC, 0xFF, 0x00, 0x0B, 0x00, 0x04, 0x00, 0x0F, 0x00, 0xFF, 0x00, 0xFF, 0x00,
  0xC3, 0x3C, 0xFF, 0x00, 0xFF, 0x00, 0xFF, 0x00, 0xFF, 0x00, 0xFF, 0x00, 0xFF, 0x00, 0xFF, 0x00,
  0xFE, 0xFE, 0xFC, 0x03, 0xF3, 0x00, 0x81, 0x00, 0xE0, 0x00, 0xB8, 0x00, 0xF8, 0x00, 0xF9, 0x00,
  0xFE, 0x01, 0xFF, 0x00, 0xFF, 0x00, 0xFF, 0x00, 0xFF, 0x00, 0xFF, 0x00, 0xFF, 0x00, 0xFF, 0x00,
  0x07, 0x07, 0x2F, 0xD0, 0xFB, 0x00, 0xFA, 0x00, 0x64, 0x00, 0x03, 0x00, 0xDF, 0x00, 0xFF, 0x00,
  0x07, 0xF8, 0xFF, 0x00, 0xFF, 0x00, 0xFF, 0x00, 0xFF, 0x00, 0xFF, 0x00, 0xFF, 0x00, 0xFF, 0x00,
  0xC0, 0xC0, 0xE0, 0x1F, 0x9B, 0x00, 0x01, 0x00, 0x00, 0x00, 0xC0, 0x00, 0xC1, 0x00, 0x8F, 0x00,
  0xC0, 0x3F, 0xFF, 0x00, 0xFF, 0x00, 0xFF, 0x00, 0xFF, 0x00, 0xFF, 0x00, 0xFF, 0x00, 0xFF, 0x00,
  0xFF, 0xFF, 0xFF, 0xFF, 0xFF, 0xFF, 0xFF, 0xFF, 0xFF, 0xFF, 0xFF, 0xFF, 0xFF, 0xFF, 0xFF, 0xFF,
  0xFF, 0x60, 0xFF, 0xB9, 0xFF, 0x37, 0xFF, 0x1F, 0xFF, 0x1B, 0xFF, 0x5F, 0xFF, 0x7A, 0xFF, 0xF0,
  0xFA, 0xFF, 0xFF, 0xFF, 0xFF, 0xFF, 0xFF, 0xFF, 0xFF, 0xFF, 0xFF, 0xFF, 0xFF, 0xFF, 0xFF, 0xFF,
  0xFF, 0xE0, 0xFF, 0xD0, 0xFF, 0x62, 0xFF, 0xFD, 0xFF, 0xBF, 0xFF, 0x5F, 0xFF, 0xBE, 0xFF, 0x15,
  0xFF, 0xFF, 0xFF, 0xFF, 0xFF, 0xFF, 0xFF, 0xFF, 0xFF, 0xFF, 0xFF, 0xFF, 0xFF, 0xFF, 0xFF, 0xFF,
  0xFF, 0x2A, 0xFF, 0x5C, 0xFF, 0xFD, 0xFF, 0xFE, 0xFF, 0x6B, 0xFF, 0xDD, 0xFF, 0xA2, 0xFF, 0x00,
  0x7F, 0xFF, 0xFF, 0xFF, 0xFF, 0xFF, 0xFE, 0xFF, 0xFF, 0xFF, 0xFF, 0xFF, 0xFF, 0xFF, 0xFF, 0xFF,
  0xFF, 0x1F, 0xFF, 0x1C, 0xFF, 0xB8, 0xFF, 0xF0, 0xFF, 0xF8, 0xFF, 0xDC, 0xFF, 0x7B, 0xFF, 0xBE,
  0xFF, 0xFF, 0xFF, 0xFF, 0xFF, 0xFF, 0xFF, 0xFF, 0xFF, 0xFF, 0xFF, 0xFF, 0xFF, 0xFF, 0xFF, 0xFF,
  0xFF, 0x9E, 0xFF, 0x2F, 0xFF, 0x9F, 0xFF, 0x3B, 0xFF, 0xBF, 0xFF, 0x7E, 0xFF, 0xF5, 0xFF, 0xFE,
  0xFF, 0xFF, 0xFF, 0xFF, 0xFF, 0xFF, 0xFF, 0xFF, 0xFF, 0xFF, 0xFF, 0xFF, 0xFF, 0xFF, 0xFF, 0xFF,
  0xFF, 0xF8, 0xFF, 0xD2, 0xFF, 0x7C, 0xFF, 0xFD, 0xFF, 0xFF, 0xFF, 0xEF, 0xFF, 0x7E, 0xFF, 0xBD,
  0xFF, 0xFF, 0xFF, 0xFF, 0xFF, 0xFF, 0xFF, 0xFF, 0xFF, 0xFF, 0xFF, 0xFF, 0xFF, 0xFF, 0xFF, 0xFF,
  0xFF, 0xAD, 0xFF, 0x5F, 0xFF, 0xBF, 0xFF, 0x7F, 0xFF, 0xEF, 0xFF, 0xDD, 0xFF, 0xA3, 0xFF, 0x54,
  0xFF, 0xFF, 0xFF, 0xFF, 0xFF, 0xFF, 0xFF, 0xFF, 0xFF, 0xFF, 0xFF, 0xFF, 0xFF, 0xFF, 0xFF, 0xFF,
  0xFF, 0xD0, 0xFF, 0xA0, 0xFF, 0xD0, 0xFF, 0xE2, 0xFF, 0xD4, 0xFF, 0xEB, 0xFF, 0x77, 0xFF, 0xFF,
  0x8F, 0x00, 0x1F, 0xE0, 0x03, 0xFC, 0x45, 0xFA, 0xFC, 0xFF, 0x87, 0x87, 0x00, 0x00, 0x00, 0x00,
  0xFF, 0x00, 0xFF, 0x00, 0xFF, 0x00, 0xFF, 0x00, 0xFF, 0x00, 0x87, 0x78, 0x00, 0xFF, 0x00, 0xFF,
  0xFF, 0x00, 0xFF, 0x00, 0xE3, 0x1C, 0x01, 0xFE, 0x78, 0xFF, 0xFF, 0xFF, 0x0C, 0x0C, 0x00, 0x00,
  0xFF, 0x00, 0xFF, 0x00, 0xFF, 0x00, 0xFF, 0x00, 0xFF, 0x00, 0xFF, 0x00, 0x0C, 0xF3, 0x00, 0xFF,
  0xC0, 0x00, 0xF0, 0x00, 0xFF, 0x00, 0xFE, 0x01, 0x1F, 0xE0, 0xC0, 0xFF, 0x7F, 0x7F, 0x00, 0x00,
  0xFF, 0x00, 0xFF, 0x00, 0xFF, 0x00, 0xFF, 0x00, 0xFF, 0x00, 0xFF, 0x00, 0x7F, 0x80, 0x00, 0xFF,
  0x38, 0x00, 0x7F, 0x00, 0xFD, 0x02, 0xFC, 0x03, 0x01, 0xFF, 0x07, 0xFF, 0xFC, 0xFC, 0x00, 0x00,
  0xFF, 0x00, 0xFF, 0x00, 0xFF, 0x00, 0xFF, 0x00, 0xFF, 0x00, 0xFF, 0x00, 0xFC, 0x03, 0x00, 0xFF,
  0xFF, 0x00, 0xFE, 0x01, 0x85, 0x7A, 0xF0, 0xFF, 0x8E, 0x8F, 0x01, 0x01, 0x00, 0x00, 0x00, 0x00,
  0xFF, 0x00, 0xFF, 0x00, 0xFF, 0x00, 0xFF, 0x00, 0x8F, 0x70, 0x01, 0xFE, 0x00, 0xFF, 0x00, 0xFF,
  0xE7, 0x00, 0xE3, 0x00, 0x2A, 0xD5, 0x55, 0xAA, 0x00, 0xFF, 0xCE, 0xFF, 0x39, 0x39, 0x00, 0x00,
  0xFF, 0x00, 0xFF, 0x00, 0xFF, 0x00, 0xFF, 0x00, 0xFF, 0x00, 0xFF, 0x00, 0x39, 0xC6, 0x00, 0xFF,
  0xFF, 0x00, 0xFF, 0x00, 0xEB, 0x14, 0x55, 0xAA, 0x30, 0xCF, 0x07, 0xFF, 0xFC, 0xFC, 0x00, 0x00,
  0xFF, 0x00, 0xFF, 0x00, 0xFF, 0x00, 0xFF, 0x00, 0xFF, 0x00, 0xFF, 0x00, 0xFC, 0x03, 0x00, 0xFF,
  0xFF, 0x00, 0xFF, 0x00, 0xF0, 0x0F, 0x87, 0x7F, 0x7C, 0xFC, 0xC0, 0xC0, 0x00, 0x00, 0x00, 0x00,
  0xFF, 0x00, 0xFF, 0x00, 0xFF, 0x00, 0xFF, 0x00, 0xFC, 0x03, 0xC0, 0x3F, 0x00, 0xFF, 0x00, 0xFF,
  0xFD, 0xFF, 0xFC, 0xFF, 0xFA, 0xFD, 0xFD, 0xFF, 0xFF, 0xFF, 0xFF, 0xFF, 0xFF, 0xFF, 0xFF, 0xFF,
  0xFF, 0xE0, 0xFF, 0x70, 0xFF, 0xE0, 0xFF, 0x50, 0xFF, 0xE8, 0xFF, 0xF0, 0xFF, 0xAA, 0xFF, 0x7F,
  0x7F, 0xFF, 0xFF, 0xFF, 0x7F, 0xFF, 0xFF, 0xFF, 0xFF, 0xFF, 0xFF, 0xFF, 0xFF, 0xFF, 0xFF, 0xFF,
  0xFF, 0x0F, 0xFF, 0x06, 0xFF, 0x0D, 0xFF, 0x16, 0xFF, 0x2F, 0xFF, 0x1B, 0xFF, 0xBF, 0xFF, 0xF7,
  0xFF, 0xFF, 0xEB, 0xFF, 0xF7, 0xFB, 0xED, 0xFF, 0xFF, 0xFF, 0xFF, 0xFF, 0xFF, 0xFF, 0xFF, 0xFF,
  0xFF, 0x80, 0xFF, 0x00, 0xFF, 0x00, 0xFF, 0x80, 0xFF, 0x00, 0xFF, 0xA3, 0xFF, 0xD5, 0xFF, 0x7F,
  0xFF, 0xFF, 0xFF, 0xFF, 0xFF, 0xFF, 0xFF, 0xFF, 0xFF, 0xFF, 0xFF, 0xFF, 0xFF, 0xFF, 0xFF, 0xFF,
  0xFF, 0x5D, 0xFF, 0x3A, 0xFF, 0x3F, 0xFF, 0x5D, 0xFF, 0x3F, 0xFF, 0x7B, 0xFF, 0xEE, 0xFF, 0xFC,
  0xFF, 0xFF, 0xFF, 0xFF, 0xFD, 0xFF, 0xFE, 0xFF, 0xFF, 0xFF, 0xFF, 0xFF, 0xFF, 0xFF, 0xFF, 0xFF,
  0xFF, 0xD1, 0xFF, 0xE8, 0xFF, 0xD0, 0xFF, 0xB0, 0xFF, 0xF4, 0xFF, 0xFA, 0xFF, 0xEF, 0xFF, 0x7D,
  0xFF, 0xFF, 0xFF, 0xFF, 0xFF, 0xFF, 0xFF, 0xFF, 0xFF, 0xFF, 0xFF, 0xFF, 0xFF, 0xFF, 0xFF, 0xFF,
  0xFF, 0x7F, 0xFF, 0x2F, 0xFF, 0xBD, 0xFF, 0x26, 0xFF, 0x3F, 0xFF, 0x6F, 0xFF, 0xBD, 0xFF, 0x7F,
  0xFF, 0xFF, 0xF7, 0xFF, 0xEB, 0xFF, 0xFF, 0xFF, 0xFF, 0xFF, 0xFF, 0xFF, 0xFF, 0xFF, 0xFF, 0xFF,
  0xFF, 0x82, 0xFF, 0x81, 0xFF, 0xC0, 0xFF, 0x83, 0xFF, 0xD4, 0xFF, 0xFB, 0xFF, 0xD7, 0xFF, 0xFF,
  0xFF, 0xFF, 0xFF, 0xFF, 0xFF, 0xFF, 0xFF, 0xFF, 0xFF, 0xFF, 0xFF, 0xFF, 0xFF, 0xFF, 0xFF, 0xFF,
  0xFF, 0x5F, 0xFF, 0x7D, 0xFF, 0xFF, 0xFF, 0x7F, 0xFF, 0xF7, 0xFF, 0x7F, 0xFF, 0xFF, 0xFF, 0xED,
  0x0A, 0x0D, 0x23, 0x3F, 0x3B, 0x77, 0x05, 0x7A, 0x39, 0xDD, 0xBE, 0xFB, 0x38, 0xF2, 0x37, 0xF8,
  0x08, 0x07, 0x00, 0x3F, 0x03, 0x7F, 0x00, 0x7F, 0x00, 0xFF, 0x30, 0xFF, 0x20, 0xFF, 0x00, 0xFF,
  0x50, 0xB0, 0xC4, 0xFC, 0xD2, 0xEE, 0x24, 0xDE, 0xD1, 0x2F, 0xAC, 0x1F, 0xCE, 0x3F, 0x66, 0x9F,
  0x10, 0xE0, 0x00, 0xFC, 0xC0, 0xFE, 0x00, 0xFE, 0x00, 0xFF, 0x0C, 0xFF, 0x0E, 0xFF, 0x00, 0xFF,
  0x92, 0xE8, 0x0D, 0xF2, 0x3D, 0xF8, 0xB7, 0xFC, 0x15, 0xEA, 0xAA, 0xF4, 0x76, 0xF9, 0x7D, 0xF0,
  0x00, 0xFF, 0x00, 0xFF, 0x30, 0xFF, 0x80, 0xFF, 0x00, 0xFF, 0x20, 0xFF, 0x30, 0xFF, 0x20, 0xFF,
  0xA6, 0x5F, 0x14, 0x6F, 0x65, 0xFB, 0xF9, 0xF7, 0x79, 0xF7, 0x14, 0xFB, 0x9E, 0x67, 0xF6, 0x0F,
  0x06, 0xFF, 0x00, 0xFF, 0x01, 0xFF, 0x10, 0xFF, 0x00, 0xFF, 0x00, 0xFF, 0x06, 0xFF, 0x00, 0xFF,
  0xFE, 0xFF, 0xB5, 0xCE, 0x5A, 0x84, 0x71, 0x8E, 0x35, 0xCE, 0xA7, 0xDE, 0xFD, 0xDE, 0xAA, 0xDC,
  0xFF, 0x80, 0xFF, 0x00, 0xFF, 0x00, 0xFF, 0x00, 0xFF, 0x00, 0xFF, 0x00, 0xFF, 0x04, 0xFF, 0x00,
  0x4D, 0xF3, 0x96, 0x61, 0x96, 0x61, 0x2D, 0xF3, 0xE7, 0xFB, 0x7F, 0xFB, 0xB5, 0x7B, 0xC6, 0x39,
  0xFF, 0x00, 0xFF, 0x00, 0xFF, 0x00, 0xFF, 0x00, 0xFF, 0x00, 0xFF, 0x21, 0xFF, 0x00, 0xFF, 0x00,
  0x9C, 0xE3, 0x36, 0xC1, 0x23, 0xC0, 0xAC, 0xD1, 0x9A, 0xE5, 0xE1, 0xFF, 0xB7, 0xFF, 0x5B, 0xBD,
  0xFF, 0x00, 0xFF, 0x00, 0xFF, 0x00, 0xFF, 0x00, 0xFF, 0x00, 0xFF, 0x80, 0xFF, 0x01, 0xFF, 0x10,
  0xF5, 0xFB, 0x6A, 0xF1, 0x7E, 0xA1, 0xCC, 0xFB, 0xA9, 0xDF, 0x53, 0x8F, 0xA7, 0xDB, 0xCF, 0xFF,
  0xFF, 0x20, 0xFF, 0x00, 0xFF, 0x00, 0xFF, 0x00, 0xFF, 0x00, 0xFF, 0x00, 0xFF, 0x01, 0xFF, 0x00,
  0xF0, 0xFF, 0xC6, 0xF9, 0xEF, 0xD0, 0x9A, 0xE0, 0xA1, 0xD0, 0x99, 0xE0, 0xA7, 0xD0, 0xDE, 0xE1,
  0xFF, 0xC0, 0xFF, 0x80, 0xFF, 0x80, 0xFF, 0x80, 0xFF, 0x80, 0xFF, 0x80, 0xFF, 0x00, 0xFF, 0x00,
  0xF3, 0xFF, 0x65, 0xFB, 0x2A, 0xF1, 0x96, 0x61, 0xED, 0x33, 0x9B, 0x77, 0x21, 0xFF, 0x8A, 0x75,
  0xFF, 0x21, 0xFF, 0x00, 0xFF, 0x00, 0xFF, 0x00, 0xFF, 0x00, 0xFF, 0x01, 0xFF, 0x00, 0xFF, 0x00,
  0xF8, 0x00, 0xFF, 0x00, 0x57, 0xA8, 0xAA, 0x55, 0x15, 0xEA, 0x02, 0xFD, 0x00, 0xFF, 0x00, 0xFF,
  0xFF, 0x00, 0xFF, 0x00, 0xFF, 0x00, 0xFF, 0x00, 0xFF, 0x00, 0xFF, 0x00, 0xFF, 0x00, 0xFF, 0x00,
  0x1F, 0x00, 0xFF, 0x00, 0xF5, 0x0A, 0xAA, 0x55, 0x50, 0xAF, 0x80, 0x7F, 0x00, 0xFF, 0x00, 0xFF,
  0xFF, 0x00, 0xFF, 0x00, 0xFF, 0x00, 0xFF, 0x00, 0xFF, 0x00, 0xFF, 0x00, 0xFF, 0x00, 0xFF, 0x00,
  0xFF, 0xFF, 0xFF, 0xFF, 0xF3, 0xFF, 0xE9, 0xF7, 0xF5, 0xFB, 0xD7, 0xEB, 0xC5, 0xFF, 0xF5, 0xEF,
  0xFF, 0xFF, 0xFF, 0xFF, 0xF3, 0xFF, 0xE1, 0xFF, 0xF1, 0xFF, 0xC3, 0xFF, 0xC5, 0xFF, 0xE5, 0xFF,
  0xCF, 0xF7, 0xA3, 0xDF, 0x97, 0xEB, 0xB3, 0xEF, 0xEB, 0xF7, 0x9F, 0xE7, 0xAB, 0xDF, 0xEB, 0xDF,
  0xC7, 0x3C, 0x83, 0x7C, 0x83, 0x7C, 0xA3, 0x7C, 0xE3, 0x7C, 0x87, 0x7C, 0x8B, 0x7E, 0xCB, 0x7E,
  0xFF, 0xFF, 0xFF, 0xFF, 0xFF, 0xFF, 0xFF, 0xFF, 0xFF, 0xFF, 0xFF, 0xFF, 0xFF, 0xFF, 0xFF, 0xFF,
  0xFF, 0xFF, 0xFF, 0xFF, 0xFF, 0xFF, 0xFF, 0xFF, 0xFF, 0xFF, 0xFF, 0xFF, 0xFF, 0xFF, 0xFF, 0xFF,
  0xFF, 0xFF, 0xFF, 0xFF, 0xFF, 0xFF, 0xFF, 0xFF, 0xFF, 0xFF, 0xFF, 0xFF, 0xFF, 0xFF, 0xFF, 0xFF,
  0xFF, 0x00, 0xFF, 0x00, 0xFF, 0x00, 0xFF, 0x00, 0xFF, 0x00, 0xFF, 0x00, 0xFF, 0x00, 0xFF, 0x00,
  0x8C, 0xF3, 0xD3, 0xEF, 0xAB, 0xD7, 0xB6, 0xEB, 0x22, 0xFD, 0x0F, 0xFE, 0x9C, 0xEF, 0xED, 0xDE,
  0x00, 0xFF, 0x80, 0xFF, 0x00, 0xFF, 0x20, 0xFF, 0x00, 0xFF, 0x08, 0xFF, 0x80, 0xFF, 0xC0, 0xFF,
  0x56, 0x2F, 0xF8, 0x97, 0x5C, 0xBB, 0x29, 0x97, 0xF9, 0x37, 0x75, 0x7B, 0xD0, 0x3F, 0x56, 0x2F,
  0x06, 0xFF, 0x00, 0xFF, 0x00, 0xFF, 0x01, 0xFF, 0x00, 0xFF, 0x00, 0xFF, 0x00, 0xFF, 0x06, 0xFF,
  0x35, 0xEB, 0x8B, 0xF7, 0xA3, 0xDF, 0xA6, 0xFB, 0x31, 0xEC, 0x07, 0xFE, 0x9C, 0xEF, 0xDC, 0xFE,
  0x00, 0xFF, 0x81, 0xFF, 0x00, 0xFF, 0x20, 0xFF, 0x00, 0xFF, 0x00, 0xFF, 0x80, 0xFF, 0xD0, 0xFF,
  0x56, 0x2F, 0xFD, 0x93, 0x5C, 0xBB, 0x71, 0x8F, 0xB9, 0x37, 0x74, 0x7B, 0x9D, 0x7B, 0x5E, 0xB7,
  0x00, 0xFF, 0x00, 0xFF, 0x00, 0xFF, 0x01, 0xFF, 0x00, 0xFF, 0x00, 0xFF, 0x00, 0xFF, 0x16, 0xFF,
  0x75, 0x8E, 0xD6, 0x0F, 0x52, 0x8F, 0x77, 0x8F, 0x29, 0xDE, 0x13, 0xFC, 0x94, 0xF8, 0xBB, 0xFC,
  0xFF, 0x00, 0xFF, 0x00, 0xFF, 0x00, 0xFF, 0x02, 0xFF, 0x00, 0xFF, 0x00, 0xFF, 0x00, 0xFF, 0x90,
  0xCB, 0x30, 0xA6, 0x79, 0x99, 0x7F, 0xF3, 0x7F, 0xED, 0xF3, 0x16, 0xE1, 0xAD, 0x73, 0x33, 0xFF,
  0xFF, 0x00, 0xFF, 0x00, 0xFF, 0x00, 0xFF, 0x00, 0xFF, 0x00, 0xFF, 0x00, 0xFF, 0x00, 0xFF, 0x21,
  0xB7, 0x18, 0x75, 0x98, 0xB6, 0xF9, 0xF8, 0xFF, 0xB6, 0xCF, 0x69, 0x86, 0xB6, 0xCC, 0xCD, 0xFE,
  0xFF, 0x00, 0xFF, 0x00, 0xFF, 0x10, 0xFF, 0x00, 0xFF, 0x00, 0xFF, 0x00, 0xFF, 0x00, 0xFF, 0x04,
  0x25, 0xFB, 0xFE, 0x61, 0x11, 0xE2, 0x96, 0xE1, 0xB5, 0xCA, 0x6A, 0x95, 0xA1, 0x7F, 0x77, 0xFB,
  0xFF, 0x00, 0xFF, 0x00, 0xFF, 0x00, 0xFF, 0x00, 0xFF, 0x00, 0xFF, 0x00, 0xFF, 0x00, 0xFF, 0x01,
  0xEA, 0xF5, 0x9F, 0xFF, 0x2E, 0xDF, 0x56, 0x8D, 0x79, 0x8E, 0xAE, 0x58, 0x2B, 0xDC, 0xBD, 0xFE,
  0xFF, 0x80, 0xFF, 0x00, 0xFF, 0x04, 0xFF, 0x00, 0xFF, 0x00, 0xFF, 0x00, 0xFF, 0x00, 0xFF, 0x08,
  0xDC, 0xE3, 0xB6, 0xC1, 0x16, 0xE1, 0x7E, 0xC1, 0x5C, 0xE3, 0x89, 0x77, 0xA5, 0x7B, 0x7B, 0xFF,
  0xFF, 0x00, 0xFF, 0x00, 0xFF, 0x00, 0xFF, 0x00, 0xFF, 0x00, 0xFF, 0x00, 0xFF, 0x00, 0xFF, 0x21,
  0x00, 0xFF, 0x02, 0xFF, 0x55, 0xFF, 0xAF, 0xFF, 0xFF, 0xFF, 0xFF, 0xFF, 0xFF, 0xFF, 0xFF, 0xFF,
  0xFF, 0x00, 0xFF, 0x00, 0xFF, 0x00, 0xFF, 0x00, 0xFF, 0x00, 0xFF, 0x00, 0xFF, 0x00, 0xFF, 0x00,
  0x54, 0xFF, 0xAA, 0xFF, 0x7D, 0xFF, 0xFF, 0xFF, 0xFF, 0xFF, 0xFF, 0xFF, 0xFF, 0xFF, 0xFF, 0xFF,
  0xFF, 0x00, 0xFF, 0x00, 0xFF, 0x00, 0xFF, 0x00, 0xFF, 0x00, 0xFF, 0x00, 0xFF, 0x00, 0xFF, 0x00,
  0xFF, 0xD3, 0xFB, 0x0E, 0xB5, 0x6A, 0x55, 0xAE, 0x52, 0xED, 0x16, 0xEB, 0xD6, 0xA9, 0x5F, 0xAF,
  0xFF, 0x6D, 0xFB, 0xF5, 0xB1, 0xDF, 0x15, 0xFF, 0x50, 0xFF, 0x12, 0xFF, 0x90, 0xFF, 0x1F, 0xF6,
  0xF1, 0xEF, 0xC5, 0x7B, 0xD9, 0x77, 0xD5, 0xFB, 0xCD, 0x73, 0xE3, 0x3F, 0xFF, 0x1E, 0xFF, 0x00,
  0xE1, 0x7E, 0xC1, 0xBE, 0xD1, 0xBE, 0xD1, 0x3E, 0xC1, 0xBE, 0xE3, 0x5C, 0xFF, 0xED, 0xFF, 0xFF,
  0xFF, 0xC1, 0xFF, 0x00, 0xFF, 0x02, 0xF7, 0x83, 0xFF, 0x08, 0xFF, 0x00, 0x5E, 0x00, 0xFB, 0x00,
  0xFF, 0x3E, 0xFF, 0xFF, 0xFF, 0xFD, 0xFF, 0x68, 0xFF, 0xF7, 0xFF, 0xAF, 0xFF, 0xFF, 0xFF, 0xDF,
  0xFF, 0xC0, 0xFF, 0x0C, 0xFF, 0x01, 0xDF, 0x8A, 0xFF, 0x00, 0xFF, 0x00, 0xFF, 0x00, 0xBC, 0x00,
  0xFF, 0x3F, 0xFF, 0xF3, 0xFF, 0xFE, 0xFF, 0x21, 0xFF, 0xFF, 0xFF, 0x7F, 0xFF, 0xFF, 0xFF, 0x6B,
  0x00, 0xFF, 0x00, 0xFF, 0xE3, 0x1C, 0xF6, 0x08, 0xA8, 0x00, 0xD0, 0x00, 0x80, 0x00, 0x00, 0x00,
  0xFF, 0x00, 0xFF, 0x00, 0xFF, 0x00, 0xFF, 0x00, 0xFF, 0x00, 0xFF, 0x00, 0xFF, 0x00, 0xFF, 0x00,
  0x00, 0xFF, 0x00, 0xFF, 0x68, 0x97, 0xB7, 0x00, 0x2A, 0x00, 0x05, 0x00, 0x00, 0x00, 0x00, 0x00,
  0xFF, 0x00, 0xFF, 0x00, 0xFF, 0x00, 0xFF, 0x00, 0xFF, 0x00, 0xFF, 0x00, 0xFF, 0x00, 0xFF, 0x00,
  0x01, 0xFE, 0x0E, 0xF0, 0xF4, 0x00, 0xA0, 0x00, 0xC0, 0x00, 0x00, 0x00, 0x00, 0x00, 0x00, 0x00,
  0xFF, 0x00, 0xFF, 0x00, 0xFF, 0x00, 0xFF, 0x00, 0xFF, 0x00, 0xFF, 0x00, 0xFF, 0x00, 0xFF, 0x00,
  0xAC, 0x53, 0x56, 0x00, 0x88, 0x00, 0x00, 0x00, 0x00, 0x00, 0x00, 0x00, 0x00, 0x00, 0x00, 0x00,
  0xFF, 0x00, 0xFF, 0x00, 0xFF, 0x00, 0xFF, 0x00, 0xFF, 0x00, 0xFF, 0x00, 0xFF, 0x00, 0xFF, 0x00,
  0x80, 0x7F, 0x70, 0x0F, 0xAD, 0x02, 0x1F, 0x00, 0x15, 0x00, 0x02, 0x00, 0x00, 0x00, 0x00, 0x00,
  0xFF, 0x00, 0xFF, 0x00, 0xFF, 0x00, 0xFF, 0x00, 0xFF, 0x00, 0xFF, 0x00, 0xFF, 0x00, 0xFF, 0x00,
  0x00, 0xFF, 0x15, 0xEA, 0xFF, 0x00, 0xFF, 0x00, 0x7A, 0x00, 0xC9, 0x00, 0x10, 0x00, 0x00, 0x00,
  0xFF, 0x00, 0xFF, 0x00, 0xFF, 0x00, 0xFF, 0x00, 0xFF, 0x00, 0xFF, 0x00, 0xFF, 0x00, 0xFF, 0x00,
  0x0F, 0x0F, 0x3F, 0x3F, 0x78, 0x7F, 0x63, 0x7C, 0xEE, 0xF1, 0xC8, 0xF7, 0xDB, 0xE4, 0xD2, 0xED,
  0x0F, 0x0F, 0x38, 0x38, 0x60, 0x60, 0x40, 0x40, 0xC1, 0xC1, 0x87, 0x87, 0x84, 0x84, 0x8C, 0x8C,
  0xFF, 0xFF, 0xFF, 0xFF, 0x0B, 0xFF, 0xF5, 0x0B, 0x0A, 0xF5, 0xF4, 0x0B, 0x8A, 0x75, 0x7C, 0xB7,
  0xFF, 0xFF, 0x01, 0x01, 0x00, 0x00, 0x00, 0x00, 0xF4, 0xF4, 0x0A, 0x0A, 0x00, 0x00, 0x00, 0x00,
  0xFF, 0xFF, 0xFF, 0xFF, 0x89, 0xFF, 0xF6, 0x89, 0x09, 0xF6, 0x76, 0x89, 0x00, 0xFF, 0x7C, 0xF7,
  0xFF, 0xFF, 0x80, 0x80, 0x00, 0x00, 0x00, 0x00, 0x76, 0x76, 0x09, 0x09, 0x09, 0x09, 0x01, 0x01,
  0xF0, 0xF0, 0xDC, 0xDC, 0x36, 0xF6, 0xCA, 0x7A, 0x77, 0xBF, 0x15, 0xFD, 0xDD, 0x3D, 0x79, 0x9D,
  0xF0, 0xF0, 0x3C, 0x3C, 0x0E, 0x0E, 0x06, 0x06, 0x83, 0x83, 0xE3, 0xE3, 0x23, 0x23, 0x03, 0x03,
  0x00, 0x00, 0x00, 0x00, 0xFF, 0xFF, 0xFF, 0xFF, 0xAA, 0xFF, 0xFF, 0xAA, 0xAA, 0xFF, 0xAA, 0xFF,
  0x00, 0x00, 0x00, 0x00, 0xFF, 0xFF, 0xAA, 0xAA, 0x8A, 0x8A, 0x88, 0x88, 0xDF, 0xDF, 0xFD, 0xFD,
  0xA0, 0xDF, 0xD0, 0x8F, 0xA9, 0xC7, 0x77, 0x8F, 0xC8, 0xBF, 0x12, 0xAD, 0x85, 0xE8, 0x85, 0xF8,
  0xFF, 0x00, 0xFF, 0x80, 0xFF, 0x80, 0xFF, 0x40, 0xFF, 0xC0, 0xFF, 0x50, 0xFF, 0xD0, 0x7F, 0x50,
  0x5D, 0xF6, 0xDE, 0x31, 0x3F, 0xE2, 0xFF, 0xC6, 0xFF, 0x1E, 0xFF, 0x03, 0xFF, 0x00, 0xFF, 0x00,
  0x5D, 0xEB, 0x1E, 0xEF, 0x3F, 0xDC, 0xFF, 0x99, 0xFF, 0xA1, 0xFF, 0x3C, 0xFF, 0xFF, 0xFF, 0xFF,
  0xFD, 0x02, 0xFB, 0x04, 0xFF, 0x00, 0xCF, 0x00, 0xE7, 0x18, 0xFF, 0x01, 0xBF, 0x0F, 0xFF, 0x01,
  0xFD, 0xEF, 0xFB, 0xFF, 0xFF, 0x5E, 0xFF, 0xB6, 0xFF, 0xC6, 0xFF, 0xFE, 0xFF, 0x70, 0xFF, 0xFE,
  0xFE, 0x04, 0xBE, 0x0C, 0x7F, 0x1C, 0x7F, 0x06, 0xFF, 0x00, 0xFF, 0x00, 0xFD, 0x01, 0xFF, 0x80,
  0xFF, 0xFB, 0xFF, 0x53, 0xFF, 0xE3, 0xFF, 0xF9, 0xFF, 0x2F, 0xFF, 0xC7, 0xFF, 0xDE, 0xFF, 0x3F,
  0xFF, 0x00, 0xEB, 0x00, 0xDE, 0x00, 0xFF, 0x00, 0xEF, 0x00, 0xFB, 0x20, 0xFE, 0xE0, 0xF7, 0x30,
  0xFF, 0xF7, 0xFF, 0xBD, 0xFF, 0x77, 0xFF, 0xBF, 0xFF, 0xF7, 0xFF, 0xD7, 0xFF, 0x1D, 0xFF, 0xCF,
  0x00, 0xFF, 0x50, 0xAF, 0xE8, 0x17, 0xFF, 0x00, 0xA7, 0x00, 0x09, 0x00, 0x02, 0x00, 0x00, 0x00,
  0xFF, 0x00, 0xFF, 0x00, 0xFF, 0x00, 0xFF, 0x00, 0xFF, 0x00, 0xFF, 0x00, 0xFF, 0x00, 0xFF, 0x00,
  0x00, 0xFF, 0x06, 0xF9, 0x9F, 0x60, 0xFF, 0x00, 0xFF, 0x00, 0xAD, 0x00, 0xC3, 0x00, 0x00, 0x00,
  0xFF, 0x00, 0xFF, 0x00, 0xFF, 0x00, 0xFF, 0x00, 0xFF, 0x00, 0xFF, 0x00, 0xFF, 0x00, 0xFF, 0x00,
  0x00, 0xFF, 0x00, 0xFF, 0x80, 0x7F, 0xD0, 0x2F, 0xFB, 0x04, 0xF6, 0x00, 0x50, 0x00, 0x00, 0x00,
  0xFF, 0x00, 0xFF, 0x00, 0xFF, 0x00, 0xFF, 0x00, 0xFF, 0x00, 0xFF, 0x00, 0xFF, 0x00, 0xFF, 0x00,
  0x00, 0xFF, 0x00, 0xFF, 0x00, 0xFF, 0x02, 0xFD, 0xDB, 0x04, 0x2F, 0x00, 0x03, 0x00, 0x00, 0x00,
  0xFF, 0x00, 0xFF, 0x00, 0xFF, 0x00, 0xFF, 0x00, 0xFF, 0x00, 0xFF, 0x00, 0xFF, 0x00, 0xFF, 0x00,
  0x00, 0xFF, 0x00, 0xFF, 0x1B, 0xE4, 0xFD, 0x00, 0xEA, 0x00, 0xD8, 0x00, 0xA0, 0x00, 0x00, 0x00,
  0xFF, 0x00, 0xFF, 0x00, 0xFF, 0x00, 0xFF, 0x00, 0xFF, 0x00, 0xFF, 0x00, 0xFF, 0x00, 0xFF, 0x00,
  0x00, 0xFF, 0xEC, 0x13, 0xAF, 0x00, 0x5B, 0x00, 0x0F, 0x00, 0x01, 0x00, 0x00, 0x00, 0x00, 0x00,
  0xFF, 0x00, 0xFF, 0x00, 0xFF, 0x00, 0xFF, 0x00, 0xFF, 0x00, 0xFF, 0x00, 0xFF, 0x00, 0xFF, 0x00,
  0xD6, 0xE9, 0xD4, 0xEB, 0xD5, 0xEB, 0xD5, 0xEB, 0xB5, 0xCB, 0xD6, 0xE9, 0xD5, 0xEB, 0xFF, 0xFF,
  0x88, 0x88, 0x88, 0x88, 0x88, 0x88, 0x88, 0x88, 0x88, 0x88, 0x88, 0x88, 0x88, 0x88, 0xFF, 0xFF,
  0xF4, 0xBF, 0xF1, 0xBF, 0x8F, 0xFF, 0xDF, 0xFF, 0xB1, 0xF1, 0xB3, 0xF3, 0xB4, 0xF4, 0xFC, 0xFC,
  0x00, 0x00, 0x00, 0x00, 0x00, 0x00, 0x01, 0x01, 0x0F, 0x0F, 0x0F, 0x0F, 0x0C, 0x0C, 0xFC, 0xFC,
  0x7F, 0xF6, 0x87, 0xFE, 0xD2, 0xFF, 0xDA, 0xFF, 0x8D, 0x8F, 0xCD, 0xCF, 0x2D, 0x2F, 0x3F, 0x3F,
  0x00, 0x00, 0x00, 0x00, 0x00, 0x00, 0x80, 0x80, 0xF0, 0xF0, 0xF0, 0xF0, 0x30, 0x30, 0x3F, 0x3F,
  0x2D, 0xDD, 0x0D, 0xFD, 0xAD, 0xDD, 0x8D, 0xFD, 0x99, 0xF9, 0x99, 0xF9, 0x99, 0xF9, 0xFF, 0xFF,
  0x03, 0x03, 0x03, 0x03, 0x03, 0x03, 0x03, 0x03, 0x07, 0x07, 0x07, 0x07, 0x07, 0x07, 0xFF, 0xFF,
  0xDD, 0x88, 0x2A, 0x7F, 0xFF, 0xFF, 0xAA, 0xFF, 0xFF, 0xFF, 0xFF, 0xFF, 0x00, 0x00, 0x00, 0x00,
  0xA2, 0xA2, 0xA2, 0xA2, 0xAA, 0xAA, 0xAA, 0xAA, 0xAA, 0xAA, 0xEE, 0xEE, 0x00, 0x00, 0x00, 0x00,
  0x82, 0xAD, 0x58, 0xAF, 0x47, 0x2F, 0x9E, 0xAB, 0xD8, 0xAF, 0xC4, 0xFB, 0x2A, 0x31, 0x2A, 0x31,
  0xFF, 0xD0, 0xFF, 0x50, 0xFF, 0xD0, 0x7F, 0x5C, 0xFF, 0xD0, 0xFF, 0xC0, 0x3F, 0x20, 0x3F, 0x20,
  0xFF, 0xFF, 0xFF, 0xFF, 0xF8, 0xFA, 0xF2, 0xF6, 0xC3, 0xC3, 0xE6, 0xF6, 0x97, 0x9F, 0xB7, 0xB7,
  0xFF, 0xFF, 0xFF, 0xFF, 0xFF, 0xF8, 0xFF, 0xF2, 0xFF, 0xC3, 0xFF, 0xE6, 0xFF, 0x97, 0xFF, 0xB7,
  0xF7, 0xF7, 0x5F, 0x5F, 0x8F, 0x8F, 0xB3, 0xFF, 0xDF, 0xDF, 0xDF, 0xFF, 0xFF, 0xFF, 0x7F, 0xFF,
  0xFF, 0xF7, 0xFF, 0x5F, 0xFF, 0x8F, 0xFF, 0xB3, 0xFF, 0xDF, 0xFF, 0xDF, 0xFF, 0xFF, 0xFF, 0x7F,
  0xEF, 0xEF, 0xFA, 0xFA, 0xF1, 0xF1, 0xCD, 0xFF, 0xFB, 0xFB, 0xFB, 0xFF, 0xFF, 0xFF, 0xFE, 0xFF,
  0xFF, 0xEC, 0xFF, 0xFA, 0xFF, 0xF1, 0xFF, 0xCD, 0xFF, 0xFB, 0xFF, 0xFB, 0xFF, 0xFF, 0xFF, 0xFE,
  0xFF, 0xFF, 0xFF, 0xFF, 0x1F, 0x5F, 0x4F, 0x6F, 0xC3, 0xC3, 0x67, 0x6F, 0xE9, 0xF9, 0xED, 0xED,
  0xFF, 0x00, 0xFF, 0x00, 0xFF, 0x00, 0xFF, 0x40, 0xFF, 0xC0, 0xFF, 0x64, 0xFF, 0xE8, 0xFF, 0xEC,
  0x00, 0xFF, 0x00, 0xFF, 0x12, 0xED, 0x75, 0x8A, 0xFF, 0x00, 0xEB, 0x00, 0x54, 0x00, 0x00, 0x00,
  0xFF, 0x00, 0xFF, 0x00, 0xFF, 0x00, 0xFF, 0x00, 0xFF, 0x00, 0xFF, 0x00, 0xFF, 0x00, 0xFF, 0x00,
  0x00, 0xFF, 0x0A, 0xF5, 0x75, 0x8A, 0xFF, 0x00, 0xDF, 0x00, 0x2A, 0x00, 0x05, 0x00, 0x00, 0x00,
  0xFF, 0x00, 0xFF, 0x00, 0xFF, 0x00, 0xFF, 0x00, 0xFF, 0x00, 0xFF, 0x00, 0xFF, 0x00, 0xFF, 0x00,
  0x1A, 0x04, 0x21, 0x40, 0x5F, 0x00, 0xBB, 0x06, 0x36, 0x8E, 0xBE, 0x08, 0xBB, 0x40, 0x5E, 0x81,
  0x1F, 0x00, 0x7F, 0x00, 0x79, 0x06, 0xEF, 0x10, 0xDF, 0x20, 0xFF, 0x00, 0xDD, 0x22, 0xFF, 0x00,
  0xF0, 0x48, 0x8E, 0xC2, 0xF0, 0x06, 0xD5, 0x2B, 0x99, 0x67, 0xF9, 0x0F, 0x79, 0x93, 0xB5, 0x93,
  0xF8, 0x00, 0xFE, 0x00, 0xAE, 0x50, 0xFF, 0x00, 0xFF, 0x01, 0xFF, 0x01, 0xFF, 0x00, 0xFB, 0x04,
  0xFF, 0xFF, 0xFF, 0xFF, 0xFF, 0xFF, 0x83, 0xFF, 0x45, 0xBB, 0x39, 0xFF, 0x7D, 0xFF, 0x7D, 0xFF,
  0xFF, 0xFF, 0xFF, 0xFF, 0x83, 0x83, 0x01, 0x01, 0x01, 0x01, 0x01, 0x01, 0x01, 0x01, 0x01, 0x01,
  0xFF, 0xFF, 0xFF, 0xFF, 0xFF, 0xFF, 0xFF, 0xFF, 0xFF, 0xFF, 0xFF, 0xFF, 0xFF, 0xFF, 0xFF, 0xFF,
  0x01, 0x7D, 0x01, 0x7D, 0x01, 0x7D, 0x01, 0x7D, 0x01, 0x7D, 0x01, 0x7D, 0x83, 0x83, 0xFF, 0xFF,
  0x78, 0x87, 0x9F, 0x60, 0x80, 0x5F, 0x40, 0xBF, 0xCF, 0x3F, 0x4C, 0xBF, 0x48, 0xBF, 0xC8, 0xBF,
  0x80, 0x80, 0x60, 0x60, 0x60, 0x60, 0x00, 0x00, 0x00, 0x00, 0x04, 0x04, 0x00, 0x00, 0x00, 0x00,
  0xEB, 0xF7, 0xF7, 0x0F, 0x0F, 0xEF, 0x0F, 0xFF, 0xCF, 0xFF, 0xCF, 0xBF, 0xCF, 0xBF, 0x8F, 0xFF,
  0x03, 0x03, 0x03, 0x03, 0x13, 0x13, 0x03, 0x03, 0x03, 0x03, 0x83, 0x83, 0x03, 0x03, 0x43, 0x43,
  0xE8, 0x18, 0x8F, 0x76, 0x82, 0x5D, 0xC0, 0x3F, 0x8F, 0x7F, 0x6C, 0xDF, 0x48, 0x3F, 0x88, 0x7F,
  0x07, 0x07, 0x70, 0x70, 0x60, 0x60, 0x00, 0x00, 0x40, 0x40, 0x04, 0x04, 0x80, 0x80, 0x00, 0x00,
  0xFB, 0x07, 0x17, 0xEF, 0x0F, 0xEF, 0x0F, 0xFF, 0xCF, 0xFF, 0xCF, 0xBF, 0xCF, 0xFF, 0xBF, 0xFF,
  0x03, 0x03, 0xE3, 0xE3, 0x13, 0x13, 0x03, 0x03, 0x03, 0x03, 0x93, 0x93, 0x43, 0x43, 0x73, 0x73,
  0x3F, 0x3F, 0x34, 0x3B, 0x3F, 0x3F, 0x34, 0x3B, 0x3F, 0x3F, 0x34, 0x3B, 0x3B, 0x3B, 0x34, 0x3B,
  0x3F, 0x3F, 0x23, 0x23, 0x38, 0x38, 0x23, 0x23, 0x3C, 0x3C, 0x23, 0x23, 0x3C, 0x3C, 0x23, 0x23,
  0xFC, 0xFC, 0xAC, 0x7C, 0xBC, 0xBC, 0xAC, 0x7C, 0xFC, 0xFC, 0xAC, 0x7C, 0xFC, 0xFC, 0xAC, 0x7C,
  0xFC, 0xFC, 0x04, 0x04, 0xFC, 0xFC, 0x04, 0x04, 0xFC, 0xFC, 0x00, 0x00, 0xFC, 0xFC, 0x00, 0x00,
  0x89, 0xDD, 0xBD, 0xBF, 0x26, 0x2F, 0xAF, 0xFF, 0x7F, 0x7F, 0xB7, 0xBF, 0x5F, 0xFF, 0xFF, 0xFF,
  0xFF, 0x89, 0xFF, 0xBD, 0xFF, 0x26, 0xFF, 0xAF, 0xFF, 0x7F, 0xFF, 0xB7, 0xFF, 0x5F, 0xFF, 0xFF,
  0x7F, 0xFF, 0x5F, 0x7F, 0x07, 0xCF, 0xE3, 0xF3, 0xC0, 0xF7, 0xB5, 0xFD, 0xFA, 0xFE, 0xF4, 0xFD,
  0xFF, 0x7F, 0xFF, 0x5F, 0xFF, 0x07, 0xFF, 0xE3, 0xFF, 0xC0, 0xFF, 0xB5, 0xFF, 0xFA, 0xFF, 0xF4,
  0xF1, 0xF3, 0xC2, 0xCF, 0x8F, 0xAF, 0x27, 0xFF, 0xBF, 0xBF, 0x57, 0xFF, 0xFF, 0xFF, 0xBF, 0xFF,
  0xFF, 0xF1, 0xFF, 0xC2, 0xFF, 0x8F, 0xFF, 0x27, 0xFF, 0xBF, 0xFF, 0x57, 0xFF, 0xFF, 0xFF, 0xBF,
  0x91, 0xBB, 0xBD, 0xFD, 0x64, 0xF4, 0xF5, 0xFF, 0xFE, 0xFE, 0xED, 0xFD, 0xFA, 0xFF, 0xFF, 0xFF,
  0xFF, 0x90, 0xFF, 0xBC, 0xFF, 0x64, 0xFF, 0xF5, 0xFF, 0xFE, 0xFF, 0xED, 0xFF, 0xFA, 0xFF, 0xFF,
  0x0F, 0x0F, 0x1C, 0x1F, 0x3B, 0x3F, 0x33, 0x3F, 0x36, 0x3B, 0x72, 0x7F, 0x6C, 0x77, 0xDD, 0xFF,
  0x00, 0x00, 0x00, 0x00, 0x00, 0x00, 0x00, 0x00, 0x00, 0x00, 0x00, 0x00, 0x00, 0x00, 0x00, 0x00,
  0x80, 0x80, 0x7C, 0xFC, 0x8F, 0xFF, 0x55, 0xBB, 0xCA, 0x37, 0xB9, 0x66, 0x0B, 0xFE, 0x0A, 0xFF,
  0x00, 0x00, 0x00, 0x00, 0x00, 0x00, 0x00, 0x00, 0x00, 0x00, 0x00, 0x00, 0x00, 0x00, 0x00, 0x00,
  0x33, 0x8C, 0xED, 0x18, 0xB2, 0x01, 0x5F, 0x83, 0x9F, 0x62, 0x01, 0x7F, 0x6F, 0x5B, 0x1C, 0x1F,
  0xFF, 0x00, 0xBF, 0x40, 0xFF, 0x00, 0xFF, 0x00, 0xEF, 0x10, 0x7F, 0x00, 0x7F, 0x00, 0x1F, 0x00,
  0x71, 0x07, 0xFA, 0x07, 0xFB, 0xC6, 0x5C, 0xCA, 0xD9, 0x0F, 0x82, 0x7E, 0x36, 0xFE, 0xF8, 0xF8,
  0xFF, 0x01, 0xFF, 0x00, 0xFF, 0x00, 0xFF, 0x00, 0xFF, 0x08, 0xFE, 0x00, 0xFE, 0x02, 0xF8, 0x30,
  0x7D, 0xFF, 0x7D, 0xFF, 0xBB, 0xFF, 0xFF, 0xFF, 0xFF, 0xFF, 0xFF, 0xFF, 0xBB, 0xFF, 0xFF, 0xFF,
  0x01, 0x01, 0x01, 0x01, 0x83, 0x83, 0xFF, 0xFF, 0xFF, 0xFF, 0x83, 0x83, 0x01, 0x01, 0x01, 0x39,
  0xFF, 0xFF, 0xFF, 0xFF, 0xBB, 0xFF, 0xFF, 0xFF, 0xFF, 0xFF, 0xFF, 0xFF, 0xFF, 0xFF, 0xFF, 0xFF,
  0xFF, 0xFF, 0x83, 0x83, 0x01, 0x01, 0x01, 0x39, 0x01, 0x7D, 0x01, 0x7D, 0x01, 0x7D, 0x01, 0x7D,
  0xCF, 0xBF, 0x4E, 0xB1, 0xC0, 0x3F, 0x80, 0x5F, 0x6D, 0xFF, 0xE1, 0xF3, 0xFE, 0xFE, 0xFF, 0xFF,
  0x04, 0x04, 0x01, 0x01, 0x00, 0x00, 0x20, 0x20, 0x00, 0x00, 0x0C, 0x0C, 0xED, 0xED, 0xFF, 0xFF,
  0x8F, 0xFF, 0x0F, 0xFF, 0x0F, 0xFF, 0x0F, 0xEF, 0xFF, 0xFF, 0xFF, 0xFF, 0x57, 0x57, 0xFF, 0xFF,
  0xC3, 0xC3, 0xC3, 0xC3, 0x03, 0x03, 0x13, 0x13, 0x03, 0x03, 0x03, 0x03, 0xAF, 0xAF, 0xEF, 0xEF,
  0x8F, 0x7F, 0x8E, 0x70, 0x80, 0x7E, 0xC6, 0x1A, 0xBD, 0x7D, 0x52, 0xFB, 0xC6, 0xE7, 0xFF, 0xFF,
  0x44, 0x44, 0x41, 0x41, 0x41, 0x41, 0x21, 0x21, 0x02, 0x02, 0x06, 0x06, 0xDE, 0xDC, 0xDE, 0xDC,
  0xBF, 0xFF, 0x0F, 0xFF, 0x0F, 0xFF, 0xDF, 0xBF, 0xBF, 0xFF, 0xDF, 0xFF, 0xDF, 0xFF, 0xFF, 0xFF,
  0xCF, 0xCF, 0x83, 0x83, 0x03, 0x03, 0x13, 0x13, 0x83, 0x83, 0x43, 0x43, 0xDF, 0xDF, 0xDF, 0xDF,
  0xEC, 0xFF, 0x58, 0xA3, 0xB0, 0x0F, 0x54, 0x89, 0x28, 0xDF, 0x13, 0xFC, 0x14, 0xF8, 0x33, 0xFC,
  0xFF, 0x6C, 0xFF, 0x1F, 0xFF, 0x00, 0xFF, 0x07, 0xFF, 0x00, 0xFF, 0x00, 0xFF, 0x00, 0xFF, 0x00,
  0xB4, 0xFC, 0x6C, 0x04, 0x03, 0xFF, 0x5C, 0x07, 0x6B, 0xFC, 0x34, 0xE8, 0xB3, 0x7C, 0x20, 0xFF,
  0xEC, 0xA4, 0xFC, 0xFC, 0xFF, 0x03, 0xFF, 0xF8, 0xFF, 0x20, 0xFF, 0x10, 0xFF, 0x00, 0xFF, 0x00,
  0x1B, 0xFF, 0x97, 0xB7, 0xC3, 0xCF, 0xEB, 0xEF, 0xE6, 0xE6, 0xF2, 0xFB, 0xF5, 0xF5, 0xF8, 0xFB,
  0xFF, 0x1B, 0xFF, 0x97, 0xFF, 0xC3, 0xFF, 0xEB, 0xFF, 0xE6, 0xFF, 0xF2, 0xFF, 0xF5, 0xFF, 0xF8,
  0xDE, 0xFE, 0xF8, 0xFC, 0xE2, 0xEA, 0x89, 0xDF, 0xDE, 0xFF, 0x77, 0xFF, 0xFF, 0xFF, 0xFF, 0xFF,
  0xFF, 0xDE, 0xFF, 0xF8, 0xFF, 0xE2, 0xFF, 0x89, 0xFF, 0xDE, 0xFF, 0x77, 0xFF, 0xFF, 0xFF, 0xFF,
  0xFF, 0xFF, 0x7F, 0x7F, 0x1F, 0xBF, 0x0F, 0xAF, 0xD7, 0xF7, 0xA7, 0xEF, 0xDB, 0xFB, 0xF9, 0xFF,
  0xFF, 0xFF, 0xFF, 0x7F, 0xFF, 0x1F, 0xFF, 0x0F, 0xFF, 0xD7, 0xFF, 0xA7, 0xFF, 0xDB, 0xFF, 0xF9,
  0xD8, 0xFF, 0xE9, 0xED, 0xC3, 0xF3, 0xD7, 0xF7, 0x67, 0x67, 0x4F, 0xDF, 0xAF, 0xAF, 0x1F, 0xDF,
  0xFF, 0xD8, 0xFF, 0xE8, 0xFF, 0xC0, 0xFF, 0xD0, 0xFF, 0x60, 0xFF, 0x40, 0xFF, 0xA0, 0xFF, 0x00,
  0xA7, 0xDF, 0xA7, 0xDF, 0x9B, 0xC7, 0xE7, 0x9F, 0x9B, 0xC7, 0xE7, 0x9F, 0x9B, 0xC7, 0xDB, 0x87,
  0xFF, 0x03, 0xFF, 0x03, 0xFF, 0x01, 0xFF, 0x03, 0xFF, 0x01, 0xFF, 0x03, 0xFF, 0x01, 0xFF, 0x01,
  0xDB, 0x87, 0xC7, 0x83, 0x9B, 0x87, 0xC7, 0x83, 0x87, 0x83, 0x87, 0x83, 0x87, 0x83, 0x87, 0x83,
  0xFF, 0x01, 0xFF, 0x21, 0xFF, 0x01, 0xFF, 0x21, 0xFF, 0x21, 0xFF, 0x21, 0xFF, 0x31, 0xFF, 0x31,
  0xE0, 0xFF, 0xA0, 0xDF, 0xE3, 0xDF, 0xA7, 0xDF, 0xE7, 0xDF, 0xA7, 0xDF, 0xA7, 0xDF, 0xA7, 0xDF,
  0xFF, 0x80, 0xFF, 0x00, 0xFF, 0x80, 0xFF, 0x03, 0xFF, 0x82, 0xFF, 0x03, 0xFF, 0x03, 0xFF, 0x03,
  0x00, 0xFF, 0x00, 0xFF, 0xFF, 0xFF, 0xFF, 0xFF, 0xFF, 0xFF, 0xFF, 0xFF, 0xFF, 0xFF, 0x00, 0x00,
  0xFF, 0x00, 0xFF, 0x00, 0xFF, 0x00, 0xFF, 0xFF, 0xFF, 0x00, 0xFF, 0xFF, 0xFF, 0x00, 0x00, 0x00,
  0x07, 0xFF, 0x05, 0xFB, 0xC7, 0xFB, 0xE5, 0xFB, 0xE7, 0xFB, 0xE5, 0xFB, 0xE5, 0xFB, 0xE5, 0xFB,
  0xFF, 0x00, 0xFF, 0x00, 0xFF, 0x00, 0xFF, 0xC0, 0xFF, 0x40, 0xFF, 0xC0, 0xFF, 0xC0, 0xFF, 0xC0,
  0xE5, 0xFB, 0xE5, 0xFB, 0xD9, 0xE3, 0xE7, 0xF9, 0xD9, 0xE3, 0xE7, 0xF9, 0xD9, 0xE3, 0xDB, 0xE1,
  0xFF, 0xC0, 0xFF, 0xC0, 0xFF, 0x80, 0xFF, 0xC0, 0xFF, 0x80, 0xFF, 0xC0, 0xFF, 0x80, 0xFF, 0x80,
  0xDB, 0xE1, 0xE3, 0xC1, 0xD9, 0xE1, 0xE3, 0xC1, 0xE1, 0xC1, 0xE1, 0xC1, 0xE1, 0xC1, 0xE1, 0xC1,
  0xFF, 0x80, 0xFF, 0x84, 0xFF, 0x80, 0xFF, 0x84, 0xFF, 0x84, 0xFF, 0x84, 0xFF, 0x8C, 0xFF, 0x8C,
  0x00, 0x00, 0x00, 0x00, 0x00, 0x00, 0x00, 0xFF, 0x00, 0x00, 0x00, 0x00, 0xFF, 0x00, 0x00, 0xFF,
  0x00, 0x00, 0x00, 0x00, 0x00, 0x00, 0x00, 0x00, 0x00, 0x00, 0x00, 0x00, 0x00, 0x00, 0xFF, 0xFF,
  0x00, 0xFF, 0xFF, 0x00, 0x00, 0x00, 0x00, 0x00, 0xFF, 0x00, 0x00, 0x00, 0x00, 0x00, 0x00, 0x00,
  0xFF, 0xFF, 0x00, 0x00, 0x00, 0x00, 0x00, 0x00, 0x00, 0x00, 0x00, 0x00, 0x00, 0x00, 0x00, 0x00,
  0x00, 0x00, 0x00, 0xFF, 0xFF, 0x00, 0x00, 0xFF, 0x00, 0x00, 0x00, 0x00, 0x00, 0xFF, 0x00, 0x00,
  0x00, 0x00, 0x00, 0x00, 0x00, 0x00, 0x00, 0x00, 0x00, 0x00, 0x00, 0x00, 0x00, 0x00, 0x00, 0x00,
  0x9B, 0xFF, 0xF6, 0xFB, 0x7F, 0xF6, 0xE6, 0xFF, 0x5F, 0xFE, 0xFC, 0xFF, 0xBD, 0xFF, 0x37, 0xFF,
  0x00, 0x00, 0x00, 0x00, 0x20, 0x00, 0x00, 0x00, 0x84, 0x00, 0xD8, 0x00, 0xF8, 0x00, 0xFD, 0x00,
  0x68, 0xD7, 0xE4, 0x7F, 0x4C, 0xFF, 0x45, 0xFF, 0xF9, 0xEF, 0xEB, 0xFF, 0xDA, 0xFF, 0x7E, 0xFF,
  0x00, 0x00, 0x00, 0x00, 0x00, 0x00, 0x00, 0x00, 0x00, 0x00, 0x40, 0x00, 0x01, 0x00, 0x9B, 0x00,
  0xFB, 0xFF, 0xF9, 0xFB, 0xF8, 0xFD, 0xF9, 0xF9, 0xFC, 0xFC, 0xFF, 0xFF, 0xFF, 0xFF, 0xFF, 0xFF,
  0xFF, 0xFB, 0xFF, 0xF9, 0xFF, 0xF8, 0xFF, 0xF9, 0xFF, 0xFC, 0xFF, 0xFF, 0xFF, 0xFF, 0xFF, 0xFF,
  0xAF, 0xFF, 0x3F, 0xBF, 0x77, 0xF7, 0x07, 0x3F, 0x0F, 0xAF, 0xC9, 0xCF, 0xF3, 0xFB, 0xFD, 0xFF,
  0xFF, 0xAF, 0xFF, 0x3F, 0xFF, 0x77, 0xFF, 0x07, 0xFF, 0x0F, 0xFF, 0xC9, 0xFF, 0xF3, 0xFF, 0xFD,
  0xF5, 0xFF, 0xFC, 0xFD, 0xEE, 0xEF, 0xE0, 0xFC, 0xF0, 0xF5, 0x93, 0xF3, 0xCF, 0xDF, 0xBF, 0xFF,
  0xFF, 0xF5, 0xFF, 0xFC, 0xFF, 0xEE, 0xFF, 0xE0, 0xFF, 0xF0, 0xFF, 0x90, 0xFF, 0xC0, 0xFF, 0x80,
  0xDF, 0xFF, 0x9F, 0xDF, 0x1F, 0xBF, 0x9F, 0x9F, 0x3F, 0x3F, 0xFF, 0xFF, 0xFF, 0xFF, 0xFF, 0xFF,
  0xFF, 0xC0, 0xFF, 0x80, 0xFF, 0x00, 0xFF, 0x80, 0xFF, 0x00, 0xFF, 0x00, 0xFF, 0x00, 0xFF, 0x00,
  0xE0, 0xE0, 0x53, 0xBC, 0xB6, 0x09, 0x5A, 0x8F, 0x28, 0xDF, 0x13, 0xFC, 0x14, 0xF8, 0x33, 0xFC,
  0xE0, 0x00, 0xF0, 0x0F, 0xF0, 0x0F, 0xFA, 0x05, 0xFF, 0x00, 0xFF, 0x00, 0xFF, 0x00, 0xFF, 0x00,
  0x3C, 0xC2, 0x0B, 0xA0, 0x10, 0x07, 0xD0, 0x0F, 0x23, 0xDC, 0x14, 0xE8, 0x83, 0x7C, 0x34, 0xFF,
  0x00, 0xFE, 0x00, 0xFF, 0x00, 0xFF, 0x07, 0xF8, 0x8F, 0x70, 0xDF, 0x20, 0xFF, 0x00, 0xFF, 0x00,
  0x00, 0x70, 0x10, 0xCC, 0x34, 0xC3, 0x11, 0xEE, 0x00, 0xFF, 0xAA, 0x75, 0x55, 0xE0, 0xAE, 0xC0,
  0x00, 0x70, 0x00, 0xFC, 0x00, 0xFF, 0xC0, 0x3F, 0xF6, 0x09, 0xC0, 0x3F, 0xC0, 0x7F, 0x80, 0xFF,
  0x1F, 0x10, 0xF5, 0xC0, 0xAA, 0x40, 0x4C, 0x10, 0xB2, 0x44, 0x2C, 0x80, 0x42, 0x00, 0xD9, 0x00,
  0x00, 0x1F, 0x80, 0x7F, 0x00, 0xFF, 0x00, 0xFF, 0x00, 0xFF, 0x00, 0xFF, 0x00, 0xFF, 0x00, 0xFF,
  0x4A, 0x31, 0x4A, 0xB1, 0x85, 0x3B, 0xC0, 0x1F, 0xB5, 0x0B, 0x89, 0x47, 0x10, 0x8F, 0x12, 0xCD,
  0x1F, 0x60, 0x1F, 0xE0, 0x1F, 0xE0, 0x0F, 0xF0, 0x07, 0xF8, 0x03, 0xFC, 0x07, 0xF8, 0x0F, 0xF0,
  0xFF, 0xFF, 0xBF, 0xFF, 0x5F, 0xBF, 0xA7, 0x1F, 0x9F, 0x3F, 0x4F, 0xBF, 0xBF, 0xFF, 0x7F, 0xFF,
  0xFF, 0x0C, 0xBF, 0xD6, 0x1F, 0xF3, 0x07, 0xFB, 0x1F, 0xE1, 0x0F, 0xF3, 0xBF, 0xCB, 0xFF, 0x0C,
  0xC1, 0x00, 0xAA, 0x00, 0xD4, 0x08, 0xB5, 0x00, 0xC9, 0x90, 0x6C, 0x00, 0x53, 0x68, 0x69, 0x44,
  0x00, 0xFF, 0x00, 0xFF, 0x00, 0xFF, 0x00, 0xFF, 0x00, 0xFF, 0x00, 0x7F, 0x00, 0x7F, 0x40, 0x3F,
  0xCF, 0x3F, 0x9F, 0x7F, 0xCF, 0x3F, 0x1F, 0xFF, 0xBF, 0x7F, 0x9F, 0x7F, 0xDF, 0x3F, 0xBF, 0x7F,
  0x03, 0xFF, 0x01, 0xFF, 0x07, 0xFF, 0x03, 0xFE, 0x1F, 0xFD, 0x0F, 0xFD, 0x03, 0xFE, 0x0F, 0xFA,
  0x00, 0x00, 0x00, 0x00, 0x00, 0x00, 0x00, 0x00, 0x00, 0x03, 0x00, 0x0C, 0x03, 0x30, 0x0C, 0x43,
  0x00, 0x00, 0x00, 0x00, 0x00, 0x00, 0x00, 0x00, 0x03, 0x00, 0x0F, 0x00, 0x3F, 0x00, 0x7F, 0x00,
  0x01, 0x03, 0x01, 0x0F, 0x03, 0x31, 0x0D, 0xC3, 0x33, 0x0F, 0xCD, 0x3F, 0x3B, 0xFD, 0xF3, 0xFD,
  0x03, 0x00, 0x0F, 0x02, 0x3F, 0x00, 0xFF, 0x00, 0xFF, 0x00, 0xFF, 0x08, 0xFF, 0x30, 0xFF, 0x00,
  0x80, 0xFF, 0x80, 0xC0, 0xFF, 0x80, 0x80, 0xFF, 0xFF, 0xFF, 0xB9, 0xFF, 0x90, 0xFF, 0xCD, 0xB2,
  0xFF, 0x00, 0xFF, 0x40, 0xFF, 0x00, 0xFF, 0x00, 0xFF, 0x39, 0xFF, 0x00, 0xFF, 0x00, 0xFF, 0x00,
  0x01, 0xFF, 0x01, 0x03, 0xFF, 0x01, 0x01, 0xFF, 0xFF, 0xFF, 0x23, 0xFF, 0x8B, 0x75, 0xEF, 0x11,
  0xFF, 0x00, 0xFF, 0x02, 0xFF, 0x00, 0xFF, 0x00, 0xFF, 0x22, 0xFF, 0x00, 0xFF, 0x00, 0xFF, 0x00,
  0xF1, 0xE9, 0x13, 0xF9, 0x17, 0x99, 0x39, 0x9F, 0x76, 0x96, 0x90, 0xF0, 0x60, 0x60, 0x00, 0x00,
  0xFF, 0x00, 0xFF, 0x00, 0xFF, 0x00, 0xFF, 0x00, 0xF6, 0x00, 0xF0, 0x00, 0x60, 0x00, 0x00, 0x00,
  0x76, 0x96, 0x90, 0xF0, 0x60, 0x60, 0x00, 0x00, 0x00, 0x00, 0x00, 0x00, 0x00, 0x00, 0x00, 0x00,
  0xF6, 0x00, 0xF0, 0x00, 0x60, 0x00, 0x00, 0x00, 0x00, 0x00, 0x00, 0x00, 0x00, 0x00, 0x00, 0x00,
  0xB3, 0xCF, 0xCF, 0xBF, 0xBA, 0xFF, 0xD1, 0xFE, 0xAB, 0xD5, 0xBE, 0xC7, 0xF8, 0x9E, 0xF1, 0xB8,
  0xFF, 0x43, 0xFF, 0x02, 0xFF, 0x10, 0xFF, 0x00, 0xFF, 0x00, 0xFF, 0x00, 0xFF, 0x00, 0xFF, 0x00,
  0x91, 0x6E, 0xB5, 0x5B, 0xEA, 0x15, 0xEA, 0x71, 0x8A, 0xF1, 0x05, 0x9B, 0x71, 0x1F, 0x9E, 0x7E,
  0xFF, 0x00, 0xFF, 0x00, 0xFF, 0x04, 0xFF, 0x00, 0xFF, 0x00, 0xFF, 0x00, 0xFF, 0x00, 0xFE, 0x00,
  0xFA, 0xFF, 0xCD, 0xF3, 0xA3, 0xD5, 0xD1, 0xFF, 0xF5, 0xFF, 0xF7, 0xFF, 0xFF, 0xFF, 0xFF, 0xFF,
  0xFF, 0x10, 0xF3, 0x0C, 0xE1, 0x1E, 0xF1, 0x0F, 0xF5, 0x8E, 0xF7, 0xEE, 0xFF, 0xF8, 0xFF, 0x40,
  0x5B, 0xE7, 0xA5, 0xC3, 0xCB, 0xF7, 0xD7, 0xFF, 0xF7, 0xFF, 0xFF, 0xFF, 0xFF, 0xFF, 0xFF, 0xFF,
  0xC3, 0x7E, 0x81, 0x7E, 0xC3, 0x3C, 0xD7, 0x2E, 0xF7, 0xC9, 0xFF, 0x83, 0xFF, 0x6E, 0xFF, 0x7C,
  0xD6, 0xE9, 0xB9, 0xDF, 0xDF, 0xBF, 0xBF, 0xFF, 0xFF, 0xFF, 0xFF, 0xFF, 0xFF, 0xFF, 0xFF, 0xFF,
  0x00, 0xFF, 0x00, 0xFF, 0x88, 0xFF, 0xAE, 0xFB, 0xBE, 0xF3, 0xFE, 0x49, 0xFF, 0xC2, 0xFF, 0x55,
  0xF7, 0x08, 0x45, 0xBA, 0x90, 0xFF, 0xFA, 0xFF, 0xFF, 0xFF, 0xFF, 0xFF, 0xFF, 0xFF, 0xFF, 0xFF,
  0x00, 0xFF, 0x00, 0xFF, 0x00, 0xFF, 0x10, 0xFF, 0xB0, 0xFF, 0xB4, 0x7F, 0xFD, 0xCF, 0xFF, 0x37,
  0x45, 0x38, 0x75, 0x18, 0x22, 0x5D, 0x18, 0x7F, 0x77, 0x4F, 0xA9, 0xC7, 0xD0, 0x8F, 0xA0, 0xDF,
  0x0F, 0x70, 0x1F, 0x60, 0x0F, 0x70, 0x1F, 0x60, 0x7F, 0x00, 0xFF, 0x00, 0xFF, 0x00, 0xFF, 0x00,
  0x7F, 0xFF, 0xA7, 0xDF, 0x4F, 0xBF, 0xC3, 0x9F, 0x9F, 0xFF, 0xAF, 0xDF, 0xDF, 0xFF, 0xFF, 0xFF,
  0xFF, 0x10, 0xC7, 0x3C, 0x8F, 0x7C, 0x83, 0x7E, 0xDF, 0xA2, 0xFF, 0x06, 0xFF, 0x07, 0xFF, 0x0E,
  0x12, 0x2C, 0x05, 0x38, 0x23, 0x5C, 0x05, 0x58, 0x72, 0x8C, 0x25, 0x9E, 0x02, 0xFF, 0x05, 0x7B,
  0x00, 0x3F, 0x08, 0x37, 0x08, 0x77, 0x00, 0x7F, 0x08, 0xF7, 0x08, 0xF7, 0x1E, 0xE3, 0x1F, 0x61,
  0x7F, 0xFF, 0xBF, 0x7F, 0xBF, 0x7F, 0x7F, 0xFF, 0xFF, 0x7F, 0x5F, 0xBF, 0xAF, 0xDF, 0xFF, 0xFF,
  0x03, 0xFD, 0x1F, 0xFA, 0x1F, 0xE1, 0x3F, 0xF4, 0x0F, 0xF9, 0x1F, 0xF8, 0x07, 0xFF, 0x3F, 0xFA,
  0xB3, 0xCF, 0xCF, 0xBF, 0xBA, 0xFF, 0xD0, 0xFF, 0x8D, 0xF2, 0xCF, 0xB0, 0xDF, 0xA6, 0xF1, 0x8F,
  0xFF, 0x43, 0xFF, 0x02, 0xFF, 0x10, 0xFF, 0x00, 0xFF, 0x00, 0xFF, 0x00, 0xFF, 0x00, 0xFF, 0x00,
  0x97, 0xF9, 0x07, 0xF9, 0xCF, 0x37, 0xF1, 0x0F, 0xF1, 0x69, 0x13, 0xF9, 0x17, 0x99, 0x39, 0x9F,
  0xFF, 0x00, 0xFF, 0x00, 0xFF, 0x00, 0xFF, 0x00, 0xFF, 0x00, 0xFF, 0x00, 0xFF, 0x00, 0xFF, 0x00,
  0xEF, 0x90, 0xFF, 0xE6, 0x11, 0xFF, 0x11, 0x99, 0x33, 0x99, 0x77, 0x99, 0x99, 0xFF, 0x66, 0x66,
  0xFF, 0x00, 0xFF, 0x00, 0xFF, 0x00, 0xFF, 0x00, 0xFF, 0x00, 0xFF, 0x00, 0xFF, 0x00, 0x66, 0x00,
  0xFF, 0x01, 0xFF, 0x67, 0x11, 0xFF, 0x11, 0x99, 0x33, 0x99, 0x77, 0x99, 0x99, 0xFF, 0x66, 0x66,
  0xFF, 0x00, 0xFF, 0x00, 0xFF, 0x00, 0xFF, 0x00, 0xFF, 0x00, 0xFF, 0x00, 0xFF, 0x00, 0x66, 0x00,
  0x0F, 0xF0, 0xAF, 0xDF, 0x50, 0xAF, 0x54, 0x88, 0x53, 0x8C, 0x2C, 0xDF, 0x8F, 0xFF, 0x70, 0x70,
  0xFF, 0x00, 0xFF, 0x00, 0xFF, 0x20, 0xFF, 0x00, 0xFF, 0x00, 0xFF, 0x00, 0xFF, 0x00, 0x70, 0x00,
  0x15, 0x1B, 0x0A, 0x15, 0x2A, 0xF1, 0xCA, 0x31, 0x2A, 0xF1, 0xE4, 0xFB, 0x11, 0x1F, 0x0E, 0x0E,
  0x1F, 0x00, 0x1F, 0x04, 0xFF, 0x00, 0xFF, 0x00, 0xFF, 0x00, 0xFF, 0x00, 0x1F, 0x00, 0x0E, 0x00,
  0x0E, 0xF9, 0xA1, 0xDF, 0x54, 0xAF, 0x53, 0x8C, 0x54, 0x8F, 0x27, 0xDF, 0x88, 0xF8, 0x70, 0x70,
  0xFF, 0x00, 0xFF, 0x00, 0xFF, 0x20, 0xFF, 0x00, 0xFF, 0x00, 0xFF, 0x00, 0xF8, 0x00, 0x70, 0x00,
  0x75, 0xFB, 0x8A, 0x95, 0x2A, 0xF1, 0xCA, 0x31, 0x2A, 0xF1, 0xE4, 0xFB, 0x11, 0x1F, 0x0E, 0x0E,
  0xFF, 0x00, 0x9F, 0x04, 0xFF, 0x00, 0xFF, 0x00, 0xFF, 0x00, 0xFF, 0x00, 0x1F, 0x00, 0x0E, 0x00,
  0x03, 0x1C, 0x1F, 0x60, 0x2A, 0x40, 0x55, 0x80, 0x6C, 0x80, 0x78, 0x80, 0xD9, 0x00, 0xF5, 0x00,
  0x00, 0x1F, 0x00, 0x7F, 0x00, 0x7F, 0x00, 0xFF, 0x00, 0xFF, 0x00, 0xFF, 0x00, 0xFF, 0x00, 0xFF,
  0xD8, 0x3F, 0x67, 0x18, 0xAB, 0x00, 0x1C, 0x00, 0x10, 0x00, 0x4A, 0x00, 0x24, 0x00, 0xBF, 0x00,
  0x00, 0xFF, 0x00, 0xFF, 0x00, 0xFF, 0x00, 0xFF, 0x00, 0xFF, 0x00, 0xFF, 0x00, 0xFF, 0x00, 0xFF,
  0xF2, 0x0F, 0x28, 0x03, 0x86, 0x00, 0x51, 0x00, 0x2C, 0x00, 0x50, 0x00, 0xE0, 0x00, 0xCA, 0x00,
  0x00, 0xFF, 0x00, 0xFF, 0x00, 0xFF, 0x00, 0xFF, 0x00, 0xFF, 0x00, 0xFF, 0x00, 0xFF, 0x00, 0xFF,
  0x9F, 0xE0, 0x70, 0x80, 0xAB, 0x00, 0x95, 0x00, 0x4B, 0x00, 0x22, 0x00, 0x41, 0x00, 0xAB, 0x00,
  0x00, 0xFF, 0x00, 0xFF, 0x00, 0xFF, 0x00, 0xFF, 0x00, 0xFF, 0x00, 0xFF, 0x00, 0xFF, 0x00, 0xFF,
  0xBB, 0x00, 0xAD, 0x00, 0x90, 0x00, 0xA9, 0x00, 0xD0, 0x00, 0x65, 0x80, 0x4A, 0x80, 0xB1, 0xC0,
  0x00, 0xFF, 0x00, 0xFF, 0x00, 0xFF, 0x00, 0xFF, 0x00, 0xFF, 0x00, 0xFF, 0x00, 0xFF, 0x00, 0xFF,
  0xEF, 0x1F, 0x4F, 0x3F, 0xDF, 0x3F, 0x8F, 0x7F, 0xDF, 0x3F, 0x0F, 0xFF, 0x9F, 0x7F, 0xCF, 0x3F,
  0x05, 0xFF, 0x04, 0xFF, 0x0F, 0xFF, 0x01, 0xFF, 0x03, 0xFF, 0x03, 0xFF, 0x01, 0xFF, 0x03, 0xFF,
  0x00, 0x00, 0x00, 0x00, 0x00, 0x00, 0x00, 0x00, 0x01, 0x01, 0x01, 0x01, 0x03, 0x02, 0x00, 0x02,
  0x00, 0x00, 0x00, 0x00, 0x00, 0x00, 0x00, 0x00, 0x00, 0x01, 0x00, 0x01, 0x00, 0x03, 0x00, 0x03,
  0x00, 0x02, 0x19, 0x14, 0x50, 0x60, 0xAC, 0xC0, 0xC2, 0x80, 0x49, 0x00, 0xA3, 0x00, 0xE8, 0x00,
  0x00, 0x03, 0x00, 0x1F, 0x00, 0x7F, 0x00, 0xFF, 0x00, 0xFF, 0x00, 0xFF, 0x00, 0xFF, 0x00, 0xFF,
  0x33, 0x00, 0x59, 0x00, 0xA5, 0x00, 0x4A, 0x01, 0x23, 0x00, 0x97, 0x00, 0x7A, 0x05, 0x9C, 0x23,
  0x00, 0xFF, 0x00, 0xFF, 0x00, 0xFF, 0x00, 0xFF, 0x00, 0xFF, 0x00, 0xFF, 0x00, 0xFF, 0x00, 0xFF,
  0xC7, 0x3F, 0x0F, 0xFF, 0xDF, 0x3F, 0x87, 0x7F, 0x37, 0xFF, 0x1F, 0xFF, 0x4F, 0xFF, 0x3F, 0xFF,
  0x00, 0xFF, 0x01, 0xFF, 0x00, 0xFF, 0x02, 0xFF, 0x01, 0xFF, 0x03, 0xFF, 0x01, 0xFF, 0x02, 0xFF,
  0x37, 0x7F, 0x0F, 0xFF, 0x97, 0xBF, 0x22, 0x6F, 0x17, 0xBF, 0x8F, 0xCF, 0xD1, 0xD7, 0xCF, 0xEF,
  0xFF, 0x37, 0xFF, 0x0F, 0xFF, 0x97, 0xFF, 0x22, 0xFF, 0x17, 0xFF, 0x8F, 0xFF, 0xD1, 0xFF, 0xCF,
  0xC7, 0xDF, 0xAF, 0xFF, 0x83, 0xDF, 0x09, 0x4F, 0x0F, 0xBF, 0x42, 0xFF, 0x3B, 0x7F, 0xBF, 0xFF,
  0xFF, 0xC7, 0xFF, 0xAF, 0xFF, 0x83, 0xFF, 0x09, 0xFF, 0x0F, 0xFF, 0x42, 0xFF, 0x3B, 0xFF, 0xBF,
  0xA8, 0xDC, 0x50, 0xAB, 0x56, 0x88, 0x69, 0x9C, 0x18, 0x7E, 0x50, 0xA8, 0x24, 0x00, 0x4A, 0x00,
  0xF8, 0x04, 0xF8, 0x27, 0xF8, 0x07, 0xE0, 0x1F, 0x00, 0xFF, 0x00, 0xFF, 0x00, 0xFF, 0x00, 0xFF,
  0x15, 0x7B, 0x6A, 0x95, 0xAA, 0x11, 0x96, 0x79, 0x59, 0x3E, 0x2A, 0x14, 0x44, 0x00, 0xAB, 0x00,
  0x1F, 0x60, 0x1F, 0xE4, 0x1F, 0xE0, 0x07, 0xF8, 0x00, 0xFF, 0x00, 0xFF, 0x00, 0xFF, 0x00, 0xFF,
  0x37, 0x7F, 0x0F, 0xFF, 0x97, 0xBF, 0x22, 0x6F, 0x17, 0xBF, 0x8F, 0xCF, 0xD1, 0xD7, 0xCF, 0xEF,
  0xFF, 0x37, 0xFF, 0x0F, 0xFF, 0x97, 0xFF, 0x22, 0xFF, 0x17, 0xFF, 0x0F, 0xFF, 0x11, 0xFF, 0x0F,
  0x15, 0x1B, 0x0A, 0x15, 0x2A, 0xF1, 0xD5, 0x3A, 0xBA, 0xFF, 0xFE, 0xF4, 0x54, 0xA8, 0xAB, 0x00,
  0x1F, 0x00, 0x1F, 0x04, 0xFF, 0x00, 0xE4, 0x1B, 0xE0, 0x1F, 0xC0, 0x3F, 0x00, 0xFF, 0x00, 0xFF,
  0xC0, 0x00, 0xE3, 0x00, 0x69, 0x80, 0xB3, 0xC0, 0x96, 0xC0, 0x28, 0x80, 0x51, 0x80, 0x70, 0x80,
  0x00, 0xFF, 0x00, 0xFF, 0x00, 0xFF, 0x00, 0xFF, 0x00, 0xFF, 0x00, 0xFF, 0x00, 0xFF, 0x00, 0xFF,
  0xD5, 0x2A, 0xD4, 0x2B, 0x60, 0x9F, 0x8C, 0x7F, 0xC6, 0x3F, 0xCF, 0x3F, 0x9F, 0x7F, 0x47, 0xBF,
  0x00, 0xFF, 0x00, 0xFF, 0x00, 0xFF, 0x00, 0xFF, 0x00, 0xFF, 0x05, 0xFF, 0x03, 0xFF, 0x07, 0xFF,
  0x77, 0x80, 0x2E, 0xD1, 0xA4, 0xFB, 0xE0, 0xFF, 0xEA, 0xFF, 0xFF, 0xFF, 0xFF, 0xFF, 0xFF, 0xFF,
  0x00, 0xFF, 0x00, 0xFF, 0x00, 0xFF, 0x00, 0xFF, 0x00, 0xFF, 0x40, 0xFF, 0xC8, 0xFF, 0xFD, 0xFF,
  0xDD, 0x20, 0x97, 0x68, 0x01, 0xFE, 0x54, 0xFF, 0xFF, 0xFF, 0xFF, 0xFF, 0xFF, 0xFF, 0xFF, 0xFF,
  0x00, 0xFF, 0x00, 0xFF, 0x00, 0xFF, 0x00, 0xFF, 0x04, 0xFF, 0x07, 0xFF, 0xB4, 0xFF, 0xFD, 0xFF,
  0x10, 0xC0, 0xA1, 0xC0, 0x28, 0x80, 0x49, 0x80, 0x94, 0x00, 0xCA, 0x00, 0x97, 0x00, 0xA3, 0x00,
  0x00, 0xFF, 0x00, 0xFF, 0x00, 0xFF, 0x00, 0xFF, 0x00, 0xFF, 0x00, 0xFF, 0x00, 0xFF, 0x00, 0xFF,
  0x87, 0x7F, 0xCF, 0x3F, 0xE7, 0x1F, 0x4F, 0x3F, 0x87, 0x7F, 0xFF, 0x3F, 0x9F, 0x7F, 0x3F, 0xFF,
  0x01, 0xFF, 0x00, 0xFF, 0x01, 0xFF, 0x03, 0xFF, 0x01, 0xFF, 0x01, 0xFF, 0x07, 0xFF, 0x03, 0xFF,
  0x01, 0x02, 0x05, 0x04, 0x12, 0x1C, 0x39, 0x20, 0x2C, 0x00, 0x52, 0x40, 0x69, 0x00, 0x44, 0x80,
  0x00, 0x03, 0x00, 0x07, 0x00, 0x1F, 0x00, 0x3F, 0x00, 0x3F, 0x00, 0x7F, 0x00, 0x7F, 0x00, 0xFF,
  0xCD, 0x00, 0x6F, 0x00, 0xFB, 0x04, 0xDD, 0x22, 0x64, 0x1B, 0xF1, 0x0F, 0x97, 0x6F, 0x63, 0x1F,
  0x00, 0xFF, 0x00, 0xFF, 0x00, 0xFF, 0x00, 0xFF, 0x00, 0xFF, 0x00, 0xFF, 0x00, 0xFF, 0x00, 0xFF,
  0xED, 0x13, 0x51, 0xAF, 0x8A, 0x7F, 0x07, 0xFF, 0xDF, 0xFF, 0xFF, 0xFF, 0xFF, 0xFF, 0xFF, 0xFF,
  0x00, 0xFF, 0x00, 0xFF, 0x00, 0xFF, 0x00, 0xFF, 0x00, 0xFF, 0x00, 0xFF, 0x15, 0xFF, 0x7F, 0xFF,
  0x3F, 0xFF, 0x9F, 0xFF, 0xFF, 0xFF, 0xFF, 0xFF, 0xFF, 0xFF, 0xFF, 0xFF, 0xFF, 0xFF, 0xFF, 0xFF,
  0x0F, 0xFF, 0x07, 0xFF, 0x13, 0xFF, 0x1F, 0xFF, 0xAF, 0xFF, 0xBF, 0xFF, 0xFF, 0xFF, 0xFF, 0xFF,
  0x26, 0xD8, 0x19, 0x0E, 0x37, 0x00, 0x8A, 0x00, 0x10, 0x00, 0x8A, 0x00, 0x5D, 0x00, 0xF6, 0x00,
  0x0F, 0xF0, 0x0F, 0xF0, 0x00, 0xFF, 0x00, 0xFF, 0x00, 0xFF, 0x00, 0xFF, 0x00, 0xFF, 0x00, 0xFF,
  0x80, 0x18, 0x67, 0x80, 0x0F, 0xFA, 0xF0, 0x0F, 0x13, 0x04, 0x40, 0x00, 0x25, 0x00, 0xBF, 0x00,
  0xFF, 0x18, 0xFF, 0x00, 0x3F, 0xCA, 0x0F, 0xF0, 0x00, 0xFF, 0x00, 0xFF, 0x00, 0xFF, 0x00, 0xFF,
  0x00, 0x82, 0x7D, 0x00, 0xA2, 0x5D, 0x17, 0xE8, 0x22, 0xC0, 0x84, 0x00, 0x31, 0x00, 0xEC, 0x00,
  0xFF, 0x82, 0xFF, 0x00, 0xFE, 0x01, 0xE0, 0x1F, 0x80, 0x7F, 0x00, 0xFF, 0x00, 0xFF, 0x00, 0xFF,
  0x01, 0x10, 0xE3, 0x0C, 0xEA, 0x10, 0x24, 0x00, 0x89, 0x00, 0x00, 0x00, 0x34, 0x00, 0xD6, 0x00,
  0xFF, 0x10, 0xF0, 0x0F, 0x00, 0xFF, 0x00, 0xFF, 0x00, 0xFF, 0x00, 0xFF, 0x00, 0xFF, 0x00, 0xFF,
  0xA8, 0xDB, 0x51, 0xAE, 0x52, 0x8C, 0x57, 0x88, 0x6E, 0x9C, 0x18, 0xFC, 0xB9, 0xEE, 0x45, 0x80,
  0xF8, 0x03, 0xF8, 0x27, 0xF8, 0x07, 0xF8, 0x07, 0xE0, 0x1F, 0xC0, 0x3F, 0xC0, 0x3F, 0x00, 0xFF,
  0xC7, 0xDF, 0xAF, 0xFF, 0x83, 0xDF, 0x09, 0x4F, 0x0F, 0xBF, 0x42, 0xFF, 0x3B, 0x7F, 0xBF, 0xFF,
  0xFF, 0x07, 0xFF, 0x2F, 0xFF, 0x03, 0xFF, 0x09, 0xFF, 0x0F, 0xFF, 0x42, 0xFF, 0x3B, 0xFF, 0xBF,
  0xFF, 0xFF, 0xFF, 0xFF, 0x01, 0xFF, 0x00, 0xFF, 0x7F, 0x80, 0x00, 0xFF, 0xFF, 0x00, 0xFC, 0x03,
  0xFF, 0xC3, 0xFF, 0x00, 0xFF, 0x00, 0xFF, 0x00, 0xFF, 0x00, 0xFF, 0x00, 0xFF, 0x00, 0xFF, 0x00,
  0xFF, 0xFF, 0xFF, 0xFF, 0xFF, 0xFF, 0x00, 0xFF, 0x03, 0xFF, 0x00, 0xFF, 0xF8, 0x07, 0x01, 0xFE,
  0xFF, 0xC1, 0xFF, 0x00, 0xFF, 0x00, 0xFF, 0x00, 0xFF, 0x00, 0xFF, 0x00, 0xFF, 0x00, 0xFF, 0x00,
  0xFF, 0xFF, 0xFF, 0xFF, 0x9F, 0xFF, 0x7F, 0xFF, 0x87, 0xF8, 0x00, 0xFF, 0xFC, 0x03, 0x00, 0xFF,
  0xFF, 0x8F, 0xFF, 0x00, 0xFF, 0x00, 0xFF, 0x00, 0xFF, 0x00, 0xFF, 0x00, 0xFF, 0x00, 0xFF, 0x00,
  0xFF, 0xFF, 0xFF, 0xFF, 0xEC, 0xFF, 0x8F, 0xFF, 0xC0, 0x3F, 0x00, 0xFF, 0x07, 0xF8, 0x07, 0xF8,
  0xFF, 0x81, 0xFF, 0x00, 0xFF, 0x00, 0xFF, 0x00, 0xFF, 0x00, 0xFF, 0x00, 0xFF, 0x00, 0xFF, 0x00,
  0x10, 0xE0, 0xFF, 0x00, 0x43, 0xBC, 0x00, 0x00, 0xE0, 0x00, 0xFF, 0x00, 0xFF, 0x00, 0xE0, 0x00,
  0xFF, 0x00, 0xFF, 0x00, 0xFF, 0x00, 0xFF, 0x00, 0xFF, 0x00, 0xFF, 0x00, 0xFF, 0x00, 0xFF, 0x00,
  0x10, 0x0F, 0xFF, 0x00, 0xFE, 0x00, 0xFF, 0x00, 0x00, 0x00, 0x83, 0x00, 0xFF, 0x00, 0xFE, 0x00,
  0xFF, 0x00, 0xFF, 0x00, 0xFF, 0x00, 0xFF, 0x00, 0xFF, 0x00, 0xFF, 0x00, 0xFF, 0x00, 0xFF, 0x00,
  0xFF, 0x00, 0xC0, 0x3F, 0x01, 0x00, 0xFF, 0x00, 0x01, 0x00, 0xFF, 0x00, 0xFF, 0x00, 0x00, 0x00,
  0xFF, 0x00, 0xFF, 0x00, 0xFF, 0x00, 0xFF, 0x00, 0xFF, 0x00, 0xFF, 0x00, 0xFF, 0x00, 0xFF, 0x00,
  0x80, 0x7F, 0xFF, 0x00, 0xCC, 0x03, 0xC0, 0x00, 0xFF, 0x00, 0xFF, 0x00, 0x07, 0x00, 0x07, 0x00,
  0xFF, 0x00, 0xFF, 0x00, 0xFF, 0x00, 0xFF, 0x00, 0xFF, 0x00, 0xFF, 0x00, 0xFF, 0x00, 0xFF, 0x00,
  0x30, 0x00, 0xE3, 0x00, 0xBF, 0x00, 0xF8, 0x00, 0x00, 0x00, 0x03, 0x00, 0x03, 0x00, 0xFE, 0x00,
  0xFF, 0x00, 0xFF, 0x00, 0xFF, 0x00, 0xFF, 0x00, 0xFF, 0x00, 0xFF, 0x00, 0xFF, 0x00, 0xFF, 0x00,
  0x00, 0x00, 0x80, 0x00, 0xFF, 0x00, 0x0F, 0x00, 0x07, 0x00, 0xFF, 0x00, 0xFF, 0x00, 0x1F, 0x00,
  0xFF, 0x00, 0xFF, 0x00, 0xFF, 0x00, 0xFF, 0x00, 0xFF, 0x00, 0xFF, 0x00, 0xFF, 0x00, 0xFF, 0x00,
  0x7F, 0x00, 0x1E, 0x00, 0xF0, 0x00, 0xFF, 0x00, 0xFF, 0x00, 0xC0, 0x00, 0xE0, 0x00, 0x80, 0x00,
  0xFF, 0x00, 0xFF, 0x00, 0xFF, 0x00, 0xFF, 0x00, 0xFF, 0x00, 0xFF, 0x00, 0xFF, 0x00, 0xFF, 0x00,
  0x00, 0x00, 0x7F, 0x00, 0xFF, 0x00, 0x80, 0x00, 0x80, 0x00, 0x00, 0x00, 0x00, 0x00, 0x1F, 0x00,
  0xFF, 0x00, 0xFF, 0x00, 0xFF, 0x00, 0xFF, 0x00, 0xFF, 0x00, 0xFF, 0x00, 0xFF, 0x00, 0xFF, 0x00,
  0xF8, 0x00, 0x00, 0x00, 0xA0, 0x00, 0xE1, 0x00, 0xFF, 0x00, 0x78, 0x00, 0x3E, 0x00, 0x80, 0x00,
  0xFF, 0x00, 0xFF, 0x00, 0xFF, 0x00, 0xFF, 0x00, 0xFF, 0x00, 0xFF, 0x00, 0xFF, 0x00, 0xFF, 0x00,
  0x00, 0x00, 0x0F, 0x00, 0x07, 0x00, 0xFC, 0x00, 0x8F, 0x00, 0x3C, 0x00, 0x00, 0x00, 0x00, 0x00,
  0xFF, 0x00, 0xFF, 0x00, 0xFF, 0x00, 0xFF, 0x00, 0xFF, 0x00, 0xFF, 0x00, 0xFF, 0x00, 0xFF, 0x00,
  0x7F, 0x00, 0xFF, 0x00, 0xFC, 0x00, 0x00, 0x00, 0x00, 0x00, 0x00, 0x00, 0x70, 0x00, 0x00, 0x00,
  0xFF, 0x00, 0xFF, 0x00, 0xFF, 0x00, 0xFF, 0x00, 0xFF, 0x00, 0xFF, 0x00, 0xFF, 0x00, 0xFF, 0x00,
  0x0F, 0x00, 0xF0, 0x00, 0x3F, 0x00, 0x3F, 0x00, 0x00, 0x00, 0x00, 0x00, 0x00, 0x00, 0x3F, 0x00,
  0xFF, 0x00, 0xFF, 0x00, 0xFF, 0x00, 0xFF, 0x00, 0xFF, 0x00, 0xFF, 0x00, 0xFF, 0x00, 0xFF, 0x00,
  0x0E, 0x0E, 0x31, 0x3F, 0x5A, 0x64, 0x6B, 0x46, 0xBB, 0xC7, 0xB3, 0xCF, 0x92, 0xEF, 0x59, 0x6E,
  0x0E, 0x00, 0x3F, 0x00, 0x7F, 0x00, 0x7F, 0x00, 0xFF, 0x00, 0xFF, 0x00, 0xFF, 0x02, 0x7F, 0x00,
  0xF7, 0xF7, 0x38, 0xCF, 0x4A, 0x84, 0x35, 0xCE, 0x26, 0xDF, 0xBB, 0xCF, 0x9E, 0x7F, 0x48, 0x3F,
  0xF7, 0x00, 0xFF, 0x00, 0xFF, 0x00, 0xFF, 0x00, 0xFF, 0x00, 0xFF, 0x00, 0xFF, 0x08, 0xFF, 0x00,
  0xFF, 0xFF, 0xF1, 0xFF, 0xDB, 0xE7, 0xEA, 0xC7, 0xF3, 0xCF, 0xDB, 0xEF, 0xDB, 0xEE, 0xCF, 0xFC,
  0xFF, 0x71, 0xFF, 0xC0, 0xFF, 0x80, 0xFF, 0x80, 0xFF, 0x00, 0xFF, 0x00, 0xFF, 0x02, 0xFF, 0x80,
  0xFF, 0xFF, 0xBC, 0xCF, 0xCC, 0x87, 0xB4, 0xCF, 0x94, 0xEF, 0xB8, 0xEF, 0xDC, 0x3F, 0x4A, 0x3F,
  0xFF, 0x08, 0xFF, 0x00, 0xFF, 0x00, 0xFF, 0x00, 0xFF, 0x00, 0xFF, 0x00, 0xFF, 0x08, 0xFF, 0x00,
  0x01, 0x01, 0x06, 0x07, 0x18, 0x1F, 0x37, 0x2A, 0x22, 0x2E, 0x62, 0x4F, 0x5E, 0x66, 0xAF, 0xF6,
  0x01, 0x01, 0x07, 0x04, 0x1F, 0x00, 0x3F, 0x00, 0x3F, 0x00, 0x7F, 0x00, 0x7F, 0x00, 0xFF, 0x00,
  0xFF, 0xFF, 0xFE, 0xFF, 0xF8, 0xFF, 0xAA, 0xF5, 0xD2, 0xE5, 0xE6, 0xC9, 0xD4, 0xEB, 0x83, 0xFF,
  0xFF, 0xFA, 0xFF, 0xAC, 0xFF, 0xF0, 0xFF, 0x20, 0xFF, 0x40, 0xFF, 0x40, 0xFF, 0x00, 0xFF, 0x00,
  0xE0, 0xE0, 0xD1, 0xB1, 0xAE, 0x9F, 0x81, 0x1E, 0xAB, 0x1C, 0xDB, 0xBC, 0xD5, 0xB8, 0x79, 0xBC,
  0xE0, 0x00, 0xF1, 0x00, 0xFF, 0x00, 0xFF, 0x00, 0xFF, 0x00, 0xFF, 0x00, 0xFF, 0x00, 0xFF, 0x00,
  0x79, 0x79, 0x96, 0xEF, 0x28, 0xCF, 0x2C, 0xCF, 0xC7, 0xEC, 0x76, 0xEC, 0xFA, 0xEC, 0x69, 0xFE,
  0x79, 0x00, 0xFF, 0x00, 0xFF, 0x00, 0xFF, 0x00, 0xFF, 0x00, 0xFF, 0x00, 0xFF, 0x00, 0xFF, 0x00,
  0x4B, 0x78, 0x4A, 0x71, 0x8E, 0xF1, 0xA4, 0xDB, 0xD4, 0x8B, 0xD7, 0x8B, 0xF8, 0x8F, 0x66, 0x59,
  0x7F, 0x00, 0x7F, 0x00, 0xFF, 0x00, 0xFF, 0x00, 0xFF, 0x00, 0xFF, 0x00, 0xFF, 0x00, 0x7F, 0x00,
  0x5F, 0xFF, 0x77, 0xFF, 0x7F, 0xFF, 0xDF, 0xFF, 0xAF, 0xDF, 0xDF, 0xFF, 0xDF, 0xFF, 0x7F, 0xFF,
  0xFF, 0x0D, 0xFF, 0x12, 0xFF, 0x05, 0xFF, 0x02, 0xFF, 0x01, 0xFF, 0x82, 0xFF, 0x09, 0xFF, 0x02,
  0xFF, 0xFF, 0xDB, 0xBF, 0xAE, 0x9F, 0x81, 0x1E, 0xAB, 0x1C, 0xDB, 0xBC, 0xD5, 0xB8, 0x79, 0xBC,
  0xFF, 0x1F, 0xFF, 0x02, 0xFF, 0x00, 0xFF, 0x00, 0xFF, 0x00, 0xFF, 0x00, 0xFF, 0x00, 0xFF, 0x00,
  0xFF, 0xFF, 0x96, 0xEF, 0x28, 0xCF, 0x2C, 0xCF, 0xC7, 0xEC, 0x76, 0xEC, 0xFA, 0xEC, 0x69, 0xFE,
  0xFF, 0x86, 0xFF, 0x00, 0xFF, 0x00, 0xFF, 0x00, 0xFF, 0x00, 0xFF, 0x00, 0xFF, 0x00, 0xFF, 0x00,
  0x7B, 0x56, 0xAA, 0xC0, 0xCB, 0x84, 0x3D, 0x83, 0xE5, 0x9F, 0xDD, 0xBF, 0xB7, 0xFD, 0x63, 0x7F,
  0x00, 0x00, 0x15, 0x15, 0x30, 0x30, 0x40, 0x40, 0x05, 0x05, 0x05, 0x05, 0x05, 0x01, 0x37, 0x21,
  0x69, 0x10, 0x54, 0x08, 0xEE, 0x18, 0x5D, 0xBA, 0xEE, 0xBB, 0xEA, 0xBF, 0xAE, 0xFB, 0xBF, 0xFB,
  0x86, 0x86, 0xA3, 0xA3, 0x01, 0x01, 0x00, 0x00, 0x88, 0x08, 0xAA, 0xAA, 0xAA, 0xAA, 0xBB, 0x8B,
  0x75, 0x8A, 0xD9, 0x00, 0x56, 0xE1, 0xED, 0xB3, 0xB3, 0xFF, 0xF7, 0xFF, 0xBF, 0xFF, 0xB7, 0xFF,
  0x00, 0x00, 0x26, 0x26, 0x08, 0x08, 0x00, 0x00, 0x20, 0x20, 0x32, 0x32, 0xB7, 0xB5, 0xB7, 0xB1,
  0x22, 0xDD, 0x95, 0x48, 0x77, 0xED, 0xBB, 0xFF, 0x7B, 0xFF, 0xFF, 0xFB, 0x67, 0xDF, 0x66, 0xFF,
  0x00, 0x00, 0x22, 0x22, 0x00, 0x00, 0x00, 0x00, 0x1A, 0x1A, 0x5A, 0x40, 0x5F, 0x42, 0x7F, 0x40,
  0x80, 0xFE, 0xB5, 0xCA, 0xD4, 0x8B, 0xD3, 0x8F, 0x77, 0x4F, 0xBA, 0xDF, 0xA5, 0xDB, 0x84, 0xFB,
  0xFF, 0x00, 0xFF, 0x00, 0xFF, 0x00, 0xFF, 0x00, 0x7F, 0x02, 0xFF, 0x00, 0xFF, 0x00, 0xFF, 0x00,
  0x6D, 0x1E, 0x4E, 0x3C, 0x9A, 0x7C, 0xBD, 0x7E, 0xDE, 0x7F, 0x2E, 0xDF, 0xDF, 0xFF, 0xFF, 0xFF,
  0xFF, 0x00, 0xFF, 0x00, 0xFF, 0x00, 0xFF, 0x00, 0xFF, 0x0A, 0xFF, 0x02, 0xFF, 0x0C, 0xFF, 0x07,
  0x9E, 0xFC, 0xAB, 0xDC, 0xD4, 0x8F, 0xD2, 0x8F, 0xF7, 0xCF, 0xBA, 0xDF, 0xA9, 0xDF, 0x88, 0xFF,
  0xFF, 0x00, 0xFF, 0x00, 0xFF, 0x00, 0xFF, 0x00, 0xFF, 0x82, 0xFF, 0x00, 0xFF, 0x00, 0xFF, 0x00,
  0x01, 0x01, 0x06, 0x07, 0x18, 0x1F, 0x39, 0x27, 0x35, 0x23, 0x6F, 0x43, 0x75, 0x4B, 0x87, 0xFB,
  0x01, 0x00, 0x07, 0x00, 0x1F, 0x00, 0x3F, 0x00, 0x3F, 0x00, 0x7F, 0x00, 0x7F, 0x00, 0xFF, 0x00,
  0xFF, 0xFF, 0xF6, 0xFD, 0xF8, 0xFD, 0xF1, 0xEC, 0xDA, 0xE5, 0xC9, 0xE7, 0xD2, 0xEF, 0xA7, 0xFF,
  0xFF, 0xBC, 0xFF, 0xD0, 0xFF, 0xA0, 0xFF, 0xC0, 0xFF, 0x80, 0xFF, 0x00, 0xFF, 0x80, 0xFF, 0x80,
  0xDD, 0xFF, 0xF8, 0xE7, 0x69, 0xC7, 0xD9, 0x87, 0xEB, 0x97, 0x03, 0xFF, 0x8F, 0xFF, 0xBF, 0xFF,
  0xFF, 0x00, 0xFF, 0x40, 0xFF, 0x00, 0xFF, 0x00, 0xFF, 0x00, 0xFF, 0x00, 0xFF, 0x01, 0xFF, 0x03,
  0xB9, 0xFC, 0x9D, 0xFE, 0xAE, 0xDD, 0xDE, 0xDD, 0xEF, 0xDE, 0xDF, 0xEE, 0x9F, 0xFE, 0xFE, 0xFF,
  0xFF, 0x10, 0xFF, 0x00, 0xFF, 0x00, 0xFF, 0x00, 0xFF, 0x84, 0xFF, 0x8E, 0xFF, 0x8E, 0xFF, 0xCE,
  0xEA, 0xFD, 0xFF, 0xED, 0x55, 0xEF, 0xD5, 0xEF, 0xEF, 0xFF, 0xEF, 0xFF, 0xFF, 0xFF, 0xFF, 0xFF,
  0xFF, 0x20, 0xFF, 0x00, 0xFF, 0x00, 0xFF, 0x00, 0xFF, 0x41, 0xFF, 0x85, 0xFF, 0x6F, 0xFF, 0x7D,
  0x65, 0x58, 0x25, 0x18, 0x37, 0x28, 0x5A, 0x6D, 0x76, 0x4D, 0xAA, 0xC5, 0xD8, 0x87, 0xAC, 0xD7,
  0x7F, 0x00, 0x3F, 0x00, 0x3F, 0x00, 0x7F, 0x00, 0x7F, 0x00, 0xFF, 0x00, 0xFF, 0x00, 0xFF, 0x00,
  0x7F, 0xFF, 0x7F, 0xFF, 0x3F, 0xFF, 0xD7, 0xFF, 0xAF, 0xDF, 0x27, 0xDF, 0x8F, 0xFF, 0xDF, 0xFF,
  0xFF, 0x1D, 0xFF, 0x22, 0xFF, 0x0D, 0xFF, 0x02, 0xFF, 0x81, 0xFF, 0x06, 0xFF, 0x05, 0xFF, 0x5F,
  0x8B, 0xF8, 0xCA, 0xF1, 0xCE, 0xF1, 0xA4, 0xDB, 0xD4, 0x8B, 0xD7, 0x8B, 0xF8, 0x8F, 0xE6, 0xD9,
  0xFF, 0x00, 0xFF, 0x80, 0xFF, 0x80, 0xFF, 0x00, 0xFF, 0x00, 0xFF, 0x00, 0xFF, 0x00, 0xFF, 0x80,
  0xE5, 0xD8, 0xE5, 0xF8, 0xB7, 0xE8, 0xDA, 0xED, 0xF6, 0xCD, 0xAA, 0xC5, 0xD8, 0x87, 0xAC, 0xD7,
  0xFF, 0x80, 0xFF, 0xC0, 0xFF, 0x80, 0xFF, 0x80, 0xFF, 0x80, 0xFF, 0x00, 0xFF, 0x00, 0xFF, 0x00,
  0x3D, 0x63, 0x2B, 0x77, 0x5F, 0x17, 0x13, 0x1E, 0x0B, 0x02, 0x0D, 0x0B, 0x03, 0x03, 0x00, 0x00,
  0x37, 0x00, 0x3F, 0x01, 0x1F, 0x02, 0x1F, 0x00, 0x0F, 0x00, 0x0F, 0x00, 0x03, 0x01, 0x00, 0x00,
  0xD3, 0xEF, 0xE6, 0xCF, 0xE6, 0x2F, 0x37, 0x6F, 0x5F, 0x2F, 0xDE, 0x3F, 0xDD, 0xBE, 0xE3, 0xE3,
  0xBB, 0x82, 0xBF, 0x02, 0xBF, 0x02, 0xFF, 0x02, 0xFF, 0x01, 0xFF, 0x08, 0xFF, 0x04, 0xE3, 0x80,
  0x7F, 0xF7, 0x4F, 0xBF, 0xA7, 0x1F, 0xB7, 0x0F, 0x6F, 0x9F, 0xBA, 0xDD, 0xBD, 0x78, 0xCA, 0xCD,
  0xF7, 0x07, 0xFF, 0x03, 0xFF, 0x02, 0xFF, 0x02, 0xFF, 0x00, 0xFF, 0x08, 0xFF, 0x08, 0xCF, 0x08,
  0xE5, 0xFE, 0x54, 0xEF, 0xE7, 0x4F, 0xE7, 0xCF, 0xD7, 0xEF, 0xDE, 0xEF, 0xED, 0xFE, 0x9A, 0x9B,
  0xFF, 0x00, 0x7F, 0x00, 0x7F, 0x02, 0xFF, 0x03, 0xFF, 0x04, 0xFF, 0x00, 0xFF, 0x40, 0x9B, 0x80,
  0xFF, 0xFF, 0xFF, 0xFF, 0xFF, 0xFF, 0xFF, 0xFF, 0xFF, 0xFF, 0xFF, 0xFF, 0xFF, 0xFF, 0xEF, 0xFF,
  0xFF, 0x43, 0xFF, 0x87, 0xFF, 0xD6, 0xFF, 0xAC, 0xFF, 0x78, 0xFF, 0xAB, 0xFF, 0x45, 0xFF, 0x83,
  0xE7, 0xFF, 0xEF, 0xFF, 0xFF, 0xFF, 0xFF, 0xFF, 0xBF, 0xFF, 0x7F, 0xFF, 0xFD, 0xFF, 0xF3, 0xFF,
  0xFF, 0xC0, 0xFF, 0x81, 0xFF, 0xC0, 0xFF, 0x62, 0xFF, 0x99, 0xFF, 0x0E, 0xFF, 0x10, 0xFF, 0xA0,
  0xFF, 0xFF, 0xFF, 0xFF, 0xFF, 0xFF, 0xFF, 0xFF, 0xFF, 0xFF, 0xFF, 0xFF, 0xFF, 0xFF, 0xFF, 0xFF,
  0xFF, 0x75, 0xFF, 0xAA, 0xFF, 0x5C, 0xFF, 0xAA, 0xFF, 0x5C, 0xFF, 0x72, 0xFF, 0xE5, 0xFF, 0xCF,
  0xFF, 0xFF, 0xFF, 0xFF, 0xFF, 0xFF, 0xFF, 0xFF, 0xFF, 0xFF, 0xFF, 0xFF, 0xFF, 0xFF, 0xFF, 0xFF,
  0xFF, 0x44, 0xFF, 0xAA, 0xFF, 0x55, 0xFF, 0xBA, 0xFF, 0x3D, 0xFF, 0xD6, 0xFF, 0x3B, 0xFF, 0x50,
  0x2A, 0xFF, 0xBF, 0xEA, 0x6A, 0xAA, 0x3A, 0xAB, 0xEE, 0xBB, 0xB6, 0xFF, 0xBB, 0xFF, 0xBB, 0xFF,
  0x00, 0x00, 0x00, 0x00, 0x15, 0x15, 0x44, 0x44, 0x00, 0x00, 0x22, 0x00, 0x22, 0x00, 0x2A, 0x00,
  0x09, 0x66, 0x4D, 0x26, 0xDD, 0x26, 0x44, 0xBF, 0x47, 0xBD, 0xED, 0xBF, 0xBD, 0xFF, 0xBF, 0xFF,
  0x90, 0x90, 0x90, 0x90, 0x00, 0x00, 0x00, 0x00, 0x04, 0x00, 0x8C, 0x00, 0xA8, 0x00, 0x29, 0x08,
  0x12, 0x44, 0x6E, 0x54, 0x46, 0x7D, 0x3F, 0x77, 0x74, 0x7F, 0xD7, 0x7F, 0xDF, 0x7F, 0x7F, 0xFF,
  0xA9, 0xA9, 0x81, 0x81, 0x80, 0x80, 0x80, 0x80, 0x80, 0x80, 0x01, 0x01, 0x4F, 0x05, 0x4F, 0x07,
  0xEC, 0x77, 0xF7, 0x21, 0xAC, 0x73, 0x75, 0xFB, 0xEA, 0xFF, 0xFA, 0xFF, 0x6B, 0xFF, 0x6F, 0xFF,
  0x00, 0x00, 0x08, 0x08, 0x00, 0x00, 0x00, 0x00, 0x20, 0x00, 0x20, 0x00, 0x60, 0x00, 0x6D, 0x68,
  0xA1, 0xDE, 0xC5, 0xFB, 0xA5, 0x1F, 0x9F, 0xEF, 0x77, 0xFF, 0x37, 0xFF, 0xBF, 0xF7, 0xBF, 0xFF,
  0xDE, 0x00, 0x5B, 0x00, 0x45, 0x40, 0x01, 0x00, 0x01, 0x00, 0x37, 0x36, 0xB7, 0xB6, 0xBF, 0xB4,
  0xEA, 0xF1, 0x6A, 0xF1, 0x90, 0x7B, 0x40, 0x3B, 0xCC, 0x3B, 0x9F, 0x7F, 0xF8, 0xFF, 0xE2, 0xFD,
  0xFF, 0x80, 0xFF, 0x40, 0xFF, 0x00, 0xFF, 0x00, 0xFF, 0x00, 0xFF, 0x00, 0xFF, 0x80, 0xFF, 0x60,
  0xFF, 0xFF, 0xFF, 0xFF, 0xFF, 0xFF, 0xEF, 0xFF, 0xFF, 0xFF, 0xFF, 0xFF, 0xFE, 0xFF, 0xFF, 0xFF,
  0xFF, 0xA6, 0xFF, 0x43, 0xFF, 0x81, 0xFF, 0x82, 0xFF, 0x85, 0xFF, 0xE0, 0xFF, 0x58, 0xFF, 0x08,
  0xFB, 0xFF, 0xF1, 0xFF, 0xFB, 0xFF, 0xFF, 0xFF, 0xFF, 0xFF, 0x7F, 0xFF, 0x3F, 0xFF, 0x7F, 0xFF,
  0xFF, 0xA0, 0xFF, 0xE0, 0xFF, 0xC0, 0xFF, 0x60, 0xFF, 0x15, 0xFF, 0x0B, 0xFF, 0x0E, 0xFF, 0x18,
  0xFF, 0xFF, 0xFF, 0xFF, 0xFF, 0xFF, 0xFF, 0xFF, 0xFF, 0xFF, 0xFF, 0xFF, 0xFF, 0xFF, 0xFF, 0xFF,
  0xFF, 0xFC, 0xFF, 0x5E, 0xFF, 0xF7, 0xFF, 0xAB, 0xFF, 0xD6, 0xFF, 0xAD, 0xFF, 0x6E, 0xFF, 0xDC,
  0xFF, 0xFF, 0xFF, 0xFF, 0xFF, 0xFF, 0xFF, 0xFF, 0xFF, 0xFF, 0xFF, 0xFF, 0xFF, 0xFF, 0x7F, 0xFF,
  0xFF, 0x7E, 0xFF, 0xBA, 0xFF, 0xEB, 0xFF, 0xD5, 0xFF, 0xEB, 0xFF, 0x77, 0xFF, 0x3D, 0xFF, 0x1A,
  0xFF, 0xFF, 0xFF, 0xFF, 0xFF, 0xFF, 0xFF, 0xFF, 0xFF, 0xFF, 0xFF, 0xFF, 0xFF, 0xFF, 0xFF, 0xFF,
  0xFF, 0x7E, 0xFF, 0xFF, 0xFF, 0xFF, 0xFF, 0xD7, 0xFF, 0xAD, 0xFF, 0xD7, 0xFF, 0xEB, 0xFF, 0xDF,
  0xFF, 0xFF, 0xFF, 0xFF, 0xFF, 0xFF, 0xFF, 0xFF, 0xFF, 0xFF, 0xFF, 0xFF, 0xFF, 0xFF, 0xFF, 0xFF,
  0xFF, 0xFE, 0xFF, 0xFE, 0xFF, 0xEF, 0xFF, 0xD5, 0xFF, 0xA3, 0xFF, 0xD7, 0xFF, 0xFF, 0xFF, 0xFF,
  0xFF, 0xFF, 0xFF, 0xFF, 0xFF, 0xFF, 0xFF, 0xFF, 0xFF, 0xFF, 0xFF, 0xFF, 0xFF, 0xFF, 0xFF, 0xFF,
  0xFF, 0x44, 0xFF, 0xA5, 0xFF, 0x5A, 0xFF, 0x3F, 0xFF, 0x5A, 0xFF, 0xAC, 0xFF, 0x46, 0xFF, 0x02,
  0xF3, 0xFF, 0xF7, 0xFF, 0xDF, 0xFF, 0xBF, 0xFF, 0xFF, 0xFF, 0xFF, 0xFF, 0xFB, 0xFF, 0xF3, 0xFF,
  0xFF, 0x60, 0xFF, 0x90, 0xFF, 0x88, 0xFF, 0x09, 0xFF, 0x87, 0xFF, 0xC9, 0xFF, 0x71, 0xFF, 0x60,
  0xFB, 0xFF, 0xF7, 0xFF, 0xFF, 0xFF, 0x3F, 0xFF, 0x7E, 0xFF, 0xFE, 0xFF, 0xFD, 0xFF, 0xFF, 0xFF,
  0xFF, 0xE9, 0xFF, 0xB0, 0xFF, 0x11, 0xFF, 0x0A, 0xFF, 0x0C, 0xFF, 0x04, 0xFF, 0x14, 0xFF, 0x48,
  0xFF, 0xFF, 0xEF, 0xFF, 0xDF, 0xFF, 0xFF, 0xFF, 0x3E, 0xFF, 0x7C, 0xFF, 0xFF, 0xFF, 0xFF, 0xFF,
  0xFF, 0x6C, 0xFF, 0x87, 0xFF, 0x83, 0xFF, 0x42, 0xFF, 0x34, 0xFF, 0x08, 0xFF, 0x08, 0xFF, 0x1E,
  0xEF, 0xFF, 0xEF, 0xFF, 0xFB, 0xFB, 0xBF, 0xFB, 0xFB, 0xBF, 0xBF, 0xFF, 0xFF, 0xFF, 0xFF, 0xFF,
  0xAB, 0xA1, 0xAB, 0xAB, 0xAF, 0x8F, 0xBB, 0x3B, 0xBB, 0x08, 0xBF, 0x19, 0xFF, 0x9D, 0xFF, 0x26,
  0xBF, 0xFF, 0x7F, 0xBF, 0xBD, 0xBF, 0xBD, 0xFF, 0xEF, 0xFF, 0xD7, 0xEF, 0xEF, 0xFF, 0xFF, 0xFF,
  0x3D, 0x3C, 0x3D, 0x24, 0x7D, 0x68, 0xBD, 0x20, 0xFF, 0xE5, 0xFF, 0x03, 0xFF, 0x02, 0xFF, 0x84,
  0x6F, 0xFF, 0xEF, 0xFF, 0xFF, 0xFF, 0x6F, 0xFF, 0xFF, 0x7F, 0x7F, 0x7F, 0xFF, 0x7F, 0xFF, 0xFF,
  0x4F, 0x45, 0x6F, 0x4D, 0x6F, 0x6D, 0x6F, 0x29, 0x7F, 0x78, 0xFF, 0xD9, 0x7F, 0x1D, 0xFF, 0x26,
  0xFD, 0x7F, 0x7D, 0x7F, 0xFD, 0xFD, 0xFF, 0xFD, 0xEF, 0xFF, 0xD7, 0xEF, 0xEF, 0xFF, 0xFF, 0xFF,
  0x6C, 0x68, 0xEC, 0xEC, 0x7F, 0x6F, 0xFD, 0xF9, 0xFF, 0xC5, 0xFF, 0x03, 0xFF, 0x02, 0xFF, 0x84,
  0xBF, 0xBE, 0xF7, 0xBC, 0x7A, 0xFD, 0x98, 0x7F, 0xBF, 0x7F, 0x79, 0xFF, 0xF0, 0xFF, 0xE4, 0xFB,
  0xFF, 0xF4, 0xBF, 0xB0, 0xFF, 0x50, 0xFF, 0x00, 0xFF, 0x08, 0xFF, 0x18, 0xFF, 0x30, 0xFF, 0xE0,
  0x65, 0xF8, 0x25, 0xF8, 0x22, 0xFD, 0x6A, 0xFD, 0x75, 0xCF, 0xAD, 0xC7, 0xD2, 0x8F, 0xB0, 0xCF,
  0xFF, 0x20, 0xFF, 0x00, 0xFF, 0x00, 0xFF, 0x00, 0xFF, 0x00, 0xFF, 0x00, 0xFF, 0x00, 0xFF, 0x00,
  0xFF, 0xFF, 0x7F, 0xFF, 0xFF, 0xFF, 0xFF, 0xFF, 0xFE, 0xFF, 0xFC, 0xFF, 0xFE, 0xFF, 0xFF, 0xFF,
  0xFF, 0x14, 0xFF, 0x0C, 0xFF, 0x1F, 0xFF, 0x04, 0xFF, 0x58, 0xFF, 0xB0, 0xFF, 0xF4, 0xFF, 0x78,
  0xFF, 0xFF, 0xFE, 0xFF, 0xFF, 0xFF, 0xFF, 0xFF, 0xFF, 0xFF, 0x7F, 0xFF, 0xFF, 0xFF, 0xFF, 0xFF,
  0xFF, 0x28, 0xFF, 0x94, 0xFF, 0x78, 0xFF, 0x12, 0xFF, 0x2C, 0xFF, 0x1F, 0xFF, 0x12, 0xFF, 0x25,
  0xFF, 0xFF, 0xFF, 0xFF, 0xFF, 0xFF, 0xFF, 0xFF, 0xFF, 0xFF, 0xFF, 0xFF, 0xFF, 0xFF, 0xFF, 0xFF,
  0xFF, 0x76, 0xFF, 0x2D, 0xFF, 0x56, 0xFF, 0xBF, 0xFF, 0xEB, 0xFF, 0xD7, 0xFF, 0xFA, 0xFF, 0xB4,
  0xFF, 0xFF, 0xFF, 0xFF, 0xFF, 0xFF, 0xFF, 0xFF, 0xFF, 0xFF, 0xFF, 0xFF, 0xFF, 0xFF, 0xFF, 0xFF,
  0xFF, 0x2C, 0xFF, 0x58, 0xFF, 0xB4, 0xFF, 0xFE, 0xFF, 0xFA, 0xFF, 0x75, 0xFF, 0xBF, 0xFF, 0x55,
  0xFF, 0xFF, 0xFF, 0xFF, 0xFF, 0xFF, 0xFF, 0xFF, 0xFF, 0xFF, 0xFF, 0xFF, 0xFF, 0xFF, 0xFF, 0xFF,
  0xFF, 0x7F, 0xFF, 0xEB, 0xFF, 0x71, 0xFF, 0xEA, 0xFF, 0xFB, 0xFF, 0xF5, 0xFF, 0x7F, 0xFF, 0xBE,
  0xFF, 0xFF, 0xFF, 0xFF, 0xFF, 0xFF, 0xFF, 0xFF, 0xFF, 0xFF, 0xFF, 0xFF, 0xFF, 0xFF, 0xFF, 0xFF,
  0xFF, 0xEF, 0xFF, 0xD6, 0xFF, 0xEB, 0xFF, 0xD3, 0xFF, 0xF5, 0xFF, 0xEF, 0xFF, 0xFF, 0xFF, 0xFB,
  0x3A, 0x37, 0x5E, 0x61, 0x25, 0x40, 0xCB, 0x80, 0x58, 0x87, 0xF3, 0x4F, 0x35, 0xCF, 0xDB, 0xAF,
  0x00, 0x00, 0x00, 0x00, 0x1A, 0x1A, 0x34, 0x34, 0x20, 0x20, 0x00, 0x00, 0x00, 0x00, 0x02, 0x02,
  0xAF, 0xFF, 0xBF, 0xFF, 0xFF, 0xFF, 0xFD, 0xFF, 0xFF, 0xBF, 0xFF, 0xFF, 0xFF, 0xFF, 0xCF, 0xFF,
  0xA9, 0xA9, 0xBD, 0xB9, 0xBD, 0x18, 0xBD, 0x08, 0xBF, 0x93, 0xFF, 0x59, 0xFF, 0x02, 0xFF, 0x03,
  0x6F, 0xFF, 0xEF, 0xFF, 0xFF, 0xDF, 0x6F, 0xFF, 0xFB, 0xFF, 0xF1, 0xFF, 0xC0, 0x7F, 0xCB, 0xF5,
  0x47, 0x47, 0x4F, 0x4D, 0x4F, 0x44, 0x6F, 0x60, 0x7F, 0x20, 0x7F, 0x00, 0x7F, 0x00, 0xFF, 0x80,
  0xFD, 0x7F, 0xFD, 0xFF, 0xFF, 0xFF, 0xFE, 0xFD, 0xF9, 0xFE, 0xFC, 0xFF, 0xFF, 0xFF, 0xFF, 0xFF,
  0x6C, 0x2C, 0xEC, 0x00, 0xFD, 0x10, 0xFD, 0x20, 0xFF, 0x60, 0xFF, 0x40, 0xFF, 0x40, 0xFF, 0x52,
  0xEF, 0xFF, 0xEF, 0xFF, 0xFE, 0xFF, 0xBE, 0xFB, 0xFC, 0xBF, 0x7E, 0xFF, 0xFF, 0xFF, 0xFF, 0xFF,
  0xAB, 0xAB, 0xAB, 0xAB, 0xAB, 0xA8, 0xBB, 0xB0, 0xBF, 0x88, 0xFF, 0x08, 0xFF, 0x18, 0xFF, 0x9C,
  0xBF, 0xFF, 0xBF, 0xFF, 0xBF, 0xFF, 0x2D, 0xFF, 0xCF, 0x3F, 0x9F, 0x7F, 0xBF, 0x7F, 0x7F, 0xFF,
  0xBD, 0xAD, 0xBD, 0x85, 0xFD, 0x08, 0xFD, 0x00, 0xFF, 0x02, 0xFF, 0x02, 0xFF, 0x07, 0xFF, 0x19,
  0xEF, 0xFF, 0xEF, 0xFF, 0xFF, 0xFF, 0x6F, 0xFF, 0xFD, 0xFF, 0xF4, 0xFF, 0xE1, 0x7E, 0xE3, 0xFC,
  0x47, 0x45, 0x4F, 0x4C, 0x6F, 0x6C, 0x6F, 0x28, 0x7F, 0x00, 0x7F, 0x00, 0x7F, 0x00, 0xFF, 0x80,
  0xFF, 0xFF, 0xFF, 0xFF, 0xFF, 0xFF, 0x7F, 0xFD, 0x3E, 0xFF, 0x1E, 0xFF, 0x9F, 0x7F, 0x4F, 0x3F,
  0xE8, 0xA8, 0xEC, 0xA4, 0xFD, 0x25, 0xFD, 0x29, 0xFF, 0x08, 0xFF, 0x0C, 0xFF, 0x04, 0xFF, 0x01,
  0xE0, 0xFF, 0xC0, 0xFF, 0xC1, 0xFF, 0xD4, 0xFF, 0xEA, 0xFF, 0xFA, 0xFF, 0xFA, 0xFF, 0xFF, 0xFF,
  0xFF, 0xC0, 0xFF, 0x80, 0xFF, 0x80, 0xFF, 0x80, 0xFF, 0x80, 0xFF, 0xC0, 0xFF, 0x60, 0xFF, 0x60,
  0x5F, 0xFF, 0xBF, 0xFF, 0x7F, 0xFF, 0xFF, 0xFF, 0xFF, 0xFF, 0xFC, 0xFF, 0xF9, 0xFF, 0xF8, 0xFF,
  0xFF, 0x02, 0xFF, 0x01, 0xFF, 0x03, 0xFF, 0x0A, 0xFF, 0x04, 0xFF, 0x08, 0xFF, 0x18, 0xFF, 0x50,
  0xFE, 0xFF, 0xFF, 0xFF, 0xFF, 0xFF, 0xFF, 0xFF, 0x7F, 0xFF, 0xBF, 0xFF, 0x3F, 0xFF, 0xBF, 0xFF,
  0xFF, 0xC0, 0xFF, 0xD0, 0xFF, 0xEC, 0xFF, 0x17, 0xFF, 0x0B, 0xFF, 0x06, 0xFF, 0x01, 0xFF, 0x02,
  0xFF, 0xFF, 0xFF, 0xFF, 0xFF, 0xFF, 0xFF, 0xFF, 0xF7, 0xFF, 0xEF, 0xFF, 0xEF, 0xFF, 0xEF, 0xFF,
  0xFF, 0x07, 0xFF, 0x0F, 0xFF, 0x3F, 0xFF, 0x33, 0xFF, 0xC1, 0xFF, 0xC0, 0xFF, 0x80, 0xFF, 0x81,
  0xFF, 0xFF, 0xFF, 0xFF, 0x8F, 0xFF, 0x17, 0xFF, 0x0F, 0xFF, 0x17, 0xFF, 0x0F, 0xFF, 0x2F, 0xFF,
  0xFF, 0xFC, 0xFF, 0x87, 0xFF, 0x03, 0xFF, 0x00, 0xFF, 0x00, 0xFF, 0x00, 0xFF, 0x00, 0xFF, 0x00,
  0xF7, 0xFF, 0xE7, 0xFF, 0xC3, 0xFF, 0xD7, 0xFF, 0xEF, 0xFF, 0xFF, 0xFF, 0xFC, 0xFF, 0xF8, 0xFF,
  0xFF, 0x33, 0xFF, 0x61, 0xFF, 0xC0, 0xFF, 0xC0, 0xFF, 0x43, 0xFF, 0x64, 0xFF, 0x38, 0xFF, 0x50,
  0xFF, 0xFF, 0xFF, 0xFF, 0xE3, 0xFF, 0xC3, 0xFF, 0xC7, 0xFF, 0xD7, 0xFF, 0xE7, 0xFF, 0xFF, 0xFF,
  0xFF, 0x3F, 0xFF, 0x61, 0xFF, 0x80, 0xFF, 0x80, 0xFF, 0x80, 0xFF, 0x40, 0xFF, 0x21, 0xFF, 0x12,
  0xFF, 0xFF, 0xFF, 0xFF, 0xFF, 0xFF, 0xFC, 0xFF, 0xF8, 0xFF, 0xF0, 0xFF, 0xE0, 0xFF, 0xC0, 0xFF,
  0xFF, 0x07, 0xFF, 0x87, 0xFF, 0xCC, 0xFF, 0x70, 0xFF, 0xB0, 0xFF, 0x60, 0xFF, 0x40, 0xFF, 0x80,
  0xEB, 0xBF, 0xAB, 0xFF, 0x3F, 0x7F, 0x73, 0x7F, 0x69, 0x7F, 0x4F, 0x5F, 0x07, 0x43, 0x41, 0x01,
  0x0A, 0x0A, 0x2B, 0x21, 0x2B, 0x02, 0x2B, 0x21, 0x2B, 0x00, 0x0B, 0x00, 0x03, 0x00, 0x01, 0x00,
  0x87, 0xFF, 0xB7, 0xCF, 0x4B, 0x47, 0x69, 0x47, 0x14, 0x2B, 0x38, 0x37, 0x27, 0x2D, 0x0B, 0x0B,
  0xFF, 0x01, 0xFF, 0x01, 0x7F, 0x01, 0x7F, 0x00, 0x3F, 0x00, 0x3F, 0x00, 0x2F, 0x00, 0x0B, 0x00,
  0xD8, 0xE7, 0xF5, 0xE2, 0x66, 0xF1, 0x7C, 0xF3, 0x79, 0xF6, 0xEC, 0xF6, 0xC7, 0xFE, 0xD3, 0xEF,
  0xFF, 0x80, 0xFF, 0x00, 0xFF, 0x00, 0xFF, 0x00, 0xFF, 0x00, 0xFF, 0x00, 0xFF, 0x80, 0xFF, 0x80,
  0x7F, 0xFF, 0x7E, 0xFF, 0x3D, 0xFE, 0x3D, 0xFE, 0x1E, 0xFF, 0x3F, 0xFF, 0xFF, 0xFF, 0xFF, 0xFF,
  0xFF, 0x1C, 0xFF, 0x18, 0xFF, 0x18, 0xFF, 0x00, 0xFF, 0x00, 0xFF, 0x04, 0xFF, 0x0E, 0xFF, 0x4C,
  0xFF, 0xFF, 0x0F, 0xFF, 0xC7, 0x3F, 0x37, 0x0F, 0x67, 0x9F, 0xCF, 0xBF, 0xCF, 0xBF, 0xEF, 0xFF,
  0xFF, 0x26, 0xFF, 0x05, 0xFF, 0x05, 0xFF, 0x04, 0xFF, 0x04, 0xFF, 0x05, 0xFF, 0x07, 0xFF, 0x05,
  0x7D, 0xFF, 0x79, 0xFF, 0xE0, 0xFF, 0xE6, 0xF9, 0xC7, 0xF8, 0xC5, 0xF8, 0xCE, 0xF1, 0xEA, 0xF1,
  0xFF, 0x48, 0xFF, 0x48, 0xFF, 0x40, 0xFF, 0xC0, 0xFF, 0x80, 0xFF, 0x80, 0xFF, 0x40, 0xFF, 0x80,
  0xF2, 0xFC, 0xFA, 0xFC, 0xF9, 0xFE, 0x7C, 0xFF, 0x7E, 0xFF, 0x7F, 0xFF, 0x7F, 0xFF, 0x7F, 0xFF,
  0xFF, 0xC0, 0xFF, 0x80, 0xFF, 0x20, 0xFF, 0x10, 0xFF, 0x18, 0xFF, 0x14, 0xFF, 0x21, 0xFF, 0x21,
  0x5F, 0x3F, 0x5E, 0x3F, 0x1D, 0x7E, 0xBD, 0x7E, 0x3E, 0xFF, 0xBF, 0xFF, 0xBF, 0xFF, 0xFF, 0xFF,
  0xFF, 0x00, 0xFF, 0x04, 0xFF, 0x08, 0xFF, 0x08, 0xFF, 0x08, 0xFF, 0x14, 0xFF, 0x1A, 0xFF, 0x08,
  0xFF, 0xFF, 0xFF, 0xFF, 0xCF, 0xFF, 0x97, 0xFF, 0x0F, 0xFF, 0xDE, 0xFF, 0xFC, 0xFF, 0xFC, 0xFF,
  0xFF, 0x30, 0xFF, 0x7D, 0xFF, 0xC6, 0xFF, 0x83, 0xFF, 0x02, 0xFF, 0x04, 0xFF, 0x88, 0xFF, 0xC8,
  0xF0, 0xFF, 0xF8, 0xFF, 0xFE, 0xFF, 0xBE, 0xFF, 0x5F, 0xFF, 0xBF, 0xFF, 0x3F, 0xFF, 0xBF, 0xFF,
  0xFF, 0xB0, 0xFF, 0xE0, 0xFF, 0x90, 0xFF, 0x08, 0xFF, 0x08, 0xFF, 0x0C, 0xFF, 0x07, 0xFF, 0x03,
  0x3F, 0xFF, 0xFF, 0xFF, 0xFF, 0xFF, 0xFF, 0xFF, 0xFE, 0xFF, 0xFF, 0xFF, 0xFF, 0xFF, 0xFF, 0xFF,
  0xFF, 0x05, 0xFF, 0x03, 0xFF, 0x0A, 0xFF, 0x06, 0xFF, 0x0C, 0xFF, 0x14, 0xFF, 0x0C, 0xFF, 0xFC,
  0xFF, 0xFF, 0xFF, 0xFF, 0xFF, 0xFF, 0xFF, 0xFF, 0xBF, 0xFF, 0x7F, 0xFF, 0x7F, 0xFF, 0x7F, 0xFF,
  0xFF, 0x82, 0xFF, 0xC5, 0xFF, 0x72, 0xFF, 0x1F, 0xFF, 0x07, 0xFF, 0x03, 0xFF, 0x01, 0xFF, 0x07,
  0x4F, 0xFF, 0xAF, 0xFF, 0x6F, 0xFF, 0xFF, 0xFF, 0xFF, 0xFF, 0xFC, 0xFF, 0xF8, 0xFF, 0xFA, 0xFF,
  0xFF, 0x00, 0xFF, 0x01, 0xFF, 0x00, 0xFF, 0x03, 0xFF, 0x16, 0xFF, 0x08, 0xFF, 0xB0, 0xFF, 0x60,
  0xF5, 0xFF, 0xE9, 0xFF, 0xF5, 0xFF, 0xFF, 0xFF, 0x7F, 0xFF, 0x3F, 0xFF, 0x3F, 0xFF, 0x7F, 0xFF,
  0xFF, 0xE0, 0xFF, 0x40, 0xFF, 0xC0, 0xFF, 0xA0, 0xFF, 0x1C, 0xFF, 0x06, 0xFF, 0x03, 0xFF, 0x03,
  0xFF, 0xFF, 0xFF, 0xFF, 0xFF, 0xFF, 0xF9, 0xFF, 0xF0, 0xFF, 0xE1, 0xFF, 0xE1, 0xFF, 0xD7, 0xFF,
  0xFF, 0x19, 0xFF, 0x0F, 0xFF, 0x2C, 0xFF, 0x90, 0xFF, 0x60, 0xFF, 0xC0, 0xFF, 0x80, 0xFF, 0x00,
  0xD0, 0xFF, 0xF4, 0xFF, 0xFD, 0xFF, 0xFD, 0xFF, 0xFD, 0xFF, 0xFF, 0xFF, 0xFF, 0xFF, 0xFF, 0xFF,
  0xFF, 0x80, 0xFF, 0x80, 0xFF, 0xD0, 0xFF, 0x60, 0xFF, 0x58, 0xFF, 0x34, 0xFF, 0x1A, 0xFF, 0x0D,
  0x00, 0x00, 0x00, 0x00, 0x00, 0x00, 0x00, 0x00, 0x00, 0x00, 0x20, 0x20, 0x58, 0x78, 0xF7, 0xDF,
  0x00, 0x00, 0x00, 0x00, 0x00, 0x00, 0x00, 0x00, 0x00, 0x00, 0x00, 0x00, 0x00, 0x00, 0x42, 0x42,
  0x00, 0x00, 0x00, 0x00, 0x00, 0x00, 0x00, 0x00, 0x24, 0x24, 0x04, 0x24, 0x5A, 0x7E, 0xEF, 0xDB,
  0x00, 0x00, 0x00, 0x00, 0x00, 0x00, 0x00, 0x00, 0x00, 0x00, 0x00, 0x00, 0x00, 0x00, 0x42, 0x42,
  0x71, 0x4F, 0x60, 0x4F, 0x54, 0x6B, 0x2C, 0x13, 0x18, 0x3F, 0x23, 0x27, 0x00, 0x04, 0x04, 0x04,
  0x7F, 0x00, 0x7F, 0x00, 0x7F, 0x00, 0x3F, 0x00, 0x3F, 0x00, 0x27, 0x00, 0x04, 0x00, 0x04, 0x00,
  0xFF, 0xFF, 0x7D, 0xFE, 0x39, 0xFE, 0x73, 0xFC, 0xF7, 0xF8, 0xDC, 0xDA, 0x8F, 0x8C, 0x83, 0x83,
  0xFF, 0x34, 0xFF, 0x10, 0xFF, 0x00, 0xFF, 0x00, 0xFF, 0x00, 0xDF, 0x10, 0x8F, 0x00, 0x83, 0x00,
  0xFF, 0xFF, 0x7C, 0xFF, 0x39, 0xFE, 0x99, 0x7E, 0x5B, 0xBC, 0x7A, 0xBC, 0xED, 0x6E, 0xC6, 0xC7,
  0xFF, 0x48, 0xFF, 0x30, 0xFF, 0x10, 0xFF, 0x00, 0xFF, 0x00, 0xFF, 0x00, 0xEF, 0x00, 0xC7, 0x00,
  0xE6, 0xF9, 0xF4, 0xFB, 0x71, 0xFF, 0x3B, 0xFD, 0xBB, 0x7F, 0xBF, 0x7F, 0x56, 0xD6, 0xC0, 0xC0,
  0xFF, 0x00, 0xFF, 0x20, 0xFF, 0x20, 0xFF, 0x10, 0xFF, 0x00, 0xFF, 0x00, 0xD6, 0x00, 0xC0, 0x00,
  0xF7, 0xFF, 0xF3, 0xFF, 0xE1, 0xFF, 0xCC, 0xF3, 0x9E, 0xE1, 0xF3, 0xC0, 0xFF, 0xE1, 0x7F, 0x7F,
  0xFF, 0x01, 0xFF, 0x40, 0xFF, 0x00, 0xFF, 0x80, 0xFF, 0x00, 0xFF, 0x00, 0xFF, 0x00, 0x7F, 0x00,
  0xFF, 0xFF, 0xFC, 0xFF, 0xF8, 0xFF, 0xF3, 0xFC, 0x77, 0xF8, 0xFC, 0xF8, 0x9F, 0x9C, 0x0F, 0x0F,
  0xFF, 0x08, 0xFF, 0xA8, 0xFF, 0x40, 0xFF, 0x40, 0xFF, 0x00, 0xFF, 0x00, 0x9F, 0x00, 0x0F, 0x00,
  0xFF, 0xFF, 0xFF, 0xFF, 0xE3, 0xFF, 0xC5, 0xFF, 0xD3, 0xFF, 0xCB, 0xFF, 0xFF, 0xFF, 0xFF, 0xFF,
  0xFF, 0x38, 0xFF, 0x44, 0xFF, 0xC2, 0xFF, 0x81, 0xFF, 0x80, 0xFF, 0x80, 0xFF, 0x81, 0xFF, 0xC2,
  0xBF, 0xFF, 0xFF, 0xFF, 0xFE, 0xFF, 0xF9, 0xFF, 0xF0, 0xFF, 0xE1, 0xFF, 0xE1, 0xFF, 0xF3, 0xFF,
  0xFF, 0x16, 0xFF, 0x0C, 0xFF, 0x28, 0xFF, 0x90, 0xFF, 0xE0, 0xFF, 0x60, 0xFF, 0x40, 0xFF, 0xC0,
  0xFF, 0xFF, 0xFF, 0xFF, 0xFF, 0xFF, 0x7F, 0xFF, 0xFF, 0xFF, 0x7F, 0xFF, 0x7F, 0xFF, 0x7F, 0xFF,
  0xFF, 0xAC, 0xFF, 0x16, 0xFF, 0x0B, 0xFF, 0x07, 0xFF, 0x03, 0xFF, 0x07, 0xFF, 0x0C, 0xFF, 0x28,
  0xFF, 0xFF, 0xFF, 0xFF, 0xFF, 0xFF, 0xFF, 0xFF, 0xFF, 0xFF, 0xFF, 0xFF, 0xFF, 0xFF, 0xFF, 0xFF,
  0xFF, 0x0B, 0xFF, 0x07, 0xFF, 0x0B, 0xFF, 0xD7, 0xFF, 0xFB, 0xFF, 0x3F, 0xFF, 0x5F, 0xFF, 0x2F,
  0xF5, 0xFF, 0xF9, 0xFF, 0xFD, 0xFF, 0xFD, 0xFF, 0xFF, 0xFF, 0xFF, 0xFF, 0xFF, 0xFF, 0xFF, 0xFF,
  0xFF, 0xE0, 0xFF, 0xE0, 0xFF, 0x20, 0xFF, 0x50, 0xFF, 0x28, 0xFF, 0x34, 0xFF, 0x1D, 0xFF, 0x1A,
  0x7F, 0xFF, 0xFF, 0xFF, 0xFF, 0xFF, 0xFF, 0xFF, 0xFF, 0xFF, 0xFF, 0xFF, 0xFF, 0xFF, 0xF7, 0xFF,
  0xFF, 0x01, 0xFF, 0x01, 0xFF, 0x03, 0xFF, 0x05, 0xFF, 0x2B, 0xFF, 0x9F, 0xFF, 0x70, 0xFF, 0xC0,
  0xE3, 0xFF, 0xF7, 0xFF, 0xF7, 0xFF, 0xF7, 0xFF, 0xFF, 0xFF, 0xFF, 0xFF, 0xFF, 0xFF, 0xFF, 0xFF,
  0xFF, 0x80, 0xFF, 0x00, 0xFF, 0x81, 0xFF, 0x40, 0xFF, 0xA3, 0xFF, 0xD6, 0xFF, 0x7C, 0xFF, 0x3C,
  0xFF, 0xFF, 0xFF, 0xFF, 0xFF, 0xFF, 0xE7, 0xFF, 0xD3, 0xFF, 0xAB, 0xFF, 0x57, 0xFF, 0xEF, 0xFF,
  0xFF, 0x0F, 0xFF, 0x38, 0xFF, 0x60, 0xFF, 0x80, 0xFF, 0x00, 0xFF, 0x00, 0xFF, 0x00, 0xFF, 0x00,
  0xD3, 0xA7, 0x27, 0xFF, 0xEB, 0xFF, 0xFF, 0xEB, 0xEF, 0xEF, 0xFF, 0xFF, 0x3F, 0xFF, 0x1E, 0xFF,
  0x09, 0x09, 0x01, 0x01, 0x43, 0x42, 0xEB, 0xEA, 0xFF, 0x3A, 0xFF, 0x3E, 0xFF, 0x18, 0xFF, 0x08,
  0xE7, 0xF8, 0xCC, 0xF1, 0xD8, 0xFF, 0xD9, 0xFF, 0xFF, 0xFF, 0xFF, 0xFF, 0x7F, 0xDF, 0x3F, 0xFF,
  0x00, 0x00, 0x82, 0x82, 0xC0, 0xC0, 0xC0, 0x40, 0xD0, 0x10, 0xD4, 0x14, 0xD5, 0x05, 0xF7, 0x06,
  0xFF, 0xFF, 0xFE, 0xFF, 0xC7, 0xC7, 0xDB, 0xDB, 0xC7, 0xC7, 0x5F, 0xDF, 0xFF, 0xFF, 0xFF, 0xFF,
  0xFF, 0x28, 0xFF, 0x94, 0xC7, 0x78, 0xDB, 0xB6, 0xC7, 0x3C, 0xDF, 0x2F, 0xFF, 0x10, 0xFF, 0x11,
  0xFF, 0xFF, 0xFF, 0xFF, 0xC7, 0xC7, 0xDB, 0xDB, 0xC7, 0xC7, 0xDF, 0xDF, 0xFF, 0xFF, 0xFF, 0xFF,
  0xFF, 0xFD, 0xFF, 0xEA, 0xC7, 0xFB, 0xDB, 0xA5, 0xC7, 0xFA, 0xDF, 0x75, 0xFF, 0xBF, 0xFF, 0x5D,
  0xFF, 0xFF, 0xFF, 0xFF, 0xC7, 0xC7, 0xDB, 0xDB, 0xC7, 0xC7, 0xDF, 0xDF, 0xFF, 0xFF, 0xFF, 0xFF,
  0xFF, 0xFD, 0xFF, 0xEB, 0xC7, 0xFD, 0xDB, 0xED, 0xC7, 0xFA, 0xDF, 0x77, 0xFF, 0xFF, 0xFF, 0x5D,
  0x00, 0x00, 0x00, 0x00, 0x00, 0x00, 0x00, 0x00, 0x00, 0x00, 0x00, 0x00, 0x00, 0x00, 0x00, 0x00,
  0x00, 0x00, 0x00, 0x00, 0x00, 0x38, 0x00, 0x24, 0x00, 0x38, 0x00, 0x20, 0x00, 0x00, 0x00, 0x00,
  0x00, 0x00, 0x10, 0x10, 0x5A, 0x4A, 0x08, 0x4A, 0x0A, 0x58, 0x10, 0x18, 0xBF, 0xD5, 0xC3, 0x35,
  0x00, 0x00, 0x00, 0x00, 0x00, 0x00, 0x18, 0x10, 0x00, 0x00, 0x42, 0x42, 0x00, 0x00, 0x08, 0x08,
  0x28, 0x38, 0x00, 0x28, 0x28, 0x38, 0x92, 0x92, 0x1D, 0x1F, 0xA3, 0xFB, 0xFB, 0xB1, 0x37, 0x97,
  0x28, 0x00, 0x10, 0x10, 0x28, 0x00, 0x12, 0x00, 0x90, 0x80, 0x81, 0x00, 0x91, 0x00, 0x5D, 0x48,
  0xFF, 0xFF, 0xFF, 0xFF, 0xFE, 0xFF, 0xFC, 0xFF, 0xF8, 0xFF, 0xF0, 0xFF, 0xE0, 0xFF, 0xE0, 0xFF,
  0xFF, 0x69, 0xFF, 0x36, 0xFF, 0x1C, 0xFF, 0x18, 0xFF, 0x20, 0xFF, 0xE0, 0xFF, 0xC0, 0xFF, 0xC0,
  0xFE, 0xFF, 0xFE, 0xFF, 0x7F, 0xFF, 0xFF, 0xFF, 0x3F, 0xFF, 0x7F, 0xFF, 0x1F, 0xFF, 0x3F, 0xFF,
  0xFF, 0xE0, 0xFF, 0x38, 0xFF, 0x14, 0xFF, 0x2E, 0xFF, 0x0B, 0xFF, 0x05, 0xFF, 0x02, 0xFF, 0x01,
  0x7D, 0xFF, 0xFB, 0xFF, 0xF5, 0xFF, 0xEA, 0xFF, 0xE5, 0xFF, 0xF1, 0xFF, 0xFD, 0xFF, 0xFF, 0xFF,
  0xFF, 0x10, 0xFF, 0x20, 0xFF, 0x60, 0xFF, 0x40, 0xFF, 0xC0, 0xFF, 0x80, 0xFF, 0x80, 0xFF, 0x80,
  0xFF, 0xFF, 0xFF, 0xFF, 0xFF, 0xFF, 0xFF, 0xFF, 0xFF, 0xFF, 0xFF, 0xFF, 0xFF, 0xFF, 0xFF, 0xFF,
  0xFF, 0x0B, 0xFF, 0x17, 0xFF, 0x0B, 0xFF, 0x15, 0xFF, 0x02, 0xFF, 0x05, 0xFF, 0x0B, 0xFF, 0x17,
  0xFF, 0xFF, 0xFF, 0xFF, 0xFF, 0xFF, 0xFB, 0xFF, 0xF5, 0xFF, 0xFD, 0xFF, 0xFD, 0xFF, 0xFF, 0xFF,
  0xFF, 0x0F, 0xFF, 0x0C, 0xFF, 0x30, 0xFF, 0x30, 0xFF, 0x60, 0xFF, 0xE0, 0xFF, 0xF0, 0xFF, 0xF9,
  0xFB, 0xFF, 0xF3, 0xFF, 0xF3, 0xFF, 0xF7, 0xFF, 0xFF, 0xFF, 0xFF, 0xFF, 0xFF, 0xFF, 0xFF, 0xFF,
  0xFF, 0xC0, 0xFF, 0x60, 0xFF, 0x20, 0xFF, 0x30, 0xFF, 0x10, 0xFF, 0x59, 0xFF, 0xBD, 0xFF, 0x5F,
  0xFF, 0xFF, 0xFF, 0xFF, 0xFF, 0xFF, 0xFF, 0xFF, 0xFF, 0xFF, 0xFF, 0xFF, 0xFF, 0xFF, 0xFF, 0xFF,
  0xFF, 0x18, 0xFF, 0x1A, 0xFF, 0x0D, 0xFF, 0x1E, 0xFF, 0xAF, 0xFF, 0x57, 0xFF, 0xFF, 0xFF, 0xFF,
  0xEF, 0xFF, 0xEF, 0xFF, 0xEF, 0xFF, 0xFF, 0xFF, 0xFF, 0xFF, 0xFF, 0xFF, 0xFF, 0xFF, 0xFF, 0xFF,
  0xFF, 0x00, 0xFF, 0x00, 0xFF, 0x00, 0xFF, 0x51, 0xFF, 0xA2, 0xFF, 0x55, 0xFF, 0xEB, 0xFF, 0xF7,
  0x00, 0x00, 0x00, 0x00, 0x00, 0x00, 0x00, 0x00, 0x00, 0x00, 0x00, 0x00, 0x00, 0x00, 0x00, 0x00,
  0x00, 0x00, 0x00, 0x00, 0x00, 0x00, 0x00, 0x00, 0x00, 0x00, 0x00, 0x00, 0x00, 0x00, 0x00, 0x00,
  0x00, 0x00, 0x00, 0x00, 0x00, 0x00, 0x00, 0x00, 0x00, 0x00, 0x00, 0x00, 0x00, 0x00, 0x00, 0x00,
  0x00, 0x00, 0x00, 0x00, 0x00, 0x00, 0x00, 0x00, 0x00, 0x00, 0x00, 0x00, 0x00, 0x00, 0x00, 0x00,
  0x00, 0x00, 0x00, 0x00, 0x00, 0x00, 0x00, 0x00, 0x00, 0x00, 0x00, 0x00, 0x00, 0x00, 0x00, 0x00,
  0x00, 0x00, 0x00, 0x00, 0x00, 0x00, 0x00, 0x00, 0x00, 0x00, 0x00, 0x00, 0x00, 0x00, 0x00, 0x00,
  0x00, 0x00, 0x00, 0x00, 0x00, 0x00, 0x00, 0x00, 0x00, 0x00, 0x00, 0x00, 0x00, 0x00, 0x00, 0x00,
  0x00, 0x00, 0x00, 0x00, 0x00, 0x00, 0x00, 0x00, 0x00, 0x00, 0x00, 0x00, 0x00, 0x00, 0x00, 0x00,
  0x00, 0x00, 0x00, 0x00, 0x00, 0x00, 0x00, 0x00, 0x00, 0x00, 0x00, 0x00, 0x00, 0x00, 0x00, 0x00,
  0x00, 0x00, 0x00, 0x00, 0x00, 0x00, 0x00, 0x00, 0x00, 0x00, 0x00, 0x00, 0x00, 0x00, 0x00, 0x00,
  0x00, 0x00, 0x00, 0x00, 0x00, 0x00, 0x00, 0x00, 0x00, 0x00, 0x00, 0x00, 0x00, 0x00, 0x00, 0x00,
  0x00, 0x00, 0x00, 0x00, 0x00, 0x00, 0x00, 0x00, 0x00, 0x00, 0x00, 0x00, 0x00, 0x00, 0x00, 0x00,
  0x00, 0x00, 0x00, 0x00, 0x00, 0x00, 0x00, 0x00, 0x00, 0x00, 0x00, 0x00, 0x00, 0x00, 0x00, 0x00,
  0x00, 0x00, 0x00, 0x00, 0x00, 0x00, 0x00, 0x00, 0x00, 0x00, 0x00, 0x00, 0x00, 0x00, 0x00, 0x00,
  0x00, 0x00, 0x00, 0x00, 0x00, 0x00, 0x00, 0x00, 0x00, 0x00, 0x00, 0x00, 0x00, 0x00, 0x00, 0x00,
  0x00, 0x00, 0x00, 0x00, 0x00, 0x00, 0x00, 0x00, 0x00, 0x00, 0x00, 0x00, 0x00, 0x00, 0x00, 0x00,
  0x00, 0x00, 0x00, 0x00, 0x00, 0x00, 0x00, 0x00, 0x00, 0x00, 0x00, 0x00, 0x00, 0x00, 0x00, 0x00,
  0x00, 0x00, 0x00, 0x00, 0x00, 0x00, 0x00, 0x00, 0x00, 0x00, 0x00, 0x00, 0x00, 0x00, 0x00, 0x00,
  0x00, 0x00, 0x00, 0x00, 0x00, 0x00, 0x00, 0x00, 0x00, 0x00, 0x00, 0x00, 0x00, 0x00, 0x00, 0x00,
  0x00, 0x00, 0x00, 0x00, 0x00, 0x00, 0x00, 0x00, 0x00, 0x00, 0x00, 0x00, 0x00, 0x00, 0x00, 0x00,
  0x00, 0x00, 0x00, 0x00, 0x00, 0x00, 0x00, 0x00, 0x00, 0x00, 0x00, 0x00, 0x00, 0x00, 0x00, 0x00,
  0x00, 0x00, 0x00, 0x00, 0x00, 0x00, 0x00, 0x00, 0x00, 0x00, 0x00, 0x00, 0x00, 0x00, 0x00, 0x00,
  0x00, 0x00, 0x00, 0x00, 0x00, 0x00, 0x00, 0x00, 0x00, 0x00, 0x00, 0x00, 0x00, 0x00, 0x00, 0x00,
  0x00, 0x00, 0x00, 0x00, 0x00, 0x00, 0x00, 0x00, 0x00, 0x00, 0x00, 0x00, 0x00, 0x00, 0x00, 0x00,
  0x00, 0x00, 0x00, 0x00, 0x00, 0x00, 0x00, 0x00, 0x00, 0x00, 0x00, 0x00, 0x00, 0x00, 0x00, 0x00,
  0x00, 0x00, 0x00, 0x00, 0x00, 0x00, 0x00, 0x00, 0x00, 0x00, 0x00, 0x00, 0x00, 0x00, 0x00, 0x00,
  0x00, 0x00, 0x00, 0x00, 0x00, 0x00, 0x00, 0x00, 0x00, 0x00, 0x00, 0x00, 0x00, 0x00, 0x00, 0x00,
  0x00, 0x00, 0x00, 0x00, 0x00, 0x00, 0x00, 0x00, 0x00, 0x00, 0x00, 0x00, 0x00, 0x00, 0x00, 0x00,
  0x00, 0x00, 0x00, 0x00, 0x00, 0x00, 0x00, 0x00, 0x00, 0x00, 0x00, 0x00, 0x00, 0x00, 0x00, 0x00,
  0x00, 0x00, 0x00, 0x00, 0x00, 0x00, 0x00, 0x00, 0x00, 0x00, 0x00, 0x00, 0x00, 0x00, 0x00, 0x00,
  0x00, 0x00, 0x00, 0x00, 0x00, 0x00, 0x00, 0x00, 0x00, 0x00, 0x00, 0x00, 0x00, 0x00, 0x00, 0x00,
  0x00, 0x00, 0x00, 0x00, 0x00, 0x00, 0x00, 0x00, 0x00, 0x00, 0x00, 0x00, 0x00, 0x00, 0x00, 0x00,
  0x00, 0x00, 0x00, 0x00, 0x00, 0x00, 0x00, 0x00, 0x00, 0x00, 0x00, 0x00, 0x00, 0x00, 0x00, 0x00,
  0x00, 0x00, 0x00, 0x00, 0x00, 0x00, 0x00, 0x00, 0x00, 0x00, 0x00, 0x00, 0x00, 0x00, 0x00, 0x00,
  0x00, 0x00, 0x00, 0x00, 0x00, 0x00, 0x00, 0x00, 0x00, 0x00, 0x00, 0x00, 0x00, 0x00, 0x00, 0x00,
  0x00, 0x00, 0x00, 0x00, 0x00, 0x00, 0x00, 0x00, 0x00, 0x00, 0x00, 0x00, 0x00, 0x00, 0x00, 0x00,
  0x00, 0x00, 0x00, 0x00, 0x00, 0x00, 0x00, 0x00, 0x00, 0x00, 0x00, 0x00, 0x00, 0x00, 0x00, 0x00,
  0x00, 0x00, 0x00, 0x00, 0x00, 0x00, 0x00, 0x00, 0x00, 0x00, 0x00, 0x00, 0x00, 0x00, 0x00, 0x00,
  0x00, 0x00, 0x00, 0x00, 0x00, 0x00, 0x00, 0x00, 0x00, 0x00, 0x00, 0x00, 0x00, 0x00, 0x00, 0x00,
  0x00, 0x00, 0x00, 0x00, 0x00, 0x00, 0x00, 0x00, 0x00, 0x00, 0x00, 0x00, 0x00, 0x00, 0x00, 0x00,
  0x00, 0x00, 0x00, 0x00, 0x00, 0x00, 0x00, 0x00, 0x00, 0x00, 0x00, 0x00, 0x00, 0x00, 0x00, 0x00,
  0x00, 0x00, 0x00, 0x00, 0x00, 0x00, 0x00, 0x00, 0x00, 0x00, 0x00, 0x00, 0x00, 0x00, 0x00, 0x00,
  0x00, 0x00, 0x00, 0x00, 0x00, 0x00, 0x00, 0x00, 0x00, 0x00, 0x00, 0x00, 0x00, 0x00, 0x00, 0x00,
  0x00, 0x00, 0x00, 0x00, 0x00, 0x00, 0x00, 0x00, 0x00, 0x00, 0x00, 0x00, 0x00, 0x00, 0x00, 0x00,
  0x00, 0x00, 0x00, 0x00, 0x00, 0x00, 0x00, 0x00, 0x00, 0x00, 0x00, 0x00, 0x00, 0x00, 0x00, 0x00,
  0x00, 0x00, 0x00, 0x00, 0x00, 0x00, 0x00, 0x00, 0x00, 0x00, 0x00, 0x00, 0x00, 0x00, 0x00, 0x00,
  0x00, 0x00, 0x00, 0x00, 0x00, 0x00, 0x00, 0x00, 0x00, 0x00, 0x00, 0x00, 0x00, 0x00, 0x00, 0x00,
  0x00, 0x00, 0x00, 0x00, 0x00, 0x00, 0x00, 0x00, 0x00, 0x00, 0x00, 0x00, 0x00, 0x00, 0x00, 0x00,
  0x00, 0x00, 0x00, 0x00, 0x00, 0x00, 0x00, 0x00, 0x00, 0x00, 0x00, 0x00, 0x00, 0x00, 0x00, 0x00,
  0x00, 0x00, 0x00, 0x00, 0x00, 0x00, 0x00, 0x00, 0x00, 0x00, 0x00, 0x00, 0x00, 0x00, 0x00, 0x00,
  0x00, 0x00, 0x00, 0x00, 0x00, 0x00, 0x00, 0x00, 0x00, 0x00, 0x00, 0x00, 0x00, 0x00, 0x00, 0x00,
  0x00, 0x00, 0x00, 0x00, 0x00, 0x00, 0x00, 0x00, 0x00, 0x00, 0x00, 0x00, 0x00, 0x00, 0x00, 0x00,
  0x00, 0x00, 0x00, 0x00, 0x00, 0x00, 0x00, 0x00, 0x00, 0x00, 0x00, 0x00, 0x00, 0x00, 0x00, 0x00,
  0x00, 0x00, 0x00, 0x00, 0x00, 0x00, 0x00, 0x00, 0x00, 0x00, 0x00, 0x00, 0x00, 0x00, 0x00, 0x00,
  0x00, 0x00, 0x00, 0x00, 0x00, 0x00, 0x00, 0x00, 0x00, 0x00, 0x00, 0x00, 0x00, 0x00, 0x00, 0x00,
  0x00, 0x00, 0x00, 0x00, 0x00, 0x00, 0x00, 0x00, 0x00, 0x00, 0x00, 0x00, 0x00, 0x00, 0x00, 0x00,
  0x00, 0x00, 0x00, 0x00, 0x00, 0x00, 0x00, 0x00, 0x00, 0x00, 0x00, 0x00, 0x00, 0x00, 0x00, 0x00,
  0x00, 0x00, 0x00, 0x00, 0x00, 0x00, 0x00, 0x00, 0x00, 0x00, 0x00, 0x00, 0x00, 0x00, 0x00, 0x00,
  0x00, 0x00, 0x00, 0x00, 0x00, 0x00, 0x00, 0x00, 0x00, 0x00, 0x00, 0x00, 0x00, 0x00, 0x00, 0x00,
  0x00, 0x00, 0x00, 0x00, 0x00, 0x00, 0x00, 0x00, 0x00, 0x00, 0x00, 0x00, 0x00, 0x00, 0x00, 0x00,
  0x00, 0x00, 0x00, 0x00, 0x00, 0x00, 0x00, 0x00, 0x00, 0x00, 0x00, 0x00, 0x00, 0x00, 0x00, 0x00,
  0x00, 0x00, 0x00, 0x00, 0x00, 0x00, 0x00, 0x00, 0x00, 0x00, 0x00, 0x00, 0x00, 0x00, 0x00, 0x00,
  0x00, 0x00, 0x00, 0x00, 0x00, 0x00, 0x00, 0x00, 0x00, 0x00, 0x00, 0x00, 0x00, 0x00, 0x00, 0x00,
  0x00, 0x00, 0x00, 0x00, 0x00, 0x00, 0x00, 0x00, 0x00, 0x00, 0x00, 0x00, 0x00, 0x00, 0x00, 0x00,
  0x00, 0x00, 0x00, 0x00, 0x00, 0x00, 0x00, 0x00, 0x00, 0x00, 0x00, 0x00, 0x00, 0x00, 0x00, 0x00,
  0x00, 0x00, 0x00, 0x00, 0x00, 0x00, 0x00, 0x00, 0x00, 0x00, 0x00, 0x00, 0x00, 0x00, 0x00, 0x00,
  0x00, 0x00, 0x00, 0x00, 0x00, 0x00, 0x00, 0x00, 0x00, 0x00, 0x00, 0x00, 0x00, 0x00, 0x00, 0x00,
  0x00, 0x00, 0x00, 0x00, 0x00, 0x00, 0x00, 0x00, 0x00, 0x00, 0x00, 0x00, 0x00, 0x00, 0x00, 0x00,
  0x00, 0x00, 0x00, 0x00, 0x00, 0x00, 0x00, 0x00, 0x00, 0x00, 0x00, 0x00, 0x00, 0x00, 0x00, 0x00,
  0x00, 0x00, 0x00, 0x00, 0x00, 0x00, 0x00, 0x00, 0x00, 0x00, 0x00, 0x00, 0x00, 0x00, 0x00, 0x00,
  0x00, 0x00, 0x00, 0x00, 0x00, 0x00, 0x00, 0x00, 0x00, 0x00, 0x00, 0x00, 0x00, 0x00, 0x00, 0x00,
  0x00, 0x00, 0x00, 0x00, 0x00, 0x00, 0x00, 0x00, 0x00, 0x00, 0x00, 0x00, 0x00, 0x00, 0x00, 0x00,
  0x00, 0x00, 0x00, 0x00, 0x00, 0x00, 0x00, 0x00, 0x00, 0x00, 0x00, 0x00, 0x00, 0x00, 0x00, 0x00,
  0x00, 0x00, 0x00, 0x00, 0x00, 0x00, 0x00, 0x00, 0x00, 0x00, 0x00, 0x00, 0x00, 0x00, 0x00, 0x00,
  0x00, 0x00, 0x00, 0x00, 0x00, 0x00, 0x00, 0x00, 0x00, 0x00, 0x00, 0x00, 0x00, 0x00, 0x00, 0x00,
  0x00, 0x00, 0x00, 0x00, 0x00, 0x00, 0x00, 0x00, 0x00, 0x00, 0x00, 0x00, 0x00, 0x00, 0x00, 0x00,
  0x00, 0x00, 0x00, 0x00, 0x00, 0x00, 0x00, 0x00, 0x00, 0x00, 0x00, 0x00, 0x00, 0x00, 0x00, 0x00,
  0x00, 0x00, 0x00, 0x00, 0x00, 0x00, 0x00, 0x00, 0x00, 0x00, 0x00, 0x00, 0x00, 0x00, 0x00, 0x00,
  0x00, 0x00, 0x00, 0x00, 0x00, 0x00, 0x00, 0x00, 0x00, 0x00, 0x00, 0x00, 0x00, 0x00, 0x00, 0x00,
  0x00, 0x00, 0x00, 0x00, 0x00, 0x00, 0x00, 0x00, 0x00, 0x00, 0x00, 0x00, 0x00, 0x00, 0x00, 0x00,
  0x00, 0x00, 0x00, 0x00, 0x00, 0x00, 0x00, 0x00, 0x00, 0x00, 0x00, 0x00, 0x00, 0x00, 0x00, 0x00,
  0x00, 0x00, 0x00, 0x00, 0x00, 0x00, 0x00, 0x00, 0x00, 0x00, 0x00, 0x00, 0x00, 0x00, 0x00, 0x00,
  0x00, 0x00, 0x00, 0x00, 0x00, 0x00, 0x00, 0x00, 0x00, 0x00, 0x00, 0x00, 0x00, 0x00, 0x00, 0x00,
  0x00, 0x00, 0x00, 0x00, 0x00, 0x00, 0x00, 0x00, 0x00, 0x00, 0x00, 0x00, 0x00, 0x00, 0x00, 0x00,
  0x00, 0x00, 0x00, 0x00, 0x00, 0x00, 0x00, 0x00, 0x00, 0x00, 0x00, 0x00, 0x00, 0x00, 0x00, 0x00,
  0x00, 0x00, 0x00, 0x00, 0x00, 0x00, 0x00, 0x00, 0x00, 0x00, 0x00, 0x00, 0x00, 0x00, 0x00, 0x00,
  0x00, 0x00, 0x00, 0x00, 0x00, 0x00, 0x00, 0x00, 0x00, 0x00, 0x00, 0x00, 0x00, 0x00, 0x00, 0x00,
  0x00, 0x00, 0x00, 0x00, 0x00, 0x00, 0x00, 0x00, 0x00, 0x00, 0x00, 0x00, 0x00, 0x00, 0x00, 0x00,
  0x00, 0x00, 0x00, 0x00, 0x00, 0x00, 0x00, 0x00, 0x00, 0x00, 0x00, 0x00, 0x00, 0x00, 0x00, 0x00,
  0x00, 0x00, 0x00, 0x00, 0x00, 0x00, 0x00, 0x00, 0x00, 0x00, 0x00, 0x00, 0x00, 0x00, 0x00, 0x00,
  0x00, 0x00, 0x00, 0x00, 0x00, 0x00, 0x00, 0x00, 0x00, 0x00, 0x00, 0x00, 0x00, 0x00, 0x00, 0x00,
  0x00, 0x00, 0x00, 0x00, 0x00, 0x00, 0x00, 0x00, 0x00, 0x00, 0x00, 0x00, 0x00, 0x00, 0x00, 0x00,
  0x00, 0x00, 0x00, 0x00, 0x00, 0x00, 0x00, 0x00, 0x00, 0x00, 0x00, 0x00, 0x00, 0x00, 0x00, 0x00,
  0x00, 0x00, 0x00, 0x00, 0x00, 0x00, 0x00, 0x00, 0x00, 0x00, 0x00, 0x00, 0x00, 0x00, 0x00, 0x00,
  0x00, 0x00, 0x00, 0x00, 0x00, 0x00, 0x00, 0x00, 0x00, 0x00, 0x00, 0x00, 0x00, 0x00, 0x00, 0x00,
  0x00, 0x00, 0x00, 0x00, 0x00, 0x00, 0x00, 0x00, 0x00, 0x00, 0x00, 0x00, 0x00, 0x00, 0x00, 0x00,
  0x00, 0x00, 0x00, 0x00, 0x00, 0x00, 0x00, 0x00, 0x00, 0x00, 0x00, 0x00, 0x00, 0x00, 0x00, 0x00,
  0x00, 0x00, 0x00, 0x00, 0x00, 0x00, 0x00, 0x00, 0x00, 0x00, 0x00, 0x00, 0x00, 0x00, 0x00, 0x00,
  0x00, 0x00, 0x00, 0x00, 0x00, 0x00, 0x00, 0x00, 0x00, 0x00, 0x00, 0x00, 0x00, 0x00, 0x00, 0x00,
  0x00, 0x00, 0x00, 0x00, 0x00, 0x00, 0x00, 0x00, 0x00, 0x00, 0x00, 0x00, 0x00, 0x00, 0x00, 0x00,
  0x00, 0x00, 0x00, 0x00, 0x00, 0x00, 0x00, 0x00, 0x00, 0x00, 0x00, 0x00, 0x00, 0x00, 0x00, 0x00,
  0x00, 0x00, 0x00, 0x00, 0x00, 0x00, 0x00, 0x00, 0x00, 0x00, 0x00, 0x00, 0x00, 0x00, 0x00, 0x00,
  0x00, 0x00, 0x00, 0x00, 0x00, 0x00, 0x00, 0x00, 0x00, 0x00, 0x00, 0x00, 0x00, 0x00, 0x00, 0x00,
  0x00, 0x00, 0x00, 0x00, 0x00, 0x00, 0x00, 0x00, 0x00, 0x00, 0x00, 0x00, 0x00, 0x00, 0x00, 0x00,
  0x00, 0x00, 0x00, 0x00, 0x00, 0x00, 0x00, 0x00, 0x00, 0x00, 0x00, 0x00, 0x00, 0x00, 0x00, 0x00,
  0x00, 0x00, 0x00, 0x00, 0x00, 0x00, 0x00, 0x00, 0x00, 0x00, 0x00, 0x00, 0x00, 0x00, 0x00, 0x00,
  0x00, 0x00, 0x00, 0x00, 0x00, 0x00, 0x00, 0x00, 0x00, 0x00, 0x00, 0x00, 0x00, 0x00, 0x00, 0x00,
  0x00, 0x00, 0x00, 0x00, 0x00, 0x00, 0x00, 0x00, 0x00, 0x00, 0x00, 0x00, 0x00, 0x00, 0x00, 0x00,
  0x00, 0x00, 0x00, 0x00, 0x00, 0x00, 0x00, 0x00, 0x00, 0x00, 0x00, 0x00, 0x00, 0x00, 0x00, 0x00,
  0x00, 0x00, 0x00, 0x00, 0x00, 0x00, 0x00, 0x00, 0x00, 0x00, 0x00, 0x00, 0x00, 0x00, 0x00, 0x00,
  0x00, 0x00, 0x00, 0x00, 0x00, 0x00, 0x00, 0x00, 0x00, 0x00, 0x00, 0x00, 0x00, 0x00, 0x00, 0x00,
  0x00, 0x00, 0x00, 0x00, 0x00, 0x00, 0x00, 0x00, 0x00, 0x00, 0x00, 0x00, 0x00, 0x00, 0x00, 0x00,
  0x00, 0x00, 0x00, 0x00, 0x00, 0x00, 0x00, 0x00, 0x00, 0x00, 0x00, 0x00, 0x00, 0x00, 0x00, 0x00,
  0x00, 0x00, 0x00, 0x00, 0x00, 0x00, 0x00, 0x00, 0x00, 0x00, 0x00, 0x00, 0x00, 0x00, 0x00, 0x00,
  0x00, 0x00, 0x00, 0x00, 0x00, 0x00, 0x00, 0x00, 0x00, 0x00, 0x00, 0x00, 0x00, 0x00, 0x00, 0x00,
  0x00, 0x00, 0x00, 0x00, 0x00, 0x00, 0x00, 0x00, 0x00, 0x00, 0x00, 0x00, 0x00, 0x00, 0x00, 0x00,
  0x00, 0x00, 0x00, 0x00, 0x00, 0x00, 0x00, 0x00, 0x00, 0x00, 0x00, 0x00, 0x00, 0x00, 0x00, 0x00,
  0x00, 0x00, 0x00, 0x00, 0x00, 0x00, 0x00, 0x00, 0x00, 0x00, 0x00, 0x00, 0x00, 0x00, 0x00, 0x00,
  0x00, 0x00, 0x00, 0x00, 0x00, 0x00, 0x00, 0x00, 0x00, 0x00, 0x00, 0x00, 0x00, 0x00, 0x00, 0x00,
  0x00, 0x00, 0x00, 0x00, 0x00, 0x00, 0x00, 0x00, 0x00, 0x00, 0x00, 0x00, 0x00, 0x00, 0x00, 0x00,
  0x00, 0x00, 0x00, 0x00, 0x00, 0x00, 0x00, 0x00, 0x00, 0x00, 0x00, 0x00, 0x00, 0x00, 0x00, 0x00,
  0x00, 0x00, 0x00, 0x00, 0x00, 0x00, 0x00, 0x00, 0x00, 0x00, 0x00, 0x00, 0x00, 0x00, 0x00, 0x00,
  0x00, 0x00, 0x00, 0x00, 0x00, 0x00, 0x00, 0x00, 0x00, 0x00, 0x00, 0x00, 0x00, 0x00, 0x00, 0x00,
  0x00, 0x00, 0x00, 0x00, 0x00, 0x00, 0x00, 0x00, 0x00, 0x00, 0x00, 0x00, 0x00, 0x00, 0x00, 0x00,
  0x00, 0x00, 0x00, 0x00, 0x00, 0x00, 0x00, 0x00, 0x00, 0x00, 0x00, 0x00, 0x00, 0x00, 0x00, 0x00,
  0x00, 0x00, 0x00, 0x00, 0x00, 0x00, 0x00, 0x00, 0x00, 0x00, 0x00, 0x00, 0x00, 0x00, 0x00, 0x00,
  0x00, 0x00, 0x00, 0x00, 0x00, 0x00, 0x00, 0x00, 0x00, 0x00, 0x00, 0x00, 0x00, 0x00, 0x00, 0x00,
  0x00, 0x00, 0x00, 0x00, 0x00, 0x00, 0x00, 0x00, 0x00, 0x00, 0x00, 0x00, 0x00, 0x00, 0x00, 0x00,
  0xFF, 0x00, 0xFF, 0x00, 0xFF, 0x00, 0xAB, 0x54, 0x00, 0xFF, 0x00, 0xFF, 0xFF, 0xFF, 0xFF, 0xFF,
  0xFF, 0x00, 0xFF, 0x00, 0xFF, 0x00, 0xFF, 0x00, 0xFF, 0x00, 0xFF, 0x00, 0xFF, 0x00, 0xFF, 0x00,
  0xCC, 0x3C, 0xFF, 0x00, 0x00, 0x00, 0xFE, 0x00, 0x37, 0xC8, 0x01, 0xFE, 0xD4, 0xFF, 0xFF, 0xFF,
  0xFC, 0x00, 0xFF, 0x00, 0xFF, 0x3E, 0xFF, 0x00, 0xFF, 0x00, 0xFF, 0x00, 0xFF, 0x00, 0xFF, 0x00,
  0x00, 0x00, 0x90, 0x70, 0xF9, 0x07, 0x07, 0x00, 0xF0, 0x00, 0xBF, 0x40, 0x00, 0xFF, 0xFF, 0xFF,
  0x00, 0x00, 0xF0, 0x00, 0xFF, 0x00, 0xFF, 0x00, 0xFF, 0x00, 0xFF, 0x00, 0xFF, 0x00, 0xFF, 0x00,
  0x00, 0x00, 0x00, 0x00, 0x00, 0x00, 0xA0, 0x60, 0xA8, 0x18, 0xFA, 0x06, 0x01, 0xFF, 0xFF, 0xFF,
  0x00, 0x00, 0x00, 0x00, 0x00, 0x00, 0xE0, 0x00, 0xF8, 0x00, 0xFE, 0x00, 0xFF, 0x00, 0xFF, 0x00,
  0x00, 0x00, 0x00, 0x00, 0xA0, 0x60, 0xA4, 0x5C, 0x01, 0xFF, 0x00, 0xFF, 0xFF, 0xFF, 0xFF, 0xFF,
  0x00, 0x00, 0x00, 0x00, 0xE0, 0x00, 0xFC, 0x00, 0xFF, 0x00, 0xFF, 0x00, 0xFF, 0x00, 0xFF, 0x00,
  0x00, 0x00, 0x05, 0x06, 0x02, 0x03, 0x01, 0x01, 0x00, 0x00, 0x80, 0x80, 0xE0, 0xE0, 0xF0, 0xF0,
  0x00, 0x00, 0x07, 0x00, 0x03, 0x00, 0x01, 0x00, 0x00, 0x00, 0x80, 0x00, 0xE0, 0x00, 0xF0, 0x00,
  0x00, 0x00, 0x90, 0x70, 0xF9, 0x07, 0x7F, 0x80, 0xBF, 0xC0, 0x5F, 0x60, 0x20, 0x3F, 0x1F, 0x1F,
  0x00, 0x00, 0xF0, 0x00, 0xFF, 0x00, 0xFF, 0x00, 0xFF, 0x00, 0x7F, 0x00, 0x3F, 0x00, 0x1F, 0x00,
  0x00, 0x7F, 0x7F, 0x83, 0x7F, 0x8E, 0x73, 0x9F, 0x6E, 0xB2, 0x77, 0xA3, 0x76, 0xA2, 0x6F, 0xB3,
  0xFF, 0x00, 0xFF, 0x00, 0xFF, 0x00, 0xFF, 0x00, 0xFF, 0x00, 0xFF, 0x00, 0xFF, 0x00, 0xFF, 0x00,
  0x01, 0xFF, 0xFF, 0xC1, 0x7F, 0xF1, 0xCF, 0xF9, 0xF7, 0x4D, 0xFF, 0xC5, 0xFF, 0x45, 0xF7, 0xCD,
  0xFF, 0x00, 0xFF, 0x01, 0xFF, 0x01, 0xFF, 0x01, 0xFF, 0x01, 0xFF, 0x01, 0xFF, 0x01, 0xFF, 0x01,
  0x1A, 0x04, 0x21, 0x40, 0x59, 0x00, 0xAB, 0x06, 0x16, 0x8E, 0xBE, 0x08, 0x99, 0x40, 0x5E, 0x81,
  0x1F, 0x00, 0x7F, 0x00, 0x7F, 0x06, 0xFF, 0x10, 0xFF, 0x20, 0xFF, 0x00, 0xFF, 0x22, 0xFF, 0x00,
  0xF0, 0x48, 0x8E, 0xC2, 0xA0, 0x06, 0xD5, 0x2B, 0x99, 0x67, 0xF9, 0x0F, 0x79, 0x93, 0xB1, 0x93,
  0xF8, 0x00, 0xFE, 0x00, 0xFE, 0x50, 0xFF, 0x00, 0xFF, 0x01, 0xFF, 0x01, 0xFF, 0x00, 0xFF, 0x04,
  0x00, 0x7F, 0x7F, 0x80, 0x7F, 0x80, 0x7E, 0x81, 0x78, 0x87, 0x62, 0x9C, 0x09, 0xF0, 0x73, 0xC0,
  0xFF, 0x00, 0xFF, 0x00, 0xFF, 0x00, 0xFF, 0x00, 0xFF, 0x00, 0xFF, 0x00, 0xFF, 0x00, 0xFF, 0x00,
  0x01, 0xFF, 0xE7, 0x1D, 0x8F, 0x75, 0x3F, 0xCD, 0xFF, 0x19, 0xFF, 0x31, 0xFF, 0x61, 0xFF, 0x41,
  0xFF, 0x00, 0xFF, 0x00, 0xFF, 0x00, 0xFF, 0x00, 0xFF, 0x00, 0xFF, 0x00, 0xFF, 0x00, 0xFF, 0x00,
  0x00, 0x00, 0x00, 0x00, 0x03, 0x03, 0x31, 0x3E, 0x00, 0x00, 0x31, 0x3E, 0x03, 0x03, 0x00, 0x00,
  0x00, 0x00, 0x00, 0x00, 0x03, 0x00, 0x3F, 0x00, 0xFF, 0x0F, 0x3F, 0x00, 0x03, 0x00, 0x00, 0x00,
  0x00, 0xFF, 0x00, 0x80, 0x3F, 0x80, 0x3F, 0x90, 0x3F, 0x80, 0x3F, 0x90, 0x3F, 0x80, 0x00, 0xFF,
  0xFF, 0x00, 0xFF, 0x40, 0xFF, 0x00, 0xFF, 0x00, 0xFF, 0x00, 0xFF, 0x00, 0xFF, 0x00, 0xFF, 0x00,
  0x00, 0xFF, 0x00, 0x00, 0xFF, 0x00, 0xFF, 0x54, 0xFF, 0x54, 0xFF, 0x54, 0xFF, 0x00, 0x00, 0x80,
  0xFF, 0x00, 0xFF, 0x00, 0xFF, 0x00, 0xFF, 0x00, 0xFF, 0x00, 0xFF, 0x00, 0xFF, 0x00, 0xFF, 0x40,
  0x42, 0xC3, 0xE8, 0x18, 0xFA, 0x06, 0xAA, 0x55, 0x00, 0xFF, 0x00, 0xFF, 0xFF, 0xFF, 0xFF, 0xFF,
  0xC3, 0x00, 0xF8, 0x00, 0xFE, 0x00, 0xFF, 0x00, 0xFF, 0x00, 0xFF, 0x00, 0xFF, 0x00, 0xFF, 0x00,
  0xCC, 0x3C, 0xBF, 0xC0, 0x2F, 0x30, 0x87, 0x88, 0x21, 0xE2, 0x08, 0xF8, 0xD4, 0xFC, 0xFF, 0xFF,
  0xFC, 0x00, 0xFF, 0x00, 0x3F, 0x00, 0x8F, 0x00, 0xE3, 0x00, 0xF8, 0x00, 0xFC, 0x00, 0xFF, 0x00,
  0x00, 0x00, 0x90, 0x70, 0xF9, 0x07, 0xFF, 0x00, 0xFF, 0x00, 0x7F, 0x80, 0x00, 0x7F, 0x3F, 0x3F,
  0x00, 0x00, 0xF0, 0x00, 0xFF, 0x00, 0xFF, 0x00, 0xFF, 0x00, 0xFF, 0x00, 0x7F, 0x00, 0x3F, 0x00,
  0x7F, 0x7F, 0x7F, 0x7F, 0x7F, 0x7F, 0x7F, 0x7F, 0x7F, 0x7F, 0x3F, 0x3F, 0x00, 0x00, 0x00, 0x00,
  0xFF, 0x00, 0xFF, 0x00, 0xFF, 0x00, 0xFF, 0x00, 0xFF, 0x00, 0x7F, 0x00, 0x3F, 0x00, 0x00, 0x00,
  0x00, 0x00, 0x00, 0x00, 0x00, 0x00, 0x00, 0x00, 0x40, 0xC0, 0x10, 0xF0, 0xFC, 0xFC, 0xFF, 0xFF,
  0x00, 0x00, 0x00, 0x00, 0x00, 0x00, 0x00, 0x00, 0xC0, 0x00, 0xF0, 0x00, 0xFC, 0x00, 0xFF, 0x00,
  0x00, 0x00, 0x00, 0x00, 0x01, 0x03, 0x02, 0x03, 0x01, 0x01, 0x00, 0x00, 0x00, 0x00, 0x00, 0x00,
  0x00, 0x00, 0x00, 0x00, 0x03, 0x00, 0x03, 0x00, 0x01, 0x00, 0x00, 0x00, 0x00, 0x00, 0x00, 0x00,
  0x00, 0x00, 0x00, 0x00, 0x00, 0x00, 0xA0, 0x60, 0x68, 0x98, 0xBA, 0xC6, 0x5C, 0x63, 0x7F, 0x7F,
  0x00, 0x00, 0x00, 0x00, 0x00, 0x00, 0xE0, 0x00, 0xF8, 0x00, 0xFE, 0x00, 0x7F, 0x00, 0x7F, 0x00,
  0x7A, 0xBE, 0x6F, 0xB7, 0x7F, 0xBA, 0x73, 0x9F, 0x7F, 0x8E, 0x7F, 0x83, 0x00, 0xFF, 0xFF, 0xFF,
  0xFF, 0x00, 0xFF, 0x00, 0xFF, 0x00, 0xFF, 0x00, 0xFF, 0x00, 0xFF, 0x00, 0xFF, 0x00, 0xFF, 0x7F,
  0xDF, 0x7D, 0xF7, 0xED, 0x7F, 0xDD, 0xCF, 0xF9, 0x7F, 0xF1, 0xFF, 0xC1, 0x01, 0xFF, 0xFF, 0xFF,
  0xFF, 0x01, 0xFF, 0x01, 0xFF, 0x01, 0xFF, 0x01, 0xFF, 0x01, 0xFF, 0x01, 0xFF, 0x01, 0xFF, 0xFF,
  0x33, 0x8C, 0xAD, 0x18, 0xB2, 0x01, 0x5F, 0x83, 0x8F, 0x62, 0x01, 0x7F, 0x6F, 0x5B, 0x1C, 0x1F,
  0xFF, 0x00, 0xFF, 0x40, 0xFF, 0x00, 0xFF, 0x00, 0xFF, 0x10, 0x7F, 0x00, 0x7F, 0x00, 0x1F, 0x00,
  0x71, 0x07, 0xFA, 0x07, 0xFB, 0xC6, 0x5C, 0xCA, 0xD9, 0x0F, 0x82, 0x7E, 0x36, 0xFE, 0xF8, 0xF8,
  0xFF, 0x01, 0xFF, 0x00, 0xFF, 0x00, 0xFF, 0x00, 0xFF, 0x08, 0xFE, 0x00, 0xFE, 0x02, 0xF8, 0x30,
  0x7F, 0xF0, 0x7F, 0x9C, 0x7F, 0x87, 0x7F, 0x81, 0x7F, 0x80, 0x7F, 0x80, 0x00, 0xFF, 0xFF, 0xFF,
  0xFF, 0x00, 0xFF, 0x00, 0xFF, 0x00, 0xFF, 0x00, 0xFF, 0x00, 0xFF, 0x00, 0xFF, 0x00, 0xFF, 0x00,
  0xFF, 0x61, 0xFF, 0x31, 0xFF, 0x19, 0xFF, 0xCD, 0xFF, 0x75, 0xFF, 0x0D, 0x01, 0xFF, 0xFF, 0xFF,
  0xFF, 0x00, 0xFF, 0x00, 0xFF, 0x00, 0xFF, 0x00, 0xFF, 0x00, 0xFF, 0x00, 0xFF, 0x00, 0xFF, 0x00,
  0x03, 0x02, 0x05, 0x07, 0xF9, 0xFF, 0x6C, 0x8B, 0x00, 0x08, 0x6C, 0x8B, 0xF9, 0xFF, 0x05, 0x07,
  0x02, 0x02, 0x07, 0x01, 0xFF, 0x09, 0xFF, 0x00, 0xFF, 0xF2, 0xFF, 0x00, 0xFF, 0x09, 0x07, 0x01,
  0xDF, 0x60, 0xDF, 0x60, 0xDF, 0x60, 0xE0, 0x7F, 0xFF, 0x7F, 0x7F, 0x3F, 0x3F, 0x00, 0x00, 0x00,
  0x40, 0x00, 0x40, 0x00, 0x40, 0x00, 0x40, 0x00, 0x60, 0x00, 0x3F, 0x00, 0x00, 0x00, 0x00, 0x00,
  0x1B, 0x87, 0x37, 0x8F, 0x3F, 0x8E, 0x3F, 0x8F, 0x37, 0x8F, 0x1B, 0x87, 0x00, 0xFF, 0x7F, 0x7F,
  0xFF, 0x00, 0xFC, 0x00, 0xF8, 0x00, 0xF8, 0x00, 0xFC, 0x00, 0xFF, 0x00, 0xFF, 0x00, 0x7F, 0x00,
  0xC0, 0xC0, 0xF8, 0xF8, 0xDC, 0xFC, 0x13, 0xFF, 0xB6, 0xDF, 0x2C, 0xF7, 0x66, 0xB7, 0xCF, 0xF7,
  0xC0, 0x00, 0xF8, 0x00, 0xFC, 0x00, 0xFF, 0x00, 0xFF, 0x00, 0xFF, 0x00, 0xFF, 0x00, 0xFF, 0x00,
  0x00, 0x00, 0x00, 0x00, 0x7E, 0x7E, 0xA4, 0xC4, 0x98, 0x08, 0x50, 0xB0, 0x73, 0xF3, 0xE5, 0xE5,
  0x00, 0x00, 0x00, 0x00, 0x7E, 0x00, 0xFC, 0x00, 0xF8, 0x00, 0xF0, 0x00, 0xF3, 0x00, 0xE7, 0x00,
  0xF0, 0x03, 0xF2, 0x01, 0x72, 0x81, 0xF2, 0x01, 0x7D, 0x83, 0xFE, 0x01, 0x70, 0x8F, 0x0F, 0xFF,
  0xFF, 0x00, 0xFF, 0x00, 0xFF, 0x00, 0xFF, 0x00, 0xFF, 0x00, 0xFF, 0x00, 0xFF, 0x00, 0xF0, 0x00,
  0x0C, 0x0C, 0x3C, 0x34, 0xEC, 0xE4, 0xD8, 0x88, 0xB8, 0x18, 0x70, 0xB0, 0x70, 0xF0, 0xE0, 0xE0,
  0x0C, 0x00, 0x3C, 0x00, 0xFC, 0x00, 0xF8, 0x00, 0xF8, 0x00, 0xF0, 0x00, 0xF0, 0x00, 0xE0, 0x00,
  0xE7, 0x7F, 0xA3, 0xDF, 0xE3, 0x9F, 0x41, 0xBF, 0x59, 0x27, 0x3D, 0x43, 0xB5, 0x43, 0xB1, 0x43,
  0xFF, 0x00, 0xFF, 0x00, 0xFF, 0x00, 0xFF, 0x00, 0xFF, 0x00, 0xFF, 0x00, 0xFF, 0x00, 0xFF, 0x00,
  0x18, 0x18, 0x68, 0x68, 0xD0, 0xC0, 0xB0, 0x90, 0x90, 0x30, 0x60, 0xA0, 0x60, 0xE0, 0xE0, 0xE0,
  0x18, 0x00, 0x78, 0x00, 0xF0, 0x00, 0xF0, 0x00, 0xF0, 0x00, 0xE0, 0x00, 0xE0, 0x00, 0xE0, 0x00,
  0xEF, 0x7F, 0xA9, 0xDF, 0xF3, 0x99, 0x45, 0xB3, 0x7B, 0x27, 0x2F, 0x5F, 0x9B, 0x7F, 0xB1, 0x7F,
  0xFF, 0x00, 0xFF, 0x00, 0xFF, 0x00, 0xFF, 0x00, 0xFF, 0x00, 0xFD, 0x00, 0xF9, 0x00, 0xF1, 0x00,
  0xE7, 0x7F, 0xA7, 0xDB, 0xF9, 0x87, 0x71, 0x87, 0x57, 0x21, 0x27, 0x43, 0xAD, 0x43, 0xBD, 0x43,
  0xFF, 0x00, 0xFF, 0x00, 0xFF, 0x00, 0xFF, 0x00, 0xFF, 0x00, 0xFD, 0x00, 0xFF, 0x00, 0xFF, 0x00,
  0x9E, 0xDC, 0xD1, 0x98, 0x9C, 0x19, 0x79, 0x9F, 0x9E, 0xFE, 0x2C, 0xF6, 0x66, 0xB7, 0x0B, 0xE7,
  0xFF, 0x21, 0xFF, 0x00, 0xFF, 0x00, 0xFF, 0x00, 0xFF, 0x00, 0xFF, 0x00, 0xFF, 0x00, 0xFF, 0x00,
  0xFF, 0xEF, 0xED, 0xC7, 0xCF, 0xC5, 0x4F, 0x47, 0x7D, 0x4F, 0xF9, 0x7D, 0x7B, 0xF1, 0xE1, 0xF3,
  0xFF, 0x00, 0xFF, 0x10, 0xFF, 0x00, 0xFF, 0x80, 0xFF, 0x01, 0xFF, 0x03, 0xFF, 0x00, 0xFF, 0x00,
  0x3D, 0x23, 0x1D, 0x23, 0x1D, 0x23, 0x3D, 0x03, 0x7D, 0x43, 0x3D, 0x43, 0x3C, 0x42, 0x78, 0x04,
  0x3F, 0x00, 0x3F, 0x00, 0x3F, 0x00, 0x3F, 0x00, 0x7F, 0x00, 0x7F, 0x00, 0x7E, 0x00, 0x7C, 0x00,
  0x03, 0x9F, 0xB3, 0xAF, 0x03, 0x3F, 0x73, 0x4F, 0x23, 0x5F, 0x73, 0x0F, 0xE3, 0x9F, 0x73, 0x8F,
  0x9F, 0x00, 0xBF, 0x00, 0x3F, 0x00, 0x7F, 0x00, 0x7F, 0x00, 0x7F, 0x00, 0xFF, 0x00, 0xFF, 0x00,
  0x50, 0x30, 0x20, 0x60, 0x40, 0x40, 0x00, 0x00, 0x01, 0x01, 0x03, 0x03, 0x03, 0x03, 0x07, 0x07,
  0x70, 0x00, 0x60, 0x00, 0x40, 0x00, 0x00, 0x00, 0x01, 0x00, 0x03, 0x00, 0x03, 0x00, 0x07, 0x00,
  0x01, 0x03, 0x05, 0x07, 0x03, 0x05, 0x0F, 0x09, 0x07, 0x09, 0x1D, 0x13, 0x0B, 0x17, 0x14, 0x0C,
  0x03, 0x00, 0x07, 0x00, 0x07, 0x00, 0x0F, 0x00, 0x0F, 0x00, 0x1F, 0x00, 0x1F, 0x00, 0x1C, 0x00,
  0x00, 0x24, 0x14, 0x00, 0x3D, 0x17, 0x3B, 0x0F, 0x3D, 0x09, 0x39, 0xB1, 0x71, 0x01, 0x3F, 0x0F,
  0xFF, 0x80, 0xFF, 0x40, 0xFF, 0x00, 0xFF, 0x00, 0xFF, 0x01, 0xFF, 0x01, 0xFF, 0x01, 0xFF, 0x0F,
  0x01, 0xA8, 0x93, 0x01, 0x7F, 0x8B, 0x77, 0x9B, 0xBF, 0xDF, 0x93, 0xFF, 0x8F, 0xF7, 0xFB, 0xFF,
  0xFF, 0x00, 0xFF, 0x00, 0xFF, 0x00, 0xFF, 0x00, 0xFF, 0x82, 0xFF, 0x81, 0xFF, 0x82, 0xFF, 0xF0,
  0xD7, 0xEC, 0x8F, 0xFF, 0xBB, 0xD3, 0x77, 0xE3, 0x47, 0xE3, 0xAE, 0xC7, 0xD6, 0xEF, 0x4D, 0xFE,
  0xFF, 0x00, 0xFF, 0x00, 0xFF, 0x00, 0xFF, 0x00, 0xFF, 0x00, 0xFF, 0x00, 0xFF, 0x00, 0xFF, 0x00,
  0x5A, 0xFA, 0xD6, 0xB2, 0xD6, 0x66, 0x64, 0xC4, 0x5C, 0xEC, 0x76, 0xFE, 0x72, 0x3E, 0x66, 0x7E,
  0xFE, 0x00, 0xFE, 0x00, 0xFE, 0x00, 0xFC, 0x00, 0xFC, 0x00, 0xFE, 0x00, 0xFE, 0x00, 0xFE, 0x00,
  0xD7, 0xEC, 0x87, 0xF9, 0xAF, 0xDF, 0x79, 0xF9, 0x43, 0xE1, 0xA6, 0xC3, 0xDA, 0xE7, 0x4D, 0xFE,
  0xFF, 0x00, 0xFF, 0x00, 0xFF, 0x00, 0xFF, 0x00, 0xFF, 0x00, 0xFF, 0x00, 0xFF, 0x00, 0xFF, 0x00,
  0x57, 0xF7, 0xDD, 0xB9, 0xD2, 0x62, 0x64, 0xC4, 0x5C, 0xEC, 0x76, 0xFE, 0x72, 0x3E, 0x66, 0x7E,
  0xF7, 0x00, 0xFF, 0x00, 0xFE, 0x00, 0xFC, 0x00, 0xFC, 0x00, 0xFE, 0x00, 0xFE, 0x00, 0xFE, 0x00,
  0xD7, 0xEC, 0x87, 0xF9, 0xA1, 0xDF, 0x7F, 0xFF, 0x5D, 0xE3, 0xA1, 0xC0, 0xDB, 0xE7, 0x4D, 0xFE,
  0xFF, 0x00, 0xFF, 0x00, 0xFF, 0x00, 0xFF, 0x00, 0xFF, 0x00, 0xFF, 0x00, 0xFF, 0x00, 0xFF, 0x00,
  0x50, 0xF0, 0xDF, 0xBF, 0xD9, 0x60, 0x67, 0xC3, 0xDC, 0xEC, 0xF6, 0xFE, 0x72, 0x3E, 0x66, 0x7E,
  0xF0, 0x00, 0xFF, 0x00, 0xFF, 0x00, 0xFF, 0x00, 0xFC, 0x00, 0xFE, 0x00, 0xFE, 0x00, 0xFE, 0x00,
  0x75, 0xFB, 0x63, 0xFD, 0x76, 0xF9, 0xE0, 0xFD, 0xF5, 0xF8, 0xC8, 0xF6, 0xEA, 0xF6, 0xD2, 0xEE,
  0xE0, 0x00, 0xC0, 0x00, 0x80, 0x00, 0x82, 0x02, 0x82, 0x02, 0x81, 0x01, 0x81, 0x01, 0x81, 0x01,
  0x79, 0x87, 0x67, 0x9F, 0x4E, 0xBD, 0x3A, 0xFD, 0x71, 0xFE, 0xE2, 0xFE, 0xEA, 0xF6, 0xD6, 0xEE,
  0xFE, 0x00, 0xFE, 0x00, 0xF8, 0x00, 0xF0, 0x00, 0xE0, 0x00, 0xC1, 0x01, 0x81, 0x01, 0x81, 0x01,
  0x87, 0xCC, 0x8D, 0xFB, 0xDF, 0xFF, 0x7E, 0xFB, 0x57, 0xF9, 0xAA, 0xFF, 0xFE, 0xFF, 0xFF, 0xFF,
  0xFF, 0x00, 0xFF, 0x00, 0xFF, 0x00, 0xFF, 0x00, 0xFF, 0x00, 0xFF, 0x00, 0xFF, 0x00, 0xFF, 0x00,
  0x5F, 0xF3, 0x9D, 0xBD, 0x1F, 0x2A, 0xFD, 0x3E, 0xDD, 0xEF, 0x77, 0xFF, 0xF7, 0xFF, 0xFE, 0xFE,
  0xFF, 0x00, 0xFF, 0x40, 0xFF, 0x00, 0xFF, 0x00, 0xFF, 0x00, 0xFF, 0x00, 0xFF, 0x00, 0xFE, 0x00,
  0x79, 0x01, 0x71, 0x09, 0xF3, 0x83, 0xE5, 0x97, 0x43, 0xA7, 0x69, 0xAF, 0x83, 0x4F, 0xD3, 0x5F,
  0x79, 0x00, 0x79, 0x00, 0xF3, 0x00, 0xF7, 0x00, 0xE7, 0x00, 0xEF, 0x00, 0xCF, 0x00, 0xDF, 0x00,
  0x3D, 0x23, 0x1D, 0x23, 0x1D, 0x23, 0x3D, 0x03, 0x7D, 0x43, 0x3A, 0x46, 0x34, 0x4C, 0x68, 0x18,
  0x3F, 0x00, 0x3F, 0x00, 0x3F, 0x00, 0x3F, 0x00, 0x7F, 0x00, 0x7E, 0x00, 0x7C, 0x00, 0x78, 0x00,
  0x0B, 0x0F, 0x03, 0x0F, 0x13, 0x1F, 0x03, 0x1F, 0x03, 0x1F, 0x33, 0x2F, 0x03, 0x3F, 0x33, 0x0F,
  0x0F, 0x00, 0x0F, 0x00, 0x1F, 0x00, 0x1F, 0x00, 0x1F, 0x00, 0x3F, 0x00, 0x3F, 0x00, 0x3F, 0x00,
  0x28, 0x38, 0x10, 0x30, 0x00, 0x00, 0x00, 0x00, 0x00, 0x00, 0x00, 0x00, 0x00, 0x00, 0x00, 0x00,
  0x38, 0x00, 0x30, 0x00, 0x00, 0x00, 0x00, 0x00, 0x00, 0x00, 0x00, 0x00, 0x00, 0x00, 0x00, 0x00,
  0x7F, 0xAF, 0x31, 0x1F, 0x39, 0x17, 0x6D, 0xB3, 0x37, 0x1E, 0x3D, 0x0F, 0x7F, 0x3F, 0x7F, 0xFF,
  0xFF, 0x0F, 0xFF, 0x01, 0xFF, 0x01, 0xFF, 0x01, 0xFF, 0x00, 0xFF, 0x00, 0xFF, 0x09, 0xFF, 0x08,
  0xF7, 0xFB, 0x9F, 0xF3, 0xBF, 0xEF, 0xF3, 0xDF, 0xFF, 0x13, 0x6F, 0xBB, 0xFF, 0xFF, 0xFF, 0xFF,
  0xFF, 0xF0, 0xFF, 0x81, 0xFF, 0x82, 0xFF, 0x81, 0xFF, 0x00, 0xFF, 0x00, 0xFF, 0x0A, 0xFF, 0x91,
  0x00, 0x00, 0x00, 0x00, 0x3F, 0x00, 0x27, 0x08, 0x2D, 0x19, 0x39, 0x01, 0x31, 0x01, 0x3F, 0x0F,
  0xFF, 0x80, 0xFF, 0x40, 0xFF, 0x00, 0xFF, 0x00, 0xFF, 0x01, 0xFF, 0x01, 0xFF, 0x01, 0xFF, 0x0F,
  0x01, 0x00, 0x03, 0x01, 0xFF, 0x03, 0xE7, 0x0B, 0xAF, 0xDB, 0x9F, 0xE3, 0x8F, 0xF3, 0xFF, 0xF3,
  0xFF, 0x00, 0xFF, 0x00, 0xFF, 0x00, 0xFF, 0x00, 0xFF, 0x80, 0xFF, 0x80, 0xFF, 0x80, 0xFF, 0xF0,
  0x17, 0x18, 0xBF, 0xC7, 0x70, 0xB0, 0xC0, 0xC0, 0xC0, 0xC0, 0xC0, 0xC0, 0x83, 0xC3, 0xC6, 0x87,
  0x00, 0x00, 0x00, 0x00, 0x00, 0x00, 0x00, 0x00, 0x00, 0x00, 0x00, 0x00, 0x00, 0x00, 0x00, 0x00,
  0x17, 0x18, 0xBF, 0xC7, 0x70, 0xB0, 0xC0, 0xC0, 0xC0, 0xC0, 0xC1, 0xC1, 0x86, 0xC7, 0xE5, 0xA6,
  0x00, 0x00, 0x00, 0x00, 0x00, 0x00, 0x00, 0x00, 0x00, 0x00, 0x00, 0x00, 0x00, 0x00, 0x00, 0x00,
  0x17, 0x18, 0xBF, 0xC7, 0x70, 0xB0, 0xC0, 0xC0, 0xC3, 0xC3, 0xCE, 0xCF, 0xA9, 0xEE, 0xFB, 0xBC,
  0x00, 0x00, 0x00, 0x00, 0x00, 0x00, 0x00, 0x00, 0x00, 0x00, 0x00, 0x00, 0x00, 0x00, 0x00, 0x00,
  0x17, 0x18, 0xBF, 0xC7, 0x70, 0xB0, 0xC1, 0xC1, 0xC2, 0xC3, 0xC3, 0xC2, 0x83, 0xC2, 0xC3, 0xA3,
  0x00, 0x00, 0x00, 0x00, 0x00, 0x00, 0x00, 0x00, 0x00, 0x00, 0x00, 0x00, 0x00, 0x00, 0x00, 0x00,
  0xE8, 0x18, 0xFD, 0xE3, 0x0E, 0x0D, 0x83, 0x83, 0x43, 0xC3, 0x43, 0xC3, 0xC1, 0x43, 0xC3, 0xC5,
  0x00, 0x00, 0x00, 0x00, 0x00, 0x00, 0x00, 0x00, 0x00, 0x00, 0x00, 0x00, 0x00, 0x00, 0x00, 0x00,
  0x00, 0x00, 0x00, 0x00, 0x01, 0x01, 0x03, 0x03, 0x07, 0x07, 0x0D, 0x0F, 0x1B, 0x1D, 0x3F, 0x3F,
  0x00, 0x00, 0x00, 0x00, 0x01, 0x00, 0x03, 0x00, 0x07, 0x00, 0x0F, 0x00, 0x1F, 0x00, 0x3F, 0x00,
  0x1F, 0x1F, 0x25, 0x3F, 0x2D, 0x3F, 0x17, 0x2D, 0x0D, 0x25, 0x0D, 0x2D, 0x0D, 0x2D, 0x0F, 0x25,
  0x1F, 0x00, 0x3F, 0x00, 0x3F, 0x00, 0x3F, 0x00, 0x3F, 0x00, 0x3F, 0x00, 0x3F, 0x00, 0x3F, 0x00,
  0x78, 0x7F, 0xE6, 0xFD, 0xBF, 0xEC, 0xED, 0xA4, 0xAD, 0xA4, 0xAD, 0xAC, 0xED, 0xAC, 0xFE, 0xA5,
  0x7F, 0x00, 0xFF, 0x00, 0xFF, 0x00, 0xFF, 0x00, 0xFF, 0x00, 0xFF, 0x00, 0xFF, 0x00, 0xFF, 0x00,
  0xF8, 0xFF, 0x9E, 0x3D, 0xF6, 0xED, 0xA9, 0x9C, 0xFD, 0x3C, 0xF5, 0xEC, 0xBD, 0x1C, 0xD4, 0xCD,
  0xFF, 0x00, 0xFF, 0x00, 0xFF, 0x00, 0xFF, 0x00, 0xFF, 0x00, 0xFF, 0x00, 0xFF, 0x00, 0xFF, 0x00,
  0xFF, 0xFF, 0x8F, 0xFF, 0xB6, 0xF8, 0x2C, 0xF0, 0x46, 0xF9, 0x5F, 0xF9, 0xD8, 0xE6, 0x8F, 0xF6,
  0xFF, 0x00, 0xFF, 0x00, 0xFF, 0x00, 0xFF, 0x00, 0xFF, 0x00, 0xFF, 0x00, 0xFF, 0x00, 0xFF, 0x00,
  0x00, 0x7F, 0x7F, 0x83, 0x7C, 0x84, 0x7F, 0x8F, 0x78, 0x8E, 0x7F, 0x9F, 0x68, 0xAE, 0x78, 0xAE,
  0xFF, 0x00, 0xFF, 0x00, 0xFD, 0x03, 0xFF, 0x00, 0xFF, 0x00, 0xFF, 0x00, 0xFF, 0x00, 0xFF, 0x00,
  0x01, 0xFF, 0xFF, 0xC1, 0x3F, 0x21, 0xFF, 0xF1, 0x9F, 0x71, 0xFF, 0xF9, 0x97, 0x75, 0x9F, 0x75,
  0xFF, 0x00, 0xFF, 0x01, 0x3F, 0xC1, 0xFF, 0x01, 0xFF, 0x01, 0xFF, 0x01, 0xFF, 0x01, 0xFF, 0x01,
  0x25, 0x00, 0x3C, 0x1C, 0xE2, 0x3E, 0x59, 0x67, 0x65, 0x43, 0xE7, 0x43, 0x5B, 0x66, 0xA4, 0x3E,
  0x3F, 0x00, 0x7C, 0x00, 0xFE, 0x00, 0xFF, 0x00, 0xFF, 0x10, 0xFF, 0x00, 0xFF, 0x00, 0xBF, 0x01,
  0x70, 0x0C, 0x7A, 0x7E, 0x85, 0xFF, 0xAA, 0xC7, 0xAA, 0xC7, 0xF2, 0xCF, 0x7C, 0xFD, 0x3B, 0x7F,
  0xFC, 0x00, 0x7E, 0x00, 0xFF, 0x00, 0xFF, 0x10, 0xFF, 0x00, 0xFF, 0x00, 0xFD, 0x00, 0xFF, 0x00,
  0x3F, 0x0F, 0x31, 0x0F, 0x39, 0x07, 0x25, 0x0B, 0x2F, 0x18, 0x3F, 0x00, 0x7F, 0x3F, 0xFF, 0x7F,
  0xFF, 0x0F, 0xFF, 0x01, 0xFF, 0x01, 0xFF, 0x01, 0xFF, 0x00, 0xFF, 0x00, 0xFF, 0x00, 0xFF, 0x00,
  0xFF, 0xF3, 0x9F, 0xF3, 0xBF, 0xE3, 0xE7, 0xCB, 0xEF, 0x1B, 0xFF, 0x03, 0xFF, 0xFF, 0xFF, 0xFF,
  0xFF, 0xF0, 0xFF, 0x80, 0xFF, 0x80, 0xFF, 0x80, 0xFF, 0x00, 0xFF, 0x00, 0xFF, 0x02, 0xFF, 0x01,
  0xC5, 0x86, 0xE5, 0xA6, 0xE6, 0xA7, 0xC3, 0x83, 0xC0, 0x80, 0x80, 0xC0, 0xC0, 0xC0, 0xFF, 0xFF,
  0x00, 0x00, 0x00, 0x00, 0x00, 0x00, 0x00, 0x00, 0x00, 0x00, 0x00, 0x00, 0x00, 0x00, 0x00, 0x00,
  0xEB, 0xAC, 0xEB, 0xAC, 0xE5, 0xA6, 0xE6, 0xA7, 0xE1, 0xA1, 0x80, 0xC0, 0xC0, 0xC0, 0xFF, 0xFF,
  0x00, 0x00, 0x00, 0x00, 0x00, 0x00, 0x00, 0x00, 0x00, 0x00, 0x00, 0x00, 0x00, 0x00, 0x00, 0x00,
  0xF7, 0xB8, 0xF7, 0xB8, 0xFB, 0xBC, 0xE9, 0xAE, 0xEE, 0xAF, 0xA3, 0xE3, 0xC0, 0xC0, 0xFF, 0xFF,
  0x00, 0x00, 0x00, 0x00, 0x00, 0x00, 0x00, 0x00, 0x00, 0x00, 0x00, 0x00, 0x00, 0x00, 0x00, 0x00,
  0xC0, 0x83, 0xC2, 0x83, 0xCE, 0x87, 0xCF, 0x87, 0xCA, 0xA7, 0x8C, 0xC5, 0xC0, 0xC0, 0xFF, 0xFF,
  0x00, 0x00, 0x00, 0x00, 0x00, 0x00, 0x00, 0x00, 0x00, 0x00, 0x00, 0x00, 0x00, 0x00, 0x00, 0x00,
  0x03, 0xC1, 0x43, 0xC1, 0x63, 0xF1, 0xE3, 0xF1, 0x63, 0xF5, 0x21, 0xB3, 0x03, 0x03, 0xFF, 0xFF,
  0x00, 0x00, 0x00, 0x00, 0x00, 0x00, 0x00, 0x00, 0x00, 0x00, 0x00, 0x00, 0x00, 0x00, 0x00, 0x00,
  0xC1, 0x82, 0xC3, 0x82, 0xC7, 0x84, 0xC7, 0x85, 0xC7, 0xA4, 0x86, 0xC5, 0xC0, 0xC0, 0xFF, 0xFF,
  0x00, 0x00, 0x00, 0x00, 0x00, 0x00, 0x00, 0x00, 0x00, 0x00, 0x00, 0x00, 0x00, 0x00, 0x00, 0x00,
  0x03, 0xC1, 0x43, 0xC1, 0x63, 0xE1, 0xC3, 0xE1, 0xC3, 0xE5, 0x61, 0xE3, 0x03, 0x03, 0xFF, 0xFF,
  0x00, 0x00, 0x00, 0x00, 0x00, 0x00, 0x00, 0x00, 0x00, 0x00, 0x00, 0x00, 0x00, 0x00, 0x00, 0x00,
  0xA6, 0xFD, 0xAC, 0xFF, 0xE4, 0xFF, 0x78, 0x7F, 0x3F, 0x3F, 0x0B, 0x0D, 0x05, 0x07, 0x03, 0x03,
  0xFF, 0x00, 0xFF, 0x00, 0xFF, 0x00, 0x7F, 0x00, 0x3F, 0x00, 0x0F, 0x00, 0x07, 0x00, 0x03, 0x00,
  0x7C, 0x3D, 0xD6, 0xCD, 0x0E, 0xFD, 0xF8, 0xFF, 0x7F, 0x7F, 0x0B, 0x0D, 0x05, 0x07, 0x03, 0x03,
  0xFF, 0x00, 0xFF, 0x00, 0xFF, 0x00, 0xFF, 0x00, 0x7F, 0x00, 0x0F, 0x00, 0x07, 0x00, 0x03, 0x00,
  0xF0, 0xFF, 0xFF, 0xFF, 0xC8, 0xCF, 0x8F, 0xCE, 0xAB, 0xEF, 0x47, 0x6A, 0x62, 0x4A, 0x5A, 0x5F,
  0xFF, 0x00, 0xFF, 0x00, 0xCF, 0x00, 0xCF, 0x00, 0xEF, 0x00, 0x6F, 0x00, 0x6F, 0x00, 0x7F, 0x00,
  0x68, 0xBE, 0x7F, 0x9F, 0x7C, 0x86, 0x7F, 0x87, 0x7C, 0x86, 0x7E, 0x87, 0x03, 0xFF, 0xFF, 0xFF,
  0xFF, 0x00, 0xFF, 0x00, 0xFF, 0x00, 0xFF, 0x00, 0xFF, 0x00, 0xFF, 0x00, 0xFF, 0x00, 0xFF, 0x7F,
  0x97, 0x7D, 0xFF, 0xF9, 0xBF, 0x61, 0xFF, 0xE1, 0xBF, 0x61, 0x7F, 0xE1, 0xC1, 0xFF, 0xFF, 0xFF,
  0xFF, 0x01, 0xFF, 0x01, 0xFF, 0x01, 0xFF, 0x01, 0xFF, 0x01, 0xFF, 0x01, 0xFF, 0x01, 0xFF, 0xFF,
  0x1A, 0x1C, 0xBA, 0x3D, 0xCD, 0x5F, 0xF7, 0x4F, 0x46, 0xFF, 0xAD, 0xFD, 0x59, 0x79, 0x21, 0x3F,
  0x9F, 0x00, 0xBF, 0x00, 0xFF, 0x00, 0xFF, 0x00, 0xFF, 0x00, 0xFD, 0x00, 0x79, 0x00, 0x3F, 0x00,
  0x36, 0x7B, 0x7D, 0xFD, 0xDA, 0xFF, 0x4F, 0x3B, 0xCA, 0x3B, 0x15, 0xF7, 0xE2, 0xE6, 0x54, 0xFC,
  0xFF, 0x00, 0xFD, 0x00, 0xFF, 0x00, 0xFF, 0x00, 0xFF, 0x00, 0xF7, 0x00, 0xE6, 0x00, 0xFC, 0x00,
  0x3F, 0x3F, 0x34, 0x38, 0x7B, 0x7C, 0xCC, 0xF0, 0xCC, 0xF0, 0xDD, 0xB5, 0xCC, 0xF0, 0xFF, 0xFF,
  0x3F, 0x00, 0x3F, 0x01, 0x7F, 0x00, 0xFF, 0x01, 0xFF, 0x00, 0xBF, 0x00, 0xFF, 0x01, 0xFF, 0x00,
  0xF8, 0xF8, 0x58, 0x38, 0xBC, 0x7C, 0x66, 0x1E, 0x66, 0x1E, 0x76, 0x5E, 0x66, 0x1E, 0xFE, 0xFE,
  0xF8, 0x00, 0xF8, 0x00, 0xFC, 0x00, 0xFE, 0x00, 0xFE, 0x00, 0xFE, 0x00, 0xFE, 0x00, 0xFE, 0x00,
  0x3F, 0x3F, 0x34, 0x38, 0x7B, 0x7C, 0xCC, 0xF0, 0xCC, 0xF0, 0xDC, 0xF4, 0xCC, 0xF0, 0xFF, 0xFF,
  0x3F, 0x00, 0x3F, 0x01, 0x7F, 0x00, 0xFF, 0x01, 0xFF, 0x01, 0xFF, 0x01, 0xFF, 0x01, 0xFF, 0x00,
  0x6B, 0xF1, 0x71, 0xE1, 0x40, 0xF1, 0xC0, 0xE1, 0x80, 0xF0, 0xA6, 0xC0, 0x94, 0xE0, 0xAC, 0xC0,
  0xE4, 0x04, 0xCE, 0x0E, 0x8E, 0x0E, 0x9E, 0x1E, 0x8F, 0x0F, 0x99, 0x19, 0x8B, 0x0B, 0x93, 0x13,
  0x3F, 0x3F, 0x34, 0x38, 0x7B, 0x7C, 0xCC, 0xF0, 0xCC, 0xF0, 0xDD, 0xF5, 0xCC, 0xF0, 0xFF, 0xFF,
  0x3F, 0x00, 0x3F, 0x01, 0x7F, 0x00, 0xFF, 0x01, 0xFF, 0x01, 0xFF, 0x00, 0xFF, 0x01, 0xFF, 0x00,
  0xF8, 0xF8, 0x58, 0x38, 0xBC, 0x7C, 0x66, 0x1E, 0x66, 0x1E, 0x76, 0x5A, 0x66, 0x1E, 0xFE, 0xFE,
  0xF8, 0x00, 0xF8, 0x00, 0xFC, 0x00, 0xFE, 0x00, 0xFE, 0x00, 0xFA, 0x00, 0xFE, 0x00, 0xFE, 0x00,
  0x04, 0x04, 0x0A, 0x0C, 0x1F, 0x1F, 0x19, 0x1E, 0x0D, 0x0F, 0x7F, 0x7F, 0x6F, 0x47, 0xDD, 0xDE,
  0x07, 0x01, 0x0F, 0x00, 0x1F, 0x00, 0x1F, 0x00, 0x0F, 0x00, 0x7F, 0x00, 0x7F, 0x00, 0xFF, 0x00,
  0x7A, 0xFC, 0x76, 0xF8, 0xFF, 0xFF, 0x7C, 0x80, 0xFD, 0x99, 0xFF, 0xFF, 0x9C, 0xE0, 0x7F, 0xFF,
  0xFF, 0x01, 0xFF, 0x00, 0xFF, 0x00, 0xFF, 0x01, 0xE6, 0x00, 0xFF, 0x00, 0xFF, 0x01, 0xFF, 0x00,
  0x04, 0x04, 0x0A, 0x0C, 0x1F, 0x1F, 0x19, 0x1E, 0x0D, 0x0F, 0x7F, 0x7F, 0x6F, 0x47, 0xDE, 0xDF,
  0x07, 0x01, 0x0F, 0x00, 0x1F, 0x00, 0x1F, 0x00, 0x0E, 0x00, 0x7F, 0x00, 0x7F, 0x00, 0xFC, 0x00,
  0x7A, 0xFC, 0x76, 0xF8, 0xFF, 0xFF, 0x7C, 0x80, 0xE4, 0x99, 0xFF, 0xFF, 0x9C, 0xE0, 0xFF, 0xFF,
  0xFF, 0x01, 0xFF, 0x00, 0xFF, 0x00, 0xFF, 0x01, 0x66, 0x00, 0xFF, 0x00, 0xFF, 0x01, 0x7F, 0x00,
  0x04, 0x04, 0x0A, 0x0C, 0x1F, 0x1F, 0x19, 0x1E, 0x0C, 0x0F, 0x7F, 0x7F, 0x6F, 0x47, 0xDD, 0xDE,
  0x07, 0x01, 0x0F, 0x00, 0x1F, 0x00, 0x1F, 0x00, 0x0E, 0x00, 0x7F, 0x00, 0x7F, 0x00, 0xFF, 0x00,
  0x7A, 0xFC, 0x76, 0xF8, 0xFF, 0xFF, 0x7C, 0x80, 0x7C, 0x80, 0xFF, 0xFF, 0x9C, 0xE0, 0x7F, 0xFF,
  0xFF, 0x01, 0xFF, 0x00, 0xFF, 0x00, 0xFF, 0x01, 0x67, 0x01, 0xFF, 0x00, 0xFF, 0x01, 0xFF, 0x00,
  0x9F, 0x02, 0x9B, 0x06, 0x9F, 0x1C, 0x9B, 0x06, 0x9D, 0x03, 0x9F, 0x11, 0x8E, 0x5F, 0x8B, 0x1C,
  0xFF, 0x20, 0xFF, 0x00, 0xFF, 0x00, 0xFF, 0x20, 0xFF, 0x20, 0xFF, 0x20, 0xFF, 0x20, 0xFF, 0x00,
  0xD9, 0x37, 0xDD, 0x37, 0xEB, 0x1F, 0xB1, 0x7F, 0x79, 0xC7, 0xFB, 0x87, 0xFB, 0x47, 0xE5, 0x3F,
  0xFF, 0x00, 0xFF, 0x00, 0xFF, 0x02, 0xFF, 0x00, 0xFF, 0x00, 0xFF, 0x02, 0xFF, 0x02, 0xFF, 0x00,
  0xF7, 0x0C, 0xEF, 0x18, 0xEF, 0x18, 0xEF, 0x1C, 0xDE, 0x3D, 0x13, 0xFF, 0xEC, 0xF3, 0x1F, 0xF0,
  0xFF, 0x00, 0xFF, 0x00, 0xFF, 0x00, 0xFF, 0x00, 0xFF, 0x00, 0xFF, 0x00, 0xFF, 0x00, 0xFF, 0x00,
  0xF7, 0x0C, 0xF7, 0x0C, 0xF7, 0x0C, 0xEE, 0x1F, 0x19, 0xFF, 0xF6, 0xF9, 0x7E, 0xE1, 0xBE, 0x61,
  0xFF, 0x00, 0xFF, 0x00, 0xFF, 0x00, 0xFF, 0x00, 0xFF, 0x00, 0xFF, 0x00, 0xFF, 0x00, 0xFF, 0x00,
  0x3F, 0x79, 0x3F, 0x7E, 0x3F, 0x7F, 0x3F, 0x78, 0x3F, 0x67, 0x3F, 0x78, 0x3F, 0x7F, 0x3F, 0x7F,
  0x79, 0x39, 0x7E, 0x3E, 0x7F, 0x3F, 0x78, 0x38, 0x67, 0x27, 0x78, 0x38, 0x7F, 0x3F, 0x7F, 0x3F,
  0xF8, 0xFC, 0xF8, 0x3C, 0xF8, 0xDC, 0xF8, 0x3C, 0xF8, 0xFC, 0xF8, 0xFC, 0xF8, 0x7C, 0xF8, 0xBC,
  0xFC, 0xF8, 0x3C, 0x38, 0xDC, 0xD8, 0x3C, 0x38, 0xFC, 0xF8, 0xFC, 0xF8, 0x7C, 0x78, 0xBC, 0xB8,
  0x3F, 0x7C, 0x3F, 0x7E, 0x3F, 0x3F, 0x3F, 0x3E, 0x3F, 0x3E, 0x3F, 0x3F, 0x3F, 0x7C, 0x3F, 0x7D,
  0x7C, 0x3F, 0x7E, 0x3F, 0x7F, 0x3F, 0x7E, 0x3F, 0x7E, 0x3F, 0x7F, 0x3F, 0x7C, 0x3F, 0x7D, 0x3F,
  0xF8, 0x7C, 0xF8, 0xFC, 0xF8, 0x78, 0xF8, 0xF8, 0xF8, 0xF8, 0xF8, 0x78, 0xF8, 0x7C, 0xF8, 0xFC,
  0x7C, 0xF8, 0xFC, 0xF8, 0x7C, 0xF8, 0xFC, 0xF8, 0xFC, 0xF8, 0x7C, 0xF8, 0x7C, 0xF8, 0xFC, 0xF8,
  0x3F, 0x7F, 0x3C, 0x3C, 0x33, 0x33, 0x3C, 0x3C, 0x3F, 0x3F, 0x3F, 0x3F, 0x3C, 0x3C, 0x3B, 0x7B,
  0x7F, 0x3F, 0x7F, 0x3F, 0x7F, 0x7F, 0x7F, 0x7F, 0x7F, 0x7F, 0x7F, 0x7F, 0x7F, 0x3F, 0x7F, 0x3F,
  0x98, 0x9C, 0x78, 0x78, 0xF8, 0xF8, 0xF8, 0xF8, 0x18, 0x18, 0xE8, 0xE8, 0x18, 0x18, 0xF8, 0xFC,
  0xFC, 0xF8, 0xFC, 0xF8, 0xFC, 0xFC, 0xFC, 0xFC, 0xFC, 0xFC, 0xFC, 0xFC, 0xFC, 0xF8, 0xFC, 0xF8,
  0x0D, 0x0E, 0x0D, 0x0E, 0x0F, 0x0F, 0x06, 0x04, 0x06, 0x04, 0x04, 0x06, 0x02, 0x03, 0x01, 0x01,
  0x08, 0x00, 0x08, 0x00, 0x0F, 0x00, 0x07, 0x01, 0x07, 0x01, 0x07, 0x00, 0x03, 0x00, 0x01, 0x00,
  0x7F, 0xF6, 0x77, 0xFF, 0xE1, 0xE1, 0xFF, 0x7E, 0x7E, 0x2A, 0x2B, 0x2A, 0xFF, 0x2B, 0xFE, 0xFE,
  0x23, 0x00, 0x23, 0x00, 0xE1, 0x00, 0xFF, 0x00, 0xFF, 0x01, 0xFF, 0xD4, 0xFF, 0x00, 0xFE, 0x00,
  0x35, 0x16, 0xFC, 0xFE, 0xDC, 0x8E, 0x8D, 0x8E, 0xFE, 0x8F, 0xBB, 0xFF, 0xE3, 0xE4, 0x04, 0x07,
  0xF4, 0x40, 0xFD, 0x01, 0xFD, 0x01, 0xFC, 0x20, 0xFC, 0x00, 0xFF, 0x00, 0xE7, 0x00, 0x07, 0x00,
  0x68, 0xF2, 0x54, 0xDE, 0x6A, 0xEC, 0x7C, 0xFE, 0xE7, 0xFC, 0xE7, 0xE7, 0xFC, 0xA4, 0xA4, 0xFE,
  0x7F, 0x01, 0x5F, 0x00, 0x6F, 0x01, 0x7F, 0x00, 0x7F, 0x00, 0xFF, 0x00, 0xFF, 0x01, 0xFF, 0x00,
  0xF6, 0x09, 0x00, 0x80, 0x00, 0x00, 0xFF, 0x08, 0xF7, 0x78, 0xC8, 0xBF, 0xF7, 0x8F, 0xF7, 0x0C,
  0xFF, 0x00, 0xFF, 0x00, 0xFF, 0xFF, 0xFF, 0x00, 0xFF, 0x00, 0xFF, 0x00, 0xFF, 0x00, 0xFF, 0x00,
  0xFF, 0x00, 0x00, 0x40, 0x00, 0x00, 0xDF, 0x60, 0x6D, 0xF3, 0xD7, 0xBE, 0xD9, 0x3F, 0xEF, 0x18,
  0xFF, 0x00, 0xFF, 0x00, 0xFF, 0x79, 0xFF, 0x00, 0xFF, 0x00, 0xFF, 0x00, 0xFF, 0x00, 0xFF, 0x00,
  0x1D, 0x86, 0x93, 0x0F, 0x9F, 0x0C, 0x0F, 0x98, 0x9E, 0x11, 0x9D, 0x13, 0x9E, 0x0F, 0x9E, 0x43,
  0xFF, 0x20, 0xFF, 0x20, 0xFF, 0x20, 0xFF, 0x20, 0xFF, 0x20, 0xFF, 0x20, 0xFF, 0x20, 0xFF, 0x20,
  0xD9, 0x7F, 0xF9, 0x87, 0x79, 0xC7, 0x6D, 0xDF, 0xD3, 0xFF, 0x39, 0xE7, 0xF9, 0x27, 0xF9, 0x67,
  0xFF, 0x00, 0xFF, 0x00, 0xFF, 0x00, 0xFF, 0x00, 0xFF, 0x02, 0xFF, 0x00, 0xFF, 0x00, 0xFF, 0x00,
  0xDF, 0x30, 0xDF, 0x30, 0xBF, 0xF0, 0xEE, 0x71, 0xF1, 0x7F, 0x8F, 0xFF, 0xF3, 0x0E, 0xFB, 0x06,
  0xFF, 0x00, 0xFF, 0x00, 0xFF, 0x00, 0xFF, 0x00, 0xFF, 0x00, 0xFF, 0x00, 0xFF, 0x00, 0xFF, 0x00,
  0xDE, 0x31, 0xDD, 0x33, 0xDA, 0x37, 0x3E, 0xFF, 0xF1, 0xFF, 0x3E, 0xE1, 0xFF, 0x20, 0xFF, 0x20,
  0xFF, 0x00, 0xFF, 0x00, 0xFF, 0x00, 0xFF, 0x00, 0xFF, 0x00, 0xFF, 0x00, 0xFF, 0x00, 0xFF, 0x00,
  0x03, 0x03, 0x05, 0x07, 0x01, 0x07, 0x0D, 0x0B, 0x05, 0x0B, 0x1D, 0x13, 0x0D, 0x13, 0x1D, 0x03,
  0x00, 0x00, 0x00, 0x00, 0x00, 0x00, 0x00, 0x00, 0x00, 0x00, 0x00, 0x00, 0x00, 0x00, 0x00, 0x00,
  0xFF, 0xFF, 0xE7, 0xFF, 0xCB, 0xE7, 0xDB, 0xE7, 0xE7, 0xFF, 0xFF, 0xFF, 0xFF, 0xFF, 0xFF, 0xFF,
  0xFF, 0xE7, 0xE7, 0xC3, 0xD3, 0x91, 0xC3, 0x81, 0xE7, 0xC3, 0xFF, 0xE7, 0xFF, 0xFF, 0xFF, 0xFF,
  0x01, 0x01, 0x01, 0x01, 0x03, 0x03, 0x03, 0x03, 0x07, 0x07, 0x03, 0x07, 0x0B, 0x0F, 0x03, 0x0F,
  0x01, 0x00, 0x01, 0x00, 0x03, 0x00, 0x03, 0x00, 0x07, 0x00, 0x07, 0x00, 0x0F, 0x00, 0x0F, 0x00,
  0x01, 0x03, 0x05, 0x07, 0x03, 0x05, 0x0F, 0x09, 0x07, 0x09, 0x1D, 0x13, 0x0B, 0x17, 0x14, 0x0C,
  0x00, 0x00, 0x00, 0x00, 0x00, 0x00, 0x00, 0x00, 0x00, 0x00, 0x00, 0x00, 0x00, 0x00, 0x00, 0x00,
  0xFF, 0x00, 0xFF, 0x00, 0xFF, 0x00, 0xAB, 0x54, 0x00, 0xFF, 0x00, 0xFF, 0xFF, 0xFF, 0xFF, 0xFF,
  0x00, 0x00, 0x00, 0x00, 0x00, 0x00, 0x00, 0x00, 0x00, 0x00, 0x00, 0x00, 0x00, 0x00, 0x00, 0x00,
  0xCC, 0x3C, 0xFF, 0x00, 0xFF, 0x00, 0xFF, 0x00, 0x37, 0xC8, 0x01, 0xFE, 0xD4, 0xFF, 0xFF, 0xFF,
  0x00, 0x00, 0x00, 0x00, 0x00, 0x00, 0x00, 0x00, 0x00, 0x00, 0x00, 0x00, 0x00, 0x00, 0x00, 0x00,
  0x00, 0x00, 0x90, 0x70, 0xF9, 0x07, 0xFF, 0x00, 0xFF, 0x00, 0xBF, 0x40, 0x00, 0xFF, 0xFF, 0xFF,
  0x00, 0x00, 0x00, 0x00, 0x00, 0x00, 0x00, 0x00, 0x00, 0x00, 0x00, 0x00, 0x00, 0x00, 0x00, 0x00,
  0x00, 0x00, 0x00, 0x00, 0x00, 0x00, 0xA0, 0x60, 0xE8, 0x18, 0xFA, 0x06, 0x01, 0xFF, 0xFF, 0xFF,
  0x00, 0x00, 0x00, 0x00, 0x00, 0x00, 0x00, 0x00, 0x00, 0x00, 0x00, 0x00, 0x00, 0x00, 0x00, 0x00,
  0x0F, 0x0C, 0x39, 0x30, 0x6C, 0x70, 0x60, 0x50, 0x80, 0xE0, 0xAF, 0xCE, 0x79, 0x9F, 0x77, 0x99,
  0x0F, 0x00, 0x3F, 0x00, 0x6F, 0x01, 0x4F, 0x03, 0x9F, 0x09, 0xB1, 0x00, 0xE0, 0x00, 0xE0, 0x00,
  0x60, 0xE0, 0xD8, 0x38, 0xEC, 0x5C, 0xB4, 0xEC, 0x7E, 0x96, 0x2B, 0x5F, 0x1F, 0xFF, 0x87, 0xFF,
  0xE0, 0x00, 0xF8, 0x00, 0xBC, 0x00, 0x1C, 0x00, 0x0E, 0x00, 0x87, 0x80, 0xC7, 0x00, 0x6F, 0x00,
  0x00, 0x00, 0x01, 0x01, 0x02, 0x03, 0x04, 0x06, 0x08, 0x0C, 0x09, 0x0C, 0x11, 0x18, 0x11, 0x12,
  0x00, 0x00, 0x01, 0x00, 0x03, 0x00, 0x07, 0x01, 0x0F, 0x02, 0x0F, 0x00, 0x1F, 0x04, 0x1F, 0x08,
  0x69, 0x70, 0x67, 0x80, 0x9F, 0x00, 0x77, 0x0F, 0xC6, 0x39, 0x90, 0x60, 0x20, 0xCE, 0xC6, 0x9F,
  0x7F, 0x04, 0xFF, 0x10, 0xFF, 0x40, 0xFF, 0x00, 0xFF, 0x00, 0xFF, 0x0E, 0xFF, 0x10, 0xFF, 0x24,
  0x03, 0x3F, 0xF7, 0x0F, 0xF8, 0x1E, 0x30, 0xFC, 0xF7, 0xF8, 0x70, 0x7F, 0x3F, 0xFF, 0x9F, 0x3F,
  0xFF, 0x80, 0xFF, 0x06, 0xFF, 0x08, 0xFF, 0x30, 0xFF, 0x60, 0xFF, 0x20, 0xFF, 0x11, 0xFF, 0x5A,
  0x80, 0x80, 0xE0, 0xE0, 0x50, 0x30, 0x08, 0x08, 0x3C, 0xFC, 0xEC, 0xFC, 0x8C, 0xE4, 0x66, 0x82,
  0x80, 0x80, 0xE0, 0x00, 0xF0, 0x00, 0xF8, 0x10, 0xFC, 0x04, 0xFC, 0xEC, 0xFC, 0x84, 0xFE, 0x02,
  0x3F, 0x3F, 0x50, 0x7F, 0x90, 0xFC, 0x3D, 0xD1, 0x1D, 0x91, 0x10, 0x90, 0x11, 0x91, 0x7D, 0x91,
  0x30, 0x00, 0x70, 0x00, 0xF3, 0x03, 0xF3, 0x03, 0xF3, 0x03, 0xFF, 0x6F, 0xFF, 0x03, 0xF3, 0x03,
  0xFC, 0xFC, 0x0A, 0xFE, 0x29, 0x3F, 0xFC, 0xEB, 0x18, 0xE9, 0x48, 0x49, 0xE8, 0xC9, 0x1E, 0xE9,
  0x0C, 0x00, 0x0E, 0x00, 0xEF, 0xE0, 0xEF, 0xE0, 0x0F, 0x00, 0xFF, 0xD6, 0xFF, 0xC0, 0x0F, 0x00,
  0x3D, 0x23, 0x1D, 0x23, 0x1D, 0x23, 0x3D, 0x03, 0x7D, 0x43, 0x3D, 0x43, 0x39, 0x47, 0x7D, 0x03,
  0x00, 0x00, 0x00, 0x00, 0x00, 0x00, 0x00, 0x00, 0x00, 0x00, 0x00, 0x00, 0x00, 0x00, 0x00, 0x00,
  0x3D, 0x23, 0x1D, 0x23, 0x1D, 0x23, 0x3D, 0x03, 0x7D, 0x43, 0x3D, 0x43, 0x3C, 0x42, 0x78, 0x04,
  0x00, 0x00, 0x00, 0x00, 0x00, 0x00, 0x00, 0x00, 0x00, 0x00, 0x00, 0x00, 0x00, 0x00, 0x00, 0x00,
  0x3D, 0x23, 0x1D, 0x23, 0x1D, 0x23, 0x3D, 0x03, 0x7D, 0x43, 0x3A, 0x46, 0x34, 0x4C, 0x68, 0x18,
  0x00, 0x00, 0x00, 0x00, 0x00, 0x00, 0x00, 0x00, 0x00, 0x00, 0x00, 0x00, 0x00, 0x00, 0x00, 0x00,
  0x28, 0x38, 0x10, 0x30, 0x00, 0x00, 0x00, 0x00, 0x00, 0x00, 0x00, 0x00, 0x00, 0x00, 0x00, 0x00,
  0x00, 0x00, 0x00, 0x00, 0x00, 0x00, 0x00, 0x00, 0x00, 0x00, 0x00, 0x00, 0x00, 0x00, 0x00, 0x00,
  0x42, 0xC3, 0xE8, 0x18, 0xFA, 0x06, 0xAA, 0x55, 0x00, 0xFF, 0x00, 0xFF, 0xFF, 0xFF, 0xFF, 0xFF,
  0x00, 0x00, 0x00, 0x00, 0x00, 0x00, 0x00, 0x00, 0x00, 0x00, 0x00, 0x00, 0x00, 0x00, 0x00, 0x00,
  0xCC, 0x3C, 0xBF, 0xC0, 0x2F, 0x30, 0x87, 0x88, 0x21, 0xE2, 0x08, 0xF8, 0xD4, 0xFC, 0xFF, 0xFF,
  0x00, 0x00, 0x00, 0x00, 0x00, 0x00, 0x00, 0x00, 0x00, 0x00, 0x00, 0x00, 0x00, 0x00, 0x00, 0x00,
  0x00, 0x00, 0x90, 0x70, 0xF9, 0x07, 0xFF, 0x00, 0xFF, 0x00, 0x7F, 0x80, 0x00, 0x7F, 0x3F, 0x3F,
  0x00, 0x00, 0x00, 0x00, 0x00, 0x00, 0x00, 0x00, 0x00, 0x00, 0x00, 0x00, 0x00, 0x00, 0x00, 0x00,
  0xFD, 0xFF, 0xFD, 0xFF, 0xFD, 0xFF, 0xFD, 0xFF, 0xFD, 0xFF, 0xFD, 0xFF, 0xFD, 0xFF, 0xFF, 0xFF,
  0x60, 0x60, 0x60, 0x60, 0x60, 0x60, 0x60, 0x60, 0x60, 0x60, 0x60, 0x60, 0x60, 0x60, 0x7D, 0x7D,
  0x6E, 0x91, 0xB5, 0xDB, 0x8F, 0xFF, 0x58, 0x7F, 0x6F, 0x7F, 0x37, 0x3F, 0x0F, 0x0F, 0x07, 0x07,
  0xE0, 0x00, 0xE0, 0x00, 0xF0, 0x00, 0x5F, 0x00, 0x6F, 0x00, 0x37, 0x00, 0x0F, 0x00, 0x07, 0x00,
  0x9F, 0xFF, 0x9F, 0xFF, 0x36, 0xFE, 0x64, 0xFC, 0xCC, 0xFC, 0x98, 0xF8, 0xE0, 0xE0, 0xC0, 0xC0,
  0x7F, 0x00, 0x7F, 0x00, 0xE6, 0x00, 0xC4, 0x00, 0x8C, 0x00, 0x98, 0x00, 0xE0, 0x00, 0xC0, 0x00,
  0x23, 0x33, 0x39, 0x20, 0x3F, 0x3E, 0x01, 0x37, 0x5E, 0x67, 0x68, 0x47, 0x62, 0x49, 0x61, 0x42,
  0x3F, 0x08, 0x3F, 0x00, 0x3F, 0x1E, 0x3F, 0x01, 0x7F, 0x04, 0x7F, 0x10, 0x7F, 0x00, 0x7F, 0x00,
  0xCF, 0x9F, 0xC7, 0xDF, 0x83, 0x6F, 0xCF, 0xF3, 0xDA, 0xFD, 0x5E, 0xFD, 0xFF, 0x7F, 0xFF, 0xFF,
  0xFF, 0x0F, 0xFF, 0xC7, 0xFF, 0x03, 0xFF, 0x81, 0xFF, 0x58, 0xFF, 0x48, 0xFF, 0x3F, 0xFF, 0xEC,
  0xCF, 0x9F, 0xCD, 0xBE, 0x9D, 0xCF, 0xFF, 0xCF, 0xFC, 0xFF, 0xFE, 0xDD, 0x87, 0xFE, 0x49, 0x87,
  0xFF, 0x2F, 0xFF, 0x0C, 0xFF, 0x01, 0xFF, 0x0B, 0xFF, 0x00, 0xFF, 0x10, 0xFF, 0x84, 0xFF, 0x31,
  0xDB, 0xE3, 0xF7, 0xF9, 0xCC, 0xFF, 0x97, 0xE7, 0xD9, 0xE3, 0xC9, 0xF3, 0x6D, 0xF3, 0xF9, 0xFF,
  0xFF, 0x41, 0xFF, 0xF0, 0xFF, 0x88, 0xFF, 0x04, 0xFF, 0x81, 0xFF, 0xC0, 0xFF, 0x40, 0xFF, 0xA0,
  0x3C, 0xD0, 0x93, 0xFF, 0x5F, 0x7F, 0x3F, 0x3F, 0x0C, 0x0C, 0x08, 0x04, 0x66, 0x78, 0x66, 0x78,
  0xF3, 0x03, 0xF3, 0x03, 0x70, 0x10, 0x3F, 0x00, 0x0C, 0x00, 0x0C, 0x00, 0x7F, 0x01, 0x7F, 0x01,
  0x3C, 0x2B, 0xE9, 0xFF, 0xFA, 0xFE, 0xFC, 0xFC, 0x30, 0x30, 0x20, 0x10, 0x66, 0x1E, 0x66, 0x1E,
  0xEF, 0xE0, 0xEF, 0xE0, 0x0E, 0x08, 0xFC, 0x00, 0x30, 0x00, 0x30, 0x00, 0xFE, 0x80, 0xFE, 0x80,
  0x7D, 0x03, 0x79, 0x07, 0xFB, 0x87, 0xF1, 0x8F, 0x7B, 0x87, 0x79, 0x87, 0xF3, 0x0F, 0xF3, 0x0F,
  0x00, 0x00, 0x00, 0x00, 0x00, 0x00, 0x00, 0x00, 0x00, 0x00, 0x00, 0x00, 0x00, 0x00, 0x00, 0x00,
  0x79, 0x01, 0x71, 0x09, 0xF3, 0x83, 0xE5, 0x97, 0x43, 0xA7, 0x69, 0xAF, 0x83, 0x4F, 0xD3, 0x5F,
  0x00, 0x00, 0x00, 0x00, 0x00, 0x00, 0x00, 0x00, 0x00, 0x00, 0x00, 0x00, 0x00, 0x00, 0x00, 0x00,
  0x50, 0x30, 0x20, 0x60, 0x40, 0x40, 0x00, 0x00, 0x01, 0x01, 0x03, 0x03, 0x03, 0x03, 0x07, 0x07,
  0x00, 0x00, 0x00, 0x00, 0x00, 0x00, 0x00, 0x00, 0x00, 0x00, 0x00, 0x00, 0x00, 0x00, 0x00, 0x00,
  0xFF, 0xFF, 0xFF, 0xFF, 0xFF, 0xFF, 0xFF, 0xFF, 0xFF, 0xFF, 0xFF, 0xFF, 0xFF, 0xFF, 0xFF, 0xFF,
  0xFF, 0xFF, 0xFF, 0xFF, 0xFF, 0xFF, 0xFF, 0xFF, 0xFF, 0xFF, 0xFF, 0xFF, 0xFF, 0xFF, 0xFF, 0xFF,
  0x00, 0x00, 0x00, 0x00, 0xA0, 0x60, 0xA4, 0x5C, 0x01, 0xFF, 0x00, 0xFF, 0xFF, 0xFF, 0xFF, 0xFF,
  0x00, 0x00, 0x00, 0x00, 0x00, 0x00, 0x00, 0x00, 0x00, 0x00, 0x00, 0x00, 0x00, 0x00, 0x00, 0x00,
  0x00, 0x00, 0x05, 0x06, 0x02, 0x03, 0x01, 0x01, 0x00, 0x00, 0x80, 0x80, 0xE0, 0xE0, 0xF0, 0xF0,
  0x00, 0x00, 0x00, 0x00, 0x00, 0x00, 0x00, 0x00, 0x00, 0x00, 0x00, 0x00, 0x00, 0x00, 0x00, 0x00,
  0x00, 0x00, 0x90, 0x70, 0xF9, 0x07, 0x7F, 0x80, 0xBF, 0xC0, 0x5F, 0x60, 0x20, 0x3F, 0x1F, 0x1F,
  0x00, 0x00, 0x00, 0x00, 0x00, 0x00, 0x00, 0x00, 0x00, 0x00, 0x00, 0x00, 0x00, 0x00, 0x00, 0x00,
  0x97, 0xE8, 0x97, 0xE8, 0x97, 0xE8, 0x97, 0xE8, 0x97, 0xE8, 0x97, 0xE8, 0x97, 0xE8, 0x00, 0xFF,
  0x00, 0x00, 0x00, 0x00, 0x00, 0x00, 0x00, 0x00, 0x00, 0x00, 0x00, 0x00, 0x00, 0x00, 0x00, 0x00,
  0x20, 0x60, 0x18, 0x58, 0x1F, 0x5E, 0x47, 0xDF, 0x54, 0x4F, 0x46, 0x4F, 0x5F, 0x4F, 0x20, 0x00,
  0xE0, 0xA0, 0xF8, 0x18, 0xFF, 0x3C, 0xFF, 0x23, 0x7F, 0x64, 0x7F, 0x00, 0x7F, 0x01, 0x20, 0x00,
  0x0A, 0x0C, 0xF1, 0xF0, 0xBE, 0x70, 0xCE, 0xFE, 0x18, 0x38, 0xFC, 0x3C, 0xFE, 0xFE, 0xFF, 0xFF,
  0x0F, 0x09, 0xFF, 0xF0, 0xFE, 0x30, 0xFE, 0x8E, 0xF8, 0x18, 0xFC, 0x3C, 0xFE, 0xE6, 0xFF, 0x93,
  0x61, 0x47, 0x6B, 0x47, 0x6B, 0x47, 0x5E, 0x67, 0x6F, 0x67, 0x27, 0x37, 0x37, 0x3F, 0x1D, 0x1D,
  0x7F, 0x11, 0x7F, 0x13, 0x7F, 0x12, 0x7F, 0x04, 0x7F, 0x43, 0x3F, 0x29, 0x3F, 0x23, 0x1D, 0x1D,
  0xBC, 0xFF, 0x1C, 0xFF, 0x3F, 0xFF, 0xFB, 0xFF, 0xFA, 0xF1, 0xF5, 0xE3, 0xE6, 0xC7, 0x8A, 0xCC,
  0xFF, 0x3C, 0xFF, 0x1C, 0xFF, 0x1E, 0xFF, 0xB1, 0xFF, 0x64, 0xFF, 0xC8, 0xFF, 0x90, 0xFF, 0x20,
  0x81, 0x0D, 0x08, 0x99, 0x38, 0xD9, 0xDB, 0xF1, 0xE7, 0xFB, 0x37, 0xFF, 0x9F, 0x7F, 0xFF, 0x3F,
  0xFF, 0x41, 0xFF, 0x04, 0xFF, 0x00, 0xFF, 0x80, 0xFF, 0x60, 0xFF, 0x31, 0xFF, 0x13, 0xFF, 0x27,
  0xAD, 0x1F, 0xDF, 0x8F, 0xDF, 0x8F, 0xAB, 0xDF, 0xBD, 0xFB, 0xB9, 0xFF, 0xFB, 0xFF, 0xFE, 0xFE,
  0xFF, 0x08, 0xFF, 0x0C, 0xFF, 0x8E, 0xFF, 0x89, 0xFF, 0x90, 0xFF, 0xB0, 0xFF, 0xB8, 0xFE, 0xFC,
  0x04, 0x04, 0x13, 0x13, 0x2D, 0x2D, 0x13, 0x12, 0x56, 0x54, 0x27, 0x24, 0x25, 0x26, 0x26, 0x24,
  0x07, 0x00, 0x1F, 0x00, 0x3D, 0x00, 0x32, 0x01, 0x75, 0x03, 0x64, 0x03, 0x64, 0x00, 0x67, 0x01,
  0xE0, 0x20, 0xF8, 0xC8, 0xBC, 0xB4, 0xCC, 0x48, 0xEE, 0x2A, 0xE6, 0x24, 0x26, 0xE4, 0xE6, 0xA4,
  0xE0, 0x00, 0xF8, 0x00, 0xBC, 0x00, 0x4C, 0x80, 0x2E, 0xC0, 0x26, 0xC0, 0x26, 0x00, 0xE6, 0x00,
  0xF3, 0x0F, 0xF3, 0x0F, 0xE3, 0x1F, 0xF3, 0x0F, 0xE3, 0x1F, 0xF3, 0x0F, 0xE3, 0x1F, 0xF3, 0x0F,
  0x00, 0x00, 0x00, 0x00, 0x00, 0x00, 0x00, 0x00, 0x00, 0x00, 0x00, 0x00, 0x00, 0x00, 0x00, 0x00,
  0x03, 0x9F, 0xB3, 0xAF, 0x03, 0x3F, 0x73, 0x4F, 0x23, 0x5F, 0x73, 0x0F, 0xE3, 0x9F, 0x73, 0x8F,
  0x00, 0x00, 0x00, 0x00, 0x00, 0x00, 0x00, 0x00, 0x00, 0x00, 0x00, 0x00, 0x00, 0x00, 0x00, 0x00,
  0x0B, 0x0F, 0x03, 0x0F, 0x13, 0x1F, 0x03, 0x1F, 0x03, 0x1F, 0x33, 0x2F, 0x03, 0x3F, 0x33, 0x0F,
  0x00, 0x00, 0x00, 0x00, 0x00, 0x00, 0x00, 0x00, 0x00, 0x00, 0x00, 0x00, 0x00, 0x00, 0x00, 0x00,
  0x01, 0x01, 0x01, 0x01, 0x03, 0x03, 0x03, 0x03, 0x07, 0x07, 0x03, 0x07, 0x0B, 0x0F, 0x03, 0x0F,
  0x00, 0x00, 0x00, 0x00, 0x00, 0x00, 0x00, 0x00, 0x00, 0x00, 0x00, 0x00, 0x00, 0x00, 0x00, 0x00,
  0x00, 0x00, 0x00, 0x00, 0x00, 0x00, 0x00, 0x00, 0x40, 0xC0, 0x10, 0xF0, 0xFC, 0xFC, 0xFF, 0xFF,
  0x00, 0x00, 0x00, 0x00, 0x00, 0x00, 0x00, 0x00, 0x00, 0x00, 0x00, 0x00, 0x00, 0x00, 0x00, 0x00,
  0x33, 0x37, 0x06, 0x07, 0x04, 0x07, 0x0E, 0x0F, 0x39, 0x3F, 0x6E, 0x68, 0xF8, 0xA8, 0xFF, 0xFF,
  0x37, 0x00, 0x07, 0x00, 0x07, 0x00, 0x0F, 0x00, 0x3F, 0x00, 0x7F, 0x00, 0xFF, 0x00, 0xFF, 0x00,
  0x00, 0x00, 0x00, 0x00, 0x01, 0x03, 0x02, 0x03, 0x01, 0x01, 0x00, 0x00, 0x00, 0x00, 0x00, 0x00,
  0x00, 0x00, 0x00, 0x00, 0x00, 0x00, 0x00, 0x00, 0x00, 0x00, 0x00, 0x00, 0x00, 0x00, 0x00, 0x00,
  0x00, 0x00, 0x00, 0x00, 0x00, 0x00, 0xA0, 0x60, 0x68, 0x98, 0xBA, 0xC6, 0x5C, 0x63, 0x7F, 0x7F,
  0x00, 0x00, 0x00, 0x00, 0x00, 0x00, 0x00, 0x00, 0x00, 0x00, 0x00, 0x00, 0x00, 0x00, 0x00, 0x00,
  0x00, 0x00, 0x00, 0x00, 0x00, 0x00, 0x00, 0x00, 0x00, 0x00, 0x00, 0x00, 0x00, 0x00, 0x00, 0x00,
  0x00, 0x00, 0x00, 0x00, 0x00, 0x00, 0x00, 0x00, 0x00, 0x00, 0x00, 0x00, 0x00, 0x00, 0x00, 0x00,
  0x6D, 0x7B, 0x66, 0x7C, 0x53, 0x76, 0x59, 0x6B, 0x38, 0x2D, 0x2C, 0x2B, 0x0D, 0x09, 0x0D, 0x09,
  0x7F, 0x28, 0x7F, 0x21, 0x7F, 0x00, 0x7F, 0x00, 0x3F, 0x08, 0x3F, 0x08, 0x1F, 0x11, 0x0F, 0x0B,
  0xC3, 0xC3, 0xC6, 0x47, 0x3C, 0x3E, 0x0F, 0x9F, 0xCF, 0xC7, 0x75, 0xFE, 0x3E, 0xFC, 0x8E, 0x7C,
  0xC3, 0xC2, 0xC7, 0x04, 0xFF, 0x8D, 0xFF, 0x48, 0xFF, 0xB4, 0xFF, 0x44, 0xFF, 0x34, 0xFF, 0x0C,
  0x14, 0x98, 0x29, 0x70, 0xD2, 0x61, 0x2D, 0xC3, 0xD7, 0xCF, 0xFF, 0xDF, 0x7F, 0x7F, 0xFF, 0x7F,
  0xFF, 0x00, 0xFF, 0x84, 0xFF, 0x48, 0xFF, 0x10, 0xFF, 0x83, 0xFF, 0xCF, 0xFF, 0x5F, 0xFF, 0x5F,
  0xFF, 0x3F, 0x7F, 0xFF, 0xFF, 0xFF, 0xFF, 0xFF, 0xFF, 0xFF, 0xFD, 0xFF, 0xFD, 0xFF, 0xFF, 0xFB,
  0xFF, 0x1F, 0xFF, 0x3F, 0xFF, 0x7A, 0xFF, 0xFB, 0xFF, 0xD7, 0xFF, 0xE1, 0xFF, 0x9D, 0xFF, 0xE3,
  0xEC, 0xFC, 0xFC, 0xFC, 0x98, 0xF8, 0xF8, 0xF8, 0xD8, 0xB8, 0x78, 0xF8, 0xB8, 0x38, 0xF8, 0xF8,
  0xFC, 0x84, 0xFC, 0xF4, 0xF8, 0x08, 0xF8, 0xB8, 0xF8, 0x08, 0xF8, 0x38, 0xF8, 0x18, 0xF8, 0x78,
  0x26, 0x27, 0x24, 0x26, 0x24, 0x26, 0x26, 0x27, 0x22, 0x24, 0x3A, 0x34, 0x7C, 0x3F, 0x1C, 0x60,
  0x67, 0x00, 0x67, 0x01, 0x67, 0x01, 0x6F, 0x08, 0x6F, 0x01, 0x7F, 0x01, 0x7F, 0x00, 0x7F, 0x00,
  0x66, 0xE4, 0xA6, 0x64, 0xA6, 0x64, 0x66, 0xE4, 0x96, 0xE4, 0xBE, 0xCC, 0x3C, 0xFE, 0x38, 0x06,
  0xE6, 0x00, 0xE6, 0x00, 0xE6, 0x00, 0xF6, 0x00, 0xF6, 0x00, 0xFE, 0x00, 0xFE, 0x00, 0xFE, 0x00,
  0xFF, 0xFF, 0xFF, 0xFF, 0xFF, 0xFF, 0xFF, 0xFF, 0xFF, 0xFF, 0xFF, 0xFF, 0xFF, 0xFF, 0xFF, 0xFF,
  0xFF, 0xFF, 0xFF, 0xFF, 0xFF, 0xFE, 0xFF, 0xFF, 0xFF, 0x82, 0xFF, 0xFF, 0xFF, 0x92, 0xFF, 0x82,
  0xFF, 0xFF, 0xFF, 0xFF, 0x0C, 0xF3, 0xFF, 0xFF, 0xFF, 0xFF, 0xFF, 0xFF, 0xFF, 0xFF, 0xFF, 0xFF,
  0xFF, 0xFF, 0xFF, 0xFF, 0xFF, 0x00, 0xFF, 0xFF, 0xFF, 0x30, 0xFF, 0xFF, 0xFF, 0x30, 0xFF, 0x30,
  0xFF, 0xFF, 0xFF, 0xFF, 0x3F, 0xFF, 0xFF, 0xFF, 0xFF, 0xFF, 0xFF, 0xFF, 0xFF, 0xFF, 0xFF, 0xFF,
  0xFF, 0xFF, 0xFF, 0xFF, 0xFF, 0x1F, 0xFF, 0xFF, 0xFF, 0x00, 0xFF, 0xFF, 0xFF, 0x04, 0xFF, 0x00,
  0xFF, 0xFF, 0xFF, 0xFF, 0xFF, 0xFF, 0xFF, 0xFF, 0xFF, 0xFF, 0xFF, 0xFF, 0xFF, 0xFF, 0xFF, 0xFF,
  0xFF, 0xFF, 0xFF, 0xFF, 0xFF, 0xFF, 0xFF, 0xFF, 0xFF, 0xA4, 0xFF, 0xFF, 0xFF, 0xA4, 0xFF, 0xA0,
  0xFF, 0xFF, 0x0B, 0x00, 0xFF, 0xFF, 0x42, 0x09, 0x0B, 0x00, 0xFF, 0xFF, 0xFF, 0xFF, 0x0D, 0x07,
  0xFF, 0xFF, 0xFF, 0x80, 0xFF, 0x00, 0xFF, 0x80, 0xFF, 0x80, 0xFF, 0x00, 0xFF, 0xFF, 0xFF, 0x85,
  0xFF, 0xFF, 0xA8, 0x57, 0xFF, 0xFF, 0xAC, 0x77, 0xA8, 0x57, 0xFF, 0xFF, 0xFF, 0xFF, 0xA8, 0x57,
  0xFF, 0xFF, 0xFF, 0x00, 0xFF, 0x00, 0xFF, 0x00, 0xFF, 0x00, 0xFF, 0x00, 0xFF, 0xFF, 0xFF, 0x00,
  0xFF, 0xFF, 0x15, 0xFF, 0xFF, 0xFF, 0x97, 0xFF, 0x15, 0xFF, 0xFF, 0xFF, 0xFF, 0xFF, 0x55, 0xFF,
  0xFF, 0xFF, 0xFF, 0x00, 0xFF, 0x00, 0xFF, 0x12, 0xFF, 0x00, 0xFF, 0x00, 0xFF, 0xFF, 0xFF, 0x50,
  0xFF, 0xFF, 0xFF, 0xFF, 0xFF, 0xFF, 0xFF, 0xFF, 0xFF, 0xFF, 0xFF, 0xFF, 0xFF, 0xFF, 0xFF, 0xFF,
  0xFF, 0xFF, 0xFF, 0x2F, 0xFF, 0x2F, 0xFF, 0x6F, 0xFF, 0x2F, 0xFF, 0x2F, 0xFF, 0xFF, 0xFF, 0x2B,
  0x00, 0x00, 0x00, 0x00, 0x00, 0x00, 0x00, 0x00, 0x00, 0x00, 0x00, 0x00, 0x00, 0x00, 0x00, 0x00,
  0x03, 0x03, 0x0F, 0x0F, 0x1F, 0x1F, 0x3F, 0x3F, 0x7F, 0x7F, 0x7F, 0x7F, 0xFF, 0xFF, 0xFF, 0xFF,
  0x07, 0x05, 0x07, 0x07, 0x03, 0x03, 0x04, 0x07, 0x08, 0x09, 0x0F, 0x0E, 0x13, 0x03, 0x1F, 0x1D,
  0x07, 0x01, 0x07, 0x02, 0x03, 0x00, 0x07, 0x00, 0x0F, 0x02, 0x0F, 0x0E, 0x1F, 0x07, 0x1F, 0x1D,
  0xE5, 0xDE, 0xFF, 0xF7, 0xFF, 0xFF, 0xFF, 0xFF, 0xBF, 0xFF, 0x9F, 0x7F, 0x39, 0xF9, 0xF9, 0xF9,
  0xFF, 0xC4, 0xFF, 0xF4, 0xFF, 0xFF, 0xFF, 0x18, 0xFF, 0x0E, 0xFF, 0x1C, 0xF9, 0x38, 0xF9, 0xB9,
  0x7F, 0xFF, 0xFF, 0xFF, 0xFE, 0xFF, 0xF8, 0xFF, 0xF9, 0xFE, 0xAD, 0xFE, 0x26, 0xFF, 0x92, 0xF7,
  0xFF, 0x7C, 0xFF, 0xF0, 0xFF, 0xE0, 0xFF, 0x70, 0xFF, 0x30, 0xFF, 0x04, 0xFF, 0x06, 0xFF, 0x12,
  0xFF, 0xFD, 0xFD, 0xFF, 0x7F, 0xFF, 0xBB, 0x7F, 0xCF, 0xDE, 0x67, 0x6F, 0x3F, 0x37, 0x35, 0xDF,
  0xFF, 0xF1, 0xFF, 0x3D, 0xFF, 0x1E, 0xFF, 0x0A, 0xFF, 0x82, 0xFF, 0x22, 0xFF, 0x11, 0xFF, 0x00,
  0xB8, 0x78, 0xB8, 0x38, 0x78, 0xB8, 0x9C, 0xBC, 0xFC, 0xFC, 0xEC, 0x7C, 0xD4, 0xDC, 0x1C, 0xEC,
  0xF8, 0x18, 0xF8, 0x08, 0xF8, 0x08, 0xFC, 0x04, 0xFC, 0x34, 0xFC, 0x64, 0xFC, 0x84, 0xFC, 0x04,
  0x18, 0x18, 0x27, 0x27, 0x5C, 0x5C, 0x50, 0x50, 0x27, 0x27, 0x2A, 0x2C, 0x2F, 0x2F, 0x32, 0x34,
  0x1F, 0x00, 0x3F, 0x00, 0x7C, 0x03, 0x71, 0x07, 0x67, 0x00, 0x6F, 0x00, 0x6F, 0x00, 0x7F, 0x00,
  0xFC, 0x1C, 0xFE, 0xE6, 0x1E, 0x1A, 0x0E, 0x0A, 0xE6, 0xE4, 0x56, 0x34, 0xF6, 0xF4, 0x4E, 0x2C,
  0xFC, 0x00, 0xFE, 0x00, 0x1E, 0xC0, 0x8E, 0xE0, 0xE6, 0x00, 0xF6, 0x80, 0xF6, 0x00, 0xFE, 0x80,
  0xFF, 0xFF, 0xB6, 0xFF, 0xFF, 0xFF, 0xA6, 0xFF, 0xFF, 0xFF, 0xA6, 0xFF, 0xA7, 0xFF, 0xB6, 0xFF,
  0xFF, 0x82, 0xFF, 0x92, 0xFF, 0x82, 0xFF, 0x82, 0xFF, 0x93, 0xFF, 0x82, 0xFF, 0x83, 0xFF, 0x82,
  0xFF, 0xFF, 0x30, 0xFF, 0xFF, 0xFF, 0x30, 0xFF, 0xFF, 0xFF, 0xC0, 0x00, 0xFF, 0xFF, 0x30, 0xFF,
  0xFF, 0x30, 0xFF, 0x30, 0xFF, 0x30, 0xFF, 0x30, 0xFF, 0xB0, 0xFF, 0x00, 0xFF, 0xB0, 0xFF, 0x30,
  0xFF, 0xFF, 0x04, 0xFF, 0xFF, 0xFF, 0x00, 0xFF, 0xFF, 0xFF, 0xD0, 0x3F, 0xF0, 0xFF, 0x04, 0xFF,
  0xFF, 0x00, 0xFF, 0x04, 0xFF, 0x00, 0xFF, 0x00, 0xFF, 0x74, 0xFF, 0x10, 0xFF, 0x70, 0xFF, 0x00,
  0xFF, 0xFF, 0xA4, 0xFF, 0xFF, 0xFF, 0xA0, 0xFF, 0xFF, 0xFF, 0xA0, 0xFF, 0xA0, 0xFF, 0xA4, 0xFF,
  0xFF, 0xA0, 0xFF, 0x04, 0xFF, 0xA0, 0xFF, 0x00, 0xFF, 0xA4, 0xFF, 0x00, 0xFF, 0x00, 0xFF, 0x00,
  0x0F, 0x05, 0x09, 0x04, 0xFD, 0xFD, 0xFD, 0xFD, 0x09, 0x04, 0x09, 0x04, 0x09, 0x04, 0x09, 0x04,
  0xFF, 0x85, 0xFF, 0x80, 0xFF, 0xFD, 0xFF, 0xFD, 0xFF, 0x82, 0xFF, 0x82, 0xFF, 0x80, 0xFF, 0x80,
  0xA8, 0x57, 0xA8, 0x57, 0xFF, 0xFF, 0xFF, 0xFF, 0xA8, 0x57, 0xA8, 0x57, 0xA8, 0x57, 0xA8, 0x57,
  0xFF, 0x00, 0xFF, 0x00, 0xFF, 0xFF, 0xFF, 0xFF, 0xFF, 0x00, 0xFF, 0x00, 0xFF, 0x00, 0xFF, 0x00,
  0x75, 0xDF, 0x75, 0xDF, 0xDF, 0xDF, 0xDF, 0xDF, 0x55, 0xDF, 0x55, 0xDF, 0x55, 0xDF, 0x55, 0xDF,
  0xFF, 0x50, 0xFF, 0x00, 0xFF, 0xDF, 0xFF, 0xDF, 0xFF, 0x00, 0xFF, 0x00, 0xFF, 0x00, 0xFF, 0x00,
  0xFB, 0xFF, 0xFB, 0xFF, 0xFB, 0xFF, 0xFB, 0xFF, 0xFF, 0xFB, 0xFF, 0xFB, 0xFB, 0xFF, 0xFB, 0xFF,
  0xFF, 0x2B, 0xFF, 0x2B, 0xFF, 0xFB, 0xFF, 0xFB, 0xFF, 0x2B, 0xFF, 0x2B, 0xFF, 0x2B, 0xFF, 0x2B,
  0x00, 0x00, 0x05, 0x05, 0x0D, 0x09, 0x1F, 0x0F, 0x1B, 0x08, 0x91, 0x90, 0x73, 0x33, 0x64, 0x64,
  0x00, 0x00, 0x07, 0x02, 0x1F, 0x10, 0x3F, 0x23, 0x7F, 0x00, 0xFF, 0x08, 0xFF, 0x00, 0xFC, 0x80,
  0x07, 0x24, 0xF7, 0xF3, 0x77, 0x19, 0x1B, 0xFF, 0xDF, 0xCF, 0xFD, 0xFD, 0x9B, 0x9F, 0x00, 0x00,
  0x3F, 0x0C, 0xFF, 0x02, 0xFF, 0x11, 0xFF, 0x19, 0xFF, 0x4F, 0xFF, 0x3C, 0x9F, 0x98, 0x00, 0x00,
  0xE0, 0xE0, 0x80, 0x80, 0xC0, 0xC0, 0xE0, 0xE0, 0x30, 0xD0, 0x98, 0xE8, 0xC8, 0xE8, 0x68, 0x68,
  0xE0, 0xE0, 0x80, 0x80, 0xC0, 0xC0, 0xE0, 0x80, 0xF0, 0x00, 0xF8, 0x88, 0xF8, 0x88, 0x78, 0x48,
  0xDD, 0xFB, 0x6A, 0x79, 0x35, 0x3C, 0x3A, 0x3E, 0x1F, 0x1F, 0x0F, 0x0F, 0x07, 0x07, 0x03, 0x03,
  0xFF, 0x99, 0x7F, 0x48, 0x3F, 0x04, 0x3F, 0x32, 0x1F, 0x19, 0x0F, 0x04, 0x07, 0x06, 0x03, 0x03,
  0x0B, 0xBF, 0xE7, 0xFE, 0x3C, 0x7E, 0xF8, 0x1D, 0x25, 0x5E, 0xC2, 0xCF, 0xFF, 0xFF, 0xFF, 0xFF,
  0xFF, 0x09, 0xFF, 0xE6, 0xFF, 0x1C, 0xFF, 0x08, 0xFF, 0x04, 0xFF, 0x42, 0xFF, 0x42, 0xFF, 0x97,
  0xDC, 0xFC, 0xBC, 0xFC, 0xDC, 0xFC, 0x7C, 0xFC, 0xFC, 0x7C, 0xF8, 0xF8, 0xF8, 0xF8, 0xF0, 0xF0,
  0xFC, 0x04, 0xFC, 0xB0, 0xFC, 0x48, 0xFC, 0x40, 0xFC, 0x14, 0xF8, 0x30, 0xF8, 0xE8, 0xF0, 0x50,
  0x32, 0x34, 0x29, 0x2E, 0x27, 0x27, 0x24, 0x26, 0x27, 0x27, 0xA7, 0xA4, 0xFF, 0xBF, 0x9C, 0xE0,
  0x7F, 0x08, 0x6F, 0x00, 0x67, 0x00, 0x67, 0x00, 0x67, 0x00, 0xE7, 0x00, 0xFF, 0x00, 0xFF, 0x00,
  0x4E, 0x2C, 0x96, 0x74, 0xE6, 0xE4, 0x26, 0x64, 0xE6, 0xE4, 0x27, 0x65, 0xFD, 0xFF, 0x39, 0x07,
  0xFE, 0x90, 0xF6, 0x00, 0xE6, 0x00, 0xE6, 0x80, 0xE6, 0x00, 0xE7, 0x00, 0xFF, 0x00, 0xFF, 0x00,
  0xA6, 0xFF, 0xA6, 0xFF, 0xB6, 0xFF, 0xFF, 0xA6, 0xA6, 0xFF, 0xFF, 0xB6, 0xA6, 0xFF, 0xFF, 0xA6,
  0xFF, 0x82, 0xFF, 0x82, 0xFF, 0x82, 0xFF, 0x82, 0xFF, 0x82, 0xFF, 0x82, 0xFF, 0x82, 0xFF, 0x82,
  0x30, 0xFF, 0x30, 0xFF, 0x30, 0xFF, 0xFF, 0x30, 0x30, 0xFF, 0xFF, 0x30, 0x30, 0xFF, 0xFF, 0x30,
  0xFF, 0x30, 0xFF, 0x30, 0xFF, 0x30, 0xFF, 0x30, 0xFF, 0x30, 0xFF, 0x30, 0xFF, 0x30, 0xFF, 0x30,
  0x00, 0xFF, 0x00, 0xFF, 0x04, 0xFF, 0xFF, 0x00, 0x00, 0xFF, 0xFF, 0x04, 0x00, 0xFF, 0xFF, 0x00,
  0xFF, 0x00, 0xFF, 0x00, 0xFF, 0x00, 0xFF, 0x00, 0xFF, 0x00, 0xFF, 0x00, 0xFF, 0x00, 0xFF, 0x00,
  0xA0, 0xFF, 0xA0, 0xFF, 0xA4, 0xFF, 0xFF, 0xA0, 0xA0, 0xFF, 0xFF, 0xA4, 0xA0, 0xFF, 0xFF, 0xA0,
  0xFF, 0x00, 0xFF, 0x00, 0xFF, 0x00, 0xFF, 0x00, 0xFF, 0x00, 0xFF, 0x00, 0xFF, 0x00, 0xFF, 0x00,
  0x09, 0x04, 0x0F, 0x05, 0x0D, 0x07, 0x0F, 0x07, 0x0B, 0x00, 0x42, 0x09, 0x0B, 0x00, 0x0B, 0x00,
  0xFF, 0x80, 0xFF, 0x85, 0xFF, 0x85, 0xFF, 0x87, 0xFF, 0x80, 0xFF, 0x80, 0xFF, 0x80, 0xFF, 0x80,
  0xA8, 0x57, 0xA8, 0x57, 0xA8, 0x57, 0xA8, 0x57, 0xA8, 0x57, 0xAC, 0x77, 0xA8, 0x57, 0xA8, 0x57,
  0xFF, 0x00, 0xFF, 0x00, 0xFF, 0x00, 0xFF, 0x00, 0xFF, 0x00, 0xFF, 0x00, 0xFF, 0x00, 0xFF, 0x00,
  0x75, 0xDF, 0x75, 0xDF, 0x55, 0xFF, 0x75, 0xFF, 0x15, 0xFF, 0x97, 0xFF, 0x15, 0xFF, 0x15, 0xFF,
  0xFF, 0x00, 0xFF, 0x50, 0xFF, 0x50, 0xFF, 0x70, 0xFF, 0x00, 0xFF, 0x12, 0xFF, 0x00, 0xFF, 0x00,
  0xFB, 0xFF, 0xFB, 0xFF, 0xFF, 0xFF, 0xFF, 0xFF, 0xFF, 0xFF, 0xFF, 0xFF, 0xFF, 0xFF, 0xFF, 0xFF,
  0xFF, 0x2B, 0xFF, 0x2B, 0xFF, 0x2B, 0xFF, 0x2F, 0xFF, 0x2F, 0xFF, 0x6F, 0xFF, 0x2F, 0xFF, 0x2F,
  0x00, 0x00, 0x03, 0x03, 0x0F, 0x0E, 0x1F, 0x1F, 0x3E, 0x32, 0x27, 0x33, 0x26, 0x32, 0x3F, 0x33,
  0x00, 0x00, 0x03, 0x00, 0x0E, 0x00, 0x13, 0x00, 0x23, 0x01, 0x2B, 0x08, 0x2B, 0x09, 0x23, 0x00,
  0x00, 0x00, 0xC0, 0xC0, 0xF0, 0x70, 0xF8, 0xF8, 0x7C, 0x4C, 0xEC, 0xC4, 0x6C, 0x44, 0xFC, 0xCC,
  0x00, 0x00, 0xC0, 0x00, 0x70, 0x00, 0xC8, 0x00, 0xC4, 0x80, 0xD4, 0x10, 0xD4, 0x90, 0xC4, 0x00,
  0x0F, 0x0C, 0x38, 0x30, 0x78, 0x60, 0x60, 0x50, 0xE0, 0x80, 0x90, 0xEE, 0x46, 0x99, 0x6F, 0x90,
  0x0F, 0x00, 0x3F, 0x02, 0x6F, 0x03, 0x4F, 0x07, 0x9F, 0x0F, 0x91, 0x00, 0xE0, 0x00, 0xE0, 0x00,
  0x60, 0xE0, 0xD8, 0x38, 0xAC, 0x5C, 0x54, 0xAC, 0x6E, 0x96, 0x33, 0x4F, 0x13, 0x2F, 0x63, 0x1F,
  0xE0, 0x00, 0xF8, 0x00, 0xBC, 0x00, 0x1C, 0x00, 0x0E, 0x00, 0x87, 0x80, 0xC7, 0x00, 0xEF, 0x00,
  0x0F, 0x0C, 0x3F, 0x30, 0x7D, 0x70, 0x58, 0x70, 0xF0, 0xE0, 0xFF, 0xCE, 0x79, 0x9F, 0x91, 0xFF,
  0x0F, 0x00, 0x3F, 0x00, 0x6F, 0x00, 0x4F, 0x00, 0x9F, 0x00, 0xB1, 0x00, 0xE0, 0x00, 0xE0, 0x00,
  0x60, 0xE0, 0xD8, 0x38, 0xEC, 0x5C, 0xB4, 0xEC, 0xDE, 0xF6, 0x7B, 0x7F, 0x3F, 0xFF, 0x97, 0xFF,
  0xE0, 0x00, 0xF8, 0x00, 0xBC, 0x00, 0x1C, 0x00, 0x0E, 0x00, 0x87, 0x00, 0xC7, 0x00, 0x6F, 0x00,
  0xFF, 0xFF, 0xFF, 0xFF, 0xFF, 0xFF, 0xFF, 0xFF, 0xFF, 0xFF, 0xFF, 0xFF, 0xFF, 0xFF, 0xFF, 0xFF,
  0xFF, 0xB4, 0xFF, 0xDA, 0xFF, 0x75, 0xFF, 0xE8, 0xFF, 0xBA, 0xFF, 0xED, 0xFF, 0xBC, 0xFF, 0xEA,
  0x50, 0xFF, 0xA5, 0xFE, 0x90, 0xFF, 0xD5, 0xFE, 0x68, 0xFF, 0xD6, 0xFD, 0xA8, 0xFF, 0xEC, 0xFF,
  0xFF, 0x00, 0xFF, 0x00, 0xFF, 0x00, 0xFF, 0x00, 0xFF, 0x00, 0xFF, 0x00, 0xFF, 0x00, 0xFF, 0x00,
  0xEF, 0xB7, 0xFE, 0xA7, 0xA7, 0xA7, 0xEF, 0xB6, 0xA6, 0xA6, 0xA6, 0xA6, 0xB6, 0xA6, 0xA6, 0xA6,
  0xFF, 0x83, 0xFF, 0x82, 0xFF, 0x83, 0xFF, 0x82, 0xFF, 0x82, 0xFF, 0x82, 0xFF, 0x82, 0xFF, 0xDB,
  0xFF, 0xB0, 0x80, 0x00, 0xB0, 0xFF, 0xFF, 0x30, 0x30, 0x30, 0x30, 0x30, 0x30, 0x30, 0x30, 0x30,
  0xFF, 0xB0, 0xFF, 0x0C, 0xFF, 0xB0, 0xFF, 0x30, 0xFF, 0x30, 0xFF, 0x30, 0xFF, 0x30, 0xFF, 0xFF,
  0xFB, 0x74, 0x5F, 0x30, 0x70, 0xF0, 0xFB, 0x04, 0x00, 0x00, 0x00, 0x00, 0x04, 0x00, 0x00, 0x00,
  0xFF, 0x70, 0xFF, 0x10, 0xFF, 0x70, 0xFF, 0x00, 0xFF, 0x00, 0xFF, 0x00, 0xFF, 0x00, 0xFF, 0xFF,
  0xFB, 0xA4, 0xFF, 0xA0, 0xA0, 0xA0, 0xFB, 0xA4, 0xA0, 0xA0, 0xA0, 0xA0, 0xA4, 0xA0, 0xA0, 0xA0,
  0xFF, 0x00, 0xFF, 0x00, 0xFF, 0x00, 0xFF, 0x00, 0xFF, 0x00, 0xFF, 0x00, 0xFF, 0x00, 0xFF, 0x5F,
  0xFF, 0xFF, 0x0B, 0x00, 0xFF, 0xFF, 0x0B, 0x00, 0x0B, 0x00, 0x42, 0x09, 0x0B, 0x00, 0x0B, 0x00,
  0xFF, 0x00, 0xFF, 0x80, 0xFF, 0x00, 0xFF, 0x80, 0xFF, 0x80, 0xFF, 0x80, 0xFF, 0x80, 0xFF, 0x80,
  0xFF, 0xFF, 0xA8, 0x57, 0xFF, 0xFF, 0xA8, 0x57, 0xA8, 0x57, 0xAC, 0x77, 0xA8, 0x57, 0xA8, 0x57,
  0xFF, 0x00, 0xFF, 0x00, 0xFF, 0x00, 0xFF, 0x00, 0xFF, 0x00, 0xFF, 0x00, 0xFF, 0x00, 0xFF, 0x00,
  0xFF, 0xFF, 0x15, 0xFF, 0xFF, 0xFF, 0x15, 0xFF, 0x15, 0xFF, 0x97, 0xFF, 0x15, 0xFF, 0x15, 0xFF,
  0xFF, 0x15, 0xFF, 0x00, 0xFF, 0x15, 0xFF, 0x00, 0xFF, 0x00, 0xFF, 0x12, 0xFF, 0x00, 0xFF, 0x00,
  0xFF, 0xFF, 0xFF, 0xFF, 0xFF, 0xFF, 0xFF, 0xFF, 0xFF, 0xFF, 0xFF, 0xFF, 0xFF, 0xFF, 0xFF, 0xFF,
  0xFF, 0xFF, 0xFF, 0x2F, 0xFF, 0xFF, 0xFF, 0x2F, 0xFF, 0x2F, 0xFF, 0x7F, 0xFF, 0x2F, 0xFF, 0x2F,
  0x3F, 0x3E, 0x3F, 0x37, 0x3F, 0x3A, 0x1F, 0x1F, 0x0F, 0x0E, 0x1F, 0x0F, 0x6F, 0x73, 0x48, 0x70,
  0x3A, 0x00, 0x27, 0x00, 0x3A, 0x00, 0x13, 0x00, 0x0E, 0x00, 0x1F, 0x0E, 0x7F, 0x01, 0x7F, 0x01,
  0x3D, 0x3E, 0x1F, 0x1F, 0x7F, 0x7F, 0xE4, 0xF8, 0x7F, 0x7F, 0xE4, 0xF8, 0x7F, 0x7F, 0xE4, 0xF8,
  0x3F, 0x00, 0x1F, 0x1C, 0x7F, 0x00, 0xFF, 0x81, 0x7F, 0x60, 0xFF, 0x81, 0x7F, 0x60, 0xFF, 0x81,
  0x6F, 0x90, 0xA6, 0xD9, 0x80, 0xFF, 0x70, 0x5F, 0x58, 0x6F, 0x2F, 0x37, 0x0F, 0x0F, 0x07, 0x07,
  0xE0, 0x00, 0xE0, 0x00, 0xF0, 0x00, 0x5F, 0x00, 0x4F, 0x00, 0x27, 0x00, 0x0F, 0x00, 0x07, 0x00,
  0x63, 0x9F, 0x4F, 0xBF, 0x06, 0xFE, 0x1C, 0xE4, 0x3C, 0xCC, 0xF8, 0x98, 0xF0, 0xF0, 0xC0, 0xC0,
  0x7F, 0x00, 0x7F, 0x00, 0xE6, 0x00, 0xC4, 0x00, 0x84, 0x00, 0x08, 0x00, 0x90, 0x00, 0xC0, 0x00,
  0x99, 0xFF, 0xDB, 0xFF, 0xEF, 0xFF, 0x78, 0x7F, 0x7F, 0x7F, 0x3F, 0x3F, 0x0F, 0x0F, 0x07, 0x07,
  0xE0, 0x00, 0xE0, 0x00, 0xF0, 0x00, 0x5F, 0x00, 0x6F, 0x00, 0x37, 0x00, 0x0F, 0x00, 0x07, 0x00,
  0x9F, 0xFF, 0x9F, 0xFF, 0x3E, 0xFE, 0x7C, 0xFC, 0xFC, 0xFC, 0xF8, 0xF8, 0xE0, 0xE0, 0xC0, 0xC0,
  0x7F, 0x00, 0x7F, 0x00, 0xE6, 0x00, 0xC4, 0x00, 0x8C, 0x00, 0x98, 0x00, 0xE0, 0x00, 0xC0, 0x00,
  0xDC, 0x20, 0xB7, 0x48, 0xCD, 0x30, 0x56, 0xA0, 0x6F, 0x90, 0xA5, 0x58, 0x56, 0xA0, 0xBB, 0x44,
  0xFF, 0x00, 0xFF, 0x00, 0xFF, 0x00, 0xFF, 0x00, 0xFF, 0x00, 0xFF, 0x00, 0xFF, 0x00, 0xFF, 0x00,
  0x80, 0x00, 0x00, 0x00, 0x00, 0x00, 0x80, 0x00, 0x00, 0x00, 0x00, 0x00, 0x80, 0x00, 0x00, 0x00,
  0xFF, 0x1B, 0xFF, 0x0B, 0xFF, 0x1B, 0xFF, 0x0B, 0xFF, 0x1B, 0xFF, 0x0B, 0xFF, 0x1B, 0xFF, 0x0B,
  0x16, 0x09, 0x20, 0x40, 0x40, 0x00, 0x8F, 0x03, 0x9D, 0x06, 0x1E, 0x87, 0x1B, 0xBF, 0x85, 0x5B,
  0x1F, 0x00, 0x7F, 0x00, 0x7F, 0x0F, 0xFF, 0x10, 0xFF, 0x20, 0xFF, 0x20, 0xFF, 0x00, 0xFF, 0x20,
  0xF8, 0x00, 0x06, 0x82, 0x00, 0x0E, 0xB5, 0xC7, 0xFF, 0x07, 0xF9, 0x07, 0x79, 0x87, 0xE9, 0xF7,
  0xF8, 0x00, 0xFE, 0x00, 0xFE, 0x30, 0xFF, 0x00, 0xFF, 0x02, 0xFF, 0x01, 0xFF, 0x01, 0xFF, 0x00,
  0x00, 0x00, 0x00, 0x00, 0x10, 0x10, 0x2F, 0x23, 0x1E, 0x07, 0x06, 0x1F, 0x3B, 0x3F, 0x0D, 0x33,
  0x00, 0x00, 0x00, 0x00, 0x1F, 0x00, 0x3F, 0x00, 0x3F, 0x00, 0x3F, 0x00, 0x3F, 0x00, 0x3F, 0x00,
  0x00, 0x00, 0x00, 0x00, 0x84, 0x8C, 0xB6, 0xC6, 0x7A, 0x86, 0xFA, 0x06, 0x7A, 0x86, 0xE2, 0xFE,
  0x00, 0x00, 0x00, 0x00, 0xFC, 0x00, 0xFE, 0x00, 0xFE, 0x00, 0xFE, 0x00, 0xFE, 0x00, 0xFE, 0x00,
  0x00, 0x00, 0x00, 0x00, 0x0C, 0x0C, 0x10, 0x1C, 0x2D, 0x35, 0x0C, 0x24, 0x3A, 0x3E, 0x0E, 0x22,
  0x00, 0x00, 0x00, 0x00, 0x0C, 0x00, 0x1C, 0x00, 0x3D, 0x00, 0x3C, 0x00, 0x3E, 0x00, 0x3E, 0x00,
  0x00, 0x00, 0x00, 0x00, 0x30, 0x30, 0xE8, 0xD8, 0x78, 0x88, 0xD0, 0xB8, 0xB4, 0xEC, 0x74, 0x6C,
  0x00, 0x00, 0x00, 0x00, 0x30, 0x00, 0xF8, 0x00, 0xF8, 0x00, 0xF8, 0x00, 0xFC, 0x00, 0x7C, 0x00,
  0x00, 0x00, 0x00, 0x00, 0x00, 0x00, 0x00, 0x00, 0x0C, 0x04, 0x14, 0x3C, 0x00, 0x00, 0x04, 0x10,
  0x00, 0x00, 0x00, 0x00, 0x00, 0x00, 0x00, 0x00, 0x0C, 0x00, 0x3C, 0x00, 0x00, 0x00, 0x14, 0x00,
  0x00, 0x00, 0x00, 0x00, 0x00, 0x00, 0xC0, 0xC0, 0xC0, 0x40, 0x10, 0x30, 0x18, 0x08, 0x10, 0x18,
  0x00, 0x00, 0x00, 0x00, 0x00, 0x00, 0xC0, 0x00, 0xC0, 0x00, 0x30, 0x00, 0x18, 0x00, 0x18, 0x00,
  0x00, 0x00, 0x00, 0x00, 0x28, 0x28, 0x28, 0x28, 0x00, 0x28, 0x00, 0x28, 0x44, 0x6C, 0x6C, 0x44,
  0x10, 0x00, 0x10, 0x00, 0x38, 0x00, 0x38, 0x00, 0x38, 0x10, 0x38, 0x10, 0x7C, 0x10, 0x7C, 0x10,
  0x00, 0x00, 0x00, 0x00, 0x00, 0x00, 0x28, 0x28, 0x28, 0x28, 0x28, 0x28, 0x00, 0x28, 0x00, 0x28,
  0x00, 0x00, 0x00, 0x00, 0x10, 0x00, 0x38, 0x00, 0x38, 0x00, 0x38, 0x00, 0x38, 0x10, 0x38, 0x10,
  0x6C, 0x44, 0x44, 0x44, 0x6C, 0x7C, 0xAA, 0xC6, 0x00, 0xEE, 0xC6, 0xEE, 0xFF, 0xFF, 0xC7, 0x6F,
  0x7C, 0x10, 0x7C, 0x10, 0x7C, 0x44, 0xFE, 0x00, 0xFE, 0x10, 0xFE, 0xC6, 0xFF, 0xFF, 0x7C, 0x44,
  0x44, 0x6C, 0x6C, 0x44, 0x6C, 0x44, 0x44, 0x44, 0x6C, 0x7C, 0xAA, 0xC6, 0x01, 0xEF, 0xC7, 0xEE,
  0x7C, 0x10, 0x7C, 0x10, 0x7C, 0x10, 0x7C, 0x10, 0x7C, 0x44, 0xFE, 0x00, 0xFF, 0x11, 0xFE, 0xC6,
  0x78, 0xFE, 0xEC, 0xD2, 0x09, 0xD4, 0x88, 0xD5, 0x82, 0xDD, 0xFC, 0xFF, 0x1C, 0xE6, 0xCC, 0x86,
  0xFF, 0x00, 0xFF, 0x00, 0xFF, 0x00, 0xFF, 0x00, 0xFF, 0x00, 0xFF, 0x00, 0xFF, 0x00, 0xFF, 0x00,
  0xD9, 0x8C, 0x99, 0xEC, 0xD1, 0xFC, 0x41, 0xF4, 0xED, 0xD0, 0xAB, 0xF0, 0x8A, 0xF1, 0x5C, 0xA1,
  0xFF, 0x00, 0xFF, 0x00, 0xFF, 0x00, 0xFF, 0x00, 0xFF, 0x00, 0xFF, 0x00, 0xFF, 0x00, 0xFF, 0x00,
  0xFF, 0xFF, 0xFF, 0xFF, 0xFF, 0xFF, 0xFF, 0xFF, 0xFF, 0xFF, 0xFF, 0xFF, 0xFF, 0xFF, 0xFF, 0xFF,
  0xFF, 0xFF, 0xFF, 0xFF, 0xFF, 0xFF, 0xFF, 0xFF, 0xFF, 0xFE, 0xFF, 0xED, 0xFF, 0xBC, 0xFF, 0xEA,
  0xFF, 0xFF, 0xFF, 0xFF, 0xFF, 0xFF, 0xFF, 0xFF, 0xFD, 0xFF, 0xF6, 0xFF, 0xBB, 0xFD, 0xEC, 0xFF,
  0xFF, 0xFF, 0xFF, 0xEE, 0xFF, 0x7B, 0xFF, 0xED, 0xFF, 0x54, 0xFF, 0x00, 0xFF, 0x00, 0xFF, 0x00,
  0x9F, 0x01, 0x9D, 0x03, 0x12, 0x9F, 0x9D, 0x4E, 0xAF, 0x23, 0x50, 0x3F, 0x50, 0x7F, 0x1F, 0x1F,
  0xFF, 0x20, 0xFF, 0x20, 0xFF, 0x20, 0xFF, 0x00, 0xFF, 0x10, 0x7F, 0x00, 0x7F, 0x10, 0x1F, 0x0C,
  0x9D, 0xFF, 0x61, 0x9F, 0xF9, 0x07, 0xF9, 0x07, 0x77, 0x8F, 0x8C, 0xFE, 0x5A, 0xFE, 0xF8, 0xF8,
  0xFF, 0x00, 0xFF, 0x00, 0xFF, 0x01, 0xFF, 0x01, 0xFF, 0x02, 0xFE, 0x00, 0xFE, 0x58, 0xF8, 0x00,
  0x3D, 0x03, 0x5F, 0x43, 0x52, 0x7F, 0x5D, 0x4E, 0x2F, 0x23, 0x30, 0x3F, 0x0E, 0x0F, 0x00, 0x00,
  0x3F, 0x00, 0x7F, 0x00, 0x7F, 0x00, 0x7F, 0x00, 0x3F, 0x00, 0x3F, 0x00, 0x0F, 0x00, 0x00, 0x00,
  0xBE, 0xDE, 0x7A, 0x86, 0xFA, 0x06, 0xFA, 0x06, 0x74, 0x8C, 0x88, 0xF8, 0x50, 0xF0, 0x00, 0x00,
  0xFE, 0x00, 0xFE, 0x00, 0xFE, 0x00, 0xFE, 0x00, 0xFC, 0x00, 0xF8, 0x00, 0xF0, 0x00, 0x00, 0x00,
  0x0C, 0x22, 0x32, 0x3E, 0x0F, 0x0F, 0x1E, 0x1F, 0x0B, 0x07, 0x18, 0x1F, 0x07, 0x07, 0x00, 0x00,
  0x3E, 0x00, 0x3E, 0x00, 0x0F, 0x00, 0x1F, 0x00, 0x1F, 0x00, 0x1F, 0x00, 0x07, 0x00, 0x00, 0x00,
  0x78, 0x78, 0xB4, 0xDC, 0x74, 0xAC, 0xF4, 0x1C, 0x50, 0xB0, 0x90, 0xF0, 0x20, 0x20, 0x00, 0x00,
  0x78, 0x00, 0xFC, 0x00, 0xFC, 0x00, 0xFC, 0x00, 0xF0, 0x00, 0xF0, 0x00, 0x20, 0x00, 0x00, 0x00,
  0x14, 0x14, 0x08, 0x04, 0x0C, 0x0C, 0x16, 0x34, 0x38, 0x38, 0x04, 0x0E, 0x00, 0x00, 0x00, 0x00,
  0x14, 0x00, 0x0C, 0x00, 0x0C, 0x00, 0x36, 0x00, 0x38, 0x00, 0x0E, 0x00, 0x00, 0x00, 0x00, 0x00,
  0x00, 0x00, 0x30, 0x50, 0x38, 0x28, 0x10, 0x10, 0xC0, 0x40, 0x20, 0x30, 0x00, 0x00, 0x00, 0x00,
  0x00, 0x00, 0x70, 0x00, 0x38, 0x00, 0x10, 0x00, 0xC0, 0x00, 0x30, 0x00, 0x00, 0x00, 0x00, 0x00,
  0x03, 0x03, 0x05, 0x07, 0x01, 0x07, 0x0D, 0x0B, 0x05, 0x0B, 0x1D, 0x13, 0x05, 0x13, 0x1D, 0x03,
  0x03, 0x00, 0x07, 0x00, 0x07, 0x00, 0x0F, 0x00, 0x0F, 0x00, 0x1F, 0x00, 0x1F, 0x00, 0x1F, 0x00,
  0x35, 0x23, 0x15, 0x23, 0x15, 0x23, 0x25, 0x03, 0x6D, 0x43, 0x2D, 0x43, 0x29, 0x47, 0x6D, 0x03,
  0x3F, 0x00, 0x3F, 0x00, 0x3F, 0x00, 0x3F, 0x00, 0x7F, 0x00, 0x7F, 0x00, 0x7F, 0x00, 0x7F, 0x00,
  0x4D, 0x03, 0x59, 0x07, 0xDB, 0x87, 0xD1, 0x8F, 0x5B, 0x87, 0x59, 0x87, 0xD3, 0x0F, 0xD3, 0x0F,
  0x7F, 0x00, 0x7F, 0x20, 0xFF, 0x20, 0xFF, 0x20, 0xFF, 0x20, 0xFF, 0x20, 0xFF, 0x00, 0xFF, 0x00,
  0xF3, 0x0F, 0xF3, 0x0F, 0xE3, 0x1F, 0xF3, 0x0F, 0xE3, 0x1F, 0xF3, 0x0F, 0xE3, 0x1F, 0xF3, 0x0F,
  0xFF, 0x00, 0xFF, 0x00, 0xFF, 0x00, 0xFF, 0x00, 0xFF, 0x00, 0xFF, 0x00, 0xFF, 0x00, 0xFF, 0x00,
  0x01, 0x13, 0x09, 0x1B, 0x09, 0x13, 0x19, 0xF3, 0xB9, 0x2B, 0xF5, 0x07, 0xD6, 0xFE, 0xFC, 0xFC,
  0x1F, 0x00, 0x1F, 0x00, 0x1F, 0x00, 0xFF, 0x00, 0xFF, 0x00, 0xFF, 0x00, 0xFE, 0x00, 0xFC, 0x00,
  0xFC, 0xFC, 0x02, 0xFE, 0x05, 0x03, 0xB9, 0x2B, 0x19, 0xF3, 0x01, 0x13, 0x09, 0x1B, 0x09, 0x13,
  0xFC, 0x00, 0xFE, 0x00, 0xFF, 0x18, 0xFF, 0x04, 0xFF, 0x04, 0x1F, 0x00, 0x1F, 0x04, 0x1F, 0x00,
  0xFF, 0xFF, 0xFF, 0xFF, 0xFF, 0xFF, 0xBA, 0xFF, 0xD5, 0xFF, 0xAF, 0xFA, 0x56, 0xA0, 0xBB, 0x44,
  0xFF, 0xFF, 0xFF, 0xED, 0xFF, 0x57, 0xFF, 0xBA, 0xFF, 0x95, 0xFF, 0x00, 0xFF, 0x00, 0xFF, 0x00,
  0xFF, 0xFF, 0xFF, 0xFF, 0xFF, 0xFF, 0xDF, 0xFF, 0x7E, 0xF5, 0xB5, 0xCA, 0x8A, 0x40, 0x20, 0x00,
  0xFF, 0xFF, 0xFF, 0xDD, 0xFF, 0x6A, 0xFF, 0xD9, 0xFF, 0x40, 0xFF, 0x00, 0xFF, 0x00, 0xFF, 0x0B,
  0x00, 0x00, 0x07, 0x07, 0x1C, 0x1F, 0x7F, 0x7F, 0x71, 0x7E, 0xE1, 0xFE, 0xE6, 0xFF, 0xBD, 0x7B,
  0x00, 0x00, 0x07, 0x00, 0x1F, 0x00, 0x7F, 0x78, 0x7F, 0x00, 0xFF, 0x00, 0xFF, 0x00, 0x39, 0x00,
  0xF0, 0xFF, 0x8E, 0xF0, 0x70, 0x80, 0x07, 0xF8, 0xE8, 0x10, 0xE8, 0x10, 0xF9, 0x31, 0xEB, 0x5A,
  0xFF, 0x00, 0xFF, 0x00, 0xFF, 0x01, 0xFF, 0x00, 0xFF, 0x01, 0xFF, 0x01, 0xFF, 0x00, 0xCE, 0x00,
  0x00, 0x00, 0x07, 0x07, 0x18, 0x1F, 0x7F, 0x7F, 0x61, 0x7E, 0xC1, 0xFE, 0xF6, 0x39, 0x39, 0x10,
  0x00, 0x00, 0x07, 0x00, 0x1F, 0x00, 0x7F, 0x78, 0x7F, 0x00, 0xFF, 0x00, 0x39, 0x00, 0xD6, 0xC6,
  0xE0, 0xFF, 0x1E, 0xE0, 0xE0, 0x00, 0x07, 0xF8, 0xE8, 0x10, 0xE8, 0x10, 0xF9, 0x00, 0xCA, 0x00,
  0xFF, 0x00, 0xFF, 0x00, 0xFF, 0x01, 0xFF, 0x00, 0xFF, 0x01, 0xFF, 0x01, 0xCE, 0x00, 0xB5, 0x31,
  0x9B, 0xC7, 0x95, 0xCF, 0x9B, 0xC7, 0x95, 0xCF, 0x9B, 0xC7, 0x95, 0xCF, 0x9B, 0xC7, 0x95, 0xCF,
  0xFF, 0x00, 0xFF, 0x00, 0xFF, 0x00, 0xFF, 0x00, 0xFF, 0x00, 0xFF, 0x00, 0xFF, 0x00, 0xFF, 0x00,
  0x7F, 0xFF, 0xFF, 0xFF, 0x7F, 0xFF, 0xFF, 0xFF, 0x7F, 0xFF, 0xFF, 0xFF, 0x7F, 0xFF, 0xFF, 0xFF,
  0xFF, 0x17, 0xFF, 0x2B, 0xFF, 0x17, 0xFF, 0x2B, 0xFF, 0x17, 0xFF, 0x2B, 0xFF, 0x17, 0xFF, 0x2B,
  0xFF, 0xFF, 0xFD, 0xFF, 0xE7, 0xF9, 0xF7, 0xFD, 0xF9, 0xFF, 0x7E, 0x7E, 0x34, 0x3C, 0x2C, 0x34,
  0xFF, 0x80, 0xFF, 0xC0, 0xFF, 0x80, 0xFF, 0xC0, 0xFF, 0x00, 0x7E, 0x60, 0x3C, 0x00, 0x3C, 0x20,
  0xFF, 0xFF, 0x01, 0xFF, 0x01, 0x01, 0x77, 0x45, 0x01, 0xFF, 0x7E, 0x7E, 0x2C, 0x34, 0x34, 0x24,
  0xFF, 0x00, 0xFF, 0x00, 0xFF, 0x00, 0xFF, 0x00, 0xFF, 0x00, 0x7E, 0x00, 0x3C, 0x00, 0x3C, 0x00,
  0x18, 0x18, 0x27, 0x27, 0x58, 0x58, 0x50, 0x50, 0x27, 0x27, 0x2C, 0x28, 0x2F, 0x2F, 0x34, 0x30,
  0x1F, 0x07, 0x3F, 0x18, 0x78, 0x23, 0x71, 0x27, 0x67, 0x40, 0x6F, 0x40, 0x6F, 0x40, 0x7F, 0x48,
  0x18, 0x18, 0xE4, 0xE4, 0x1A, 0x1A, 0x0A, 0x0A, 0xE4, 0xE4, 0x34, 0x14, 0xF4, 0xF4, 0x2C, 0x0C,
  0xF8, 0x00, 0xFC, 0x00, 0x1E, 0xC0, 0x8E, 0xE0, 0xE6, 0x00, 0xF6, 0x80, 0xF6, 0x00, 0xFE, 0x90,
  0x04, 0x04, 0x13, 0x13, 0x2D, 0x2D, 0x13, 0x12, 0x56, 0x54, 0x27, 0x24, 0x25, 0x26, 0x24, 0x24,
  0x07, 0x03, 0x1F, 0x0C, 0x3D, 0x10, 0x32, 0x21, 0x75, 0x23, 0x64, 0x43, 0x64, 0x40, 0x67, 0x41,
  0x20, 0x20, 0xC8, 0xC8, 0xB4, 0xB4, 0xC8, 0x48, 0xEA, 0x2A, 0xE4, 0x24, 0x24, 0xE4, 0xA4, 0xA4,
  0xE0, 0x00, 0xF8, 0x00, 0xBC, 0x00, 0x4C, 0x80, 0x2E, 0xC0, 0x26, 0xC0, 0x26, 0x00, 0xE6, 0x00,
  0x3F, 0x3F, 0x50, 0x7F, 0x90, 0xFF, 0x3D, 0xD3, 0x1D, 0x93, 0x10, 0x93, 0x11, 0x93, 0x7D, 0x93,
  0x30, 0x00, 0x70, 0x00, 0xF0, 0x00, 0xF1, 0x01, 0xF1, 0x01, 0xFC, 0x6C, 0xFD, 0x01, 0xF1, 0x01,
  0xFC, 0xFC, 0x0A, 0xFE, 0x29, 0xFF, 0xFC, 0xEB, 0x18, 0xE9, 0x48, 0xC9, 0xE8, 0xC9, 0x1E, 0xE9,
  0x0C, 0x00, 0x0E, 0x00, 0x2F, 0x20, 0xEF, 0xE0, 0x0F, 0x00, 0x7F, 0x56, 0xFF, 0xC0, 0x0F, 0x00,
  0x00, 0x00, 0x03, 0x03, 0x0E, 0x0F, 0x13, 0x1F, 0x32, 0x3F, 0x23, 0x3F, 0x22, 0x3F, 0x33, 0x3F,
  0x00, 0x00, 0x02, 0x02, 0x02, 0x02, 0x02, 0x02, 0x00, 0x00, 0x00, 0x00, 0x00, 0x00, 0x20, 0x20,
  0x00, 0x00, 0xC0, 0xC0, 0x70, 0xF0, 0xC8, 0xF8, 0x4C, 0xFC, 0xC4, 0xFC, 0x44, 0xFC, 0xCC, 0xFC,
  0x00, 0x00, 0x40, 0x40, 0x40, 0x40, 0x40, 0x40, 0x00, 0x00, 0x00, 0x00, 0x00, 0x00, 0x00, 0x00,
  0x7B, 0xFF, 0xE6, 0xFF, 0xE1, 0xFE, 0xFE, 0xFF, 0xE3, 0xFC, 0xFF, 0xFF, 0xC0, 0xFF, 0xFE, 0xC0,
  0x39, 0x00, 0xFF, 0x00, 0xFF, 0x00, 0xFF, 0xF8, 0xFF, 0x00, 0xFF, 0xF8, 0xFF, 0x00, 0xFF, 0x00,
  0xDA, 0x7B, 0xF9, 0x31, 0xE8, 0x10, 0x16, 0xF8, 0xE8, 0x10, 0x16, 0xF8, 0xF8, 0x00, 0x00, 0x00,
  0xCE, 0x00, 0xFF, 0x00, 0xFF, 0x01, 0xFF, 0x00, 0xFF, 0x01, 0xFF, 0x00, 0xFF, 0x01, 0xFF, 0x2F,
  0x39, 0x10, 0xF6, 0x39, 0x81, 0xFE, 0xFE, 0xFF, 0x83, 0xFC, 0xFF, 0xFF, 0xC0, 0xFF, 0xFE, 0xC0,
  0xD6, 0xC6, 0x39, 0x00, 0xFF, 0x00, 0xFF, 0xF8, 0xFF, 0x00, 0xFF, 0xF8, 0xFF, 0x00, 0xFF, 0x00,
  0xCA, 0x00, 0xF9, 0x00, 0xE8, 0x10, 0x16, 0xF8, 0xE8, 0x10, 0x16, 0xF8, 0xF8, 0x00, 0x00, 0x00,
  0xB5, 0x31, 0xCE, 0x00, 0xFF, 0x01, 0xFF, 0x00, 0xFF, 0x01, 0xFF, 0x00, 0xFF, 0x01, 0xFF, 0x2F,
  0x9F, 0xD3, 0x9E, 0xD3, 0x9F, 0xD3, 0x9E, 0xD3, 0x9F, 0xD3, 0x9E, 0xD3, 0x9F, 0xD3, 0x9E, 0xDF,
  0xE0, 0x0C, 0xE0, 0x00, 0xE0, 0x00, 0xE0, 0x00, 0xE0, 0x00, 0xE0, 0x0C, 0xE0, 0x0C, 0xE0, 0x00,
  0xFF, 0xFF, 0xFF, 0xFF, 0xFF, 0xFF, 0xFF, 0xFF, 0xFF, 0xFF, 0xFF, 0xFF, 0xFF, 0xFF, 0xFF, 0xFF,
  0x17, 0x00, 0x2F, 0x00, 0x17, 0x00, 0x2F, 0x00, 0x17, 0x00, 0x2F, 0x00, 0x17, 0x00, 0x2F, 0x00,
  0x3C, 0x34, 0x34, 0x3C, 0x7E, 0x7E, 0xF1, 0xFF, 0xF7, 0xFD, 0xE7, 0xF9, 0xFB, 0xFF, 0xFF, 0xFF,
  0x3C, 0x00, 0x3C, 0x30, 0x7E, 0x40, 0xFF, 0x80, 0xFF, 0xE0, 0xFF, 0xC0, 0xFF, 0xC0, 0xFF, 0x80,
  0x34, 0x24, 0x2C, 0x34, 0x7E, 0x7E, 0x01, 0xFF, 0x77, 0x45, 0xFF, 0x01, 0x6B, 0xFF, 0xFF, 0xFF,
  0x3C, 0x00, 0x3C, 0x00, 0x7E, 0x00, 0xFF, 0x00, 0xFF, 0x00, 0xFF, 0x00, 0xFF, 0x00, 0xFF, 0x00,
  0x34, 0x30, 0x2E, 0x28, 0x27, 0x27, 0x26, 0x24, 0x27, 0x27, 0x26, 0x24, 0xFF, 0xFF, 0xE0, 0x80,
  0x7F, 0x48, 0x6F, 0x40, 0x67, 0x40, 0x67, 0x40, 0x67, 0x00, 0x67, 0x00, 0xFF, 0x00, 0xFF, 0x03,
  0x2C, 0x0C, 0x74, 0x14, 0xE4, 0xE4, 0x64, 0x24, 0xE4, 0xE4, 0x64, 0x24, 0xFF, 0xFF, 0x07, 0x01,
  0xFE, 0x90, 0xF6, 0x00, 0xE6, 0x00, 0xE6, 0x80, 0xE6, 0x00, 0xE6, 0x80, 0xFF, 0x00, 0xFF, 0xC0,
  0x27, 0x26, 0x26, 0x24, 0x26, 0x24, 0x26, 0x27, 0x24, 0x20, 0x34, 0x30, 0x3F, 0x3C, 0x70, 0x00,
  0x67, 0x40, 0x67, 0x41, 0x67, 0x41, 0x6F, 0x48, 0x6F, 0x49, 0x7F, 0x41, 0x7F, 0x00, 0x7F, 0x00,
  0xE4, 0x64, 0x64, 0x24, 0x64, 0x24, 0x64, 0xE4, 0xE4, 0x84, 0xCC, 0x8C, 0xFE, 0x3C, 0x0E, 0x00,
  0xE6, 0x00, 0xE6, 0x00, 0xE6, 0x00, 0xF6, 0x10, 0xF6, 0x00, 0xFE, 0x00, 0xFE, 0x00, 0xFE, 0x00,
  0x3C, 0xD3, 0x93, 0xFF, 0x5F, 0x7F, 0x3F, 0x3F, 0x0C, 0x0C, 0x08, 0x04, 0x64, 0x78, 0x64, 0x78,
  0xF0, 0x00, 0xF3, 0x03, 0x70, 0x10, 0x3F, 0x00, 0x0C, 0x00, 0x0C, 0x00, 0x7F, 0x01, 0x7F, 0x01,
  0x3C, 0xEB, 0xE9, 0xFF, 0xFA, 0xFE, 0xFC, 0xFC, 0x30, 0x30, 0x20, 0x10, 0x26, 0x1E, 0x26, 0x1E,
  0x2F, 0x20, 0xEF, 0xE0, 0x0E, 0x08, 0xFC, 0x00, 0x30, 0x00, 0x30, 0x00, 0xFE, 0x80, 0xFE, 0x80,
  0x3E, 0x3F, 0x27, 0x3F, 0x32, 0x3F, 0x13, 0x1F, 0x0E, 0x0F, 0x0F, 0x0F, 0x63, 0x73, 0x40, 0x70,
  0x10, 0x10, 0x00, 0x00, 0x00, 0x00, 0x02, 0x02, 0x02, 0x02, 0x1E, 0x0E, 0x7F, 0x01, 0x7F, 0x01,
  0x1B, 0x87, 0x37, 0x8C, 0x3E, 0x88, 0x3F, 0x88, 0x37, 0x8C, 0x1B, 0x87, 0x00, 0xFF, 0x7F, 0x7F,
  0xFF, 0x00, 0xFC, 0x00, 0xF9, 0x01, 0xF8, 0x00, 0xFC, 0x00, 0xFF, 0x00, 0xFF, 0x00, 0x7F, 0x00,
  0x7F, 0x7F, 0x7F, 0x7F, 0xD8, 0xE0, 0xBA, 0xEA, 0x7F, 0x7F, 0x33, 0x3F, 0x5A, 0x73, 0xD5, 0xB9,
  0x7F, 0x00, 0x60, 0x00, 0xFF, 0x01, 0xFF, 0x01, 0x7F, 0x00, 0x3F, 0x00, 0x7F, 0x00, 0xFF, 0x02,
  0xFE, 0xFE, 0xFE, 0xFE, 0x1B, 0x07, 0x5D, 0x57, 0xFE, 0xFE, 0x5E, 0xFE, 0x7B, 0xED, 0xD5, 0xF6,
  0xFE, 0x00, 0x06, 0x00, 0xFF, 0x80, 0xFF, 0x80, 0xFE, 0x00, 0xFE, 0x00, 0xFF, 0x00, 0xFF, 0x00,
  0x7F, 0x7F, 0x73, 0x7C, 0xD8, 0xE0, 0xBA, 0xEA, 0x7F, 0x7F, 0x33, 0x3F, 0x5A, 0x73, 0xD5, 0xB9,
  0x7F, 0x00, 0x60, 0x00, 0xFF, 0x01, 0xFF, 0x01, 0x7F, 0x00, 0x3F, 0x00, 0x7F, 0x00, 0xFF, 0x02,
  0xFE, 0xFE, 0xCE, 0x3E, 0x1B, 0x07, 0x5D, 0x57, 0xFE, 0xFE, 0x5E, 0xFE, 0x7B, 0xED, 0xD5, 0xF6,
  0xFE, 0x00, 0x06, 0x00, 0xFF, 0x80, 0xFF, 0x80, 0xFE, 0x00, 0xFE, 0x00, 0xFF, 0x00, 0xFF, 0x00,
  0x81, 0x81, 0x00, 0x00, 0x3F, 0x00, 0x3F, 0x10, 0x3F, 0x00, 0x3C, 0x00, 0x3F, 0x07, 0xBC, 0x80,
  0xFF, 0x00, 0xFF, 0x2A, 0xFF, 0x40, 0xFF, 0x40, 0xFF, 0x00, 0xFF, 0x41, 0xFF, 0x40, 0xFF, 0x01,
  0x81, 0x81, 0x03, 0x03, 0xFF, 0x03, 0xFF, 0x0B, 0xFF, 0x03, 0x2F, 0x13, 0xEF, 0xF3, 0x2F, 0x13,
  0xFF, 0x01, 0xFF, 0x80, 0xFF, 0x00, 0xFF, 0x00, 0xFF, 0x00, 0xFF, 0x80, 0xFF, 0x00, 0xFF, 0x81,
  0xFF, 0xFF, 0xFF, 0xFF, 0x98, 0xFF, 0x7F, 0x80, 0x7F, 0x80, 0x80, 0x00, 0x80, 0x00, 0x98, 0x18,
  0xFF, 0x00, 0xFF, 0x18, 0xFF, 0x00, 0xFF, 0x00, 0xFF, 0x00, 0xFF, 0x00, 0xFF, 0x00, 0xFF, 0x67,
  0xFF, 0xFF, 0xFF, 0xFF, 0x00, 0xFF, 0xFF, 0x00, 0xFF, 0x00, 0x00, 0x00, 0x00, 0x00, 0x00, 0x00,
  0xFF, 0x00, 0xFF, 0x00, 0xFF, 0x00, 0xFF, 0x00, 0xFF, 0x00, 0xFF, 0x00, 0xFF, 0x00, 0xFF, 0xFF,
  0xE7, 0xF8, 0xB0, 0xC0, 0xB0, 0xC0, 0xF1, 0xE1, 0xF1, 0xE1, 0xB0, 0xC0, 0xB0, 0xC0, 0xB0, 0xC0,
  0xFF, 0x00, 0xFF, 0x01, 0xFF, 0x01, 0xFF, 0x61, 0xFF, 0x40, 0xFF, 0x01, 0xFF, 0x01, 0xFF, 0x01,
  0xB0, 0xC0, 0xB0, 0xC0, 0xB0, 0xC0, 0xB0, 0xC0, 0xB0, 0xC0, 0xB0, 0xC0, 0xB0, 0xC0, 0xB0, 0xC0,
  0xFF, 0x01, 0xFF, 0x01, 0xFF, 0x01, 0xFF, 0x01, 0xFF, 0x01, 0xFF, 0x01, 0xFF, 0x01, 0xFF, 0x01,
  0x01, 0x01, 0xFD, 0x03, 0xFD, 0xF3, 0xFD, 0x03, 0x01, 0xFF, 0xFF, 0xFF, 0xFF, 0xFF, 0x80, 0x80,
  0xFF, 0x81, 0xFF, 0x01, 0xFF, 0x01, 0xFF, 0x01, 0xFF, 0x01, 0xFF, 0xFF, 0xFF, 0x00, 0xFF, 0x3C,
  0x80, 0x80, 0xBF, 0x80, 0xBF, 0x8F, 0xBF, 0x80, 0x80, 0xFF, 0xFF, 0xFF, 0xFF, 0xFF, 0x01, 0x01,
  0xFF, 0x3C, 0xFF, 0x40, 0xFF, 0x00, 0xFF, 0x00, 0xFF, 0x00, 0xFF, 0x7F, 0xFF, 0x00, 0xFF, 0x81,
  0x81, 0x81, 0xBD, 0x83, 0xBD, 0x9B, 0xBD, 0x83, 0x81, 0xFF, 0xFF, 0xFF, 0xFF, 0xFF, 0x80, 0x80,
  0xFF, 0x31, 0xFF, 0x41, 0xFF, 0x01, 0xFF, 0x01, 0xFF, 0x01, 0xFF, 0x7F, 0xFF, 0x00, 0xFF, 0x0C,
  0x81, 0x81, 0xBD, 0x83, 0xBD, 0x9B, 0xBD, 0x83, 0x81, 0xFF, 0xFF, 0xFF, 0xFF, 0xFF, 0x01, 0x01,
  0xFF, 0x31, 0xFF, 0x41, 0xFF, 0x01, 0xFF, 0x01, 0xFF, 0x01, 0xFF, 0x7F, 0xFF, 0x00, 0xFF, 0x8C,
  0xFF, 0xFF, 0x81, 0x81, 0x00, 0x00, 0x01, 0x00, 0x7C, 0x83, 0x00, 0xFF, 0x81, 0xFF, 0xFF, 0xFF,
  0xFF, 0x00, 0xFF, 0x00, 0xFF, 0x7C, 0xFF, 0x80, 0xFF, 0x00, 0xFF, 0x00, 0xFF, 0x00, 0xFF, 0x00,
  0x34, 0x2F, 0x2D, 0x3F, 0x27, 0x3F, 0x1F, 0x1F, 0x00, 0x00, 0x00, 0x00, 0x00, 0x00, 0x00, 0x00,
  0x3F, 0x00, 0x3F, 0x00, 0x3F, 0x00, 0x1F, 0x00, 0x00, 0x00, 0x00, 0x00, 0x00, 0x00, 0x00, 0x00,
  0xBA, 0xBC, 0xFF, 0xBE, 0x77, 0x5F, 0x7F, 0x7F, 0xCC, 0xF0, 0xBA, 0xEA, 0xBA, 0xEA, 0xFF, 0xFF,
  0xFF, 0x01, 0xFF, 0x00, 0x7F, 0x00, 0x7F, 0x00, 0xFF, 0x00, 0xFF, 0x01, 0xFF, 0x01, 0xFF, 0x00,
  0x7F, 0xF6, 0x7D, 0x2E, 0xBA, 0x7C, 0xFE, 0xFE, 0x33, 0x0F, 0x5D, 0x57, 0x5D, 0x57, 0xFF, 0xFF,
  0xFF, 0x00, 0xFF, 0x00, 0xFE, 0x00, 0xFE, 0x00, 0xFF, 0x00, 0xFF, 0x80, 0xFF, 0x80, 0xFF, 0x00,
  0xBA, 0xBC, 0xFF, 0xBE, 0x77, 0x5F, 0x7F, 0x7F, 0xCC, 0xF0, 0xBA, 0xEA, 0x90, 0xEA, 0xFF, 0xFF,
  0xFF, 0x01, 0xFF, 0x00, 0x7F, 0x00, 0x7F, 0x00, 0xFF, 0x00, 0xFF, 0x01, 0xFF, 0x01, 0xFF, 0x00,
  0x7F, 0xF6, 0x7D, 0x2E, 0xBA, 0x7C, 0xFE, 0xFE, 0x33, 0x0F, 0x5D, 0x57, 0x09, 0x57, 0xFF, 0xFF,
  0xFF, 0x00, 0xFF, 0x00, 0xFE, 0x00, 0xFE, 0x00, 0xFF, 0x00, 0xFF, 0x80, 0xFF, 0x80, 0xFF, 0x00,
  0xBF, 0x87, 0x3C, 0x00, 0x3F, 0x07, 0x38, 0x07, 0x3F, 0x10, 0x3F, 0x00, 0x7F, 0x7F, 0xFF, 0xFF,
  0xFF, 0x40, 0xFF, 0x41, 0xFF, 0x00, 0xFF, 0x40, 0xFF, 0x00, 0xFF, 0x00, 0xFF, 0x00, 0xFF, 0x81,
  0xEF, 0xF3, 0x2F, 0x13, 0xEF, 0xF3, 0x0F, 0xF3, 0xFF, 0x0B, 0xFF, 0x03, 0xFF, 0xFF, 0xFF, 0xFF,
  0xFF, 0x01, 0xFF, 0x80, 0xFF, 0x00, 0xFF, 0x00, 0xFF, 0x00, 0xFF, 0x00, 0xFF, 0x00, 0xFF, 0x81,
  0x00, 0x00, 0x00, 0x00, 0x00, 0x00, 0x1C, 0x1F, 0x00, 0x00, 0x1C, 0x1F, 0x00, 0x00, 0x00, 0x00,
  0x00, 0x00, 0x00, 0x00, 0x00, 0x00, 0x1F, 0x00, 0x3F, 0x03, 0x1F, 0x00, 0x00, 0x00, 0x00, 0x00,
  0x03, 0x02, 0x05, 0x07, 0xF9, 0xFF, 0x6C, 0x8B, 0x00, 0x08, 0x6C, 0x8B, 0xF9, 0xFF, 0x05, 0x07,
  0x02, 0x02, 0x07, 0x01, 0xFF, 0x09, 0xFF, 0x00, 0xFF, 0xF2, 0xFF, 0x00, 0xFF, 0x09, 0x07, 0x01,
  0x00, 0x00, 0x00, 0x00, 0x03, 0x03, 0x31, 0x3E, 0x00, 0x00, 0x31, 0x3E, 0x03, 0x03, 0x00, 0x00,
  0x00, 0x00, 0x00, 0x00, 0x03, 0x00, 0x3F, 0x00, 0xFF, 0x0F, 0x3F, 0x00, 0x03, 0x00, 0x00, 0x00,
  0x03, 0x03, 0x17, 0x1F, 0xE7, 0xFF, 0xB2, 0x2F, 0x02, 0x22, 0xB2, 0x2F, 0xE7, 0xFF, 0x17, 0x1E,
  0x02, 0x02, 0x1E, 0x06, 0xFF, 0x27, 0xFF, 0x02, 0xFF, 0xCA, 0xFF, 0x02, 0xFF, 0x27, 0x1E, 0x06,
  0xBF, 0x80, 0xBF, 0x8F, 0xBF, 0x80, 0x80, 0xFF, 0xFF, 0xFF, 0xFF, 0xFF, 0x00, 0x00, 0xFF, 0x00,
  0xFF, 0x40, 0xFF, 0x00, 0xFF, 0x00, 0xFF, 0x00, 0xFF, 0x7F, 0xFF, 0x00, 0xFF, 0xBA, 0xFF, 0x00,
  0xFD, 0x03, 0xFD, 0xF3, 0xFD, 0x03, 0x01, 0xFF, 0xFF, 0xFF, 0xFF, 0xFF, 0x00, 0x00, 0xFF, 0x00,
  0xFF, 0x01, 0xFF, 0x01, 0xFF, 0x01, 0xFF, 0x01, 0xFF, 0xFF, 0xFF, 0x00, 0xFF, 0x00, 0xFF, 0x00,
  0xFF, 0xFF, 0x80, 0x80, 0x00, 0x00, 0x00, 0x00, 0x7F, 0x80, 0x00, 0xFF, 0x80, 0xFF, 0xFF, 0xFF,
  0xFF, 0x00, 0xFF, 0x00, 0xFF, 0x7F, 0xFF, 0x80, 0xFF, 0x00, 0xFF, 0x00, 0xFF, 0x00, 0xFF, 0x00,
  0xFF, 0xFF, 0x01, 0x01, 0x00, 0x00, 0x01, 0x00, 0xFC, 0x03, 0x00, 0xFF, 0x01, 0xFF, 0xFF, 0xFF,
  0xFF, 0x00, 0xFF, 0x00, 0xFF, 0xFC, 0xFF, 0x00, 0xFF, 0x00, 0xFF, 0x00, 0xFF, 0x00, 0xFF, 0x00,
  0xFD, 0x0E, 0x1B, 0xFC, 0xE4, 0xFF, 0x1F, 0xF3, 0xDF, 0x31, 0x10, 0xFF, 0x08, 0xFF, 0xFF, 0xFF,
  0xFF, 0x00, 0xFF, 0x00, 0xFF, 0x00, 0xFF, 0x00, 0xFF, 0x00, 0xFF, 0x00, 0xFF, 0x08, 0xFF, 0x00,
  0xD6, 0x39, 0xD9, 0x3F, 0x67, 0xFE, 0x9D, 0xEF, 0x7D, 0x93, 0x90, 0xFF, 0x68, 0xFF, 0xFF, 0xFF,
  0xFF, 0x00, 0xFF, 0x00, 0xFF, 0x00, 0xFF, 0x00, 0xFF, 0x00, 0xFF, 0x00, 0xFF, 0x68, 0xFF, 0x00,
  0x00, 0x00, 0x00, 0x44, 0x00, 0x28, 0x00, 0x10, 0x00, 0x28, 0x00, 0x44, 0x00, 0x00, 0x00, 0x00,
  0x00, 0x00, 0x44, 0x44, 0x28, 0x28, 0x10, 0x10, 0x28, 0x28, 0x44, 0x44, 0x00, 0x00, 0x00, 0x00,
  0x00, 0x00, 0x00, 0x44, 0x00, 0x28, 0x00, 0x10, 0x00, 0x28, 0x00, 0x44, 0x00, 0x00, 0x00, 0x00,
  0x00, 0x00, 0x44, 0x44, 0x28, 0x28, 0x10, 0x10, 0x28, 0x28, 0x44, 0x44, 0x00, 0x00, 0x00, 0x00,
  0x00, 0x00, 0x00, 0x44, 0x00, 0x28, 0x00, 0x10, 0x00, 0x28, 0x00, 0x44, 0x00, 0x00, 0x00, 0x00,
  0x00, 0x00, 0x44, 0x44, 0x28, 0x28, 0x10, 0x10, 0x28, 0x28, 0x44, 0x44, 0x00, 0x00, 0x00, 0x00,
  0x00, 0x00, 0x00, 0x44, 0x00, 0x28, 0x00, 0x10, 0x00, 0x28, 0x00, 0x44, 0x00, 0x00, 0x00, 0x00,
  0x00, 0x00, 0x44, 0x44, 0x28, 0x28, 0x10, 0x10, 0x28, 0x28, 0x44, 0x44, 0x00, 0x00, 0x00, 0x00,
  0x00, 0x00, 0x00, 0x44, 0x00, 0x28, 0x00, 0x10, 0x00, 0x28, 0x00, 0x44, 0x00, 0x00, 0x00, 0x00,
  0x00, 0x00, 0x44, 0x44, 0x28, 0x28, 0x10, 0x10, 0x28, 0x28, 0x44, 0x44, 0x00, 0x00, 0x00, 0x00,
  0x00, 0x00, 0x00, 0x44, 0x00, 0x28, 0x00, 0x10, 0x00, 0x28, 0x00, 0x44, 0x00, 0x00, 0x00, 0x00,
  0x00, 0x00, 0x44, 0x44, 0x28, 0x28, 0x10, 0x10, 0x28, 0x28, 0x44, 0x44, 0x00, 0x00, 0x00, 0x00,
  0x00, 0x00, 0x00, 0x44, 0x00, 0x28, 0x00, 0x10, 0x00, 0x28, 0x00, 0x44, 0x00, 0x00, 0x00, 0x00,
  0x00, 0x00, 0x44, 0x44, 0x28, 0x28, 0x10, 0x10, 0x28, 0x28, 0x44, 0x44, 0x00, 0x00, 0x00, 0x00,
  0x00, 0x00, 0x00, 0x44, 0x00, 0x28, 0x00, 0x10, 0x00, 0x28, 0x00, 0x44, 0x00, 0x00, 0x00, 0x00,
  0x00, 0x00, 0x44, 0x44, 0x28, 0x28, 0x10, 0x10, 0x28, 0x28, 0x44, 0x44, 0x00, 0x00, 0x00, 0x00,
  0x00, 0x00, 0x00, 0x44, 0x00, 0x28, 0x00, 0x10, 0x00, 0x28, 0x00, 0x44, 0x00, 0x00, 0x00, 0x00,
  0x00, 0x00, 0x44, 0x44, 0x28, 0x28, 0x10, 0x10, 0x28, 0x28, 0x44, 0x44, 0x00, 0x00, 0x00, 0x00,
  0x00, 0x00, 0x00, 0x44, 0x00, 0x28, 0x00, 0x10, 0x00, 0x28, 0x00, 0x44, 0x00, 0x00, 0x00, 0x00,
  0x00, 0x00, 0x44, 0x44, 0x28, 0x28, 0x10, 0x10, 0x28, 0x28, 0x44, 0x44, 0x00, 0x00, 0x00, 0x00,
  0x00, 0x00, 0x00, 0x44, 0x00, 0x28, 0x00, 0x10, 0x00, 0x28, 0x00, 0x44, 0x00, 0x00, 0x00, 0x00,
  0x00, 0x00, 0x44, 0x44, 0x28, 0x28, 0x10, 0x10, 0x28, 0x28, 0x44, 0x44, 0x00, 0x00, 0x00, 0x00,
  0x00, 0x00, 0x00, 0x44, 0x00, 0x28, 0x00, 0x10, 0x00, 0x28, 0x00, 0x44, 0x00, 0x00, 0x00, 0x00,
  0x00, 0x00, 0x44, 0x44, 0x28, 0x28, 0x10, 0x10, 0x28, 0x28, 0x44, 0x44, 0x00, 0x00, 0x00, 0x00,
  0x00, 0x00, 0x00, 0x44, 0x00, 0x28, 0x00, 0x10, 0x00, 0x28, 0x00, 0x44, 0x00, 0x00, 0x00, 0x00,
  0x00, 0x00, 0x44, 0x44, 0x28, 0x28, 0x10, 0x10, 0x28, 0x28, 0x44, 0x44, 0x00, 0x00, 0x00, 0x00,
  0x00, 0x00, 0x00, 0x44, 0x00, 0x28, 0x00, 0x10, 0x00, 0x28, 0x00, 0x44, 0x00, 0x00, 0x00, 0x00,
  0x00, 0x00, 0x44, 0x44, 0x28, 0x28, 0x10, 0x10, 0x28, 0x28, 0x44, 0x44, 0x00, 0x00, 0x00, 0x00,
  0x00, 0x00, 0x00, 0x44, 0x00, 0x28, 0x00, 0x10, 0x00, 0x28, 0x00, 0x44, 0x00, 0x00, 0x00, 0x00,
  0x00, 0x00, 0x44, 0x44, 0x28, 0x28, 0x10, 0x10, 0x28, 0x28, 0x44, 0x44, 0x00, 0x00, 0x00, 0x00,
  0x00, 0x00, 0x00, 0x44, 0x00, 0x28, 0x00, 0x10, 0x00, 0x28, 0x00, 0x44, 0x00, 0x00, 0x00, 0x00,
  0x00, 0x00, 0x44, 0x44, 0x28, 0x28, 0x10, 0x10, 0x28, 0x28, 0x44, 0x44, 0x00, 0x00, 0x00, 0x00,
  0x00, 0x00, 0x00, 0x44, 0x00, 0x28, 0x00, 0x10, 0x00, 0x28, 0x00, 0x44, 0x00, 0x00, 0x00, 0x00,
  0x00, 0x00, 0x44, 0x44, 0x28, 0x28, 0x10, 0x10, 0x28, 0x28, 0x44, 0x44, 0x00, 0x00, 0x00, 0x00,
  0x00, 0x00, 0x00, 0x44, 0x00, 0x28, 0x00, 0x10, 0x00, 0x28, 0x00, 0x44, 0x00, 0x00, 0x00, 0x00,
  0x00, 0x00, 0x44, 0x44, 0x28, 0x28, 0x10, 0x10, 0x28, 0x28, 0x44, 0x44, 0x00, 0x00, 0x00, 0x00,
  0x00, 0x00, 0x00, 0x44, 0x00, 0x28, 0x00, 0x10, 0x00, 0x28, 0x00, 0x44, 0x00, 0x00, 0x00, 0x00,
  0x00, 0x00, 0x44, 0x44, 0x28, 0x28, 0x10, 0x10, 0x28, 0x28, 0x44, 0x44, 0x00, 0x00, 0x00, 0x00,
  0x00, 0x00, 0x00, 0x44, 0x00, 0x28, 0x00, 0x10, 0x00, 0x28, 0x00, 0x44, 0x00, 0x00, 0x00, 0x00,
  0x00, 0x00, 0x44, 0x44, 0x28, 0x28, 0x10, 0x10, 0x28, 0x28, 0x44, 0x44, 0x00, 0x00, 0x00, 0x00,
  0x00, 0x00, 0x00, 0x44, 0x00, 0x28, 0x00, 0x10, 0x00, 0x28, 0x00, 0x44, 0x00, 0x00, 0x00, 0x00,
  0x00, 0x00, 0x44, 0x44, 0x28, 0x28, 0x10, 0x10, 0x28, 0x28, 0x44, 0x44, 0x00, 0x00, 0x00, 0x00,
  0x00, 0x00, 0x00, 0x44, 0x00, 0x28, 0x00, 0x10, 0x00, 0x28, 0x00, 0x44, 0x00, 0x00, 0x00, 0x00,
  0x00, 0x00, 0x44, 0x44, 0x28, 0x28, 0x10, 0x10, 0x28, 0x28, 0x44, 0x44, 0x00, 0x00, 0x00, 0x00,
  0x00, 0x00, 0x00, 0x44, 0x00, 0x28, 0x00, 0x10, 0x00, 0x28, 0x00, 0x44, 0x00, 0x00, 0x00, 0x00,
  0x00, 0x00, 0x44, 0x44, 0x28, 0x28, 0x10, 0x10, 0x28, 0x28, 0x44, 0x44, 0x00, 0x00, 0x00, 0x00,
  0x00, 0x00, 0x00, 0x44, 0x00, 0x28, 0x00, 0x10, 0x00, 0x28, 0x00, 0x44, 0x00, 0x00, 0x00, 0x00,
  0x00, 0x00, 0x44, 0x44, 0x28, 0x28, 0x10, 0x10, 0x28, 0x28, 0x44, 0x44, 0x00, 0x00, 0x00, 0x00,
  0x00, 0x00, 0x00, 0x44, 0x00, 0x28, 0x00, 0x10, 0x00, 0x28, 0x00, 0x44, 0x00, 0x00, 0x00, 0x00,
  0x00, 0x00, 0x44, 0x44, 0x28, 0x28, 0x10, 0x10, 0x28, 0x28, 0x44, 0x44, 0x00, 0x00, 0x00, 0x00,
  0x00, 0x00, 0x00, 0x44, 0x00, 0x28, 0x00, 0x10, 0x00, 0x28, 0x00, 0x44, 0x00, 0x00, 0x00, 0x00,
  0x00, 0x00, 0x44, 0x44, 0x28, 0x28, 0x10, 0x10, 0x28, 0x28, 0x44, 0x44, 0x00, 0x00, 0x00, 0x00,
  0x00, 0x00, 0x00, 0x44, 0x00, 0x28, 0x00, 0x10, 0x00, 0x28, 0x00, 0x44, 0x00, 0x00, 0x00, 0x00,
  0x00, 0x00, 0x44, 0x44, 0x28, 0x28, 0x10, 0x10, 0x28, 0x28, 0x44, 0x44, 0x00, 0x00, 0x00, 0x00,
  0x00, 0x00, 0x00, 0x44, 0x00, 0x28, 0x00, 0x10, 0x00, 0x28, 0x00, 0x44, 0x00, 0x00, 0x00, 0x00,
  0x00, 0x00, 0x44, 0x44, 0x28, 0x28, 0x10, 0x10, 0x28, 0x28, 0x44, 0x44, 0x00, 0x00, 0x00, 0x00,
  0x00, 0x00, 0x00, 0x44, 0x00, 0x28, 0x00, 0x10, 0x00, 0x28, 0x00, 0x44, 0x00, 0x00, 0x00, 0x00,
  0x00, 0x00, 0x44, 0x44, 0x28, 0x28, 0x10, 0x10, 0x28, 0x28, 0x44, 0x44, 0x00, 0x00, 0x00, 0x00,
  0x00, 0x00, 0x00, 0x44, 0x00, 0x28, 0x00, 0x10, 0x00, 0x28, 0x00, 0x44, 0x00, 0x00, 0x00, 0x00,
  0x00, 0x00, 0x44, 0x44, 0x28, 0x28, 0x10, 0x10, 0x28, 0x28, 0x44, 0x44, 0x00, 0x00, 0x00, 0x00,
  0x00, 0x00, 0x00, 0x44, 0x00, 0x28, 0x00, 0x10, 0x00, 0x28, 0x00, 0x44, 0x00, 0x00, 0x00, 0x00,
  0x00, 0x00, 0x44, 0x44, 0x28, 0x28, 0x10, 0x10, 0x28, 0x28, 0x44, 0x44, 0x00, 0x00, 0x00, 0x00,
  0x00, 0x00, 0x00, 0x44, 0x00, 0x28, 0x00, 0x10, 0x00, 0x28, 0x00, 0x44, 0x00, 0x00, 0x00, 0x00,
  0x00, 0x00, 0x44, 0x44, 0x28, 0x28, 0x10, 0x10, 0x28, 0x28, 0x44, 0x44, 0x00, 0x00, 0x00, 0x00,
};

static const uint16_t kPicoLsPalette[128] = {
  0x0000, 0x02DF, 0x01D7, 0x00AC, 0x5DF5, 0x3D0E, 0x28AA, 0x1423,
  0x0BB1, 0x48FB, 0x7FFF, 0x0000, 0x7FFF, 0x44E5, 0x7FFF, 0x0000,
  0x4463, 0x0BB1, 0x1EA9, 0x0145, 0x5EBB, 0x3DB3, 0x292E, 0x1486,
  0x6318, 0x1CE7, 0x1084, 0x0000, 0x7FFF, 0x02DF, 0x001F, 0x0000,
  0x4463, 0x72BC, 0x48FB, 0x1816, 0x1484, 0x1063, 0x0821, 0x0400,
  0x01EF, 0x01AD, 0x016B, 0x0129, 0x04E7, 0x04A5, 0x0463, 0x0000,
  0x4463, 0x72B2, 0x71C7, 0x4D03, 0x5295, 0x3DF0, 0x2D6C, 0x2109,
  0x6318, 0x6318, 0x6318, 0x6318, 0x6318, 0x6318, 0x6318, 0x0000,
  0x4463, 0x1D89, 0x0D06, 0x0CA3, 0x2D0E, 0x2D09, 0x28C5, 0x0C81,
  0x55CE, 0x3D68, 0x24A2, 0x1400, 0x320C, 0x2108, 0x7FFF, 0x0420,
  0x4463, 0x5294, 0x39CE, 0x2108, 0x1CE8, 0x18C7, 0x14A6, 0x1085,
  0x0843, 0x0843, 0x0422, 0x0421, 0x2D4F, 0x290F, 0x7FFF, 0x0042,
  0x4463, 0x6318, 0x6318, 0x6318, 0x2D60, 0x2520, 0x18C0, 0x1080,
  0x260C, 0x19A9, 0x0907, 0x0082, 0x3D68, 0x24A2, 0x7FFF, 0x0000,
  0x4463, 0x6318, 0x6318, 0x6318, 0x3E94, 0x25CE, 0x0D08, 0x04C6,
  0x55CE, 0x3D68, 0x24A2, 0x1400, 0x6318, 0x6318, 0x7FFF, 0x0000,
};

static const uint16_t kPicoLsBg1Tilemap[2048] = {
  0x0338, 0x0338, 0x0338, 0x0338, 0x0338, 0x0338, 0x0338, 0x0338,
  0x0338, 0x0338, 0x0338, 0x0338, 0x0338, 0x0338, 0x0338, 0x0338,
  0x0338, 0x0338, 0x0338, 0x0338, 0x0338, 0x0338, 0x0338, 0x0338,
  0x0338, 0x0338, 0x0338, 0x0338, 0x0338, 0x0338, 0x0338, 0x0338,
  0x0338, 0x0338, 0x0338, 0x0338, 0x0338, 0x0338, 0x0338, 0x0338,
  0x0338, 0x0338, 0x0338, 0x0338, 0x0338, 0x0338, 0x0338, 0x0338,
  0x0338, 0x0338, 0x0338, 0x0338, 0x0338, 0x0338, 0x0338, 0x0338,
  0x0338, 0x0338, 0x0338, 0x0338, 0x0338, 0x0338, 0x0338, 0x0338,
  0x0338, 0x0338, 0x0338, 0x0338, 0x0338, 0x0338, 0x0338, 0x0338,
  0x0338, 0x0338, 0x0338, 0x0338, 0x0338, 0x0338, 0x0338, 0x0338,
  0x0338, 0x0338, 0x0338, 0x0338, 0x0338, 0x0338, 0x0338, 0x0338,
  0x0338, 0x0338, 0x0338, 0x0338, 0x0338, 0x0338, 0x0338, 0x0338,
  0x0338, 0x0338, 0x0338, 0x0338, 0x0338, 0x0338, 0x0338, 0x0338,
  0x0338, 0x0338, 0x0338, 0x0338, 0x0338, 0x0338, 0x0338, 0x0338,
  0x0338, 0x0338, 0x0338, 0x0338, 0x0338, 0x0338, 0x0338, 0x0338,
  0x0338, 0x0338, 0x0338, 0x0338, 0x0338, 0x0338, 0x0338, 0x0338,
  0x0338, 0x0338, 0x0338, 0x0338, 0x0338, 0x0338, 0x0338, 0x0338,
  0x0338, 0x0338, 0x0338, 0x0338, 0x0338, 0x0338, 0x0338, 0x0338,
  0x0338, 0x0338, 0x0338, 0x0338, 0x0338, 0x0338, 0x0338, 0x0338,
  0x0338, 0x0338, 0x0338, 0x0338, 0x0338, 0x0338, 0x0338, 0x0338,
  0x0338, 0x0338, 0x0338, 0x0338, 0x0338, 0x0338, 0x0338, 0x0338,
  0x0338, 0x0338, 0x0338, 0x0338, 0x0338, 0x0338, 0x0338, 0x0338,
  0x0338, 0x0338, 0x0338, 0x0338, 0x0338, 0x0338, 0x0338, 0x0338,
  0x0338, 0x0338, 0x0338, 0x0338, 0x0338, 0x0338, 0x0338, 0x0338,
  0x0338, 0x0338, 0x0338, 0x0338, 0x0338, 0x0338, 0x0338, 0x0338,
  0x0338, 0x0338, 0x0338, 0x0338, 0x0338, 0x0338, 0x0338, 0x0338,
  0x0338, 0x0338, 0x0338, 0x0338, 0x0338, 0x0338, 0x0338, 0x0338,
  0x0338, 0x0338, 0x0338, 0x0338, 0x0338, 0x0338, 0x0338, 0x0338,
  0x0338, 0x0338, 0x0338, 0x0338, 0x0338, 0x0338, 0x0338, 0x0338,
  0x0338, 0x0338, 0x0338, 0x0338, 0x0338, 0x0338, 0x0338, 0x0338,
  0x0338, 0x0338, 0x0338, 0x0338, 0x0338, 0x0338, 0x0338, 0x0338,
  0x0338, 0x0338, 0x0338, 0x0338, 0x0338, 0x0338, 0x0338, 0x0338,
  0x0338, 0x0338, 0x0338, 0x0338, 0x0338, 0x0338, 0x0338, 0x0338,
  0x0338, 0x0338, 0x0338, 0x0338, 0x0338, 0x0338, 0x0338, 0x0338,
  0x0338, 0x0338, 0x0338, 0x0338, 0x0338, 0x0338, 0x0338, 0x0338,
  0x0338, 0x0338, 0x0338, 0x0338, 0x0338, 0x0338, 0x0338, 0x0338,
  0x0338, 0x0338, 0x0338, 0x0338, 0x0338, 0x0338, 0x0338, 0x0338,
  0x0338, 0x0338, 0x0338, 0x0338, 0x0338, 0x0338, 0x0338, 0x0338,
  0x0338, 0x0338, 0x0338, 0x0338, 0x0338, 0x0338, 0x0338, 0x0338,
  0x0338, 0x0338, 0x0338, 0x0338, 0x0338, 0x0338, 0x0338, 0x0338,
  0x0338, 0x0338, 0x0338, 0x0338, 0x0338, 0x0338, 0x0338, 0x0338,
  0x0338, 0x0338, 0x0338, 0x0338, 0x0338, 0x0338, 0x0338, 0x0338,
  0x0338, 0x0338, 0x0338, 0x0338, 0x0338, 0x0338, 0x0338, 0x0338,
  0x0338, 0x0338, 0x0338, 0x0338, 0x0338, 0x0338, 0x0338, 0x0338,
  0x0338, 0x0338, 0x0338, 0x0338, 0x0338, 0x0338, 0x0338, 0x0338,
  0x0338, 0x0338, 0x0338, 0x0338, 0x0338, 0x0338, 0x0338, 0x0338,
  0x0338, 0x0338, 0x0338, 0x0338, 0x0338, 0x0338, 0x0338, 0x0338,
  0x0338, 0x0338, 0x0338, 0x0338, 0x0338, 0x0338, 0x0338, 0x0338,
  0x0338, 0x0338, 0x0338, 0x0338, 0x0338, 0x0338, 0x0338, 0x0338,
  0x0338, 0x0338, 0x0338, 0x0338, 0x0338, 0x0338, 0x0338, 0x0338,
  0x0338, 0x0338, 0x0338, 0x0338, 0x0338, 0x0338, 0x0338, 0x0338,
  0x0338, 0x0338, 0x0338, 0x0338, 0x0338, 0x0338, 0x0338, 0x0338,
  0x0338, 0x0338, 0x0338, 0x0338, 0x0338, 0x0338, 0x0338, 0x0338,
  0x0338, 0x0338, 0x0338, 0x0338, 0x0338, 0x0338, 0x0338, 0x0338,
  0x0338, 0x0338, 0x0338, 0x0338, 0x0338, 0x0338, 0x0338, 0x0338,
  0x0338, 0x0338, 0x0338, 0x0338, 0x0338, 0x0338, 0x0338, 0x0338,
  0x0338, 0x0338, 0x0338, 0x0338, 0x0338, 0x0338, 0x0338, 0x0338,
  0x0338, 0x0338, 0x0338, 0x0338, 0x0338, 0x0338, 0x0338, 0x0338,
  0x0338, 0x0338, 0x0338, 0x0338, 0x0338, 0x0338, 0x0338, 0x0338,
  0x0338, 0x0338, 0x0338, 0x0338, 0x0338, 0x0338, 0x0338, 0x0338,
  0x0338, 0x0338, 0x0338, 0x0338, 0x0338, 0x0338, 0x0338, 0x0338,
  0x0338, 0x0338, 0x0338, 0x0338, 0x0338, 0x0338, 0x0338, 0x0338,
  0x0338, 0x0338, 0x0338, 0x0338, 0x0338, 0x0338, 0x0338, 0x0338,
  0x0338, 0x0338, 0x0338, 0x0338, 0x0338, 0x0338, 0x0338, 0x0338,
  0x0338, 0x0338, 0x0338, 0x0338, 0x0338, 0x0338, 0x0338, 0x0338,
  0x0338, 0x0338, 0x0338, 0x0338, 0x0338, 0x0338, 0x0338, 0x0338,
  0x0338, 0x0338, 0x0338, 0x0338, 0x0338, 0x0338, 0x0338, 0x0338,
  0x0338, 0x0338, 0x0338, 0x0338, 0x0338, 0x0338, 0x0338, 0x0338,
  0x0338, 0x0338, 0x0338, 0x0338, 0x0338, 0x0338, 0x0338, 0x0338,
  0x0338, 0x0338, 0x0338, 0x0338, 0x0338, 0x0338, 0x0338, 0x0338,
  0x0338, 0x0338, 0x0338, 0x0338, 0x0338, 0x0338, 0x0338, 0x0338,
  0x0338, 0x0338, 0x0338, 0x0338, 0x0338, 0x0338, 0x0338, 0x0338,
  0x0338, 0x0338, 0x0338, 0x0338, 0x0338, 0x0338, 0x0338, 0x0338,
  0x0338, 0x0338, 0x0338, 0x0338, 0x0338, 0x0338, 0x0338, 0x0338,
  0x0338, 0x0338, 0x0338, 0x0338, 0x0338, 0x0338, 0x0338, 0x0338,
  0x0338, 0x0338, 0x0338, 0x0338, 0x0338, 0x0338, 0x0338, 0x0338,
  0x0338, 0x0338, 0x0338, 0x0338, 0x0338, 0x0338, 0x0338, 0x0338,
  0x0338, 0x0338, 0x0338, 0x0338, 0x0338, 0x0338, 0x0338, 0x0338,
  0x0338, 0x0338, 0x0338, 0x0338, 0x0338, 0x0338, 0x0338, 0x0338,
  0x0338, 0x0338, 0x0338, 0x0338, 0x0338, 0x0338, 0x0338, 0x0338,
  0x0338, 0x0338, 0x0338, 0x0338, 0x0338, 0x0338, 0x0338, 0x0338,
  0x0338, 0x0338, 0x0338, 0x0338, 0x0338, 0x0338, 0x0338, 0x0338,
  0x0338, 0x0338, 0x0338, 0x0338, 0x0338, 0x0338, 0x0338, 0x0338,
  0x0338, 0x0338, 0x0338, 0x0338, 0x0338, 0x0338, 0x0338, 0x0338,
  0x0338, 0x0338, 0x0338, 0x0338, 0x0338, 0x0338, 0x0338, 0x0338,
  0x0338, 0x0338, 0x0338, 0x0338, 0x0338, 0x0338, 0x0338, 0x0338,
  0x0338, 0x0338, 0x0338, 0x0338, 0x0338, 0x0338, 0x0338, 0x0338,
  0x0338, 0x0338, 0x0338, 0x0338, 0x0338, 0x0338, 0x0338, 0x0338,
  0x0338, 0x0338, 0x0338, 0x0338, 0x0338, 0x0338, 0x0338, 0x0338,
  0x0338, 0x0338, 0x0338, 0x0338, 0x0338, 0x0338, 0x0338, 0x0338,
  0x0338, 0x0338, 0x0338, 0x0338, 0x0338, 0x0338, 0x0338, 0x0338,
  0x0338, 0x0338, 0x0338, 0x0338, 0x0338, 0x0338, 0x0338, 0x0338,
  0x0338, 0x0338, 0x0338, 0x0338, 0x0338, 0x0338, 0x0338, 0x0338,
  0x0338, 0x0338, 0x0338, 0x0338, 0x0338, 0x0338, 0x0338, 0x0338,
  0x0338, 0x0338, 0x0338, 0x0338, 0x0338, 0x0338, 0x0338, 0x0338,
  0x0338, 0x0338, 0x0338, 0x0338, 0x0338, 0x0338, 0x0338, 0x0338,
  0x0338, 0x0338, 0x0338, 0x0338, 0x0338, 0x0338, 0x0338, 0x0338,
  0x0338, 0x0338, 0x0338, 0x0338, 0x0338, 0x0338, 0x0338, 0x0338,
  0x0338, 0x0338, 0x0338, 0x0338, 0x0338, 0x0338, 0x0338, 0x0338,
  0x0338, 0x0338, 0x0338, 0x0338, 0x0338, 0x0338, 0x6338, 0x6338,
  0x0338, 0x0338, 0x0338, 0x0338, 0x0338, 0x0338, 0x0338, 0x0338,
  0x0338, 0x0338, 0x0338, 0x0338, 0x0338, 0x0338, 0x0338, 0x0338,
  0x0338, 0x0338, 0x0338, 0x0338, 0x0338, 0x0338, 0x0338, 0x0338,
  0x0338, 0x0338, 0x0338, 0x0338, 0x0338, 0x0338, 0x3220, 0x7237,
  0x71C4, 0x6338, 0x0338, 0x0338, 0x0338, 0x0338, 0x2338, 0x2338,
  0x6338, 0x6338, 0x6338, 0x6338, 0x0338, 0x0338, 0x0338, 0x0338,
  0x6338, 0x6338, 0x2338, 0x2338, 0x6338, 0x6338, 0x6338, 0x6338,
  0x0338, 0x0338, 0x0338, 0x0338, 0x2338, 0x31C4, 0x3230, 0x3231,
  0x71D5, 0x71D3, 0x0338, 0x0338, 0x0338, 0x0338, 0x3220, 0x3236,
  0x7236, 0x7237, 0x7236, 0x7220, 0x0338, 0x0338, 0x0338, 0x0338,
  0x3220, 0x7237, 0x3237, 0x3236, 0x7236, 0x7237, 0x7236, 0x7220,
  0x0338, 0x0338, 0x0338, 0x0338, 0x31D3, 0x31D5, 0x31D6, 0x31D7,
  0x71EB, 0x71D5, 0x31C6, 0x31C7, 0x31C6, 0x31C7, 0x3230, 0x3231,
  0x71E7, 0x71E6, 0x7231, 0x7230, 0x31C6, 0x31C7, 0x31C6, 0x31C7,
  0x3230, 0x3231, 0x71E7, 0x71E6, 0x71E7, 0x71E6, 0x7231, 0x7230,
  0x71C7, 0x71C6, 0x71C7, 0x71C6, 0x31D5, 0x31EB, 0x31EA, 0x31EB,
  0x71FB, 0x71FA, 0x31D6, 0x31D7, 0x31D6, 0x31D7, 0x31D6, 0x31D7,
  0x71F7, 0x71F6, 0x71D7, 0x71D6, 0x31D6, 0x31D7, 0x31D6, 0x31D7,
  0x31D6, 0x31D7, 0x71F7, 0x71F6, 0x71F7, 0x71F6, 0x71D7, 0x71D6,
  0x71D7, 0x71D6, 0x71D7, 0x71D6, 0x31FA, 0x31FB, 0x31FA, 0x31FB,
  0x71EB, 0x71EA, 0x71EB, 0x71EA, 0x71EB, 0x71EA, 0x71EB, 0x71EA,
  0x71EB, 0x71EA, 0x71EB, 0x71EA, 0x31EA, 0x31EB, 0x31EA, 0x31EB,
  0x31EA, 0x31EB, 0x31EA, 0x31EB, 0x31EA, 0x31EB, 0x31EA, 0x31EB,
  0x31EA, 0x31EB, 0x31EA, 0x31EB, 0x31EA, 0x31EB, 0x31EA, 0x31EB,
  0x71FB, 0x71FA, 0x71FB, 0x71FA, 0x71FB, 0x71FA, 0x71FB, 0x71FA,
  0x71FB, 0x71FA, 0x71FB, 0x71FA, 0x31FA, 0x31FB, 0x31FA, 0x31FB,
  0x31FA, 0x31FB, 0x31FA, 0x31FB, 0x31FA, 0x31FB, 0x31FA, 0x31FB,
  0x31FA, 0x31FB, 0x31FA, 0x31FB, 0x31FA, 0x31FB, 0x31FA, 0x31FB,
  0x0338, 0x0338, 0x0338, 0x0338, 0x0338, 0x0338, 0x0338, 0x0338,
  0x0338, 0x0338, 0x0338, 0x0338, 0x0338, 0x0338, 0x0338, 0x0338,
  0x0338, 0x0338, 0x0338, 0x0338, 0x0338, 0x0338, 0x0338, 0x0338,
  0x0338, 0x0338, 0x0338, 0x0338, 0x0338, 0x0338, 0x0338, 0x0338,
  0x0338, 0x0338, 0x0338, 0x0338, 0x0338, 0x0338, 0x0338, 0x0338,
  0x0338, 0x0338, 0x0338, 0x0338, 0x0338, 0x0338, 0x0338, 0x0338,
  0x0338, 0x0338, 0x0338, 0x0338, 0x0338, 0x0338, 0x0338, 0x0338,
  0x0338, 0x0338, 0x0338, 0x0338, 0x0338, 0x0338, 0x0338, 0x0338,
  0x0338, 0x0338, 0x0338, 0x0338, 0x0338, 0x0338, 0x0338, 0x0338,
  0x0338, 0x0338, 0x0338, 0x0338, 0x0338, 0x0338, 0x0338, 0x0338,
  0x0338, 0x0338, 0x0338, 0x0338, 0x0338, 0x0338, 0x0338, 0x0338,
  0x0338, 0x0338, 0x0338, 0x0338, 0x0338, 0x0338, 0x0338, 0x0338,
  0x0338, 0x0338, 0x0338, 0x0338, 0x0338, 0x0338, 0x0338, 0x0338,
  0x0338, 0x0338, 0x0338, 0x0338, 0x0338, 0x0338, 0x0338, 0x0338,
  0x0338, 0x0338, 0x0338, 0x0338, 0x0338, 0x0338, 0x0338, 0x0338,
  0x0338, 0x0338, 0x0338, 0x0338, 0x0338, 0x0338, 0x0338, 0x0338,
  0x0338, 0x0338, 0x0338, 0x0338, 0x0338, 0x0338, 0x0338, 0x0338,
  0x0338, 0x0338, 0x0338, 0x0338, 0x0338, 0x0338, 0x0338, 0x0338,
  0x0338, 0x0338, 0x0338, 0x0338, 0x0338, 0x0338, 0x0338, 0x0338,
  0x0338, 0x0338, 0x0338, 0x0338, 0x0338, 0x0338, 0x0338, 0x0338,
  0x0338, 0x0338, 0x0338, 0x0338, 0x0338, 0x0338, 0x0338, 0x0338,
  0x0338, 0x0338, 0x0338, 0x0338, 0x0338, 0x0338, 0x0338, 0x0338,
  0x0338, 0x0338, 0x0338, 0x0338, 0x0338, 0x0338, 0x0338, 0x0338,
  0x0338, 0x0338, 0x0338, 0x0338, 0x0338, 0x0338, 0x0338, 0x0338,
  0x0338, 0x0338, 0x0338, 0x0338, 0x0338, 0x0338, 0x0338, 0x0338,
  0x0338, 0x0338, 0x0338, 0x0338, 0x0338, 0x0338, 0x0338, 0x0338,
  0x0338, 0x0338, 0x0338, 0x0338, 0x0338, 0x0338, 0x0338, 0x0338,
  0x0338, 0x0338, 0x0338, 0x0338, 0x0338, 0x0338, 0x0338, 0x0338,
  0x0338, 0x0338, 0x0338, 0x0338, 0x0338, 0x0338, 0x0338, 0x0338,
  0x0338, 0x0338, 0x0338, 0x0338, 0x0338, 0x0338, 0x0338, 0x0338,
  0x0338, 0x0338, 0x0338, 0x0338, 0x0338, 0x0338, 0x0338, 0x0338,
  0x0338, 0x0338, 0x0338, 0x0338, 0x0338, 0x0338, 0x0338, 0x0338,
  0x0338, 0x0338, 0x0338, 0x0338, 0x0338, 0x0338, 0x0338, 0x0338,
  0x0338, 0x0338, 0x0338, 0x0338, 0x0338, 0x0338, 0x0338, 0x0338,
  0x0338, 0x0338, 0x0338, 0x0338, 0x0338, 0x0338, 0x0338, 0x0338,
  0x0338, 0x0338, 0x0338, 0x0338, 0x0338, 0x0338, 0x0338, 0x0338,
  0x0338, 0x0338, 0x0338, 0x0338, 0x0338, 0x0338, 0x0338, 0x0338,
  0x0338, 0x0338, 0x0338, 0x0338, 0x0338, 0x0338, 0x0338, 0x0338,
  0x0338, 0x0338, 0x0338, 0x0338, 0x0338, 0x0338, 0x0338, 0x0338,
  0x0338, 0x0338, 0x0338, 0x0338, 0x0338, 0x0338, 0x0338, 0x0338,
  0x0338, 0x0338, 0x0338, 0x0338, 0x0338, 0x0338, 0x0338, 0x0338,
  0x0338, 0x0338, 0x0338, 0x0338, 0x0338, 0x0338, 0x0338, 0x0338,
  0x0338, 0x0338, 0x0338, 0x0338, 0x0338, 0x0338, 0x0338, 0x0338,
  0x0338, 0x0338, 0x0338, 0x0338, 0x0338, 0x0338, 0x0338, 0x0338,
  0x0338, 0x0338, 0x0338, 0x0338, 0x0338, 0x0338, 0x0338, 0x0338,
  0x0338, 0x0338, 0x0338, 0x0338, 0x0338, 0x0338, 0x0338, 0x0338,
  0x0338, 0x0338, 0x0338, 0x0338, 0x0338, 0x0338, 0x0338, 0x0338,
  0x0338, 0x0338, 0x0338, 0x0338, 0x0338, 0x0338, 0x0338, 0x0338,
  0x0338, 0x0338, 0x0338, 0x0338, 0x0338, 0x0338, 0x0338, 0x0338,
  0x0338, 0x0338, 0x0338, 0x0338, 0x0338, 0x0338, 0x0338, 0x0338,
  0x0338, 0x0338, 0x0338, 0x0338, 0x0338, 0x0338, 0x0338, 0x0338,
  0x0338, 0x0338, 0x0338, 0x0338, 0x0338, 0x0338, 0x0338, 0x0338,
  0x0338, 0x0338, 0x0338, 0x0338, 0x0338, 0x0338, 0x0338, 0x0338,
  0x0338, 0x0338, 0x0338, 0x0338, 0x0338, 0x0338, 0x0338, 0x0338,
  0x0338, 0x0338, 0x0338, 0x0338, 0x0338, 0x0338, 0x0338, 0x0338,
  0x0338, 0x0338, 0x0338, 0x0338, 0x0338, 0x0338, 0x0338, 0x0338,
  0x0338, 0x0338, 0x0338, 0x0338, 0x0338, 0x0338, 0x0338, 0x0338,
  0x0338, 0x0338, 0x0338, 0x0338, 0x0338, 0x0338, 0x0338, 0x0338,
  0x0338, 0x0338, 0x0338, 0x0338, 0x0338, 0x0338, 0x0338, 0x0338,
  0x0338, 0x0338, 0x0338, 0x0338, 0x0338, 0x0338, 0x0338, 0x0338,
  0x0338, 0x0338, 0x0338, 0x0338, 0x0338, 0x0338, 0x0338, 0x0338,
  0x0338, 0x0338, 0x0338, 0x0338, 0x0338, 0x0338, 0x0338, 0x0338,
  0x0338, 0x0338, 0x0338, 0x0338, 0x0338, 0x0338, 0x0338, 0x0338,
  0x0338, 0x0338, 0x0338, 0x0338, 0x0338, 0x0338, 0x0338, 0x0338,
  0x0338, 0x0338, 0x0338, 0x0338, 0x0338, 0x0338, 0x0338, 0x0338,
  0x0338, 0x0338, 0x0338, 0x0338, 0x0338, 0x0338, 0x0338, 0x0338,
  0x0338, 0x0338, 0x0338, 0x0338, 0x0338, 0x0338, 0x0338, 0x0338,
  0x0338, 0x0338, 0x0338, 0x0338, 0x0338, 0x0338, 0x0338, 0x0338,
  0x0338, 0x0338, 0x0338, 0x0338, 0x0338, 0x0338, 0x0338, 0x0338,
  0x0338, 0x0338, 0x0338, 0x0338, 0x0338, 0x0338, 0x0338, 0x0338,
  0x0338, 0x0338, 0x0338, 0x0338, 0x0338, 0x0338, 0x0338, 0x0338,
  0x0338, 0x0338, 0x0338, 0x0338, 0x0338, 0x0338, 0x0338, 0x0338,
  0x0338, 0x0338, 0x0338, 0x0338, 0x0338, 0x0338, 0x0338, 0x0338,
  0x0338, 0x0338, 0x0338, 0x0338, 0x0338, 0x0338, 0x0338, 0x0338,
  0x0338, 0x0338, 0x0338, 0x0338, 0x0338, 0x0338, 0x0338, 0x0338,
  0x0338, 0x0338, 0x0338, 0x0338, 0x0338, 0x0338, 0x0338, 0x0338,
  0x0338, 0x0338, 0x0338, 0x0338, 0x0338, 0x0338, 0x0338, 0x0338,
  0x0338, 0x0338, 0x0338, 0x0338, 0x0338, 0x0338, 0x0338, 0x0338,
  0x0338, 0x0338, 0x0338, 0x0338, 0x0338, 0x0338, 0x0338, 0x0338,
  0x0338, 0x0338, 0x0338, 0x0338, 0x0338, 0x0338, 0x0338, 0x0338,
  0x0338, 0x0338, 0x0338, 0x0338, 0x0338, 0x0338, 0x0338, 0x0338,
  0x0338, 0x0338, 0x0338, 0x0338, 0x0338, 0x0338, 0x0338, 0x0338,
  0x0338, 0x0338, 0x0338, 0x0338, 0x0338, 0x0338, 0x0338, 0x0338,
  0x0338, 0x0338, 0x0338, 0x0338, 0x0338, 0x0338, 0x0338, 0x0338,
  0x0338, 0x0338, 0x0338, 0x0338, 0x0338, 0x0338, 0x0338, 0x0338,
  0x0338, 0x0338, 0x0338, 0x0338, 0x0338, 0x0338, 0x0338, 0x0338,
  0x0338, 0x0338, 0x0338, 0x0338, 0x0338, 0x0338, 0x0338, 0x0338,
  0x0338, 0x0338, 0x0338, 0x0338, 0x0338, 0x0338, 0x0338, 0x0338,
  0x0338, 0x0338, 0x0338, 0x0338, 0x0338, 0x0338, 0x0338, 0x0338,
  0x0338, 0x0338, 0x0338, 0x0338, 0x0338, 0x0338, 0x0338, 0x0338,
  0x0338, 0x0338, 0x0338, 0x0338, 0x0338, 0x0338, 0x0338, 0x0338,
  0x0338, 0x0338, 0x0338, 0x0338, 0x0338, 0x0338, 0x0338, 0x0338,
  0x0338, 0x0338, 0x0338, 0x0338, 0x0338, 0x0338, 0x0338, 0x0338,
  0x0338, 0x0338, 0x0338, 0x0338, 0x0338, 0x0338, 0x0338, 0x0338,
  0x0338, 0x0338, 0x0338, 0x0338, 0x0338, 0x0338, 0x0338, 0x0338,
  0x0338, 0x0338, 0x0338, 0x0338, 0x0338, 0x0338, 0x0338, 0x0338,
  0x6338, 0x6338, 0x2338, 0x31C4, 0x31C6, 0x31C7, 0x31C6, 0x31C7,
  0x71C4, 0x6338, 0x2338, 0x2338, 0x2338, 0x2338, 0x6338, 0x6338,
  0x0338, 0x0338, 0x0338, 0x0338, 0x0338, 0x0338, 0x0338, 0x0338,
  0x0338, 0x0338, 0x0338, 0x0338, 0x0338, 0x0338, 0x0338, 0x0338,
  0x7236, 0x7220, 0x31D3, 0x31D5, 0x31D6, 0x31D7, 0x31D6, 0x31D7,
  0x71D5, 0x71D3, 0x3220, 0x3236, 0x3236, 0x3237, 0x7236, 0x7220,
  0x0338, 0x0338, 0x0338, 0x0338, 0x0338, 0x0338, 0x0338, 0x0338,
  0x0338, 0x0338, 0x0338, 0x0338, 0x0338, 0x0338, 0x0338, 0x0338,
  0x3230, 0x3231, 0x31D5, 0x31EB, 0x71EB, 0x71EA, 0x71EB, 0x71EA,
  0x71EB, 0x71D5, 0x3230, 0x3231, 0x31E4, 0x31E5, 0x3230, 0x3231,
  0x71C4, 0x6338, 0x0338, 0x0338, 0x0338, 0x0338, 0x2338, 0x2338,
  0x2338, 0x2338, 0x6338, 0x6338, 0x0338, 0x0338, 0x0338, 0x0338,
  0x31D6, 0x31D7, 0x31FA, 0x31FB, 0x71FB, 0x71FA, 0x71FB, 0x71FA,
  0x71FB, 0x71FA, 0x31D6, 0x31D7, 0x31F4, 0x31F5, 0x31D6, 0x31D7,
  0x71D5, 0x71D3, 0x0338, 0x0338, 0x0338, 0x0338, 0x3220, 0x3236,
  0x3236, 0x3237, 0x7236, 0x7220, 0x0338, 0x0338, 0x0338, 0x0338,
  0x71EB, 0x71EA, 0x71EB, 0x71EA, 0x71EB, 0x71EA, 0x71EB, 0x71EA,
  0x71EB, 0x71EA, 0x71EB, 0x71EA, 0x71EB, 0x71EA, 0x71EB, 0x71EA,
  0x71EB, 0x71D5, 0x31C6, 0x31C7, 0x31C6, 0x31C7, 0x3230, 0x3231,
  0x31E4, 0x31E5, 0x3230, 0x3231, 0x31C6, 0x31C7, 0x31C6, 0x31C7,
  0x71FB, 0x71FA, 0x71FB, 0x71FA, 0x71FB, 0x71FA, 0x71FB, 0x71FA,
  0x71FB, 0x71FA, 0x71FB, 0x71FA, 0x71FB, 0x71FA, 0x71FB, 0x71FA,
  0x71FB, 0x71FA, 0x31D6, 0x31D7, 0x31D6, 0x31D7, 0x31D6, 0x31D7,
  0x31F4, 0x31F5, 0x31D6, 0x31D7, 0x31D6, 0x31D7, 0x31D6, 0x31D7,
  0x31EA, 0x31EB, 0x31EA, 0x31EB, 0x31EA, 0x31EB, 0x31EA, 0x31EB,
  0x31EA, 0x31EB, 0x31EA, 0x31EB, 0x31EA, 0x31EB, 0x31EA, 0x31EB,
  0x31EA, 0x31EB, 0x31EA, 0x31EB, 0x31EA, 0x31EB, 0x31EA, 0x31EB,
  0x31EA, 0x31EB, 0x31EA, 0x31EB, 0x31EA, 0x31EB, 0x31EA, 0x31EB,
  0x31FA, 0x31FB, 0x31FA, 0x31FB, 0x31FA, 0x31FB, 0x31FA, 0x31FB,
  0x31FA, 0x31FB, 0x31FA, 0x31FB, 0x31FA, 0x31FB, 0x31FA, 0x31FB,
  0x31FA, 0x31FB, 0x31FA, 0x31FB, 0x31FA, 0x31FB, 0x31FA, 0x31FB,
  0x31FA, 0x31FB, 0x31FA, 0x31FB, 0x31FA, 0x31FB, 0x31FA, 0x31FB,
};

static const uint16_t kPicoLsBg2Tilemap[2048] = {
  0x1479, 0x1479, 0x1479, 0x1479, 0x1479, 0x1479, 0x1479, 0x1479,
  0x1479, 0x1479, 0x1479, 0x1479, 0x1479, 0x1479, 0x1479, 0x1479,
  0x1479, 0x1479, 0x1479, 0x1479, 0x1479, 0x1479, 0x1479, 0x1479,
  0x1479, 0x1479, 0x1479, 0x1479, 0x1479, 0x1479, 0x1479, 0x1479,
  0x1479, 0x1479, 0x1479, 0x1479, 0x1479, 0x1479, 0x1479, 0x1479,
  0x1479, 0x1479, 0x1479, 0x1479, 0x1479, 0x1479, 0x1479, 0x1479,
  0x1479, 0x1479, 0x1479, 0x1479, 0x1479, 0x1479, 0x1479, 0x1479,
  0x1479, 0x1479, 0x1479, 0x1479, 0x1479, 0x1479, 0x1479, 0x1479,
  0x1479, 0x1479, 0x1479, 0x1479, 0x1479, 0x1479, 0x1479, 0x1479,
  0x1479, 0x1479, 0x1479, 0x1479, 0x1479, 0x1479, 0x1479, 0x1479,
  0x1479, 0x1479, 0x1479, 0x1479, 0x1479, 0x1479, 0x1479, 0x1479,
  0x1479, 0x1479, 0x1479, 0x1479, 0x1479, 0x1479, 0x1479, 0x1479,
  0x1479, 0x1479, 0x1479, 0x1479, 0x1479, 0x1479, 0x1479, 0x1479,
  0x1479, 0x1479, 0x1479, 0x1479, 0x1479, 0x1479, 0x1479, 0x1479,
  0x1479, 0x1479, 0x1479, 0x1479, 0x1479, 0x1479, 0x1479, 0x1479,
  0x1479, 0x1479, 0x1479, 0x1479, 0x1479, 0x1479, 0x1479, 0x1479,
  0x1479, 0x1479, 0x1479, 0x1479, 0x1479, 0x1479, 0x1479, 0x1479,
  0x1479, 0x1479, 0x1479, 0x1479, 0x1479, 0x1479, 0x1479, 0x1479,
  0x1479, 0x1479, 0x1479, 0x1479, 0x1479, 0x1479, 0x1479, 0x1479,
  0x1479, 0x1479, 0x1479, 0x1479, 0x1479, 0x1479, 0x1479, 0x1479,
  0x1479, 0x1479, 0x1479, 0x1479, 0x1479, 0x1479, 0x1479, 0x1479,
  0x1479, 0x1479, 0x1479, 0x1479, 0x1479, 0x1479, 0x1479, 0x1479,
  0x1479, 0x1479, 0x1479, 0x1479, 0x1479, 0x1479, 0x1479, 0x1479,
  0x1479, 0x1479, 0x1479, 0x1479, 0x1479, 0x1479, 0x1479, 0x1479,
  0x9479, 0x9479, 0x9479, 0x9479, 0x9479, 0x9479, 0x9479, 0x9479,
  0x9479, 0x9479, 0x9479, 0x9479, 0x9479, 0x9479, 0x9479, 0x9479,
  0x9479, 0x9479, 0x9479, 0x9479, 0x9479, 0x9479, 0x9479, 0x9479,
  0x9479, 0x9479, 0x9479, 0x9479, 0x9479, 0x9479, 0x9479, 0x9479,
  0x9520, 0x9521, 0x9522, 0x9523, 0x9524, 0x9525, 0x9530, 0x9531,
  0x9532, 0x9533, 0x9534, 0x9535, 0x9540, 0x9541, 0x9520, 0x9521,
  0x9522, 0x9523, 0x9524, 0x9525, 0x9530, 0x9531, 0x9532, 0x9533,
  0x9534, 0x9535, 0x9540, 0x9541, 0x9534, 0x9535, 0x9540, 0x9541,
  0x147A, 0x147A, 0x147A, 0x147A, 0x147A, 0x147A, 0x147A, 0x147A,
  0x147A, 0x147A, 0x147A, 0x147A, 0x147A, 0x147A, 0x147A, 0x147A,
  0x147A, 0x147A, 0x147A, 0x147A, 0x147A, 0x147A, 0x147A, 0x147A,
  0x147A, 0x147A, 0x147A, 0x147A, 0x147A, 0x147A, 0x147A, 0x147A,
  0x147A, 0x147A, 0x147A, 0x147A, 0x147A, 0x147A, 0x147A, 0x147A,
  0x147A, 0x147A, 0x147A, 0x147A, 0x147A, 0x147A, 0x147A, 0x147A,
  0x147A, 0x147A, 0x147A, 0x147A, 0x147A, 0x147A, 0x147A, 0x147A,
  0x147A, 0x147A, 0x147A, 0x147A, 0x147A, 0x147A, 0x147A, 0x147A,
  0xD47A, 0xD47A, 0xD47A, 0xD47A, 0xD47A, 0xD47A, 0xD47A, 0xD47A,
  0xD47A, 0xD47A, 0xD47A, 0xD47A, 0xD47A, 0xD47A, 0xD47A, 0xD47A,
  0xD47A, 0xD47A, 0xD47A, 0xD47A, 0xD47A, 0xD47A, 0xD47A, 0xD47A,
  0xD47A, 0xD47A, 0xD47A, 0xD47A, 0xD47A, 0xD47A, 0xD47A, 0xD47A,
  0x5535, 0x5534, 0x5533, 0x5532, 0x5541, 0x5540, 0x5535, 0x5534,
  0x5533, 0x5532, 0x5531, 0x5530, 0x5525, 0x5524, 0x5523, 0x5522,
  0x5521, 0x5520, 0x5541, 0x5540, 0x5535, 0x5534, 0x5533, 0x5532,
  0x5531, 0x5530, 0x5525, 0x5524, 0x5523, 0x5522, 0x5521, 0x5520,
  0x1479, 0x1479, 0x1479, 0x1479, 0x1479, 0x1479, 0x1479, 0x1479,
  0x1479, 0x1479, 0x1479, 0x1479, 0x1479, 0x1479, 0x1479, 0x1479,
  0x1479, 0x1479, 0x1479, 0x1479, 0x1479, 0x1479, 0x1479, 0x1479,
  0x1479, 0x1479, 0x1479, 0x1479, 0x1479, 0x1479, 0x1479, 0x1479,
  0x1479, 0x1479, 0x1479, 0x1479, 0x1479, 0x1479, 0x1479, 0x1479,
  0x1479, 0x1479, 0x1479, 0x1479, 0x1479, 0x1479, 0x1479, 0x1479,
  0x1479, 0x1479, 0x1479, 0x1479, 0x1479, 0x1479, 0x1479, 0x1479,
  0x1479, 0x1479, 0x1479, 0x1479, 0x1479, 0x1479, 0x1479, 0x1479,
  0x9479, 0x9479, 0x9479, 0x9479, 0x9479, 0x9479, 0x9479, 0x9479,
  0x9479, 0x9479, 0x9479, 0x9479, 0x9479, 0x9479, 0x9479, 0x9479,
  0x9479, 0x9479, 0x9479, 0x9479, 0x9479, 0x9479, 0x9479, 0x9479,
  0x9479, 0x9479, 0x9479, 0x9479, 0x9479, 0x9479, 0x9479, 0x9479,
  0x9520, 0x9521, 0x9522, 0x9523, 0x9524, 0x9525, 0x9530, 0x9531,
  0x9532, 0x9533, 0x9534, 0x9535, 0x9540, 0x9541, 0x9520, 0x9521,
  0x9522, 0x9523, 0x9524, 0x9525, 0x9530, 0x9531, 0x9532, 0x9533,
  0x9534, 0x9535, 0x9540, 0x9541, 0x9534, 0x9535, 0x9540, 0x9541,
  0xD47A, 0xD47A, 0xD47A, 0xD47A, 0xD47A, 0xD47A, 0xD47A, 0xD47A,
  0xD47A, 0xD47A, 0xD47A, 0xD47A, 0xD47A, 0xD47A, 0xD47A, 0xD47A,
  0xD47A, 0xD47A, 0xD47A, 0xD47A, 0xD47A, 0xD47A, 0xD47A, 0xD47A,
  0xD47A, 0xD47A, 0xD47A, 0xD47A, 0xD47A, 0xD47A, 0xD47A, 0xD47A,
  0x5525, 0x5524, 0x5523, 0x5522, 0x5541, 0x5540, 0x5535, 0x5534,
  0x5533, 0x5532, 0x5531, 0x5530, 0x5525, 0x5524, 0x5523, 0x5522,
  0x5521, 0x5520, 0x5541, 0x5540, 0x5535, 0x5534, 0x5533, 0x5532,
  0x5531, 0x5530, 0x5525, 0x5524, 0x5523, 0x5522, 0x5521, 0x5520,
  0x1400, 0x1401, 0x1402, 0x1403, 0x1404, 0x1405, 0x1406, 0x1407,
  0x1408, 0x1409, 0x140A, 0x140B, 0x140C, 0x140D, 0x140E, 0x140F,
  0x1400, 0x1401, 0x1402, 0x1403, 0x1404, 0x1405, 0x1406, 0x1407,
  0x1408, 0x1409, 0x140A, 0x140B, 0x140C, 0x140D, 0x140E, 0x140F,
  0x1410, 0x1411, 0x1412, 0x1413, 0x1414, 0x1415, 0x1416, 0x1417,
  0x1418, 0x1419, 0x141A, 0x141B, 0x141C, 0x141D, 0x141E, 0x141F,
  0x1410, 0x1411, 0x1412, 0x1413, 0x1414, 0x1415, 0x1416, 0x1417,
  0x1418, 0x1419, 0x141A, 0x141B, 0x141C, 0x141D, 0x141E, 0x141F,
  0x1420, 0x1421, 0x1422, 0x1423, 0x1424, 0x1425, 0x1426, 0x1427,
  0x1428, 0x1429, 0x142A, 0x142B, 0x142C, 0x142D, 0x142E, 0x142F,
  0x1420, 0x1421, 0x1422, 0x1423, 0x1424, 0x1425, 0x1426, 0x1427,
  0x1428, 0x1429, 0x142A, 0x142B, 0x142C, 0x142D, 0x142E, 0x142F,
  0x1438, 0x1439, 0x143A, 0x143B, 0x143C, 0x143D, 0x143E, 0x143F,
  0x1438, 0x1439, 0x143A, 0x143B, 0x143C, 0x143D, 0x143E, 0x143F,
  0x1438, 0x1439, 0x143A, 0x143B, 0x143C, 0x143D, 0x143E, 0x143F,
  0x1438, 0x1439, 0x143A, 0x143B, 0x143C, 0x143D, 0x143E, 0x143F,
  0x1448, 0x1449, 0x144A, 0x144B, 0x144C, 0x144D, 0x144E, 0x144F,
  0x1448, 0x1449, 0x144A, 0x144B, 0x144C, 0x144D, 0x144E, 0x144F,
  0x1448, 0x1449, 0x144A, 0x144B, 0x144C, 0x144D, 0x144E, 0x144F,
  0x1448, 0x1449, 0x144A, 0x144B, 0x144C, 0x144D, 0x144E, 0x144F,
  0x1058, 0x1059, 0x105A, 0x105B, 0x105C, 0x105D, 0x105E, 0x105F,
  0x1058, 0x1059, 0x105A, 0x105B, 0x105C, 0x105D, 0x105E, 0x105F,
  0x1058, 0x1059, 0x105A, 0x105B, 0x105C, 0x105D, 0x105E, 0x105F,
  0x1058, 0x1059, 0x105A, 0x105B, 0x105C, 0x105D, 0x105E, 0x105F,
  0x1068, 0x1069, 0x106A, 0x106B, 0x106C, 0x106D, 0x106E, 0x106F,
  0x1068, 0x1069, 0x106A, 0x106B, 0x106C, 0x106D, 0x106E, 0x106F,
  0x1068, 0x1069, 0x106A, 0x106B, 0x106C, 0x106D, 0x106E, 0x106F,
  0x1068, 0x1069, 0x106A, 0x106B, 0x106C, 0x106D, 0x106E, 0x106F,
  0x106E, 0x106F, 0x1068, 0x1069, 0x106A, 0x106B, 0x106C, 0x106D,
  0x106E, 0x106F, 0x1068, 0x1069, 0x106A, 0x106B, 0x106C, 0x106D,
  0x106E, 0x106F, 0x1068, 0x1069, 0x106A, 0x106B, 0x106C, 0x106D,
  0x106E, 0x106F, 0x1068, 0x1069, 0x106A, 0x106B, 0x106C, 0x106D,
  0x106E, 0x106F, 0x1068, 0x1069, 0x106A, 0x106B, 0x106C, 0x106D,
  0x106E, 0x106F, 0x1068, 0x1069, 0x106A, 0x106B, 0x106C, 0x106D,
  0x106E, 0x106F, 0x1068, 0x1069, 0x106A, 0x106B, 0x106C, 0x106D,
  0x106E, 0x106F, 0x1068, 0x1069, 0x106A, 0x106B, 0x106C, 0x106D,
  0x106C, 0x106D, 0x106E, 0x106F, 0x1068, 0x1069, 0x106A, 0x106B,
  0x106C, 0x106D, 0x106E, 0x106F, 0x1068, 0x1069, 0x106A, 0x106B,
  0x106C, 0x106D, 0x106E, 0x106F, 0x1068, 0x1069, 0x106A, 0x106B,
  0x106C, 0x106D, 0x106E, 0x106F, 0x1068, 0x1069, 0x106A, 0x106B,
  0x1068, 0x1069, 0x106A, 0x106B, 0x106C, 0x106D, 0x106E, 0x106F,
  0x1068, 0x1069, 0x106A, 0x106B, 0x106C, 0x106D, 0x106E, 0x106F,
  0x1068, 0x1069, 0x106A, 0x106B, 0x106C, 0x106D, 0x106E, 0x106F,
  0x1068, 0x1069, 0x106A, 0x106B, 0x106C, 0x106D, 0x106E, 0x106F,
  0x106E, 0x106F, 0x1068, 0x1069, 0x106A, 0x106B, 0x106C, 0x106D,
  0x106E, 0x106F, 0x1068, 0x1069, 0x106A, 0x106B, 0x106C, 0x106D,
  0x106E, 0x106F, 0x1068, 0x1069, 0x106A, 0x106B, 0x106C, 0x106D,
  0x106E, 0x106F, 0x1068, 0x1069, 0x106A, 0x106B, 0x106C, 0x106D,
  0x106E, 0x106F, 0x1068, 0x1069, 0x106A, 0x106B, 0x106C, 0x106D,
  0x106E, 0x106F, 0x1068, 0x1069, 0x106A, 0x106B, 0x106C, 0x106D,
  0x106E, 0x106F, 0x1068, 0x1069, 0x106A, 0x106B, 0x106C, 0x106D,
  0x106E, 0x106F, 0x1068, 0x1069, 0x106A, 0x106B, 0x106C, 0x106D,
  0x106C, 0x106D, 0x106E, 0x106F, 0x1068, 0x1069, 0x106A, 0x106B,
  0x106C, 0x106D, 0x106E, 0x106F, 0x1068, 0x1069, 0x106A, 0x106B,
  0x106C, 0x106D, 0x106E, 0x106F, 0x1068, 0x1069, 0x106A, 0x106B,
  0x106C, 0x106D, 0x106E, 0x106F, 0x1068, 0x1069, 0x106A, 0x106B,
  0x1479, 0x1479, 0x1479, 0x1479, 0x1479, 0x1479, 0x1479, 0x1479,
  0x1479, 0x1479, 0x1479, 0x1479, 0x1479, 0x1479, 0x1479, 0x1479,
  0x1479, 0x1479, 0x1479, 0x1479, 0x1479, 0x1479, 0x1479, 0x1479,
  0x1479, 0x1479, 0x1479, 0x1479, 0x1479, 0x1479, 0x1479, 0x1479,
  0x1479, 0x1479, 0x1479, 0x1479, 0x1479, 0x1479, 0x1479, 0x1479,
  0x1479, 0x1479, 0x1479, 0x1479, 0x1479, 0x1479, 0x1479, 0x1479,
  0x1479, 0x1479, 0x1479, 0x1479, 0x1479, 0x1479, 0x1479, 0x1479,
  0x1479, 0x1479, 0x1479, 0x1479, 0x1479, 0x1479, 0x1479, 0x1479,
  0x1479, 0x1479, 0x1479, 0x1479, 0x1479, 0x1479, 0x1479, 0x1479,
  0x1479, 0x1479, 0x1479, 0x1479, 0x1479, 0x1479, 0x1479, 0x1479,
  0x1479, 0x1479, 0x1479, 0x1479, 0x1479, 0x1479, 0x1479, 0x1479,
  0x1479, 0x1479, 0x1479, 0x1479, 0x1479, 0x1479, 0x1479, 0x1479,
  0x1479, 0x1479, 0x1479, 0x1479, 0x1479, 0x1479, 0x1479, 0x1479,
  0x1479, 0x1479, 0x1479, 0x1479, 0x1479, 0x1479, 0x1479, 0x1479,
  0x1479, 0x1479, 0x1479, 0x1479, 0x1479, 0x1479, 0x1479, 0x1479,
  0x1479, 0x1479, 0x1479, 0x1479, 0x1479, 0x1479, 0x1479, 0x1479,
  0x1479, 0x1479, 0x1479, 0x1479, 0x1479, 0x1479, 0x1479, 0x1479,
  0x1479, 0x1479, 0x1479, 0x1479, 0x1479, 0x1479, 0x1479, 0x1479,
  0x1479, 0x1479, 0x1479, 0x1479, 0x1479, 0x1479, 0x1479, 0x1479,
  0x1479, 0x1479, 0x1479, 0x1479, 0x1479, 0x1479, 0x1479, 0x1479,
  0x1479, 0x1479, 0x1479, 0x1479, 0x1479, 0x1479, 0x1479, 0x1479,
  0x1479, 0x1479, 0x1479, 0x1479, 0x1479, 0x1479, 0x1479, 0x1479,
  0x1479, 0x1479, 0x1479, 0x1479, 0x1479, 0x1479, 0x1479, 0x1479,
  0x1479, 0x1479, 0x1479, 0x1479, 0x1479, 0x1479, 0x1479, 0x1479,
  0x9479, 0x9479, 0x9479, 0x9479, 0x9479, 0x9479, 0x9479, 0x9479,
  0x9479, 0x9479, 0x9479, 0x9479, 0x9479, 0x9479, 0x9479, 0x9479,
  0x9479, 0x9479, 0x9479, 0x9479, 0x9479, 0x9479, 0x9479, 0x9479,
  0x9479, 0x9479, 0x9479, 0x9479, 0x9479, 0x9479, 0x9479, 0x9479,
  0x9520, 0x9521, 0x9522, 0x9523, 0x9524, 0x9525, 0x9530, 0x9531,
  0x9532, 0x9533, 0x9534, 0x9535, 0x9540, 0x9541, 0x9520, 0x9521,
  0x9522, 0x9523, 0x9524, 0x9525, 0x9530, 0x9531, 0x9532, 0x9533,
  0x9534, 0x9535, 0x9540, 0x9541, 0x9534, 0x9535, 0x9540, 0x9541,
  0x147A, 0x147A, 0x147A, 0x147A, 0x147A, 0x147A, 0x147A, 0x147A,
  0x147A, 0x147A, 0x147A, 0x147A, 0x147A, 0x147A, 0x147A, 0x147A,
  0x147A, 0x147A, 0x147A, 0x147A, 0x147A, 0x147A, 0x147A, 0x147A,
  0x147A, 0x147A, 0x147A, 0x147A, 0x147A, 0x147A, 0x147A, 0x147A,
  0x147A, 0x147A, 0x147A, 0x147A, 0x147A, 0x147A, 0x147A, 0x147A,
  0x147A, 0x147A, 0x147A, 0x147A, 0x147A, 0x147A, 0x147A, 0x147A,
  0x147A, 0x147A, 0x147A, 0x147A, 0x147A, 0x147A, 0x147A, 0x147A,
  0x147A, 0x147A, 0x147A, 0x147A, 0x147A, 0x147A, 0x147A, 0x147A,
  0xD47A, 0xD47A, 0xD47A, 0xD47A, 0xD47A, 0xD47A, 0xD47A, 0xD47A,
  0xD47A, 0xD47A, 0xD47A, 0xD47A, 0xD47A, 0xD47A, 0xD47A, 0xD47A,
  0xD47A, 0xD47A, 0xD47A, 0xD47A, 0xD47A, 0xD47A, 0xD47A, 0xD47A,
  0xD47A, 0xD47A, 0xD47A, 0xD47A, 0xD47A, 0xD47A, 0xD47A, 0xD47A,
  0x5535, 0x5534, 0x5533, 0x5532, 0x5541, 0x5540, 0x5535, 0x5534,
  0x5533, 0x5532, 0x5531, 0x5530, 0x5525, 0x5524, 0x5523, 0x5522,
  0x5521, 0x5520, 0x5541, 0x5540, 0x5535, 0x5534, 0x5533, 0x5532,
  0x5531, 0x5530, 0x5525, 0x5524, 0x5523, 0x5522, 0x5521, 0x5520,
  0x1479, 0x1479, 0x1479, 0x1479, 0x1479, 0x1479, 0x1479, 0x1479,
  0x1479, 0x1479, 0x1479, 0x1479, 0x1479, 0x1479, 0x1479, 0x1479,
  0x1479, 0x1479, 0x1479, 0x1479, 0x1479, 0x1479, 0x1479, 0x1479,
  0x1479, 0x1479, 0x1479, 0x1479, 0x1479, 0x1479, 0x1479, 0x1479,
  0x1479, 0x1479, 0x1479, 0x1479, 0x1479, 0x1479, 0x1479, 0x1479,
  0x1479, 0x1479, 0x1479, 0x1479, 0x1479, 0x1479, 0x1479, 0x1479,
  0x1479, 0x1479, 0x1479, 0x1479, 0x1479, 0x1479, 0x1479, 0x1479,
  0x1479, 0x1479, 0x1479, 0x1479, 0x1479, 0x1479, 0x1479, 0x1479,
  0x9479, 0x9479, 0x9479, 0x9479, 0x9479, 0x9479, 0x9479, 0x9479,
  0x9479, 0x9479, 0x9479, 0x9479, 0x9479, 0x9479, 0x9479, 0x9479,
  0x9479, 0x9479, 0x9479, 0x9479, 0x9479, 0x9479, 0x9479, 0x9479,
  0x9479, 0x9479, 0x9479, 0x9479, 0x9479, 0x9479, 0x9479, 0x9479,
  0x9520, 0x9521, 0x9522, 0x9523, 0x9524, 0x9525, 0x9530, 0x9531,
  0x9532, 0x9533, 0x9534, 0x9535, 0x9540, 0x9541, 0x9520, 0x9521,
  0x9522, 0x9523, 0x9524, 0x9525, 0x9530, 0x9531, 0x9532, 0x9533,
  0x9534, 0x9535, 0x9540, 0x9541, 0x9534, 0x9535, 0x9540, 0x9541,
  0xD47A, 0xD47A, 0xD47A, 0xD47A, 0xD47A, 0xD47A, 0xD47A, 0xD47A,
  0xD47A, 0xD47A, 0xD47A, 0xD47A, 0xD47A, 0xD47A, 0xD47A, 0xD47A,
  0xD47A, 0xD47A, 0xD47A, 0xD47A, 0xD47A, 0xD47A, 0xD47A, 0xD47A,
  0xD47A, 0xD47A, 0xD47A, 0xD47A, 0xD47A, 0xD47A, 0xD47A, 0xD47A,
  0x5525, 0x5524, 0x5523, 0x5522, 0x5541, 0x5540, 0x5535, 0x5534,
  0x5533, 0x5532, 0x5531, 0x5530, 0x5525, 0x5524, 0x5523, 0x5522,
  0x5521, 0x5520, 0x5541, 0x5540, 0x5535, 0x5534, 0x5533, 0x5532,
  0x5531, 0x5530, 0x5525, 0x5524, 0x5523, 0x5522, 0x5521, 0x5520,
  0x1400, 0x1401, 0x1402, 0x1403, 0x1404, 0x1405, 0x1406, 0x1407,
  0x1408, 0x1409, 0x140A, 0x140B, 0x140C, 0x140D, 0x140E, 0x140F,
  0x1400, 0x1401, 0x1402, 0x1403, 0x1404, 0x1405, 0x1406, 0x1407,
  0x1408, 0x1409, 0x140A, 0x140B, 0x140C, 0x140D, 0x140E, 0x140F,
  0x1410, 0x1411, 0x1412, 0x1413, 0x1414, 0x1415, 0x1416, 0x1417,
  0x1418, 0x1419, 0x141A, 0x141B, 0x141C, 0x141D, 0x141E, 0x141F,
  0x1410, 0x1411, 0x1412, 0x1413, 0x1414, 0x1415, 0x1416, 0x1417,
  0x1418, 0x1419, 0x141A, 0x141B, 0x141C, 0x141D, 0x141E, 0x141F,
  0x1420, 0x1421, 0x1422, 0x1423, 0x1424, 0x1425, 0x1426, 0x1427,
  0x1428, 0x1429, 0x142A, 0x142B, 0x142C, 0x142D, 0x142E, 0x142F,
  0x1420, 0x1421, 0x1422, 0x1423, 0x1424, 0x1425, 0x1426, 0x1427,
  0x1428, 0x1429, 0x142A, 0x142B, 0x142C, 0x142D, 0x142E, 0x142F,
  0x1438, 0x1439, 0x143A, 0x143B, 0x143C, 0x143D, 0x143E, 0x143F,
  0x1438, 0x1439, 0x143A, 0x143B, 0x143C, 0x143D, 0x143E, 0x143F,
  0x1438, 0x1439, 0x143A, 0x143B, 0x143C, 0x143D, 0x143E, 0x143F,
  0x1438, 0x1439, 0x143A, 0x143B, 0x143C, 0x143D, 0x143E, 0x143F,
  0x1448, 0x1449, 0x144A, 0x144B, 0x144C, 0x144D, 0x144E, 0x144F,
  0x1448, 0x1449, 0x144A, 0x144B, 0x144C, 0x144D, 0x144E, 0x144F,
  0x1448, 0x1449, 0x144A, 0x144B, 0x144C, 0x144D, 0x144E, 0x144F,
  0x1448, 0x1449, 0x144A, 0x144B, 0x144C, 0x144D, 0x144E, 0x144F,
  0x1058, 0x1059, 0x105A, 0x105B, 0x105C, 0x105D, 0x105E, 0x105F,
  0x1058, 0x1059, 0x105A, 0x105B, 0x105C, 0x105D, 0x105E, 0x105F,
  0x1058, 0x1059, 0x105A, 0x105B, 0x105C, 0x105D, 0x105E, 0x105F,
  0x1058, 0x1059, 0x105A, 0x105B, 0x105C, 0x105D, 0x105E, 0x105F,
  0x1068, 0x1069, 0x106A, 0x106B, 0x106C, 0x106D, 0x106E, 0x106F,
  0x1068, 0x1069, 0x106A, 0x106B, 0x106C, 0x106D, 0x106E, 0x106F,
  0x1068, 0x1069, 0x106A, 0x106B, 0x106C, 0x106D, 0x106E, 0x106F,
  0x1068, 0x1069, 0x106A, 0x106B, 0x106C, 0x106D, 0x106E, 0x106F,
  0x106E, 0x106F, 0x1068, 0x1069, 0x106A, 0x106B, 0x106C, 0x106D,
  0x106E, 0x106F, 0x1068, 0x1069, 0x106A, 0x106B, 0x106C, 0x106D,
  0x106E, 0x106F, 0x1068, 0x1069, 0x106A, 0x106B, 0x106C, 0x106D,
  0x106E, 0x106F, 0x1068, 0x1069, 0x106A, 0x106B, 0x106C, 0x106D,
  0x106E, 0x106F, 0x1068, 0x1069, 0x106A, 0x106B, 0x106C, 0x106D,
  0x106E, 0x106F, 0x1068, 0x1069, 0x106A, 0x106B, 0x106C, 0x106D,
  0x106E, 0x106F, 0x1068, 0x1069, 0x106A, 0x106B, 0x106C, 0x106D,
  0x106E, 0x106F, 0x1068, 0x1069, 0x106A, 0x106B, 0x106C, 0x106D,
  0x106C, 0x106D, 0x106E, 0x106F, 0x1068, 0x1069, 0x106A, 0x106B,
  0x106C, 0x106D, 0x106E, 0x106F, 0x1068, 0x1069, 0x106A, 0x106B,
  0x106C, 0x106D, 0x106E, 0x106F, 0x1068, 0x1069, 0x106A, 0x106B,
  0x106C, 0x106D, 0x106E, 0x106F, 0x1068, 0x1069, 0x106A, 0x106B,
  0x1068, 0x1069, 0x106A, 0x106B, 0x106C, 0x106D, 0x106E, 0x106F,
  0x1068, 0x1069, 0x106A, 0x106B, 0x106C, 0x106D, 0x106E, 0x106F,
  0x1068, 0x1069, 0x106A, 0x106B, 0x106C, 0x106D, 0x106E, 0x106F,
  0x1068, 0x1069, 0x106A, 0x106B, 0x106C, 0x106D, 0x106E, 0x106F,
  0x106E, 0x106F, 0x1068, 0x1069, 0x106A, 0x106B, 0x106C, 0x106D,
  0x106E, 0x106F, 0x1068, 0x1069, 0x106A, 0x106B, 0x106C, 0x106D,
  0x106E, 0x106F, 0x1068, 0x1069, 0x106A, 0x106B, 0x106C, 0x106D,
  0x106E, 0x106F, 0x1068, 0x1069, 0x106A, 0x106B, 0x106C, 0x106D,
  0x106E, 0x106F, 0x1068, 0x1069, 0x106A, 0x106B, 0x106C, 0x106D,
  0x106E, 0x106F, 0x1068, 0x1069, 0x106A, 0x106B, 0x106C, 0x106D,
  0x106E, 0x106F, 0x1068, 0x1069, 0x106A, 0x106B, 0x106C, 0x106D,
  0x106E, 0x106F, 0x1068, 0x1069, 0x106A, 0x106B, 0x106C, 0x106D,
  0x106C, 0x106D, 0x106E, 0x106F, 0x1068, 0x1069, 0x106A, 0x106B,
  0x106C, 0x106D, 0x106E, 0x106F, 0x1068, 0x1069, 0x106A, 0x106B,
  0x106C, 0x106D, 0x106E, 0x106F, 0x1068, 0x1069, 0x106A, 0x106B,
  0x106C, 0x106D, 0x106E, 0x106F, 0x1068, 0x1069, 0x106A, 0x106B,
};

